observed_at_utc,observed_at_london,event_id,sport_key,sport_title,commence_time_utc,commence_time_london,home_team,away_team,bookmaker_key,bookmaker_title,bookmaker_last_update,market,outcome,price_decimal,point,raw_implied_probability,market_de_vigged_probability,schema_version
2026-09-26T17:51:09.140035+00:00,2026-09-26T18:51:09.140035+01:00,4cf827b985faae04b7886aebea6cf96e,tennis_wta_singapore_open,WTA Singapore Open,2026-09-27T09:00:00+00:00,2026-09-27T10:00:00+01:00,Leylah Fernandez,Talia Gibson,unibet_uk,Unibet (UK),2026-09-26T17:51:00Z,h2h,Leylah Fernandez,1.48,,0.6756756756756757,0.6372549019607844,0.2
2026-09-26T17:51:09.140035+00:00,2026-09-26T18:51:09.140035+01:00,4cf827b985faae04b7886aebea6cf96e,tennis_wta_singapore_open,WTA Singapore Open,2026-09-27T09:00:00+00:00,2026-09-27T10:00:00+01:00,Leylah Fernandez,Talia Gibson,unibet_uk,Unibet (UK),2026-09-26T17:51:00Z,h2h,Talia Gibson,2.6,,0.3846153846153846,0.3627450980392157,0.2
2026-09-26T17:51:09.140035+00:00,2026-09-26T18:51:09.140035+01:00,4cf827b985faae04b7886aebea6cf96e,tennis_wta_singapore_open,WTA Singapore Open,2026-09-27T09:00:00+00:00,2026-09-27T10:00:00+01:00,Leylah Fernandez,Talia Gibson,betfair_ex_uk,Betfair,2026-09-26T17:50:59Z,h2h,Leylah Fernandez,1.52,,0.6578947368421053,0.6465116279069768,0.2
2026-09-26T17:51:09.140035+00:00,2026-09-26T18:51:09.140035+01:00,4cf827b985faae04b7886aebea6cf96e,tennis_wta_singapore_open,WTA Singapore Open,2026-09-27T09:00:00+00:00,2026-09-27T10:00:00+01:00,Leylah Fernandez,Talia Gibson,betfair_ex_uk,Betfair,2026-09-26T17:50:59Z,h2h,Talia Gibson,2.78,,0.3597122302158274,0.3534883720930233,0.2
2026-09-26T17:51:09.140035+00:00,2026-09-26T18:51:09.140035+01:00,4cf827b985faae04b7886aebea6cf96e,tennis_wta_singapore_open,WTA Singapore Open,2026-09-27T09:00:00+00:00,2026-09-27T10:00:00+01:00,Leylah Fernandez,Talia Gibson,betfair_ex_uk,Betfair,2026-09-26T17:50:59Z,h2h_lay,Leylah Fernandez,1.57,,0.6369426751592356,1.0,0.2
2026-09-26T17:51:09.140035+00:00,2026-09-26T18:51:09.140035+01:00,4cf827b985faae04b7886aebea6cf96e,tennis_wta_singapore_open,WTA Singapore Open,2026-09-27T09:00:00+00:00,2026-09-27T10:00:00+01:00,Leylah Fernandez,Talia Gibson,betfair_ex_uk,Betfair,2026-09-26T17:50:59Z,h2h_lay,Talia Gibson,2.9,,0.3448275862068966,1.0,0.2
2026-09-26T17:51:09.140035+00:00,2026-09-26T18:51:09.140035+01:00,4cf827b985faae04b7886aebea6cf96e,tennis_wta_singapore_open,WTA Singapore Open,2026-09-27T09:00:00+00:00,2026-09-27T10:00:00+01:00,Leylah Fernandez,Talia Gibson,betway,Betway,2026-09-26T17:50:26Z,h2h,Leylah Fernandez,1.45,,0.6896551724137931,0.6547619047619047,0.2
2026-09-26T17:51:09.140035+00:00,2026-09-26T18:51:09.140035+01:00,4cf827b985faae04b7886aebea6cf96e,tennis_wta_singapore_open,WTA Singapore Open,2026-09-27T09:00:00+00:00,2026-09-27T10:00:00+01:00,Leylah Fernandez,Talia Gibson,betway,Betway,2026-09-26T17:50:26Z,h2h,Talia Gibson,2.75,,0.36363636363636365,0.3452380952380952,0.2
2026-09-26T17:51:09.140035+00:00,2026-09-26T18:51:09.140035+01:00,4cf827b985faae04b7886aebea6cf96e,tennis_wta_singapore_open,WTA Singapore Open,2026-09-27T09:00:00+00:00,2026-09-27T10:00:00+01:00,Leylah Fernandez,Talia Gibson,sport888,888sport,2026-09-26T17:50:05Z,h2h,Leylah Fernandez,1.5,,0.6666666666666666,0.6341463414634148,0.2
2026-09-26T17:51:09.140035+00:00,2026-09-26T18:51:09.140035+01:00,4cf827b985faae04b7886aebea6cf96e,tennis_wta_singapore_open,WTA Singapore Open,2026-09-27T09:00:00+00:00,2026-09-27T10:00:00+01:00,Leylah Fernandez,Talia Gibson,sport888,888sport,2026-09-26T17:50:05Z,h2h,Talia Gibson,2.6,,0.3846153846153846,0.3658536585365854,0.2
2026-09-26T17:51:09.140035+00:00,2026-09-26T18:51:09.140035+01:00,4cf827b985faae04b7886aebea6cf96e,tennis_wta_singapore_open,WTA Singapore Open,2026-09-27T09:00:00+00:00,2026-09-27T10:00:00+01:00,Leylah Fernandez,Talia Gibson,paddypower,Paddy Power,2026-09-26T17:50:41Z,h2h,Leylah Fernandez,1.5,,0.6666666666666666,0.625,0.2
2026-09-26T17:51:09.140035+00:00,2026-09-26T18:51:09.140035+01:00,4cf827b985faae04b7886aebea6cf96e,tennis_wta_singapore_open,WTA Singapore Open,2026-09-27T09:00:00+00:00,2026-09-27T10:00:00+01:00,Leylah Fernandez,Talia Gibson,paddypower,Paddy Power,2026-09-26T17:50:41Z,h2h,Talia Gibson,2.5,,0.4,0.375,0.2
2026-09-26T17:51:09.140035+00:00,2026-09-26T18:51:09.140035+01:00,4cf827b985faae04b7886aebea6cf96e,tennis_wta_singapore_open,WTA Singapore Open,2026-09-27T09:00:00+00:00,2026-09-27T10:00:00+01:00,Leylah Fernandez,Talia Gibson,betfred_uk,Betfred (UK),2026-09-26T17:50:26Z,h2h,Leylah Fernandez,1.5,,0.6666666666666666,0.6359223300970874,0.2
2026-09-26T17:51:09.140035+00:00,2026-09-26T18:51:09.140035+01:00,4cf827b985faae04b7886aebea6cf96e,tennis_wta_singapore_open,WTA Singapore Open,2026-09-27T09:00:00+00:00,2026-09-27T10:00:00+01:00,Leylah Fernandez,Talia Gibson,betfred_uk,Betfred (UK),2026-09-26T17:50:26Z,h2h,Talia Gibson,2.62,,0.38167938931297707,0.3640776699029127,0.2
2026-09-26T17:51:09.140035+00:00,2026-09-26T18:51:09.140035+01:00,4cf827b985faae04b7886aebea6cf96e,tennis_wta_singapore_open,WTA Singapore Open,2026-09-27T09:00:00+00:00,2026-09-27T10:00:00+01:00,Leylah Fernandez,Talia Gibson,leovegas,LeoVegas,2026-09-26T17:50:41Z,h2h,Leylah Fernandez,1.47,,0.6802721088435374,0.6297229219143576,0.2
2026-09-26T17:51:09.140035+00:00,2026-09-26T18:51:09.140035+01:00,4cf827b985faae04b7886aebea6cf96e,tennis_wta_singapore_open,WTA Singapore Open,2026-09-27T09:00:00+00:00,2026-09-27T10:00:00+01:00,Leylah Fernandez,Talia Gibson,leovegas,LeoVegas,2026-09-26T17:50:41Z,h2h,Talia Gibson,2.5,,0.4,0.37027707808564236,0.2
2026-09-26T17:51:09.140035+00:00,2026-09-26T18:51:09.140035+01:00,4cf827b985faae04b7886aebea6cf96e,tennis_wta_singapore_open,WTA Singapore Open,2026-09-27T09:00:00+00:00,2026-09-27T10:00:00+01:00,Leylah Fernandez,Talia Gibson,williamhill,William Hill,2026-09-26T17:50:41Z,h2h,Leylah Fernandez,1.5,,0.6666666666666666,0.6341463414634148,0.2
2026-09-26T17:51:09.140035+00:00,2026-09-26T18:51:09.140035+01:00,4cf827b985faae04b7886aebea6cf96e,tennis_wta_singapore_open,WTA Singapore Open,2026-09-27T09:00:00+00:00,2026-09-27T10:00:00+01:00,Leylah Fernandez,Talia Gibson,williamhill,William Hill,2026-09-26T17:50:41Z,h2h,Talia Gibson,2.6,,0.3846153846153846,0.3658536585365854,0.2
2026-09-26T17:51:09.140035+00:00,2026-09-26T18:51:09.140035+01:00,4cf827b985faae04b7886aebea6cf96e,tennis_wta_singapore_open,WTA Singapore Open,2026-09-27T09:00:00+00:00,2026-09-27T10:00:00+01:00,Leylah Fernandez,Talia Gibson,skybet,Sky Bet,2026-09-26T17:48:05Z,h2h,Leylah Fernandez,1.5,,0.6666666666666666,0.625,0.2
2026-09-26T17:51:09.140035+00:00,2026-09-26T18:51:09.140035+01:00,4cf827b985faae04b7886aebea6cf96e,tennis_wta_singapore_open,WTA Singapore Open,2026-09-27T09:00:00+00:00,2026-09-27T10:00:00+01:00,Leylah Fernandez,Talia Gibson,skybet,Sky Bet,2026-09-26T17:48:05Z,h2h,Talia Gibson,2.5,,0.4,0.375,0.2
2026-09-26T17:51:09.140035+00:00,2026-09-26T18:51:09.140035+01:00,4cf827b985faae04b7886aebea6cf96e,tennis_wta_singapore_open,WTA Singapore Open,2026-09-27T09:00:00+00:00,2026-09-27T10:00:00+01:00,Leylah Fernandez,Talia Gibson,betfair_sb_uk,Betfair Sportsbook,2026-09-26T17:50:58Z,h2h,Leylah Fernandez,1.53,,0.6535947712418301,0.6203473945409429,0.2
2026-09-26T17:51:09.140035+00:00,2026-09-26T18:51:09.140035+01:00,4cf827b985faae04b7886aebea6cf96e,tennis_wta_singapore_open,WTA Singapore Open,2026-09-27T09:00:00+00:00,2026-09-27T10:00:00+01:00,Leylah Fernandez,Talia Gibson,betfair_sb_uk,Betfair Sportsbook,2026-09-26T17:50:58Z,h2h,Talia Gibson,2.5,,0.4,0.3796526054590571,0.2
2026-09-26T17:51:09.140035+00:00,2026-09-26T18:51:09.140035+01:00,4cf827b985faae04b7886aebea6cf96e,tennis_wta_singapore_open,WTA Singapore Open,2026-09-27T09:00:00+00:00,2026-09-27T10:00:00+01:00,Leylah Fernandez,Talia Gibson,ladbrokes_uk,Ladbrokes,2026-09-26T17:50:05Z,h2h,Leylah Fernandez,1.48,,0.6756756756756757,0.6281407035175879,0.2
2026-09-26T17:51:09.140035+00:00,2026-09-26T18:51:09.140035+01:00,4cf827b985faae04b7886aebea6cf96e,tennis_wta_singapore_open,WTA Singapore Open,2026-09-27T09:00:00+00:00,2026-09-27T10:00:00+01:00,Leylah Fernandez,Talia Gibson,ladbrokes_uk,Ladbrokes,2026-09-26T17:50:05Z,h2h,Talia Gibson,2.5,,0.4,0.37185929648241206,0.2
2026-09-26T17:51:09.140035+00:00,2026-09-26T18:51:09.140035+01:00,4cf827b985faae04b7886aebea6cf96e,tennis_wta_singapore_open,WTA Singapore Open,2026-09-27T09:00:00+00:00,2026-09-27T10:00:00+01:00,Leylah Fernandez,Talia Gibson,coral,Coral,2026-09-26T17:51:07Z,h2h,Leylah Fernandez,1.48,,0.6756756756756757,0.6281407035175879,0.2
2026-09-26T17:51:09.140035+00:00,2026-09-26T18:51:09.140035+01:00,4cf827b985faae04b7886aebea6cf96e,tennis_wta_singapore_open,WTA Singapore Open,2026-09-27T09:00:00+00:00,2026-09-27T10:00:00+01:00,Leylah Fernandez,Talia Gibson,coral,Coral,2026-09-26T17:51:07Z,h2h,Talia Gibson,2.5,,0.4,0.37185929648241206,0.2
2026-09-26T17:51:09.140035+00:00,2026-09-26T18:51:09.140035+01:00,4cf827b985faae04b7886aebea6cf96e,tennis_wta_singapore_open,WTA Singapore Open,2026-09-27T09:00:00+00:00,2026-09-27T10:00:00+01:00,Leylah Fernandez,Talia Gibson,betvictor,Bet Victor,2026-09-26T17:50:55Z,h2h,Leylah Fernandez,1.45,,0.6896551724137931,0.6329113924050633,0.2
2026-09-26T17:51:09.140035+00:00,2026-09-26T18:51:09.140035+01:00,4cf827b985faae04b7886aebea6cf96e,tennis_wta_singapore_open,WTA Singapore Open,2026-09-27T09:00:00+00:00,2026-09-27T10:00:00+01:00,Leylah Fernandez,Talia Gibson,betvictor,Bet Victor,2026-09-26T17:50:55Z,h2h,Talia Gibson,2.5,,0.4,0.3670886075949367,0.2
2026-09-26T17:51:09.140035+00:00,2026-09-26T18:51:09.140035+01:00,4cf827b985faae04b7886aebea6cf96e,tennis_wta_singapore_open,WTA Singapore Open,2026-09-27T09:00:00+00:00,2026-09-27T10:00:00+01:00,Leylah Fernandez,Talia Gibson,betano_uk,Betano (UK),2026-09-26T17:49:43Z,h2h,Leylah Fernandez,1.45,,0.6896551724137931,0.6329113924050633,0.2
2026-09-26T17:51:09.140035+00:00,2026-09-26T18:51:09.140035+01:00,4cf827b985faae04b7886aebea6cf96e,tennis_wta_singapore_open,WTA Singapore Open,2026-09-27T09:00:00+00:00,2026-09-27T10:00:00+01:00,Leylah Fernandez,Talia Gibson,betano_uk,Betano (UK),2026-09-26T17:49:43Z,h2h,Talia Gibson,2.5,,0.4,0.3670886075949367,0.2
2026-09-26T17:51:09.140035+00:00,2026-09-26T18:51:09.140035+01:00,4cf827b985faae04b7886aebea6cf96e,tennis_wta_singapore_open,WTA Singapore Open,2026-09-27T09:00:00+00:00,2026-09-27T10:00:00+01:00,Leylah Fernandez,Talia Gibson,grosvenor,Grosvenor,2026-09-26T17:50:41Z,h2h,Leylah Fernandez,1.5,,0.6666666666666666,0.6296296296296295,0.2
2026-09-26T17:51:09.140035+00:00,2026-09-26T18:51:09.140035+01:00,4cf827b985faae04b7886aebea6cf96e,tennis_wta_singapore_open,WTA Singapore Open,2026-09-27T09:00:00+00:00,2026-09-27T10:00:00+01:00,Leylah Fernandez,Talia Gibson,grosvenor,Grosvenor,2026-09-26T17:50:41Z,h2h,Talia Gibson,2.55,,0.3921568627450981,0.3703703703703704,0.2
2026-09-26T17:51:09.140035+00:00,2026-09-26T18:51:09.140035+01:00,4cf827b985faae04b7886aebea6cf96e,tennis_wta_singapore_open,WTA Singapore Open,2026-09-27T09:00:00+00:00,2026-09-27T10:00:00+01:00,Leylah Fernandez,Talia Gibson,casumo,Casumo,2026-09-26T17:50:24Z,h2h,Leylah Fernandez,1.5,,0.6666666666666666,0.6296296296296295,0.2
2026-09-26T17:51:09.140035+00:00,2026-09-26T18:51:09.140035+01:00,4cf827b985faae04b7886aebea6cf96e,tennis_wta_singapore_open,WTA Singapore Open,2026-09-27T09:00:00+00:00,2026-09-27T10:00:00+01:00,Leylah Fernandez,Talia Gibson,casumo,Casumo,2026-09-26T17:50:24Z,h2h,Talia Gibson,2.55,,0.3921568627450981,0.3703703703703704,0.2
2026-09-26T17:51:09.140035+00:00,2026-09-26T18:51:09.140035+01:00,4cf827b985faae04b7886aebea6cf96e,tennis_wta_singapore_open,WTA Singapore Open,2026-09-27T09:00:00+00:00,2026-09-27T10:00:00+01:00,Leylah Fernandez,Talia Gibson,virginbet,Virgin Bet,2026-09-26T17:50:05Z,h2h,Leylah Fernandez,1.5,,0.6666666666666666,0.6296296296296295,0.2
2026-09-26T17:51:09.140035+00:00,2026-09-26T18:51:09.140035+01:00,4cf827b985faae04b7886aebea6cf96e,tennis_wta_singapore_open,WTA Singapore Open,2026-09-27T09:00:00+00:00,2026-09-27T10:00:00+01:00,Leylah Fernandez,Talia Gibson,virginbet,Virgin Bet,2026-09-26T17:50:05Z,h2h,Talia Gibson,2.55,,0.3921568627450981,0.3703703703703704,0.2
2026-09-26T17:51:09.140035+00:00,2026-09-26T18:51:09.140035+01:00,4cf827b985faae04b7886aebea6cf96e,tennis_wta_singapore_open,WTA Singapore Open,2026-09-27T09:00:00+00:00,2026-09-27T10:00:00+01:00,Leylah Fernandez,Talia Gibson,livescorebet,LiveScore Bet,2026-09-26T17:50:25Z,h2h,Leylah Fernandez,1.5,,0.6666666666666666,0.6296296296296295,0.2
2026-09-26T17:51:09.140035+00:00,2026-09-26T18:51:09.140035+01:00,4cf827b985faae04b7886aebea6cf96e,tennis_wta_singapore_open,WTA Singapore Open,2026-09-27T09:00:00+00:00,2026-09-27T10:00:00+01:00,Leylah Fernandez,Talia Gibson,livescorebet,LiveScore Bet,2026-09-26T17:50:25Z,h2h,Talia Gibson,2.55,,0.3921568627450981,0.3703703703703704,0.2
2026-09-26T17:51:09.140035+00:00,2026-09-26T18:51:09.140035+01:00,4cf827b985faae04b7886aebea6cf96e,tennis_wta_singapore_open,WTA Singapore Open,2026-09-27T09:00:00+00:00,2026-09-27T10:00:00+01:00,Leylah Fernandez,Talia Gibson,boylesports,BoyleSports,2026-09-26T17:50:58Z,h2h,Leylah Fernandez,1.5,,0.6666666666666666,0.6359223300970874,0.2
2026-09-26T17:51:09.140035+00:00,2026-09-26T18:51:09.140035+01:00,4cf827b985faae04b7886aebea6cf96e,tennis_wta_singapore_open,WTA Singapore Open,2026-09-27T09:00:00+00:00,2026-09-27T10:00:00+01:00,Leylah Fernandez,Talia Gibson,boylesports,BoyleSports,2026-09-26T17:50:58Z,h2h,Talia Gibson,2.62,,0.38167938931297707,0.3640776699029127,0.2
2026-09-26T17:51:09.140035+00:00,2026-09-26T18:51:09.140035+01:00,4cee8dd093405e4f76bca53cbac224d9,americanfootball_cfl,CFL,2026-09-26T19:00:00+00:00,2026-09-26T20:00:00+01:00,Ottawa Redblacks,Calgary Stampeders,leovegas,LeoVegas,2026-09-26T17:51:07Z,h2h,Calgary Stampeders,1.7,,0.5882352941176471,0.5502645502645503,0.2
2026-09-26T17:51:09.140035+00:00,2026-09-26T18:51:09.140035+01:00,4cee8dd093405e4f76bca53cbac224d9,americanfootball_cfl,CFL,2026-09-26T19:00:00+00:00,2026-09-26T20:00:00+01:00,Ottawa Redblacks,Calgary Stampeders,leovegas,LeoVegas,2026-09-26T17:51:07Z,h2h,Ottawa Redblacks,2.08,,0.4807692307692307,0.4497354497354497,0.2
2026-09-26T17:51:09.140035+00:00,2026-09-26T18:51:09.140035+01:00,4cee8dd093405e4f76bca53cbac224d9,americanfootball_cfl,CFL,2026-09-26T19:00:00+00:00,2026-09-26T20:00:00+01:00,Ottawa Redblacks,Calgary Stampeders,unibet_uk,Unibet (UK),2026-09-26T17:50:35Z,h2h,Calgary Stampeders,1.73,,0.5780346820809249,0.5529715762273902,0.2
2026-09-26T17:51:09.140035+00:00,2026-09-26T18:51:09.140035+01:00,4cee8dd093405e4f76bca53cbac224d9,americanfootball_cfl,CFL,2026-09-26T19:00:00+00:00,2026-09-26T20:00:00+01:00,Ottawa Redblacks,Calgary Stampeders,unibet_uk,Unibet (UK),2026-09-26T17:50:35Z,h2h,Ottawa Redblacks,2.14,,0.4672897196261682,0.4470284237726098,0.2
2026-09-26T17:51:09.140035+00:00,2026-09-26T18:51:09.140035+01:00,4cee8dd093405e4f76bca53cbac224d9,americanfootball_cfl,CFL,2026-09-26T19:00:00+00:00,2026-09-26T20:00:00+01:00,Ottawa Redblacks,Calgary Stampeders,betway,Betway,2026-09-26T17:50:52Z,h2h,Calgary Stampeders,1.71,,0.5847953216374269,0.5626598465473145,0.2
2026-09-26T17:51:09.140035+00:00,2026-09-26T18:51:09.140035+01:00,4cee8dd093405e4f76bca53cbac224d9,americanfootball_cfl,CFL,2026-09-26T19:00:00+00:00,2026-09-26T20:00:00+01:00,Ottawa Redblacks,Calgary Stampeders,betway,Betway,2026-09-26T17:50:52Z,h2h,Ottawa Redblacks,2.2,,0.45454545454545453,0.4373401534526854,0.2
2026-09-26T17:51:09.140035+00:00,2026-09-26T18:51:09.140035+01:00,4cee8dd093405e4f76bca53cbac224d9,americanfootball_cfl,CFL,2026-09-26T19:00:00+00:00,2026-09-26T20:00:00+01:00,Ottawa Redblacks,Calgary Stampeders,betfred_uk,Betfred (UK),2026-09-26T17:51:08Z,h2h,Calgary Stampeders,1.7,,0.5882352941176471,0.5584415584415584,0.2
2026-09-26T17:51:09.140035+00:00,2026-09-26T18:51:09.140035+01:00,4cee8dd093405e4f76bca53cbac224d9,americanfootball_cfl,CFL,2026-09-26T19:00:00+00:00,2026-09-26T20:00:00+01:00,Ottawa Redblacks,Calgary Stampeders,betfred_uk,Betfred (UK),2026-09-26T17:51:08Z,h2h,Ottawa Redblacks,2.15,,0.46511627906976744,0.44155844155844154,0.2
2026-09-26T17:51:09.140035+00:00,2026-09-26T18:51:09.140035+01:00,4cee8dd093405e4f76bca53cbac224d9,americanfootball_cfl,CFL,2026-09-26T19:00:00+00:00,2026-09-26T20:00:00+01:00,Ottawa Redblacks,Calgary Stampeders,betfair_ex_uk,Betfair,2026-09-26T17:50:51Z,h2h,Calgary Stampeders,1.75,,0.5714285714285714,0.5614035087719298,0.2
2026-09-26T17:51:09.140035+00:00,2026-09-26T18:51:09.140035+01:00,4cee8dd093405e4f76bca53cbac224d9,americanfootball_cfl,CFL,2026-09-26T19:00:00+00:00,2026-09-26T20:00:00+01:00,Ottawa Redblacks,Calgary Stampeders,betfair_ex_uk,Betfair,2026-09-26T17:50:51Z,h2h,Ottawa Redblacks,2.24,,0.4464285714285714,0.43859649122807015,0.2
2026-09-26T17:51:09.140035+00:00,2026-09-26T18:51:09.140035+01:00,4cee8dd093405e4f76bca53cbac224d9,americanfootball_cfl,CFL,2026-09-26T19:00:00+00:00,2026-09-26T20:00:00+01:00,Ottawa Redblacks,Calgary Stampeders,betfair_ex_uk,Betfair,2026-09-26T17:50:51Z,h2h_lay,Calgary Stampeders,1.81,,0.5524861878453039,1.0,0.2
2026-09-26T17:51:09.140035+00:00,2026-09-26T18:51:09.140035+01:00,4cee8dd093405e4f76bca53cbac224d9,americanfootball_cfl,CFL,2026-09-26T19:00:00+00:00,2026-09-26T20:00:00+01:00,Ottawa Redblacks,Calgary Stampeders,betfair_ex_uk,Betfair,2026-09-26T17:50:51Z,h2h_lay,Ottawa Redblacks,2.34,,0.4273504273504274,1.0,0.2
2026-09-26T17:51:09.140035+00:00,2026-09-26T18:51:09.140035+01:00,f735cf3b6128779cdcf285b46fbdce92,americanfootball_cfl,CFL,2026-09-26T23:00:00+00:00,2026-09-27T00:00:00+01:00,Edmonton Elks,Hamilton Tiger-Cats,leovegas,LeoVegas,2026-09-26T17:51:07Z,h2h,Edmonton Elks,1.22,,0.819672131147541,0.7640232108317214,0.2
2026-09-26T17:51:09.140035+00:00,2026-09-26T18:51:09.140035+01:00,f735cf3b6128779cdcf285b46fbdce92,americanfootball_cfl,CFL,2026-09-26T23:00:00+00:00,2026-09-27T00:00:00+01:00,Edmonton Elks,Hamilton Tiger-Cats,leovegas,LeoVegas,2026-09-26T17:51:07Z,h2h,Hamilton Tiger-Cats,3.95,,0.2531645569620253,0.2359767891682785,0.2
2026-09-26T17:51:09.140035+00:00,2026-09-26T18:51:09.140035+01:00,f735cf3b6128779cdcf285b46fbdce92,americanfootball_cfl,CFL,2026-09-26T23:00:00+00:00,2026-09-27T00:00:00+01:00,Edmonton Elks,Hamilton Tiger-Cats,unibet_uk,Unibet (UK),2026-09-26T17:50:35Z,h2h,Edmonton Elks,1.24,,0.8064516129032259,0.7720588235294118,0.2
2026-09-26T17:51:09.140035+00:00,2026-09-26T18:51:09.140035+01:00,f735cf3b6128779cdcf285b46fbdce92,americanfootball_cfl,CFL,2026-09-26T23:00:00+00:00,2026-09-27T00:00:00+01:00,Edmonton Elks,Hamilton Tiger-Cats,unibet_uk,Unibet (UK),2026-09-26T17:50:35Z,h2h,Hamilton Tiger-Cats,4.2,,0.23809523809523808,0.22794117647058823,0.2
2026-09-26T17:51:09.140035+00:00,2026-09-26T18:51:09.140035+01:00,f735cf3b6128779cdcf285b46fbdce92,americanfootball_cfl,CFL,2026-09-26T23:00:00+00:00,2026-09-27T00:00:00+01:00,Edmonton Elks,Hamilton Tiger-Cats,betway,Betway,2026-09-26T17:50:52Z,h2h,Edmonton Elks,1.29,,0.7751937984496123,0.744047619047619,0.2
2026-09-26T17:51:09.140035+00:00,2026-09-26T18:51:09.140035+01:00,f735cf3b6128779cdcf285b46fbdce92,americanfootball_cfl,CFL,2026-09-26T23:00:00+00:00,2026-09-27T00:00:00+01:00,Edmonton Elks,Hamilton Tiger-Cats,betway,Betway,2026-09-26T17:50:52Z,h2h,Hamilton Tiger-Cats,3.75,,0.26666666666666666,0.25595238095238093,0.2
2026-09-26T17:51:09.140035+00:00,2026-09-26T18:51:09.140035+01:00,f735cf3b6128779cdcf285b46fbdce92,americanfootball_cfl,CFL,2026-09-26T23:00:00+00:00,2026-09-27T00:00:00+01:00,Edmonton Elks,Hamilton Tiger-Cats,betfred_uk,Betfred (UK),2026-09-26T17:51:08Z,h2h,Edmonton Elks,1.29,,0.7751937984496123,0.7361963190184049,0.2
2026-09-26T17:51:09.140035+00:00,2026-09-26T18:51:09.140035+01:00,f735cf3b6128779cdcf285b46fbdce92,americanfootball_cfl,CFL,2026-09-26T23:00:00+00:00,2026-09-27T00:00:00+01:00,Edmonton Elks,Hamilton Tiger-Cats,betfred_uk,Betfred (UK),2026-09-26T17:51:08Z,h2h,Hamilton Tiger-Cats,3.6,,0.2777777777777778,0.2638036809815951,0.2
2026-09-26T17:51:09.140035+00:00,2026-09-26T18:51:09.140035+01:00,f735cf3b6128779cdcf285b46fbdce92,americanfootball_cfl,CFL,2026-09-26T23:00:00+00:00,2026-09-27T00:00:00+01:00,Edmonton Elks,Hamilton Tiger-Cats,betfair_ex_uk,Betfair,2026-09-26T17:50:51Z,h2h,Edmonton Elks,1.26,,0.7936507936507936,0.78125,0.2
2026-09-26T17:51:09.140035+00:00,2026-09-26T18:51:09.140035+01:00,f735cf3b6128779cdcf285b46fbdce92,americanfootball_cfl,CFL,2026-09-26T23:00:00+00:00,2026-09-27T00:00:00+01:00,Edmonton Elks,Hamilton Tiger-Cats,betfair_ex_uk,Betfair,2026-09-26T17:50:51Z,h2h,Hamilton Tiger-Cats,4.5,,0.2222222222222222,0.21875,0.2
2026-09-26T17:51:09.140035+00:00,2026-09-26T18:51:09.140035+01:00,f735cf3b6128779cdcf285b46fbdce92,americanfootball_cfl,CFL,2026-09-26T23:00:00+00:00,2026-09-27T00:00:00+01:00,Edmonton Elks,Hamilton Tiger-Cats,betfair_ex_uk,Betfair,2026-09-26T17:50:51Z,h2h_lay,Edmonton Elks,1.29,,0.7751937984496123,1.0,0.2
2026-09-26T17:51:09.140035+00:00,2026-09-26T18:51:09.140035+01:00,f735cf3b6128779cdcf285b46fbdce92,americanfootball_cfl,CFL,2026-09-26T23:00:00+00:00,2026-09-27T00:00:00+01:00,Edmonton Elks,Hamilton Tiger-Cats,betfair_ex_uk,Betfair,2026-09-26T17:50:51Z,h2h_lay,Hamilton Tiger-Cats,4.8,,0.20833333333333334,1.0,0.2
2026-09-26T17:51:09.140035+00:00,2026-09-26T18:51:09.140035+01:00,670a58249e098c52d88b84e1bbd7251f,baseball_kbo,KBO,2026-09-27T08:00:00+00:00,2026-09-27T09:00:00+01:00,Doosan Bears,KT Wiz,leovegas,LeoVegas,2026-09-26T17:50:00Z,h2h,Doosan Bears,2.12,,0.4716981132075471,0.44063324538258575,0.2
2026-09-26T17:51:09.140035+00:00,2026-09-26T18:51:09.140035+01:00,670a58249e098c52d88b84e1bbd7251f,baseball_kbo,KBO,2026-09-27T08:00:00+00:00,2026-09-27T09:00:00+01:00,Doosan Bears,KT Wiz,leovegas,LeoVegas,2026-09-26T17:50:00Z,h2h,KT Wiz,1.67,,0.5988023952095809,0.5593667546174144,0.2
2026-09-26T17:51:09.140035+00:00,2026-09-26T18:51:09.140035+01:00,670a58249e098c52d88b84e1bbd7251f,baseball_kbo,KBO,2026-09-27T08:00:00+00:00,2026-09-27T09:00:00+01:00,Doosan Bears,KT Wiz,betway,Betway,2026-09-26T17:50:53Z,h2h,Doosan Bears,2.1,,0.47619047619047616,0.44297082228116713,0.2
2026-09-26T17:51:09.140035+00:00,2026-09-26T18:51:09.140035+01:00,670a58249e098c52d88b84e1bbd7251f,baseball_kbo,KBO,2026-09-27T08:00:00+00:00,2026-09-27T09:00:00+01:00,Doosan Bears,KT Wiz,betway,Betway,2026-09-26T17:50:53Z,h2h,KT Wiz,1.67,,0.5988023952095809,0.557029177718833,0.2
2026-09-26T17:51:09.140035+00:00,2026-09-26T18:51:09.140035+01:00,c5fd97e37855049f20c6d8d85930054c,baseball_kbo,KBO,2026-09-27T08:00:00+00:00,2026-09-27T09:00:00+01:00,Kia Tigers,LG Twins,leovegas,LeoVegas,2026-09-26T17:50:00Z,h2h,Kia Tigers,2.5,,0.4,0.3796526054590571,0.2
2026-09-26T17:51:09.140035+00:00,2026-09-26T18:51:09.140035+01:00,c5fd97e37855049f20c6d8d85930054c,baseball_kbo,KBO,2026-09-27T08:00:00+00:00,2026-09-27T09:00:00+01:00,Kia Tigers,LG Twins,leovegas,LeoVegas,2026-09-26T17:50:00Z,h2h,LG Twins,1.53,,0.6535947712418301,0.6203473945409429,0.2
2026-09-26T17:51:09.140035+00:00,2026-09-26T18:51:09.140035+01:00,c5fd97e37855049f20c6d8d85930054c,baseball_kbo,KBO,2026-09-27T08:00:00+00:00,2026-09-27T09:00:00+01:00,Kia Tigers,LG Twins,betway,Betway,2026-09-26T17:50:53Z,h2h,Kia Tigers,2.4,,0.4166666666666667,0.38461538461538464,0.2
2026-09-26T17:51:09.140035+00:00,2026-09-26T18:51:09.140035+01:00,c5fd97e37855049f20c6d8d85930054c,baseball_kbo,KBO,2026-09-27T08:00:00+00:00,2026-09-27T09:00:00+01:00,Kia Tigers,LG Twins,betway,Betway,2026-09-26T17:50:53Z,h2h,LG Twins,1.5,,0.6666666666666666,0.6153846153846154,0.2
2026-09-26T17:51:09.140035+00:00,2026-09-26T18:51:09.140035+01:00,130e77cfedf092069f0f831f62200262,baseball_kbo,KBO,2026-09-27T08:00:00+00:00,2026-09-27T09:00:00+01:00,NC Dinos,Kiwoom Heroes,leovegas,LeoVegas,2026-09-26T17:50:00Z,h2h,Kiwoom Heroes,2.4,,0.4166666666666667,0.3893129770992367,0.2
2026-09-26T17:51:09.140035+00:00,2026-09-26T18:51:09.140035+01:00,130e77cfedf092069f0f831f62200262,baseball_kbo,KBO,2026-09-27T08:00:00+00:00,2026-09-27T09:00:00+01:00,NC Dinos,Kiwoom Heroes,leovegas,LeoVegas,2026-09-26T17:50:00Z,h2h,NC Dinos,1.53,,0.6535947712418301,0.6106870229007634,0.2
2026-09-26T17:51:09.140035+00:00,2026-09-26T18:51:09.140035+01:00,130e77cfedf092069f0f831f62200262,baseball_kbo,KBO,2026-09-27T08:00:00+00:00,2026-09-27T09:00:00+01:00,NC Dinos,Kiwoom Heroes,betway,Betway,2026-09-26T17:50:53Z,h2h,Kiwoom Heroes,2.4,,0.4166666666666667,0.38461538461538464,0.2
2026-09-26T17:51:09.140035+00:00,2026-09-26T18:51:09.140035+01:00,130e77cfedf092069f0f831f62200262,baseball_kbo,KBO,2026-09-27T08:00:00+00:00,2026-09-27T09:00:00+01:00,NC Dinos,Kiwoom Heroes,betway,Betway,2026-09-26T17:50:53Z,h2h,NC Dinos,1.5,,0.6666666666666666,0.6153846153846154,0.2
2026-09-26T17:51:09.140035+00:00,2026-09-26T18:51:09.140035+01:00,24fb2d1fd0598bde048322b6463e0c78,americanfootball_ncaaf,NCAAF,2026-09-26T18:00:00+00:00,2026-09-26T19:00:00+01:00,Georgia State Panthers,Northern Illinois Huskies,leovegas,LeoVegas,2026-09-26T17:51:04Z,h2h,Georgia State Panthers,1.28,,0.78125,0.7377049180327869,0.2
2026-09-26T17:51:09.140035+00:00,2026-09-26T18:51:09.140035+01:00,24fb2d1fd0598bde048322b6463e0c78,americanfootball_ncaaf,NCAAF,2026-09-26T18:00:00+00:00,2026-09-26T19:00:00+01:00,Georgia State Panthers,Northern Illinois Huskies,leovegas,LeoVegas,2026-09-26T17:51:04Z,h2h,Northern Illinois Huskies,3.6,,0.2777777777777778,0.26229508196721313,0.2
2026-09-26T17:51:09.140035+00:00,2026-09-26T18:51:09.140035+01:00,24fb2d1fd0598bde048322b6463e0c78,americanfootball_ncaaf,NCAAF,2026-09-26T18:00:00+00:00,2026-09-26T19:00:00+01:00,Georgia State Panthers,Northern Illinois Huskies,betvictor,Bet Victor,2026-09-26T17:47:05Z,h2h,Georgia State Panthers,1.3,,0.7692307692307692,0.7111111111111111,0.2
2026-09-26T17:51:09.140035+00:00,2026-09-26T18:51:09.140035+01:00,24fb2d1fd0598bde048322b6463e0c78,americanfootball_ncaaf,NCAAF,2026-09-26T18:00:00+00:00,2026-09-26T19:00:00+01:00,Georgia State Panthers,Northern Illinois Huskies,betvictor,Bet Victor,2026-09-26T17:47:05Z,h2h,Northern Illinois Huskies,3.2,,0.3125,0.2888888888888889,0.2
2026-09-26T17:51:09.140035+00:00,2026-09-26T18:51:09.140035+01:00,24fb2d1fd0598bde048322b6463e0c78,americanfootball_ncaaf,NCAAF,2026-09-26T18:00:00+00:00,2026-09-26T19:00:00+01:00,Georgia State Panthers,Northern Illinois Huskies,unibet_uk,Unibet (UK),2026-09-26T17:50:19Z,h2h,Georgia State Panthers,1.29,,0.7751937984496123,0.7361963190184049,0.2
2026-09-26T17:51:09.140035+00:00,2026-09-26T18:51:09.140035+01:00,24fb2d1fd0598bde048322b6463e0c78,americanfootball_ncaaf,NCAAF,2026-09-26T18:00:00+00:00,2026-09-26T19:00:00+01:00,Georgia State Panthers,Northern Illinois Huskies,unibet_uk,Unibet (UK),2026-09-26T17:50:19Z,h2h,Northern Illinois Huskies,3.6,,0.2777777777777778,0.2638036809815951,0.2
2026-09-26T17:51:09.140035+00:00,2026-09-26T18:51:09.140035+01:00,24fb2d1fd0598bde048322b6463e0c78,americanfootball_ncaaf,NCAAF,2026-09-26T18:00:00+00:00,2026-09-26T19:00:00+01:00,Georgia State Panthers,Northern Illinois Huskies,ladbrokes_uk,Ladbrokes,2026-09-26T17:50:37Z,h2h,Georgia State Panthers,1.28,,0.78125,0.7264957264957265,0.2
2026-09-26T17:51:09.140035+00:00,2026-09-26T18:51:09.140035+01:00,24fb2d1fd0598bde048322b6463e0c78,americanfootball_ncaaf,NCAAF,2026-09-26T18:00:00+00:00,2026-09-26T19:00:00+01:00,Georgia State Panthers,Northern Illinois Huskies,ladbrokes_uk,Ladbrokes,2026-09-26T17:50:37Z,h2h,Northern Illinois Huskies,3.4,,0.29411764705882354,0.2735042735042735,0.2
2026-09-26T17:51:09.140035+00:00,2026-09-26T18:51:09.140035+01:00,24fb2d1fd0598bde048322b6463e0c78,americanfootball_ncaaf,NCAAF,2026-09-26T18:00:00+00:00,2026-09-26T19:00:00+01:00,Georgia State Panthers,Northern Illinois Huskies,betway,Betway,2026-09-26T17:50:47Z,h2h,Georgia State Panthers,1.29,,0.7751937984496123,0.744047619047619,0.2
2026-09-26T17:51:09.140035+00:00,2026-09-26T18:51:09.140035+01:00,24fb2d1fd0598bde048322b6463e0c78,americanfootball_ncaaf,NCAAF,2026-09-26T18:00:00+00:00,2026-09-26T19:00:00+01:00,Georgia State Panthers,Northern Illinois Huskies,betway,Betway,2026-09-26T17:50:47Z,h2h,Northern Illinois Huskies,3.75,,0.26666666666666666,0.25595238095238093,0.2
2026-09-26T17:51:09.140035+00:00,2026-09-26T18:51:09.140035+01:00,24fb2d1fd0598bde048322b6463e0c78,americanfootball_ncaaf,NCAAF,2026-09-26T18:00:00+00:00,2026-09-26T19:00:00+01:00,Georgia State Panthers,Northern Illinois Huskies,betfair_ex_uk,Betfair,2026-09-26T17:50:49Z,h2h,Georgia State Panthers,1.31,,0.7633587786259541,0.7532956685499058,0.2
2026-09-26T17:51:09.140035+00:00,2026-09-26T18:51:09.140035+01:00,24fb2d1fd0598bde048322b6463e0c78,americanfootball_ncaaf,NCAAF,2026-09-26T18:00:00+00:00,2026-09-26T19:00:00+01:00,Georgia State Panthers,Northern Illinois Huskies,betfair_ex_uk,Betfair,2026-09-26T17:50:49Z,h2h,Northern Illinois Huskies,4.0,,0.25,0.24670433145009418,0.2
2026-09-26T17:51:09.140035+00:00,2026-09-26T18:51:09.140035+01:00,24fb2d1fd0598bde048322b6463e0c78,americanfootball_ncaaf,NCAAF,2026-09-26T18:00:00+00:00,2026-09-26T19:00:00+01:00,Georgia State Panthers,Northern Illinois Huskies,betfair_ex_uk,Betfair,2026-09-26T17:50:49Z,h2h_lay,Georgia State Panthers,1.34,,0.7462686567164178,1.0,0.2
2026-09-26T17:51:09.140035+00:00,2026-09-26T18:51:09.140035+01:00,24fb2d1fd0598bde048322b6463e0c78,americanfootball_ncaaf,NCAAF,2026-09-26T18:00:00+00:00,2026-09-26T19:00:00+01:00,Georgia State Panthers,Northern Illinois Huskies,betfair_ex_uk,Betfair,2026-09-26T17:50:49Z,h2h_lay,Northern Illinois Huskies,4.2,,0.23809523809523808,1.0,0.2
2026-09-26T17:51:09.140035+00:00,2026-09-26T18:51:09.140035+01:00,24fb2d1fd0598bde048322b6463e0c78,americanfootball_ncaaf,NCAAF,2026-09-26T18:00:00+00:00,2026-09-26T19:00:00+01:00,Georgia State Panthers,Northern Illinois Huskies,matchbook,Matchbook,2026-09-26T17:51:03Z,h2h,Georgia State Panthers,1.31,,0.7633587786259541,0.7578558225508318,0.2
2026-09-26T17:51:09.140035+00:00,2026-09-26T18:51:09.140035+01:00,24fb2d1fd0598bde048322b6463e0c78,americanfootball_ncaaf,NCAAF,2026-09-26T18:00:00+00:00,2026-09-26T19:00:00+01:00,Georgia State Panthers,Northern Illinois Huskies,matchbook,Matchbook,2026-09-26T17:51:03Z,h2h,Northern Illinois Huskies,4.1,,0.24390243902439027,0.24214417744916825,0.2
2026-09-26T17:51:09.140035+00:00,2026-09-26T18:51:09.140035+01:00,24fb2d1fd0598bde048322b6463e0c78,americanfootball_ncaaf,NCAAF,2026-09-26T18:00:00+00:00,2026-09-26T19:00:00+01:00,Georgia State Panthers,Northern Illinois Huskies,matchbook,Matchbook,2026-09-26T17:51:03Z,h2h_lay,Georgia State Panthers,1.33,,0.7518796992481203,1.0,0.2
2026-09-26T17:51:09.140035+00:00,2026-09-26T18:51:09.140035+01:00,24fb2d1fd0598bde048322b6463e0c78,americanfootball_ncaaf,NCAAF,2026-09-26T18:00:00+00:00,2026-09-26T19:00:00+01:00,Georgia State Panthers,Northern Illinois Huskies,matchbook,Matchbook,2026-09-26T17:51:03Z,h2h_lay,Northern Illinois Huskies,4.2,,0.23809523809523808,1.0,0.2
2026-09-26T17:51:09.140035+00:00,2026-09-26T18:51:09.140035+01:00,bf2cffa30d89eb2ce1b4d0f91561f66d,americanfootball_ncaaf,NCAAF,2026-09-26T18:00:00+00:00,2026-09-26T19:00:00+01:00,Purdue Boilermakers,Notre Dame Fighting Irish,leovegas,LeoVegas,2026-09-26T17:51:04Z,h2h,Notre Dame Fighting Irish,1.03,,0.970873786407767,0.9209516500383731,0.2
2026-09-26T17:51:09.140035+00:00,2026-09-26T18:51:09.140035+01:00,bf2cffa30d89eb2ce1b4d0f91561f66d,americanfootball_ncaaf,NCAAF,2026-09-26T18:00:00+00:00,2026-09-26T19:00:00+01:00,Purdue Boilermakers,Notre Dame Fighting Irish,leovegas,LeoVegas,2026-09-26T17:51:04Z,h2h,Purdue Boilermakers,12.0,,0.08333333333333333,0.07904834996162702,0.2
2026-09-26T17:51:09.140035+00:00,2026-09-26T18:51:09.140035+01:00,bf2cffa30d89eb2ce1b4d0f91561f66d,americanfootball_ncaaf,NCAAF,2026-09-26T18:00:00+00:00,2026-09-26T19:00:00+01:00,Purdue Boilermakers,Notre Dame Fighting Irish,unibet_uk,Unibet (UK),2026-09-26T17:50:19Z,h2h,Notre Dame Fighting Irish,1.03,,0.970873786407767,0.9265858873841768,0.2
2026-09-26T17:51:09.140035+00:00,2026-09-26T18:51:09.140035+01:00,bf2cffa30d89eb2ce1b4d0f91561f66d,americanfootball_ncaaf,NCAAF,2026-09-26T18:00:00+00:00,2026-09-26T19:00:00+01:00,Purdue Boilermakers,Notre Dame Fighting Irish,unibet_uk,Unibet (UK),2026-09-26T17:50:19Z,h2h,Purdue Boilermakers,13.0,,0.07692307692307693,0.07341411261582324,0.2
2026-09-26T17:51:09.140035+00:00,2026-09-26T18:51:09.140035+01:00,bf2cffa30d89eb2ce1b4d0f91561f66d,americanfootball_ncaaf,NCAAF,2026-09-26T18:00:00+00:00,2026-09-26T19:00:00+01:00,Purdue Boilermakers,Notre Dame Fighting Irish,betvictor,Bet Victor,2026-09-26T17:47:05Z,h2h,Notre Dame Fighting Irish,1.02,,0.9803921568627451,0.9074410163339383,0.2
2026-09-26T17:51:09.140035+00:00,2026-09-26T18:51:09.140035+01:00,bf2cffa30d89eb2ce1b4d0f91561f66d,americanfootball_ncaaf,NCAAF,2026-09-26T18:00:00+00:00,2026-09-26T19:00:00+01:00,Purdue Boilermakers,Notre Dame Fighting Irish,betvictor,Bet Victor,2026-09-26T17:47:05Z,h2h,Purdue Boilermakers,10.0,,0.1,0.09255898366606172,0.2
2026-09-26T17:51:09.140035+00:00,2026-09-26T18:51:09.140035+01:00,bf2cffa30d89eb2ce1b4d0f91561f66d,americanfootball_ncaaf,NCAAF,2026-09-26T18:00:00+00:00,2026-09-26T19:00:00+01:00,Purdue Boilermakers,Notre Dame Fighting Irish,coral,Coral,2026-09-26T17:51:06Z,h2h,Notre Dame Fighting Irish,1.01,,0.9900990099009901,0.9439200444197667,0.2
2026-09-26T17:51:09.140035+00:00,2026-09-26T18:51:09.140035+01:00,bf2cffa30d89eb2ce1b4d0f91561f66d,americanfootball_ncaaf,NCAAF,2026-09-26T18:00:00+00:00,2026-09-26T19:00:00+01:00,Purdue Boilermakers,Notre Dame Fighting Irish,coral,Coral,2026-09-26T17:51:06Z,h2h,Purdue Boilermakers,17.0,,0.058823529411764705,0.0560799555802332,0.2
2026-09-26T17:51:09.140035+00:00,2026-09-26T18:51:09.140035+01:00,bf2cffa30d89eb2ce1b4d0f91561f66d,americanfootball_ncaaf,NCAAF,2026-09-26T18:00:00+00:00,2026-09-26T19:00:00+01:00,Purdue Boilermakers,Notre Dame Fighting Irish,ladbrokes_uk,Ladbrokes,2026-09-26T17:50:37Z,h2h,Notre Dame Fighting Irish,1.01,,0.9900990099009901,0.9439200444197667,0.2
2026-09-26T17:51:09.140035+00:00,2026-09-26T18:51:09.140035+01:00,bf2cffa30d89eb2ce1b4d0f91561f66d,americanfootball_ncaaf,NCAAF,2026-09-26T18:00:00+00:00,2026-09-26T19:00:00+01:00,Purdue Boilermakers,Notre Dame Fighting Irish,ladbrokes_uk,Ladbrokes,2026-09-26T17:50:37Z,h2h,Purdue Boilermakers,17.0,,0.058823529411764705,0.0560799555802332,0.2
2026-09-26T17:51:09.140035+00:00,2026-09-26T18:51:09.140035+01:00,bf2cffa30d89eb2ce1b4d0f91561f66d,americanfootball_ncaaf,NCAAF,2026-09-26T18:00:00+00:00,2026-09-26T19:00:00+01:00,Purdue Boilermakers,Notre Dame Fighting Irish,betfair_ex_uk,Betfair,2026-09-26T17:50:49Z,h2h,Notre Dame Fighting Irish,1.04,,0.9615384615384615,0.9548611111111112,0.2
2026-09-26T17:51:09.140035+00:00,2026-09-26T18:51:09.140035+01:00,bf2cffa30d89eb2ce1b4d0f91561f66d,americanfootball_ncaaf,NCAAF,2026-09-26T18:00:00+00:00,2026-09-26T19:00:00+01:00,Purdue Boilermakers,Notre Dame Fighting Irish,betfair_ex_uk,Betfair,2026-09-26T17:50:49Z,h2h,Purdue Boilermakers,22.0,,0.045454545454545456,0.045138888888888895,0.2
2026-09-26T17:51:09.140035+00:00,2026-09-26T18:51:09.140035+01:00,bf2cffa30d89eb2ce1b4d0f91561f66d,americanfootball_ncaaf,NCAAF,2026-09-26T18:00:00+00:00,2026-09-26T19:00:00+01:00,Purdue Boilermakers,Notre Dame Fighting Irish,betfair_ex_uk,Betfair,2026-09-26T17:50:49Z,h2h_lay,Notre Dame Fighting Irish,1.05,,0.9523809523809523,1.0,0.2
2026-09-26T17:51:09.140035+00:00,2026-09-26T18:51:09.140035+01:00,bf2cffa30d89eb2ce1b4d0f91561f66d,americanfootball_ncaaf,NCAAF,2026-09-26T18:00:00+00:00,2026-09-26T19:00:00+01:00,Purdue Boilermakers,Notre Dame Fighting Irish,betfair_ex_uk,Betfair,2026-09-26T17:50:49Z,h2h_lay,Purdue Boilermakers,27.0,,0.037037037037037035,1.0,0.2
2026-09-26T17:51:09.140035+00:00,2026-09-26T18:51:09.140035+01:00,bf2cffa30d89eb2ce1b4d0f91561f66d,americanfootball_ncaaf,NCAAF,2026-09-26T18:00:00+00:00,2026-09-26T19:00:00+01:00,Purdue Boilermakers,Notre Dame Fighting Irish,matchbook,Matchbook,2026-09-26T17:51:03Z,h2h,Notre Dame Fighting Irish,1.04,,0.9615384615384615,0.9548611111111112,0.2
2026-09-26T17:51:09.140035+00:00,2026-09-26T18:51:09.140035+01:00,bf2cffa30d89eb2ce1b4d0f91561f66d,americanfootball_ncaaf,NCAAF,2026-09-26T18:00:00+00:00,2026-09-26T19:00:00+01:00,Purdue Boilermakers,Notre Dame Fighting Irish,matchbook,Matchbook,2026-09-26T17:51:03Z,h2h,Purdue Boilermakers,22.0,,0.045454545454545456,0.045138888888888895,0.2
2026-09-26T17:51:09.140035+00:00,2026-09-26T18:51:09.140035+01:00,bf2cffa30d89eb2ce1b4d0f91561f66d,americanfootball_ncaaf,NCAAF,2026-09-26T18:00:00+00:00,2026-09-26T19:00:00+01:00,Purdue Boilermakers,Notre Dame Fighting Irish,matchbook,Matchbook,2026-09-26T17:51:03Z,h2h_lay,Notre Dame Fighting Irish,1.05,,0.9523809523809523,1.0,0.2
2026-09-26T17:51:09.140035+00:00,2026-09-26T18:51:09.140035+01:00,bf2cffa30d89eb2ce1b4d0f91561f66d,americanfootball_ncaaf,NCAAF,2026-09-26T18:00:00+00:00,2026-09-26T19:00:00+01:00,Purdue Boilermakers,Notre Dame Fighting Irish,matchbook,Matchbook,2026-09-26T17:51:03Z,h2h_lay,Purdue Boilermakers,26.0,,0.038461538461538464,1.0,0.2
2026-09-26T17:51:09.140035+00:00,2026-09-26T18:51:09.140035+01:00,bf2cffa30d89eb2ce1b4d0f91561f66d,americanfootball_ncaaf,NCAAF,2026-09-26T18:00:00+00:00,2026-09-26T19:00:00+01:00,Purdue Boilermakers,Notre Dame Fighting Irish,betway,Betway,2026-09-26T17:50:47Z,h2h,Notre Dame Fighting Irish,1.03,,0.970873786407767,0.9428729894620077,0.2
2026-09-26T17:51:09.140035+00:00,2026-09-26T18:51:09.140035+01:00,bf2cffa30d89eb2ce1b4d0f91561f66d,americanfootball_ncaaf,NCAAF,2026-09-26T18:00:00+00:00,2026-09-26T19:00:00+01:00,Purdue Boilermakers,Notre Dame Fighting Irish,betway,Betway,2026-09-26T17:50:47Z,h2h,Purdue Boilermakers,17.0,,0.058823529411764705,0.05712701053799223,0.2
2026-09-26T17:51:09.140035+00:00,2026-09-26T18:51:09.140035+01:00,752cd9cc9331543601fd37f21b8c7430,americanfootball_ncaaf,NCAAF,2026-09-26T19:00:00+00:00,2026-09-26T20:00:00+01:00,Florida State Seminoles,Central Arkansas Bears,betvictor,Bet Victor,2026-09-26T17:47:05Z,h2h,Central Arkansas Bears,12.0,,0.08333333333333333,0.07692307692307693,0.2
2026-09-26T17:51:09.140035+00:00,2026-09-26T18:51:09.140035+01:00,752cd9cc9331543601fd37f21b8c7430,americanfootball_ncaaf,NCAAF,2026-09-26T19:00:00+00:00,2026-09-26T20:00:00+01:00,Florida State Seminoles,Central Arkansas Bears,betvictor,Bet Victor,2026-09-26T17:47:05Z,h2h,Florida State Seminoles,1.0,,1.0,0.9230769230769231,0.2
2026-09-26T17:51:09.140035+00:00,2026-09-26T18:51:09.140035+01:00,fc7c77e060e8ba29a61de994be1497c0,americanfootball_ncaaf,NCAAF,2026-09-26T19:00:00+00:00,2026-09-26T20:00:00+01:00,Wyoming Cowboys,Hawaii Rainbow Warriors,leovegas,LeoVegas,2026-09-26T17:51:04Z,h2h,Hawaii Rainbow Warriors,1.75,,0.5714285714285714,0.5358090185676393,0.2
2026-09-26T17:51:09.140035+00:00,2026-09-26T18:51:09.140035+01:00,fc7c77e060e8ba29a61de994be1497c0,americanfootball_ncaaf,NCAAF,2026-09-26T19:00:00+00:00,2026-09-26T20:00:00+01:00,Wyoming Cowboys,Hawaii Rainbow Warriors,leovegas,LeoVegas,2026-09-26T17:51:04Z,h2h,Wyoming Cowboys,2.02,,0.49504950495049505,0.46419098143236076,0.2
2026-09-26T17:51:09.140035+00:00,2026-09-26T18:51:09.140035+01:00,fc7c77e060e8ba29a61de994be1497c0,americanfootball_ncaaf,NCAAF,2026-09-26T19:00:00+00:00,2026-09-26T20:00:00+01:00,Wyoming Cowboys,Hawaii Rainbow Warriors,unibet_uk,Unibet (UK),2026-09-26T17:50:19Z,h2h,Hawaii Rainbow Warriors,1.78,,0.5617977528089888,0.5352480417754569,0.2
2026-09-26T17:51:09.140035+00:00,2026-09-26T18:51:09.140035+01:00,fc7c77e060e8ba29a61de994be1497c0,americanfootball_ncaaf,NCAAF,2026-09-26T19:00:00+00:00,2026-09-26T20:00:00+01:00,Wyoming Cowboys,Hawaii Rainbow Warriors,unibet_uk,Unibet (UK),2026-09-26T17:50:19Z,h2h,Wyoming Cowboys,2.05,,0.48780487804878053,0.4647519582245431,0.2
2026-09-26T17:51:09.140035+00:00,2026-09-26T18:51:09.140035+01:00,fc7c77e060e8ba29a61de994be1497c0,americanfootball_ncaaf,NCAAF,2026-09-26T19:00:00+00:00,2026-09-26T20:00:00+01:00,Wyoming Cowboys,Hawaii Rainbow Warriors,betvictor,Bet Victor,2026-09-26T17:47:05Z,h2h,Hawaii Rainbow Warriors,1.73,,0.5780346820809249,0.529891304347826,0.2
2026-09-26T17:51:09.140035+00:00,2026-09-26T18:51:09.140035+01:00,fc7c77e060e8ba29a61de994be1497c0,americanfootball_ncaaf,NCAAF,2026-09-26T19:00:00+00:00,2026-09-26T20:00:00+01:00,Wyoming Cowboys,Hawaii Rainbow Warriors,betvictor,Bet Victor,2026-09-26T17:47:05Z,h2h,Wyoming Cowboys,1.95,,0.5128205128205129,0.47010869565217395,0.2
2026-09-26T17:51:09.140035+00:00,2026-09-26T18:51:09.140035+01:00,fc7c77e060e8ba29a61de994be1497c0,americanfootball_ncaaf,NCAAF,2026-09-26T19:00:00+00:00,2026-09-26T20:00:00+01:00,Wyoming Cowboys,Hawaii Rainbow Warriors,ladbrokes_uk,Ladbrokes,2026-09-26T17:50:37Z,h2h,Hawaii Rainbow Warriors,1.75,,0.5714285714285714,0.5333333333333333,0.2
2026-09-26T17:51:09.140035+00:00,2026-09-26T18:51:09.140035+01:00,fc7c77e060e8ba29a61de994be1497c0,americanfootball_ncaaf,NCAAF,2026-09-26T19:00:00+00:00,2026-09-26T20:00:00+01:00,Wyoming Cowboys,Hawaii Rainbow Warriors,ladbrokes_uk,Ladbrokes,2026-09-26T17:50:37Z,h2h,Wyoming Cowboys,2.0,,0.5,0.4666666666666667,0.2
2026-09-26T17:51:09.140035+00:00,2026-09-26T18:51:09.140035+01:00,fc7c77e060e8ba29a61de994be1497c0,americanfootball_ncaaf,NCAAF,2026-09-26T19:00:00+00:00,2026-09-26T20:00:00+01:00,Wyoming Cowboys,Hawaii Rainbow Warriors,coral,Coral,2026-09-26T17:51:06Z,h2h,Hawaii Rainbow Warriors,1.75,,0.5714285714285714,0.5333333333333333,0.2
2026-09-26T17:51:09.140035+00:00,2026-09-26T18:51:09.140035+01:00,fc7c77e060e8ba29a61de994be1497c0,americanfootball_ncaaf,NCAAF,2026-09-26T19:00:00+00:00,2026-09-26T20:00:00+01:00,Wyoming Cowboys,Hawaii Rainbow Warriors,coral,Coral,2026-09-26T17:51:06Z,h2h,Wyoming Cowboys,2.0,,0.5,0.4666666666666667,0.2
2026-09-26T17:51:09.140035+00:00,2026-09-26T18:51:09.140035+01:00,fc7c77e060e8ba29a61de994be1497c0,americanfootball_ncaaf,NCAAF,2026-09-26T19:00:00+00:00,2026-09-26T20:00:00+01:00,Wyoming Cowboys,Hawaii Rainbow Warriors,betway,Betway,2026-09-26T17:50:47Z,h2h,Hawaii Rainbow Warriors,1.8,,0.5555555555555556,0.5324675324675325,0.2
2026-09-26T17:51:09.140035+00:00,2026-09-26T18:51:09.140035+01:00,fc7c77e060e8ba29a61de994be1497c0,americanfootball_ncaaf,NCAAF,2026-09-26T19:00:00+00:00,2026-09-26T20:00:00+01:00,Wyoming Cowboys,Hawaii Rainbow Warriors,betway,Betway,2026-09-26T17:50:47Z,h2h,Wyoming Cowboys,2.05,,0.48780487804878053,0.4675324675324676,0.2
2026-09-26T17:51:09.140035+00:00,2026-09-26T18:51:09.140035+01:00,fc7c77e060e8ba29a61de994be1497c0,americanfootball_ncaaf,NCAAF,2026-09-26T19:00:00+00:00,2026-09-26T20:00:00+01:00,Wyoming Cowboys,Hawaii Rainbow Warriors,betfair_ex_uk,Betfair,2026-09-26T17:50:49Z,h2h,Hawaii Rainbow Warriors,1.85,,0.5405405405405405,0.5316455696202531,0.2
2026-09-26T17:51:09.140035+00:00,2026-09-26T18:51:09.140035+01:00,fc7c77e060e8ba29a61de994be1497c0,americanfootball_ncaaf,NCAAF,2026-09-26T19:00:00+00:00,2026-09-26T20:00:00+01:00,Wyoming Cowboys,Hawaii Rainbow Warriors,betfair_ex_uk,Betfair,2026-09-26T17:50:49Z,h2h,Wyoming Cowboys,2.1,,0.47619047619047616,0.46835443037974683,0.2
2026-09-26T17:51:09.140035+00:00,2026-09-26T18:51:09.140035+01:00,fc7c77e060e8ba29a61de994be1497c0,americanfootball_ncaaf,NCAAF,2026-09-26T19:00:00+00:00,2026-09-26T20:00:00+01:00,Wyoming Cowboys,Hawaii Rainbow Warriors,betfair_ex_uk,Betfair,2026-09-26T17:50:49Z,h2h_lay,Hawaii Rainbow Warriors,1.9,,0.5263157894736842,1.0,0.2
2026-09-26T17:51:09.140035+00:00,2026-09-26T18:51:09.140035+01:00,fc7c77e060e8ba29a61de994be1497c0,americanfootball_ncaaf,NCAAF,2026-09-26T19:00:00+00:00,2026-09-26T20:00:00+01:00,Wyoming Cowboys,Hawaii Rainbow Warriors,betfair_ex_uk,Betfair,2026-09-26T17:50:49Z,h2h_lay,Wyoming Cowboys,2.18,,0.4587155963302752,1.0,0.2
2026-09-26T17:51:09.140035+00:00,2026-09-26T18:51:09.140035+01:00,fc7c77e060e8ba29a61de994be1497c0,americanfootball_ncaaf,NCAAF,2026-09-26T19:00:00+00:00,2026-09-26T20:00:00+01:00,Wyoming Cowboys,Hawaii Rainbow Warriors,matchbook,Matchbook,2026-09-26T17:51:03Z,h2h,Hawaii Rainbow Warriors,1.85,,0.5405405405405405,0.5340050377833753,0.2
2026-09-26T17:51:09.140035+00:00,2026-09-26T18:51:09.140035+01:00,fc7c77e060e8ba29a61de994be1497c0,americanfootball_ncaaf,NCAAF,2026-09-26T19:00:00+00:00,2026-09-26T20:00:00+01:00,Wyoming Cowboys,Hawaii Rainbow Warriors,matchbook,Matchbook,2026-09-26T17:51:03Z,h2h,Wyoming Cowboys,2.12,,0.4716981132075471,0.4659949622166247,0.2
2026-09-26T17:51:09.140035+00:00,2026-09-26T18:51:09.140035+01:00,fc7c77e060e8ba29a61de994be1497c0,americanfootball_ncaaf,NCAAF,2026-09-26T19:00:00+00:00,2026-09-26T20:00:00+01:00,Wyoming Cowboys,Hawaii Rainbow Warriors,matchbook,Matchbook,2026-09-26T17:51:03Z,h2h_lay,Hawaii Rainbow Warriors,1.9,,0.5263157894736842,1.0,0.2
2026-09-26T17:51:09.140035+00:00,2026-09-26T18:51:09.140035+01:00,fc7c77e060e8ba29a61de994be1497c0,americanfootball_ncaaf,NCAAF,2026-09-26T19:00:00+00:00,2026-09-26T20:00:00+01:00,Wyoming Cowboys,Hawaii Rainbow Warriors,matchbook,Matchbook,2026-09-26T17:51:03Z,h2h_lay,Wyoming Cowboys,2.18,,0.4587155963302752,1.0,0.2
2026-09-26T17:51:09.140035+00:00,2026-09-26T18:51:09.140035+01:00,f0985218c2ed146bb0295c4e9c4a0dd7,americanfootball_ncaaf,NCAAF,2026-09-26T19:30:00+00:00,2026-09-26T20:30:00+01:00,Western Michigan Broncos,Boise State Broncos,unibet_uk,Unibet (UK),2026-09-26T17:50:19Z,h2h,Boise State Broncos,1.32,,0.7575757575757576,0.7203389830508474,0.2
2026-09-26T17:51:09.140035+00:00,2026-09-26T18:51:09.140035+01:00,f0985218c2ed146bb0295c4e9c4a0dd7,americanfootball_ncaaf,NCAAF,2026-09-26T19:30:00+00:00,2026-09-26T20:30:00+01:00,Western Michigan Broncos,Boise State Broncos,unibet_uk,Unibet (UK),2026-09-26T17:50:19Z,h2h,Western Michigan Broncos,3.4,,0.29411764705882354,0.2796610169491525,0.2
2026-09-26T17:51:09.140035+00:00,2026-09-26T18:51:09.140035+01:00,f0985218c2ed146bb0295c4e9c4a0dd7,americanfootball_ncaaf,NCAAF,2026-09-26T19:30:00+00:00,2026-09-26T20:30:00+01:00,Western Michigan Broncos,Boise State Broncos,leovegas,LeoVegas,2026-09-26T17:51:04Z,h2h,Boise State Broncos,1.3,,0.7692307692307692,0.717391304347826,0.2
2026-09-26T17:51:09.140035+00:00,2026-09-26T18:51:09.140035+01:00,f0985218c2ed146bb0295c4e9c4a0dd7,americanfootball_ncaaf,NCAAF,2026-09-26T19:30:00+00:00,2026-09-26T20:30:00+01:00,Western Michigan Broncos,Boise State Broncos,leovegas,LeoVegas,2026-09-26T17:51:04Z,h2h,Western Michigan Broncos,3.3,,0.30303030303030304,0.28260869565217395,0.2
2026-09-26T17:51:09.140035+00:00,2026-09-26T18:51:09.140035+01:00,f0985218c2ed146bb0295c4e9c4a0dd7,americanfootball_ncaaf,NCAAF,2026-09-26T19:30:00+00:00,2026-09-26T20:30:00+01:00,Western Michigan Broncos,Boise State Broncos,betvictor,Bet Victor,2026-09-26T17:47:05Z,h2h,Boise State Broncos,1.3,,0.7692307692307692,0.7111111111111111,0.2
2026-09-26T17:51:09.140035+00:00,2026-09-26T18:51:09.140035+01:00,f0985218c2ed146bb0295c4e9c4a0dd7,americanfootball_ncaaf,NCAAF,2026-09-26T19:30:00+00:00,2026-09-26T20:30:00+01:00,Western Michigan Broncos,Boise State Broncos,betvictor,Bet Victor,2026-09-26T17:47:05Z,h2h,Western Michigan Broncos,3.2,,0.3125,0.2888888888888889,0.2
2026-09-26T17:51:09.140035+00:00,2026-09-26T18:51:09.140035+01:00,f0985218c2ed146bb0295c4e9c4a0dd7,americanfootball_ncaaf,NCAAF,2026-09-26T19:30:00+00:00,2026-09-26T20:30:00+01:00,Western Michigan Broncos,Boise State Broncos,ladbrokes_uk,Ladbrokes,2026-09-26T17:50:37Z,h2h,Boise State Broncos,1.3,,0.7692307692307692,0.7111111111111111,0.2
2026-09-26T17:51:09.140035+00:00,2026-09-26T18:51:09.140035+01:00,f0985218c2ed146bb0295c4e9c4a0dd7,americanfootball_ncaaf,NCAAF,2026-09-26T19:30:00+00:00,2026-09-26T20:30:00+01:00,Western Michigan Broncos,Boise State Broncos,ladbrokes_uk,Ladbrokes,2026-09-26T17:50:37Z,h2h,Western Michigan Broncos,3.2,,0.3125,0.2888888888888889,0.2
2026-09-26T17:51:09.140035+00:00,2026-09-26T18:51:09.140035+01:00,f0985218c2ed146bb0295c4e9c4a0dd7,americanfootball_ncaaf,NCAAF,2026-09-26T19:30:00+00:00,2026-09-26T20:30:00+01:00,Western Michigan Broncos,Boise State Broncos,coral,Coral,2026-09-26T17:51:06Z,h2h,Boise State Broncos,1.3,,0.7692307692307692,0.7111111111111111,0.2
2026-09-26T17:51:09.140035+00:00,2026-09-26T18:51:09.140035+01:00,f0985218c2ed146bb0295c4e9c4a0dd7,americanfootball_ncaaf,NCAAF,2026-09-26T19:30:00+00:00,2026-09-26T20:30:00+01:00,Western Michigan Broncos,Boise State Broncos,coral,Coral,2026-09-26T17:51:06Z,h2h,Western Michigan Broncos,3.2,,0.3125,0.2888888888888889,0.2
2026-09-26T17:51:09.140035+00:00,2026-09-26T18:51:09.140035+01:00,f0985218c2ed146bb0295c4e9c4a0dd7,americanfootball_ncaaf,NCAAF,2026-09-26T19:30:00+00:00,2026-09-26T20:30:00+01:00,Western Michigan Broncos,Boise State Broncos,betway,Betway,2026-09-26T17:50:47Z,h2h,Boise State Broncos,1.36,,0.7352941176470588,0.7049891540130152,0.2
2026-09-26T17:51:09.140035+00:00,2026-09-26T18:51:09.140035+01:00,f0985218c2ed146bb0295c4e9c4a0dd7,americanfootball_ncaaf,NCAAF,2026-09-26T19:30:00+00:00,2026-09-26T20:30:00+01:00,Western Michigan Broncos,Boise State Broncos,betway,Betway,2026-09-26T17:50:47Z,h2h,Western Michigan Broncos,3.25,,0.3076923076923077,0.29501084598698485,0.2
2026-09-26T17:51:09.140035+00:00,2026-09-26T18:51:09.140035+01:00,f0985218c2ed146bb0295c4e9c4a0dd7,americanfootball_ncaaf,NCAAF,2026-09-26T19:30:00+00:00,2026-09-26T20:30:00+01:00,Western Michigan Broncos,Boise State Broncos,betfair_ex_uk,Betfair,2026-09-26T17:50:49Z,h2h,Boise State Broncos,1.38,,0.7246376811594204,0.7200811359026369,0.2
2026-09-26T17:51:09.140035+00:00,2026-09-26T18:51:09.140035+01:00,f0985218c2ed146bb0295c4e9c4a0dd7,americanfootball_ncaaf,NCAAF,2026-09-26T19:30:00+00:00,2026-09-26T20:30:00+01:00,Western Michigan Broncos,Boise State Broncos,betfair_ex_uk,Betfair,2026-09-26T17:50:49Z,h2h,Western Michigan Broncos,3.55,,0.28169014084507044,0.27991886409736305,0.2
2026-09-26T17:51:09.140035+00:00,2026-09-26T18:51:09.140035+01:00,f0985218c2ed146bb0295c4e9c4a0dd7,americanfootball_ncaaf,NCAAF,2026-09-26T19:30:00+00:00,2026-09-26T20:30:00+01:00,Western Michigan Broncos,Boise State Broncos,betfair_ex_uk,Betfair,2026-09-26T17:50:49Z,h2h_lay,Boise State Broncos,1.4,,0.7142857142857143,1.0,0.2
2026-09-26T17:51:09.140035+00:00,2026-09-26T18:51:09.140035+01:00,f0985218c2ed146bb0295c4e9c4a0dd7,americanfootball_ncaaf,NCAAF,2026-09-26T19:30:00+00:00,2026-09-26T20:30:00+01:00,Western Michigan Broncos,Boise State Broncos,betfair_ex_uk,Betfair,2026-09-26T17:50:49Z,h2h_lay,Western Michigan Broncos,3.6,,0.2777777777777778,1.0,0.2
2026-09-26T17:51:09.140035+00:00,2026-09-26T18:51:09.140035+01:00,cb572f5b26d6a57bdac171baff0aec1c,americanfootball_ncaaf,NCAAF,2026-09-26T19:30:00+00:00,2026-09-26T20:30:00+01:00,Buffalo Bulls,Robert Morris Colonials,unibet_uk,Unibet (UK),2026-09-26T17:50:19Z,h2h,Buffalo Bulls,1.01,,0.9900990099009901,0.9541117673784643,0.2
2026-09-26T17:51:09.140035+00:00,2026-09-26T18:51:09.140035+01:00,cb572f5b26d6a57bdac171baff0aec1c,americanfootball_ncaaf,NCAAF,2026-09-26T19:30:00+00:00,2026-09-26T20:30:00+01:00,Buffalo Bulls,Robert Morris Colonials,unibet_uk,Unibet (UK),2026-09-26T17:50:19Z,h2h,Robert Morris Colonials,21.0,,0.047619047619047616,0.045888232621535664,0.2
2026-09-26T17:51:09.140035+00:00,2026-09-26T18:51:09.140035+01:00,cb572f5b26d6a57bdac171baff0aec1c,americanfootball_ncaaf,NCAAF,2026-09-26T19:30:00+00:00,2026-09-26T20:30:00+01:00,Buffalo Bulls,Robert Morris Colonials,betvictor,Bet Victor,2026-09-26T17:47:05Z,h2h,Buffalo Bulls,1.01,,0.9900990099009901,0.9223674096848579,0.2
2026-09-26T17:51:09.140035+00:00,2026-09-26T18:51:09.140035+01:00,cb572f5b26d6a57bdac171baff0aec1c,americanfootball_ncaaf,NCAAF,2026-09-26T19:30:00+00:00,2026-09-26T20:30:00+01:00,Buffalo Bulls,Robert Morris Colonials,betvictor,Bet Victor,2026-09-26T17:47:05Z,h2h,Robert Morris Colonials,12.0,,0.08333333333333333,0.0776325903151422,0.2
2026-09-26T17:51:09.140035+00:00,2026-09-26T18:51:09.140035+01:00,cb572f5b26d6a57bdac171baff0aec1c,americanfootball_ncaaf,NCAAF,2026-09-26T19:30:00+00:00,2026-09-26T20:30:00+01:00,Buffalo Bulls,Robert Morris Colonials,betfair_ex_uk,Betfair,2026-09-26T17:50:49Z,h2h,Buffalo Bulls,1.01,,0.9900990099009901,0.9482316760635573,0.2
2026-09-26T17:51:09.140035+00:00,2026-09-26T18:51:09.140035+01:00,cb572f5b26d6a57bdac171baff0aec1c,americanfootball_ncaaf,NCAAF,2026-09-26T19:30:00+00:00,2026-09-26T20:30:00+01:00,Buffalo Bulls,Robert Morris Colonials,betfair_ex_uk,Betfair,2026-09-26T17:50:49Z,h2h,Robert Morris Colonials,18.5,,0.05405405405405406,0.05176832393644286,0.2
2026-09-26T17:51:09.140035+00:00,2026-09-26T18:51:09.140035+01:00,cb572f5b26d6a57bdac171baff0aec1c,americanfootball_ncaaf,NCAAF,2026-09-26T19:30:00+00:00,2026-09-26T20:30:00+01:00,Buffalo Bulls,Robert Morris Colonials,betfair_ex_uk,Betfair,2026-09-26T17:50:49Z,h2h_lay,Buffalo Bulls,1.06,,0.9433962264150942,1.0,0.2
2026-09-26T17:51:09.140035+00:00,2026-09-26T18:51:09.140035+01:00,cb572f5b26d6a57bdac171baff0aec1c,americanfootball_ncaaf,NCAAF,2026-09-26T19:30:00+00:00,2026-09-26T20:30:00+01:00,Buffalo Bulls,Robert Morris Colonials,betfair_ex_uk,Betfair,2026-09-26T17:50:49Z,h2h_lay,Robert Morris Colonials,110.0,,0.00909090909090909,1.0,0.2
2026-09-26T17:51:09.140035+00:00,2026-09-26T18:51:09.140035+01:00,cb572f5b26d6a57bdac171baff0aec1c,americanfootball_ncaaf,NCAAF,2026-09-26T19:30:00+00:00,2026-09-26T20:30:00+01:00,Buffalo Bulls,Robert Morris Colonials,coral,Coral,2026-09-26T17:50:12Z,h2h,Buffalo Bulls,1.01,,0.9900990099009901,0.9495252373813095,0.2
2026-09-26T17:51:09.140035+00:00,2026-09-26T18:51:09.140035+01:00,cb572f5b26d6a57bdac171baff0aec1c,americanfootball_ncaaf,NCAAF,2026-09-26T19:30:00+00:00,2026-09-26T20:30:00+01:00,Buffalo Bulls,Robert Morris Colonials,coral,Coral,2026-09-26T17:50:12Z,h2h,Robert Morris Colonials,19.0,,0.05263157894736842,0.050474762618690654,0.2
2026-09-26T17:51:09.140035+00:00,2026-09-26T18:51:09.140035+01:00,cb572f5b26d6a57bdac171baff0aec1c,americanfootball_ncaaf,NCAAF,2026-09-26T19:30:00+00:00,2026-09-26T20:30:00+01:00,Buffalo Bulls,Robert Morris Colonials,ladbrokes_uk,Ladbrokes,2026-09-26T17:50:37Z,h2h,Buffalo Bulls,1.01,,0.9900990099009901,0.9495252373813095,0.2
2026-09-26T17:51:09.140035+00:00,2026-09-26T18:51:09.140035+01:00,cb572f5b26d6a57bdac171baff0aec1c,americanfootball_ncaaf,NCAAF,2026-09-26T19:30:00+00:00,2026-09-26T20:30:00+01:00,Buffalo Bulls,Robert Morris Colonials,ladbrokes_uk,Ladbrokes,2026-09-26T17:50:37Z,h2h,Robert Morris Colonials,19.0,,0.05263157894736842,0.050474762618690654,0.2
2026-09-26T17:51:09.140035+00:00,2026-09-26T18:51:09.140035+01:00,e7aa82b55e371e67938eb4c52562f155,americanfootball_ncaaf,NCAAF,2026-09-26T19:30:00+00:00,2026-09-26T20:30:00+01:00,Duke Blue Devils,William and Mary Tribe,betvictor,Bet Victor,2026-09-26T17:47:05Z,h2h,Duke Blue Devils,1.0,,1.0,0.9230769230769231,0.2
2026-09-26T17:51:09.140035+00:00,2026-09-26T18:51:09.140035+01:00,e7aa82b55e371e67938eb4c52562f155,americanfootball_ncaaf,NCAAF,2026-09-26T19:30:00+00:00,2026-09-26T20:30:00+01:00,Duke Blue Devils,William and Mary Tribe,betvictor,Bet Victor,2026-09-26T17:47:05Z,h2h,William and Mary Tribe,12.0,,0.08333333333333333,0.07692307692307693,0.2
2026-09-26T17:51:09.140035+00:00,2026-09-26T18:51:09.140035+01:00,e7aa82b55e371e67938eb4c52562f155,americanfootball_ncaaf,NCAAF,2026-09-26T19:30:00+00:00,2026-09-26T20:30:00+01:00,Duke Blue Devils,William and Mary Tribe,ladbrokes_uk,Ladbrokes,2026-09-26T17:50:37Z,h2h,Duke Blue Devils,1.0,,1.0,0.9891304347826088,0.2
2026-09-26T17:51:09.140035+00:00,2026-09-26T18:51:09.140035+01:00,e7aa82b55e371e67938eb4c52562f155,americanfootball_ncaaf,NCAAF,2026-09-26T19:30:00+00:00,2026-09-26T20:30:00+01:00,Duke Blue Devils,William and Mary Tribe,ladbrokes_uk,Ladbrokes,2026-09-26T17:50:37Z,h2h,William and Mary Tribe,91.0,,0.01098901098901099,0.010869565217391306,0.2
2026-09-26T17:51:09.140035+00:00,2026-09-26T18:51:09.140035+01:00,e7aa82b55e371e67938eb4c52562f155,americanfootball_ncaaf,NCAAF,2026-09-26T19:30:00+00:00,2026-09-26T20:30:00+01:00,Duke Blue Devils,William and Mary Tribe,coral,Coral,2026-09-26T17:51:06Z,h2h,Duke Blue Devils,1.0,,1.0,0.9891304347826088,0.2
2026-09-26T17:51:09.140035+00:00,2026-09-26T18:51:09.140035+01:00,e7aa82b55e371e67938eb4c52562f155,americanfootball_ncaaf,NCAAF,2026-09-26T19:30:00+00:00,2026-09-26T20:30:00+01:00,Duke Blue Devils,William and Mary Tribe,coral,Coral,2026-09-26T17:51:06Z,h2h,William and Mary Tribe,91.0,,0.01098901098901099,0.010869565217391306,0.2
2026-09-26T17:51:09.140035+00:00,2026-09-26T18:51:09.140035+01:00,886538e98f0884df3d655d9d2d2ca567,americanfootball_ncaaf,NCAAF,2026-09-26T19:30:00+00:00,2026-09-26T20:30:00+01:00,Florida Gators,Ole Miss Rebels,unibet_uk,Unibet (UK),2026-09-26T17:50:19Z,h2h,Florida Gators,1.52,,0.6578947368421053,0.6218905472636816,0.2
2026-09-26T17:51:09.140035+00:00,2026-09-26T18:51:09.140035+01:00,886538e98f0884df3d655d9d2d2ca567,americanfootball_ncaaf,NCAAF,2026-09-26T19:30:00+00:00,2026-09-26T20:30:00+01:00,Florida Gators,Ole Miss Rebels,unibet_uk,Unibet (UK),2026-09-26T17:50:19Z,h2h,Ole Miss Rebels,2.5,,0.4,0.37810945273631846,0.2
2026-09-26T17:51:09.140035+00:00,2026-09-26T18:51:09.140035+01:00,886538e98f0884df3d655d9d2d2ca567,americanfootball_ncaaf,NCAAF,2026-09-26T19:30:00+00:00,2026-09-26T20:30:00+01:00,Florida Gators,Ole Miss Rebels,leovegas,LeoVegas,2026-09-26T17:51:04Z,h2h,Florida Gators,1.53,,0.6535947712418301,0.6203473945409429,0.2
2026-09-26T17:51:09.140035+00:00,2026-09-26T18:51:09.140035+01:00,886538e98f0884df3d655d9d2d2ca567,americanfootball_ncaaf,NCAAF,2026-09-26T19:30:00+00:00,2026-09-26T20:30:00+01:00,Florida Gators,Ole Miss Rebels,leovegas,LeoVegas,2026-09-26T17:51:04Z,h2h,Ole Miss Rebels,2.5,,0.4,0.3796526054590571,0.2
2026-09-26T17:51:09.140035+00:00,2026-09-26T18:51:09.140035+01:00,886538e98f0884df3d655d9d2d2ca567,americanfootball_ncaaf,NCAAF,2026-09-26T19:30:00+00:00,2026-09-26T20:30:00+01:00,Florida Gators,Ole Miss Rebels,betvictor,Bet Victor,2026-09-26T17:47:05Z,h2h,Florida Gators,1.5,,0.6666666666666666,0.6202531645569621,0.2
2026-09-26T17:51:09.140035+00:00,2026-09-26T18:51:09.140035+01:00,886538e98f0884df3d655d9d2d2ca567,americanfootball_ncaaf,NCAAF,2026-09-26T19:30:00+00:00,2026-09-26T20:30:00+01:00,Florida Gators,Ole Miss Rebels,betvictor,Bet Victor,2026-09-26T17:47:05Z,h2h,Ole Miss Rebels,2.45,,0.4081632653061224,0.379746835443038,0.2
2026-09-26T17:51:09.140035+00:00,2026-09-26T18:51:09.140035+01:00,886538e98f0884df3d655d9d2d2ca567,americanfootball_ncaaf,NCAAF,2026-09-26T19:30:00+00:00,2026-09-26T20:30:00+01:00,Florida Gators,Ole Miss Rebels,coral,Coral,2026-09-26T17:51:06Z,h2h,Florida Gators,1.5,,0.6666666666666666,0.6153846153846154,0.2
2026-09-26T17:51:09.140035+00:00,2026-09-26T18:51:09.140035+01:00,886538e98f0884df3d655d9d2d2ca567,americanfootball_ncaaf,NCAAF,2026-09-26T19:30:00+00:00,2026-09-26T20:30:00+01:00,Florida Gators,Ole Miss Rebels,coral,Coral,2026-09-26T17:51:06Z,h2h,Ole Miss Rebels,2.4,,0.4166666666666667,0.38461538461538464,0.2
2026-09-26T17:51:09.140035+00:00,2026-09-26T18:51:09.140035+01:00,886538e98f0884df3d655d9d2d2ca567,americanfootball_ncaaf,NCAAF,2026-09-26T19:30:00+00:00,2026-09-26T20:30:00+01:00,Florida Gators,Ole Miss Rebels,ladbrokes_uk,Ladbrokes,2026-09-26T17:50:37Z,h2h,Florida Gators,1.53,,0.6535947712418301,0.6076923076923076,0.2
2026-09-26T17:51:09.140035+00:00,2026-09-26T18:51:09.140035+01:00,886538e98f0884df3d655d9d2d2ca567,americanfootball_ncaaf,NCAAF,2026-09-26T19:30:00+00:00,2026-09-26T20:30:00+01:00,Florida Gators,Ole Miss Rebels,ladbrokes_uk,Ladbrokes,2026-09-26T17:50:37Z,h2h,Ole Miss Rebels,2.37,,0.42194092827004215,0.39230769230769225,0.2
2026-09-26T17:51:09.140035+00:00,2026-09-26T18:51:09.140035+01:00,886538e98f0884df3d655d9d2d2ca567,americanfootball_ncaaf,NCAAF,2026-09-26T19:30:00+00:00,2026-09-26T20:30:00+01:00,Florida Gators,Ole Miss Rebels,betway,Betway,2026-09-26T17:50:47Z,h2h,Florida Gators,1.57,,0.6369426751592356,0.609452736318408,0.2
2026-09-26T17:51:09.140035+00:00,2026-09-26T18:51:09.140035+01:00,886538e98f0884df3d655d9d2d2ca567,americanfootball_ncaaf,NCAAF,2026-09-26T19:30:00+00:00,2026-09-26T20:30:00+01:00,Florida Gators,Ole Miss Rebels,betway,Betway,2026-09-26T17:50:47Z,h2h,Ole Miss Rebels,2.45,,0.4081632653061224,0.39054726368159204,0.2
2026-09-26T17:51:09.140035+00:00,2026-09-26T18:51:09.140035+01:00,886538e98f0884df3d655d9d2d2ca567,americanfootball_ncaaf,NCAAF,2026-09-26T19:30:00+00:00,2026-09-26T20:30:00+01:00,Florida Gators,Ole Miss Rebels,betfair_ex_uk,Betfair,2026-09-26T17:50:49Z,h2h,Florida Gators,1.62,,0.6172839506172839,0.6124401913875597,0.2
2026-09-26T17:51:09.140035+00:00,2026-09-26T18:51:09.140035+01:00,886538e98f0884df3d655d9d2d2ca567,americanfootball_ncaaf,NCAAF,2026-09-26T19:30:00+00:00,2026-09-26T20:30:00+01:00,Florida Gators,Ole Miss Rebels,betfair_ex_uk,Betfair,2026-09-26T17:50:49Z,h2h,Ole Miss Rebels,2.56,,0.390625,0.38755980861244016,0.2
2026-09-26T17:51:09.140035+00:00,2026-09-26T18:51:09.140035+01:00,886538e98f0884df3d655d9d2d2ca567,americanfootball_ncaaf,NCAAF,2026-09-26T19:30:00+00:00,2026-09-26T20:30:00+01:00,Florida Gators,Ole Miss Rebels,betfair_ex_uk,Betfair,2026-09-26T17:50:49Z,h2h_lay,Florida Gators,1.65,,0.6060606060606061,1.0,0.2
2026-09-26T17:51:09.140035+00:00,2026-09-26T18:51:09.140035+01:00,886538e98f0884df3d655d9d2d2ca567,americanfootball_ncaaf,NCAAF,2026-09-26T19:30:00+00:00,2026-09-26T20:30:00+01:00,Florida Gators,Ole Miss Rebels,betfair_ex_uk,Betfair,2026-09-26T17:50:49Z,h2h_lay,Ole Miss Rebels,2.62,,0.38167938931297707,1.0,0.2
2026-09-26T17:51:09.140035+00:00,2026-09-26T18:51:09.140035+01:00,886538e98f0884df3d655d9d2d2ca567,americanfootball_ncaaf,NCAAF,2026-09-26T19:30:00+00:00,2026-09-26T20:30:00+01:00,Florida Gators,Ole Miss Rebels,matchbook,Matchbook,2026-09-26T17:51:03Z,h2h,Florida Gators,1.62,,0.6172839506172839,0.6124401913875597,0.2
2026-09-26T17:51:09.140035+00:00,2026-09-26T18:51:09.140035+01:00,886538e98f0884df3d655d9d2d2ca567,americanfootball_ncaaf,NCAAF,2026-09-26T19:30:00+00:00,2026-09-26T20:30:00+01:00,Florida Gators,Ole Miss Rebels,matchbook,Matchbook,2026-09-26T17:51:03Z,h2h,Ole Miss Rebels,2.56,,0.390625,0.38755980861244016,0.2
2026-09-26T17:51:09.140035+00:00,2026-09-26T18:51:09.140035+01:00,886538e98f0884df3d655d9d2d2ca567,americanfootball_ncaaf,NCAAF,2026-09-26T19:30:00+00:00,2026-09-26T20:30:00+01:00,Florida Gators,Ole Miss Rebels,matchbook,Matchbook,2026-09-26T17:51:03Z,h2h_lay,Florida Gators,1.64,,0.6097560975609756,1.0,0.2
2026-09-26T17:51:09.140035+00:00,2026-09-26T18:51:09.140035+01:00,886538e98f0884df3d655d9d2d2ca567,americanfootball_ncaaf,NCAAF,2026-09-26T19:30:00+00:00,2026-09-26T20:30:00+01:00,Florida Gators,Ole Miss Rebels,matchbook,Matchbook,2026-09-26T17:51:03Z,h2h_lay,Ole Miss Rebels,2.6,,0.3846153846153846,1.0,0.2
2026-09-26T17:51:09.140035+00:00,2026-09-26T18:51:09.140035+01:00,3085dd56723d1a49474711989dcda5bd,americanfootball_ncaaf,NCAAF,2026-09-26T19:30:00+00:00,2026-09-26T20:30:00+01:00,Marshall Thundering Herd,Gardner-Webb Runnin Bulldogs,betway,Betway,2026-09-26T17:50:47Z,h2h,Gardner-Webb Runnin Bulldogs,12.0,,0.08333333333333333,0.07904834996162702,0.2
2026-09-26T17:51:09.140035+00:00,2026-09-26T18:51:09.140035+01:00,3085dd56723d1a49474711989dcda5bd,americanfootball_ncaaf,NCAAF,2026-09-26T19:30:00+00:00,2026-09-26T20:30:00+01:00,Marshall Thundering Herd,Gardner-Webb Runnin Bulldogs,betway,Betway,2026-09-26T17:50:47Z,h2h,Marshall Thundering Herd,1.03,,0.970873786407767,0.9209516500383731,0.2
2026-09-26T17:51:09.140035+00:00,2026-09-26T18:51:09.140035+01:00,3085dd56723d1a49474711989dcda5bd,americanfootball_ncaaf,NCAAF,2026-09-26T19:30:00+00:00,2026-09-26T20:30:00+01:00,Marshall Thundering Herd,Gardner-Webb Runnin Bulldogs,unibet_uk,Unibet (UK),2026-09-26T17:50:19Z,h2h,Gardner-Webb Runnin Bulldogs,11.5,,0.08695652173913043,0.08293460925039874,0.2
2026-09-26T17:51:09.140035+00:00,2026-09-26T18:51:09.140035+01:00,3085dd56723d1a49474711989dcda5bd,americanfootball_ncaaf,NCAAF,2026-09-26T19:30:00+00:00,2026-09-26T20:30:00+01:00,Marshall Thundering Herd,Gardner-Webb Runnin Bulldogs,unibet_uk,Unibet (UK),2026-09-26T17:50:19Z,h2h,Marshall Thundering Herd,1.04,,0.9615384615384615,0.9170653907496014,0.2
2026-09-26T17:51:09.140035+00:00,2026-09-26T18:51:09.140035+01:00,3085dd56723d1a49474711989dcda5bd,americanfootball_ncaaf,NCAAF,2026-09-26T19:30:00+00:00,2026-09-26T20:30:00+01:00,Marshall Thundering Herd,Gardner-Webb Runnin Bulldogs,leovegas,LeoVegas,2026-09-26T17:51:04Z,h2h,Gardner-Webb Runnin Bulldogs,10.5,,0.09523809523809523,0.09012131715771232,0.2
2026-09-26T17:51:09.140035+00:00,2026-09-26T18:51:09.140035+01:00,3085dd56723d1a49474711989dcda5bd,americanfootball_ncaaf,NCAAF,2026-09-26T19:30:00+00:00,2026-09-26T20:30:00+01:00,Marshall Thundering Herd,Gardner-Webb Runnin Bulldogs,leovegas,LeoVegas,2026-09-26T17:51:04Z,h2h,Marshall Thundering Herd,1.04,,0.9615384615384615,0.9098786828422878,0.2
2026-09-26T17:51:09.140035+00:00,2026-09-26T18:51:09.140035+01:00,3085dd56723d1a49474711989dcda5bd,americanfootball_ncaaf,NCAAF,2026-09-26T19:30:00+00:00,2026-09-26T20:30:00+01:00,Marshall Thundering Herd,Gardner-Webb Runnin Bulldogs,betvictor,Bet Victor,2026-09-26T17:47:05Z,h2h,Gardner-Webb Runnin Bulldogs,9.0,,0.1111111111111111,0.10269192422731803,0.2
2026-09-26T17:51:09.140035+00:00,2026-09-26T18:51:09.140035+01:00,3085dd56723d1a49474711989dcda5bd,americanfootball_ncaaf,NCAAF,2026-09-26T19:30:00+00:00,2026-09-26T20:30:00+01:00,Marshall Thundering Herd,Gardner-Webb Runnin Bulldogs,betvictor,Bet Victor,2026-09-26T17:47:05Z,h2h,Marshall Thundering Herd,1.03,,0.970873786407767,0.8973080757726819,0.2
2026-09-26T17:51:09.140035+00:00,2026-09-26T18:51:09.140035+01:00,3085dd56723d1a49474711989dcda5bd,americanfootball_ncaaf,NCAAF,2026-09-26T19:30:00+00:00,2026-09-26T20:30:00+01:00,Marshall Thundering Herd,Gardner-Webb Runnin Bulldogs,betfair_ex_uk,Betfair,2026-09-26T17:50:49Z,h2h,Gardner-Webb Runnin Bulldogs,16.0,,0.0625,0.06158357771260997,0.2
2026-09-26T17:51:09.140035+00:00,2026-09-26T18:51:09.140035+01:00,3085dd56723d1a49474711989dcda5bd,americanfootball_ncaaf,NCAAF,2026-09-26T19:30:00+00:00,2026-09-26T20:30:00+01:00,Marshall Thundering Herd,Gardner-Webb Runnin Bulldogs,betfair_ex_uk,Betfair,2026-09-26T17:50:49Z,h2h,Marshall Thundering Herd,1.05,,0.9523809523809523,0.93841642228739,0.2
2026-09-26T17:51:09.140035+00:00,2026-09-26T18:51:09.140035+01:00,3085dd56723d1a49474711989dcda5bd,americanfootball_ncaaf,NCAAF,2026-09-26T19:30:00+00:00,2026-09-26T20:30:00+01:00,Marshall Thundering Herd,Gardner-Webb Runnin Bulldogs,betfair_ex_uk,Betfair,2026-09-26T17:50:49Z,h2h_lay,Gardner-Webb Runnin Bulldogs,19.5,,0.05128205128205128,1.0,0.2
2026-09-26T17:51:09.140035+00:00,2026-09-26T18:51:09.140035+01:00,3085dd56723d1a49474711989dcda5bd,americanfootball_ncaaf,NCAAF,2026-09-26T19:30:00+00:00,2026-09-26T20:30:00+01:00,Marshall Thundering Herd,Gardner-Webb Runnin Bulldogs,betfair_ex_uk,Betfair,2026-09-26T17:50:49Z,h2h_lay,Marshall Thundering Herd,1.07,,0.9345794392523364,1.0,0.2
2026-09-26T17:51:09.140035+00:00,2026-09-26T18:51:09.140035+01:00,3085dd56723d1a49474711989dcda5bd,americanfootball_ncaaf,NCAAF,2026-09-26T19:30:00+00:00,2026-09-26T20:30:00+01:00,Marshall Thundering Herd,Gardner-Webb Runnin Bulldogs,ladbrokes_uk,Ladbrokes,2026-09-26T17:50:37Z,h2h,Gardner-Webb Runnin Bulldogs,11.0,,0.09090909090909091,0.085619285120532,0.2
2026-09-26T17:51:09.140035+00:00,2026-09-26T18:51:09.140035+01:00,3085dd56723d1a49474711989dcda5bd,americanfootball_ncaaf,NCAAF,2026-09-26T19:30:00+00:00,2026-09-26T20:30:00+01:00,Marshall Thundering Herd,Gardner-Webb Runnin Bulldogs,ladbrokes_uk,Ladbrokes,2026-09-26T17:50:37Z,h2h,Marshall Thundering Herd,1.03,,0.970873786407767,0.914380714879468,0.2
2026-09-26T17:51:09.140035+00:00,2026-09-26T18:51:09.140035+01:00,3085dd56723d1a49474711989dcda5bd,americanfootball_ncaaf,NCAAF,2026-09-26T19:30:00+00:00,2026-09-26T20:30:00+01:00,Marshall Thundering Herd,Gardner-Webb Runnin Bulldogs,coral,Coral,2026-09-26T17:51:06Z,h2h,Gardner-Webb Runnin Bulldogs,11.0,,0.09090909090909091,0.085619285120532,0.2
2026-09-26T17:51:09.140035+00:00,2026-09-26T18:51:09.140035+01:00,3085dd56723d1a49474711989dcda5bd,americanfootball_ncaaf,NCAAF,2026-09-26T19:30:00+00:00,2026-09-26T20:30:00+01:00,Marshall Thundering Herd,Gardner-Webb Runnin Bulldogs,coral,Coral,2026-09-26T17:51:06Z,h2h,Marshall Thundering Herd,1.03,,0.970873786407767,0.914380714879468,0.2
2026-09-26T17:51:09.140035+00:00,2026-09-26T18:51:09.140035+01:00,3848eaee7484034f3604aed922649c4e,americanfootball_ncaaf,NCAAF,2026-09-26T19:30:00+00:00,2026-09-26T20:30:00+01:00,Georgia Bulldogs,Oklahoma Sooners,leovegas,LeoVegas,2026-09-26T17:51:04Z,h2h,Georgia Bulldogs,1.14,,0.8771929824561404,0.8256880733944955,0.2
2026-09-26T17:51:09.140035+00:00,2026-09-26T18:51:09.140035+01:00,3848eaee7484034f3604aed922649c4e,americanfootball_ncaaf,NCAAF,2026-09-26T19:30:00+00:00,2026-09-26T20:30:00+01:00,Georgia Bulldogs,Oklahoma Sooners,leovegas,LeoVegas,2026-09-26T17:51:04Z,h2h,Oklahoma Sooners,5.4,,0.18518518518518517,0.17431192660550457,0.2
2026-09-26T17:51:09.140035+00:00,2026-09-26T18:51:09.140035+01:00,3848eaee7484034f3604aed922649c4e,americanfootball_ncaaf,NCAAF,2026-09-26T19:30:00+00:00,2026-09-26T20:30:00+01:00,Georgia Bulldogs,Oklahoma Sooners,unibet_uk,Unibet (UK),2026-09-26T17:50:19Z,h2h,Georgia Bulldogs,1.15,,0.8695652173913044,0.8296296296296296,0.2
2026-09-26T17:51:09.140035+00:00,2026-09-26T18:51:09.140035+01:00,3848eaee7484034f3604aed922649c4e,americanfootball_ncaaf,NCAAF,2026-09-26T19:30:00+00:00,2026-09-26T20:30:00+01:00,Georgia Bulldogs,Oklahoma Sooners,unibet_uk,Unibet (UK),2026-09-26T17:50:19Z,h2h,Oklahoma Sooners,5.6,,0.17857142857142858,0.17037037037037037,0.2
2026-09-26T17:51:09.140035+00:00,2026-09-26T18:51:09.140035+01:00,3848eaee7484034f3604aed922649c4e,americanfootball_ncaaf,NCAAF,2026-09-26T19:30:00+00:00,2026-09-26T20:30:00+01:00,Georgia Bulldogs,Oklahoma Sooners,coral,Coral,2026-09-26T17:51:06Z,h2h,Georgia Bulldogs,1.15,,0.8695652173913044,0.8067226890756303,0.2
2026-09-26T17:51:09.140035+00:00,2026-09-26T18:51:09.140035+01:00,3848eaee7484034f3604aed922649c4e,americanfootball_ncaaf,NCAAF,2026-09-26T19:30:00+00:00,2026-09-26T20:30:00+01:00,Georgia Bulldogs,Oklahoma Sooners,coral,Coral,2026-09-26T17:51:06Z,h2h,Oklahoma Sooners,4.8,,0.20833333333333334,0.19327731092436976,0.2
2026-09-26T17:51:09.140035+00:00,2026-09-26T18:51:09.140035+01:00,3848eaee7484034f3604aed922649c4e,americanfootball_ncaaf,NCAAF,2026-09-26T19:30:00+00:00,2026-09-26T20:30:00+01:00,Georgia Bulldogs,Oklahoma Sooners,ladbrokes_uk,Ladbrokes,2026-09-26T17:50:37Z,h2h,Georgia Bulldogs,1.15,,0.8695652173913044,0.8067226890756303,0.2
2026-09-26T17:51:09.140035+00:00,2026-09-26T18:51:09.140035+01:00,3848eaee7484034f3604aed922649c4e,americanfootball_ncaaf,NCAAF,2026-09-26T19:30:00+00:00,2026-09-26T20:30:00+01:00,Georgia Bulldogs,Oklahoma Sooners,ladbrokes_uk,Ladbrokes,2026-09-26T17:50:37Z,h2h,Oklahoma Sooners,4.8,,0.20833333333333334,0.19327731092436976,0.2
2026-09-26T17:51:09.140035+00:00,2026-09-26T18:51:09.140035+01:00,3848eaee7484034f3604aed922649c4e,americanfootball_ncaaf,NCAAF,2026-09-26T19:30:00+00:00,2026-09-26T20:30:00+01:00,Georgia Bulldogs,Oklahoma Sooners,betvictor,Bet Victor,2026-09-26T17:47:05Z,h2h,Georgia Bulldogs,1.13,,0.8849557522123894,0.8156606851549756,0.2
2026-09-26T17:51:09.140035+00:00,2026-09-26T18:51:09.140035+01:00,3848eaee7484034f3604aed922649c4e,americanfootball_ncaaf,NCAAF,2026-09-26T19:30:00+00:00,2026-09-26T20:30:00+01:00,Georgia Bulldogs,Oklahoma Sooners,betvictor,Bet Victor,2026-09-26T17:47:05Z,h2h,Oklahoma Sooners,5.0,,0.2,0.18433931484502447,0.2
2026-09-26T17:51:09.140035+00:00,2026-09-26T18:51:09.140035+01:00,3848eaee7484034f3604aed922649c4e,americanfootball_ncaaf,NCAAF,2026-09-26T19:30:00+00:00,2026-09-26T20:30:00+01:00,Georgia Bulldogs,Oklahoma Sooners,betway,Betway,2026-09-26T17:50:47Z,h2h,Georgia Bulldogs,1.17,,0.8547008547008548,0.8245877061469264,0.2
2026-09-26T17:51:09.140035+00:00,2026-09-26T18:51:09.140035+01:00,3848eaee7484034f3604aed922649c4e,americanfootball_ncaaf,NCAAF,2026-09-26T19:30:00+00:00,2026-09-26T20:30:00+01:00,Georgia Bulldogs,Oklahoma Sooners,betway,Betway,2026-09-26T17:50:47Z,h2h,Oklahoma Sooners,5.5,,0.18181818181818182,0.17541229385307344,0.2
2026-09-26T17:51:09.140035+00:00,2026-09-26T18:51:09.140035+01:00,3848eaee7484034f3604aed922649c4e,americanfootball_ncaaf,NCAAF,2026-09-26T19:30:00+00:00,2026-09-26T20:30:00+01:00,Georgia Bulldogs,Oklahoma Sooners,betfair_ex_uk,Betfair,2026-09-26T17:50:49Z,h2h,Georgia Bulldogs,1.19,,0.8403361344537815,0.8297567954220315,0.2
2026-09-26T17:51:09.140035+00:00,2026-09-26T18:51:09.140035+01:00,3848eaee7484034f3604aed922649c4e,americanfootball_ncaaf,NCAAF,2026-09-26T19:30:00+00:00,2026-09-26T20:30:00+01:00,Georgia Bulldogs,Oklahoma Sooners,betfair_ex_uk,Betfair,2026-09-26T17:50:49Z,h2h,Oklahoma Sooners,5.8,,0.1724137931034483,0.17024320457796854,0.2
2026-09-26T17:51:09.140035+00:00,2026-09-26T18:51:09.140035+01:00,3848eaee7484034f3604aed922649c4e,americanfootball_ncaaf,NCAAF,2026-09-26T19:30:00+00:00,2026-09-26T20:30:00+01:00,Georgia Bulldogs,Oklahoma Sooners,betfair_ex_uk,Betfair,2026-09-26T17:50:49Z,h2h_lay,Georgia Bulldogs,1.21,,0.8264462809917356,1.0,0.2
2026-09-26T17:51:09.140035+00:00,2026-09-26T18:51:09.140035+01:00,3848eaee7484034f3604aed922649c4e,americanfootball_ncaaf,NCAAF,2026-09-26T19:30:00+00:00,2026-09-26T20:30:00+01:00,Georgia Bulldogs,Oklahoma Sooners,betfair_ex_uk,Betfair,2026-09-26T17:50:49Z,h2h_lay,Oklahoma Sooners,6.2,,0.16129032258064516,1.0,0.2
2026-09-26T17:51:09.140035+00:00,2026-09-26T18:51:09.140035+01:00,3848eaee7484034f3604aed922649c4e,americanfootball_ncaaf,NCAAF,2026-09-26T19:30:00+00:00,2026-09-26T20:30:00+01:00,Georgia Bulldogs,Oklahoma Sooners,matchbook,Matchbook,2026-09-26T17:51:03Z,h2h,Georgia Bulldogs,1.19,,0.8403361344537815,0.8297567954220315,0.2
2026-09-26T17:51:09.140035+00:00,2026-09-26T18:51:09.140035+01:00,3848eaee7484034f3604aed922649c4e,americanfootball_ncaaf,NCAAF,2026-09-26T19:30:00+00:00,2026-09-26T20:30:00+01:00,Georgia Bulldogs,Oklahoma Sooners,matchbook,Matchbook,2026-09-26T17:51:03Z,h2h,Oklahoma Sooners,5.8,,0.1724137931034483,0.17024320457796854,0.2
2026-09-26T17:51:09.140035+00:00,2026-09-26T18:51:09.140035+01:00,3848eaee7484034f3604aed922649c4e,americanfootball_ncaaf,NCAAF,2026-09-26T19:30:00+00:00,2026-09-26T20:30:00+01:00,Georgia Bulldogs,Oklahoma Sooners,matchbook,Matchbook,2026-09-26T17:51:03Z,h2h_lay,Georgia Bulldogs,1.21,,0.8264462809917356,1.0,0.2
2026-09-26T17:51:09.140035+00:00,2026-09-26T18:51:09.140035+01:00,3848eaee7484034f3604aed922649c4e,americanfootball_ncaaf,NCAAF,2026-09-26T19:30:00+00:00,2026-09-26T20:30:00+01:00,Georgia Bulldogs,Oklahoma Sooners,matchbook,Matchbook,2026-09-26T17:51:03Z,h2h_lay,Oklahoma Sooners,6.2,,0.16129032258064516,1.0,0.2
2026-09-26T17:51:09.140035+00:00,2026-09-26T18:51:09.140035+01:00,39a3d3075172036a2b3f7d47913779b8,americanfootball_ncaaf,NCAAF,2026-09-26T19:30:00+00:00,2026-09-26T20:30:00+01:00,Michigan Wolverines,Iowa Hawkeyes,unibet_uk,Unibet (UK),2026-09-26T17:50:19Z,h2h,Iowa Hawkeyes,2.8,,0.35714285714285715,0.33962264150943394,0.2
2026-09-26T17:51:09.140035+00:00,2026-09-26T18:51:09.140035+01:00,39a3d3075172036a2b3f7d47913779b8,americanfootball_ncaaf,NCAAF,2026-09-26T19:30:00+00:00,2026-09-26T20:30:00+01:00,Michigan Wolverines,Iowa Hawkeyes,unibet_uk,Unibet (UK),2026-09-26T17:50:19Z,h2h,Michigan Wolverines,1.44,,0.6944444444444444,0.660377358490566,0.2
2026-09-26T17:51:09.140035+00:00,2026-09-26T18:51:09.140035+01:00,39a3d3075172036a2b3f7d47913779b8,americanfootball_ncaaf,NCAAF,2026-09-26T19:30:00+00:00,2026-09-26T20:30:00+01:00,Michigan Wolverines,Iowa Hawkeyes,leovegas,LeoVegas,2026-09-26T17:51:04Z,h2h,Iowa Hawkeyes,2.75,,0.36363636363636365,0.3436754176610979,0.2
2026-09-26T17:51:09.140035+00:00,2026-09-26T18:51:09.140035+01:00,39a3d3075172036a2b3f7d47913779b8,americanfootball_ncaaf,NCAAF,2026-09-26T19:30:00+00:00,2026-09-26T20:30:00+01:00,Michigan Wolverines,Iowa Hawkeyes,leovegas,LeoVegas,2026-09-26T17:51:04Z,h2h,Michigan Wolverines,1.44,,0.6944444444444444,0.6563245823389022,0.2
2026-09-26T17:51:09.140035+00:00,2026-09-26T18:51:09.140035+01:00,39a3d3075172036a2b3f7d47913779b8,americanfootball_ncaaf,NCAAF,2026-09-26T19:30:00+00:00,2026-09-26T20:30:00+01:00,Michigan Wolverines,Iowa Hawkeyes,betvictor,Bet Victor,2026-09-26T17:47:05Z,h2h,Iowa Hawkeyes,2.7,,0.37037037037037035,0.3414634146341463,0.2
2026-09-26T17:51:09.140035+00:00,2026-09-26T18:51:09.140035+01:00,39a3d3075172036a2b3f7d47913779b8,americanfootball_ncaaf,NCAAF,2026-09-26T19:30:00+00:00,2026-09-26T20:30:00+01:00,Michigan Wolverines,Iowa Hawkeyes,betvictor,Bet Victor,2026-09-26T17:47:05Z,h2h,Michigan Wolverines,1.4,,0.7142857142857143,0.6585365853658537,0.2
2026-09-26T17:51:09.140035+00:00,2026-09-26T18:51:09.140035+01:00,39a3d3075172036a2b3f7d47913779b8,americanfootball_ncaaf,NCAAF,2026-09-26T19:30:00+00:00,2026-09-26T20:30:00+01:00,Michigan Wolverines,Iowa Hawkeyes,ladbrokes_uk,Ladbrokes,2026-09-26T17:50:37Z,h2h,Iowa Hawkeyes,2.6,,0.3846153846153846,0.3564356435643564,0.2
2026-09-26T17:51:09.140035+00:00,2026-09-26T18:51:09.140035+01:00,39a3d3075172036a2b3f7d47913779b8,americanfootball_ncaaf,NCAAF,2026-09-26T19:30:00+00:00,2026-09-26T20:30:00+01:00,Michigan Wolverines,Iowa Hawkeyes,ladbrokes_uk,Ladbrokes,2026-09-26T17:50:37Z,h2h,Michigan Wolverines,1.44,,0.6944444444444444,0.6435643564356436,0.2
2026-09-26T17:51:09.140035+00:00,2026-09-26T18:51:09.140035+01:00,39a3d3075172036a2b3f7d47913779b8,americanfootball_ncaaf,NCAAF,2026-09-26T19:30:00+00:00,2026-09-26T20:30:00+01:00,Michigan Wolverines,Iowa Hawkeyes,coral,Coral,2026-09-26T17:51:06Z,h2h,Iowa Hawkeyes,2.6,,0.3846153846153846,0.3564356435643564,0.2
2026-09-26T17:51:09.140035+00:00,2026-09-26T18:51:09.140035+01:00,39a3d3075172036a2b3f7d47913779b8,americanfootball_ncaaf,NCAAF,2026-09-26T19:30:00+00:00,2026-09-26T20:30:00+01:00,Michigan Wolverines,Iowa Hawkeyes,coral,Coral,2026-09-26T17:51:06Z,h2h,Michigan Wolverines,1.44,,0.6944444444444444,0.6435643564356436,0.2
2026-09-26T17:51:09.140035+00:00,2026-09-26T18:51:09.140035+01:00,39a3d3075172036a2b3f7d47913779b8,americanfootball_ncaaf,NCAAF,2026-09-26T19:30:00+00:00,2026-09-26T20:30:00+01:00,Michigan Wolverines,Iowa Hawkeyes,betway,Betway,2026-09-26T17:50:47Z,h2h,Iowa Hawkeyes,2.65,,0.37735849056603776,0.3614457831325302,0.2
2026-09-26T17:51:09.140035+00:00,2026-09-26T18:51:09.140035+01:00,39a3d3075172036a2b3f7d47913779b8,americanfootball_ncaaf,NCAAF,2026-09-26T19:30:00+00:00,2026-09-26T20:30:00+01:00,Michigan Wolverines,Iowa Hawkeyes,betway,Betway,2026-09-26T17:50:47Z,h2h,Michigan Wolverines,1.5,,0.6666666666666666,0.6385542168674698,0.2
2026-09-26T17:51:09.140035+00:00,2026-09-26T18:51:09.140035+01:00,39a3d3075172036a2b3f7d47913779b8,americanfootball_ncaaf,NCAAF,2026-09-26T19:30:00+00:00,2026-09-26T20:30:00+01:00,Michigan Wolverines,Iowa Hawkeyes,betfair_ex_uk,Betfair,2026-09-26T17:50:49Z,h2h,Iowa Hawkeyes,2.94,,0.3401360544217687,0.33783783783783783,0.2
2026-09-26T17:51:09.140035+00:00,2026-09-26T18:51:09.140035+01:00,39a3d3075172036a2b3f7d47913779b8,americanfootball_ncaaf,NCAAF,2026-09-26T19:30:00+00:00,2026-09-26T20:30:00+01:00,Michigan Wolverines,Iowa Hawkeyes,betfair_ex_uk,Betfair,2026-09-26T17:50:49Z,h2h,Michigan Wolverines,1.5,,0.6666666666666666,0.6621621621621622,0.2
2026-09-26T17:51:09.140035+00:00,2026-09-26T18:51:09.140035+01:00,39a3d3075172036a2b3f7d47913779b8,americanfootball_ncaaf,NCAAF,2026-09-26T19:30:00+00:00,2026-09-26T20:30:00+01:00,Michigan Wolverines,Iowa Hawkeyes,betfair_ex_uk,Betfair,2026-09-26T17:50:49Z,h2h_lay,Iowa Hawkeyes,3.0,,0.3333333333333333,1.0,0.2
2026-09-26T17:51:09.140035+00:00,2026-09-26T18:51:09.140035+01:00,39a3d3075172036a2b3f7d47913779b8,americanfootball_ncaaf,NCAAF,2026-09-26T19:30:00+00:00,2026-09-26T20:30:00+01:00,Michigan Wolverines,Iowa Hawkeyes,betfair_ex_uk,Betfair,2026-09-26T17:50:49Z,h2h_lay,Michigan Wolverines,1.52,,0.6578947368421053,1.0,0.2
2026-09-26T17:51:09.140035+00:00,2026-09-26T18:51:09.140035+01:00,39a3d3075172036a2b3f7d47913779b8,americanfootball_ncaaf,NCAAF,2026-09-26T19:30:00+00:00,2026-09-26T20:30:00+01:00,Michigan Wolverines,Iowa Hawkeyes,matchbook,Matchbook,2026-09-26T17:51:03Z,h2h,Iowa Hawkeyes,2.94,,0.3401360544217687,0.33783783783783783,0.2
2026-09-26T17:51:09.140035+00:00,2026-09-26T18:51:09.140035+01:00,39a3d3075172036a2b3f7d47913779b8,americanfootball_ncaaf,NCAAF,2026-09-26T19:30:00+00:00,2026-09-26T20:30:00+01:00,Michigan Wolverines,Iowa Hawkeyes,matchbook,Matchbook,2026-09-26T17:51:03Z,h2h,Michigan Wolverines,1.5,,0.6666666666666666,0.6621621621621622,0.2
2026-09-26T17:51:09.140035+00:00,2026-09-26T18:51:09.140035+01:00,39a3d3075172036a2b3f7d47913779b8,americanfootball_ncaaf,NCAAF,2026-09-26T19:30:00+00:00,2026-09-26T20:30:00+01:00,Michigan Wolverines,Iowa Hawkeyes,matchbook,Matchbook,2026-09-26T17:51:03Z,h2h_lay,Iowa Hawkeyes,3.0,,0.3333333333333333,1.0,0.2
2026-09-26T17:51:09.140035+00:00,2026-09-26T18:51:09.140035+01:00,39a3d3075172036a2b3f7d47913779b8,americanfootball_ncaaf,NCAAF,2026-09-26T19:30:00+00:00,2026-09-26T20:30:00+01:00,Michigan Wolverines,Iowa Hawkeyes,matchbook,Matchbook,2026-09-26T17:51:03Z,h2h_lay,Michigan Wolverines,1.52,,0.6578947368421053,1.0,0.2
2026-09-26T17:51:09.140035+00:00,2026-09-26T18:51:09.140035+01:00,0dcea769daace0b6c76434589c639b11,americanfootball_ncaaf,NCAAF,2026-09-26T19:30:00+00:00,2026-09-26T20:30:00+01:00,Iowa State Cyclones,Utah Utes,unibet_uk,Unibet (UK),2026-09-26T17:50:19Z,h2h,Iowa State Cyclones,3.6,,0.2777777777777778,0.26530612244897966,0.2
2026-09-26T17:51:09.140035+00:00,2026-09-26T18:51:09.140035+01:00,0dcea769daace0b6c76434589c639b11,americanfootball_ncaaf,NCAAF,2026-09-26T19:30:00+00:00,2026-09-26T20:30:00+01:00,Iowa State Cyclones,Utah Utes,unibet_uk,Unibet (UK),2026-09-26T17:50:19Z,h2h,Utah Utes,1.3,,0.7692307692307692,0.7346938775510204,0.2
2026-09-26T17:51:09.140035+00:00,2026-09-26T18:51:09.140035+01:00,0dcea769daace0b6c76434589c639b11,americanfootball_ncaaf,NCAAF,2026-09-26T19:30:00+00:00,2026-09-26T20:30:00+01:00,Iowa State Cyclones,Utah Utes,leovegas,LeoVegas,2026-09-26T17:51:04Z,h2h,Iowa State Cyclones,3.45,,0.2898550724637681,0.27061310782241016,0.2
2026-09-26T17:51:09.140035+00:00,2026-09-26T18:51:09.140035+01:00,0dcea769daace0b6c76434589c639b11,americanfootball_ncaaf,NCAAF,2026-09-26T19:30:00+00:00,2026-09-26T20:30:00+01:00,Iowa State Cyclones,Utah Utes,leovegas,LeoVegas,2026-09-26T17:51:04Z,h2h,Utah Utes,1.28,,0.78125,0.7293868921775899,0.2
2026-09-26T17:51:09.140035+00:00,2026-09-26T18:51:09.140035+01:00,0dcea769daace0b6c76434589c639b11,americanfootball_ncaaf,NCAAF,2026-09-26T19:30:00+00:00,2026-09-26T20:30:00+01:00,Iowa State Cyclones,Utah Utes,betvictor,Bet Victor,2026-09-26T17:47:05Z,h2h,Iowa State Cyclones,3.4,,0.29411764705882354,0.2750533049040512,0.2
2026-09-26T17:51:09.140035+00:00,2026-09-26T18:51:09.140035+01:00,0dcea769daace0b6c76434589c639b11,americanfootball_ncaaf,NCAAF,2026-09-26T19:30:00+00:00,2026-09-26T20:30:00+01:00,Iowa State Cyclones,Utah Utes,betvictor,Bet Victor,2026-09-26T17:47:05Z,h2h,Utah Utes,1.29,,0.7751937984496123,0.7249466950959489,0.2
2026-09-26T17:51:09.140035+00:00,2026-09-26T18:51:09.140035+01:00,0dcea769daace0b6c76434589c639b11,americanfootball_ncaaf,NCAAF,2026-09-26T19:30:00+00:00,2026-09-26T20:30:00+01:00,Iowa State Cyclones,Utah Utes,ladbrokes_uk,Ladbrokes,2026-09-26T17:50:37Z,h2h,Iowa State Cyclones,3.3,,0.30303030303030304,0.27947598253275113,0.2
2026-09-26T17:51:09.140035+00:00,2026-09-26T18:51:09.140035+01:00,0dcea769daace0b6c76434589c639b11,americanfootball_ncaaf,NCAAF,2026-09-26T19:30:00+00:00,2026-09-26T20:30:00+01:00,Iowa State Cyclones,Utah Utes,ladbrokes_uk,Ladbrokes,2026-09-26T17:50:37Z,h2h,Utah Utes,1.28,,0.78125,0.7205240174672489,0.2
2026-09-26T17:51:09.140035+00:00,2026-09-26T18:51:09.140035+01:00,0dcea769daace0b6c76434589c639b11,americanfootball_ncaaf,NCAAF,2026-09-26T19:30:00+00:00,2026-09-26T20:30:00+01:00,Iowa State Cyclones,Utah Utes,coral,Coral,2026-09-26T17:51:06Z,h2h,Iowa State Cyclones,3.3,,0.30303030303030304,0.27947598253275113,0.2
2026-09-26T17:51:09.140035+00:00,2026-09-26T18:51:09.140035+01:00,0dcea769daace0b6c76434589c639b11,americanfootball_ncaaf,NCAAF,2026-09-26T19:30:00+00:00,2026-09-26T20:30:00+01:00,Iowa State Cyclones,Utah Utes,coral,Coral,2026-09-26T17:51:06Z,h2h,Utah Utes,1.28,,0.78125,0.7205240174672489,0.2
2026-09-26T17:51:09.140035+00:00,2026-09-26T18:51:09.140035+01:00,0dcea769daace0b6c76434589c639b11,americanfootball_ncaaf,NCAAF,2026-09-26T19:30:00+00:00,2026-09-26T20:30:00+01:00,Iowa State Cyclones,Utah Utes,betway,Betway,2026-09-26T17:50:47Z,h2h,Iowa State Cyclones,3.25,,0.3076923076923077,0.29501084598698485,0.2
2026-09-26T17:51:09.140035+00:00,2026-09-26T18:51:09.140035+01:00,0dcea769daace0b6c76434589c639b11,americanfootball_ncaaf,NCAAF,2026-09-26T19:30:00+00:00,2026-09-26T20:30:00+01:00,Iowa State Cyclones,Utah Utes,betway,Betway,2026-09-26T17:50:47Z,h2h,Utah Utes,1.36,,0.7352941176470588,0.7049891540130152,0.2
2026-09-26T17:51:09.140035+00:00,2026-09-26T18:51:09.140035+01:00,0dcea769daace0b6c76434589c639b11,americanfootball_ncaaf,NCAAF,2026-09-26T19:30:00+00:00,2026-09-26T20:30:00+01:00,Iowa State Cyclones,Utah Utes,betfair_ex_uk,Betfair,2026-09-26T17:50:49Z,h2h,Iowa State Cyclones,3.75,,0.26666666666666666,0.2632612966601179,0.2
2026-09-26T17:51:09.140035+00:00,2026-09-26T18:51:09.140035+01:00,0dcea769daace0b6c76434589c639b11,americanfootball_ncaaf,NCAAF,2026-09-26T19:30:00+00:00,2026-09-26T20:30:00+01:00,Iowa State Cyclones,Utah Utes,betfair_ex_uk,Betfair,2026-09-26T17:50:49Z,h2h,Utah Utes,1.34,,0.7462686567164178,0.7367387033398821,0.2
2026-09-26T17:51:09.140035+00:00,2026-09-26T18:51:09.140035+01:00,0dcea769daace0b6c76434589c639b11,americanfootball_ncaaf,NCAAF,2026-09-26T19:30:00+00:00,2026-09-26T20:30:00+01:00,Iowa State Cyclones,Utah Utes,betfair_ex_uk,Betfair,2026-09-26T17:50:49Z,h2h_lay,Iowa State Cyclones,3.95,,0.2531645569620253,1.0,0.2
2026-09-26T17:51:09.140035+00:00,2026-09-26T18:51:09.140035+01:00,0dcea769daace0b6c76434589c639b11,americanfootball_ncaaf,NCAAF,2026-09-26T19:30:00+00:00,2026-09-26T20:30:00+01:00,Iowa State Cyclones,Utah Utes,betfair_ex_uk,Betfair,2026-09-26T17:50:49Z,h2h_lay,Utah Utes,1.37,,0.7299270072992701,1.0,0.2
2026-09-26T17:51:09.140035+00:00,2026-09-26T18:51:09.140035+01:00,0dcea769daace0b6c76434589c639b11,americanfootball_ncaaf,NCAAF,2026-09-26T19:30:00+00:00,2026-09-26T20:30:00+01:00,Iowa State Cyclones,Utah Utes,matchbook,Matchbook,2026-09-26T17:51:03Z,h2h,Iowa State Cyclones,3.75,,0.26666666666666666,0.2632612966601179,0.2
2026-09-26T17:51:09.140035+00:00,2026-09-26T18:51:09.140035+01:00,0dcea769daace0b6c76434589c639b11,americanfootball_ncaaf,NCAAF,2026-09-26T19:30:00+00:00,2026-09-26T20:30:00+01:00,Iowa State Cyclones,Utah Utes,matchbook,Matchbook,2026-09-26T17:51:03Z,h2h,Utah Utes,1.34,,0.7462686567164178,0.7367387033398821,0.2
2026-09-26T17:51:09.140035+00:00,2026-09-26T18:51:09.140035+01:00,0dcea769daace0b6c76434589c639b11,americanfootball_ncaaf,NCAAF,2026-09-26T19:30:00+00:00,2026-09-26T20:30:00+01:00,Iowa State Cyclones,Utah Utes,matchbook,Matchbook,2026-09-26T17:51:03Z,h2h_lay,Iowa State Cyclones,3.95,,0.2531645569620253,1.0,0.2
2026-09-26T17:51:09.140035+00:00,2026-09-26T18:51:09.140035+01:00,0dcea769daace0b6c76434589c639b11,americanfootball_ncaaf,NCAAF,2026-09-26T19:30:00+00:00,2026-09-26T20:30:00+01:00,Iowa State Cyclones,Utah Utes,matchbook,Matchbook,2026-09-26T17:51:03Z,h2h_lay,Utah Utes,1.37,,0.7299270072992701,1.0,0.2
2026-09-26T17:51:09.140035+00:00,2026-09-26T18:51:09.140035+01:00,b77eb4a9bc3086105491e736c1458112,americanfootball_ncaaf,NCAAF,2026-09-26T19:30:00+00:00,2026-09-26T20:30:00+01:00,Miami (OH) RedHawks,UConn Huskies,leovegas,LeoVegas,2026-09-26T17:51:04Z,h2h,Miami (OH) RedHawks,1.67,,0.5988023952095809,0.5628272251308901,0.2
2026-09-26T17:51:09.140035+00:00,2026-09-26T18:51:09.140035+01:00,b77eb4a9bc3086105491e736c1458112,americanfootball_ncaaf,NCAAF,2026-09-26T19:30:00+00:00,2026-09-26T20:30:00+01:00,Miami (OH) RedHawks,UConn Huskies,leovegas,LeoVegas,2026-09-26T17:51:04Z,h2h,UConn Huskies,2.15,,0.46511627906976744,0.43717277486910994,0.2
2026-09-26T17:51:09.140035+00:00,2026-09-26T18:51:09.140035+01:00,b77eb4a9bc3086105491e736c1458112,americanfootball_ncaaf,NCAAF,2026-09-26T19:30:00+00:00,2026-09-26T20:30:00+01:00,Miami (OH) RedHawks,UConn Huskies,unibet_uk,Unibet (UK),2026-09-26T17:50:19Z,h2h,Miami (OH) RedHawks,1.7,,0.5882352941176471,0.5618556701030928,0.2
2026-09-26T17:51:09.140035+00:00,2026-09-26T18:51:09.140035+01:00,b77eb4a9bc3086105491e736c1458112,americanfootball_ncaaf,NCAAF,2026-09-26T19:30:00+00:00,2026-09-26T20:30:00+01:00,Miami (OH) RedHawks,UConn Huskies,unibet_uk,Unibet (UK),2026-09-26T17:50:19Z,h2h,UConn Huskies,2.18,,0.4587155963302752,0.43814432989690716,0.2
2026-09-26T17:51:09.140035+00:00,2026-09-26T18:51:09.140035+01:00,b77eb4a9bc3086105491e736c1458112,americanfootball_ncaaf,NCAAF,2026-09-26T19:30:00+00:00,2026-09-26T20:30:00+01:00,Miami (OH) RedHawks,UConn Huskies,ladbrokes_uk,Ladbrokes,2026-09-26T17:50:37Z,h2h,Miami (OH) RedHawks,1.65,,0.6060606060606061,0.56,0.2
2026-09-26T17:51:09.140035+00:00,2026-09-26T18:51:09.140035+01:00,b77eb4a9bc3086105491e736c1458112,americanfootball_ncaaf,NCAAF,2026-09-26T19:30:00+00:00,2026-09-26T20:30:00+01:00,Miami (OH) RedHawks,UConn Huskies,ladbrokes_uk,Ladbrokes,2026-09-26T17:50:37Z,h2h,UConn Huskies,2.1,,0.47619047619047616,0.44,0.2
2026-09-26T17:51:09.140035+00:00,2026-09-26T18:51:09.140035+01:00,b77eb4a9bc3086105491e736c1458112,americanfootball_ncaaf,NCAAF,2026-09-26T19:30:00+00:00,2026-09-26T20:30:00+01:00,Miami (OH) RedHawks,UConn Huskies,coral,Coral,2026-09-26T17:50:12Z,h2h,Miami (OH) RedHawks,1.65,,0.6060606060606061,0.56,0.2
2026-09-26T17:51:09.140035+00:00,2026-09-26T18:51:09.140035+01:00,b77eb4a9bc3086105491e736c1458112,americanfootball_ncaaf,NCAAF,2026-09-26T19:30:00+00:00,2026-09-26T20:30:00+01:00,Miami (OH) RedHawks,UConn Huskies,coral,Coral,2026-09-26T17:50:12Z,h2h,UConn Huskies,2.1,,0.47619047619047616,0.44,0.2
2026-09-26T17:51:09.140035+00:00,2026-09-26T18:51:09.140035+01:00,b77eb4a9bc3086105491e736c1458112,americanfootball_ncaaf,NCAAF,2026-09-26T19:30:00+00:00,2026-09-26T20:30:00+01:00,Miami (OH) RedHawks,UConn Huskies,betway,Betway,2026-09-26T17:50:47Z,h2h,Miami (OH) RedHawks,1.77,,0.5649717514124294,0.5426356589147286,0.2
2026-09-26T17:51:09.140035+00:00,2026-09-26T18:51:09.140035+01:00,b77eb4a9bc3086105491e736c1458112,americanfootball_ncaaf,NCAAF,2026-09-26T19:30:00+00:00,2026-09-26T20:30:00+01:00,Miami (OH) RedHawks,UConn Huskies,betway,Betway,2026-09-26T17:50:47Z,h2h,UConn Huskies,2.1,,0.47619047619047616,0.4573643410852713,0.2
2026-09-26T17:51:09.140035+00:00,2026-09-26T18:51:09.140035+01:00,b77eb4a9bc3086105491e736c1458112,americanfootball_ncaaf,NCAAF,2026-09-26T19:30:00+00:00,2026-09-26T20:30:00+01:00,Miami (OH) RedHawks,UConn Huskies,betfair_ex_uk,Betfair,2026-09-26T17:50:49Z,h2h,Miami (OH) RedHawks,1.77,,0.5649717514124294,0.5586034912718205,0.2
2026-09-26T17:51:09.140035+00:00,2026-09-26T18:51:09.140035+01:00,b77eb4a9bc3086105491e736c1458112,americanfootball_ncaaf,NCAAF,2026-09-26T19:30:00+00:00,2026-09-26T20:30:00+01:00,Miami (OH) RedHawks,UConn Huskies,betfair_ex_uk,Betfair,2026-09-26T17:50:49Z,h2h,UConn Huskies,2.24,,0.4464285714285714,0.4413965087281796,0.2
2026-09-26T17:51:09.140035+00:00,2026-09-26T18:51:09.140035+01:00,b77eb4a9bc3086105491e736c1458112,americanfootball_ncaaf,NCAAF,2026-09-26T19:30:00+00:00,2026-09-26T20:30:00+01:00,Miami (OH) RedHawks,UConn Huskies,betfair_ex_uk,Betfair,2026-09-26T17:50:49Z,h2h_lay,Miami (OH) RedHawks,1.81,,0.5524861878453039,1.0,0.2
2026-09-26T17:51:09.140035+00:00,2026-09-26T18:51:09.140035+01:00,b77eb4a9bc3086105491e736c1458112,americanfootball_ncaaf,NCAAF,2026-09-26T19:30:00+00:00,2026-09-26T20:30:00+01:00,Miami (OH) RedHawks,UConn Huskies,betfair_ex_uk,Betfair,2026-09-26T17:50:49Z,h2h_lay,UConn Huskies,2.3,,0.4347826086956522,1.0,0.2
2026-09-26T17:51:09.140035+00:00,2026-09-26T18:51:09.140035+01:00,9fe2a7b54748dc10ff57743cdd1b041c,americanfootball_ncaaf,NCAAF,2026-09-26T19:30:00+00:00,2026-09-26T20:30:00+01:00,New Mexico State Aggies,New Mexico Lobos,unibet_uk,Unibet (UK),2026-09-26T17:50:19Z,h2h,New Mexico Lobos,1.19,,0.8403361344537815,0.7996632996632997,0.2
2026-09-26T17:51:09.140035+00:00,2026-09-26T18:51:09.140035+01:00,9fe2a7b54748dc10ff57743cdd1b041c,americanfootball_ncaaf,NCAAF,2026-09-26T19:30:00+00:00,2026-09-26T20:30:00+01:00,New Mexico State Aggies,New Mexico Lobos,unibet_uk,Unibet (UK),2026-09-26T17:50:19Z,h2h,New Mexico State Aggies,4.75,,0.21052631578947367,0.20033670033670034,0.2
2026-09-26T17:51:09.140035+00:00,2026-09-26T18:51:09.140035+01:00,9fe2a7b54748dc10ff57743cdd1b041c,americanfootball_ncaaf,NCAAF,2026-09-26T19:30:00+00:00,2026-09-26T20:30:00+01:00,New Mexico State Aggies,New Mexico Lobos,leovegas,LeoVegas,2026-09-26T17:51:04Z,h2h,New Mexico Lobos,1.18,,0.8474576271186441,0.7975986277873071,0.2
2026-09-26T17:51:09.140035+00:00,2026-09-26T18:51:09.140035+01:00,9fe2a7b54748dc10ff57743cdd1b041c,americanfootball_ncaaf,NCAAF,2026-09-26T19:30:00+00:00,2026-09-26T20:30:00+01:00,New Mexico State Aggies,New Mexico Lobos,leovegas,LeoVegas,2026-09-26T17:51:04Z,h2h,New Mexico State Aggies,4.65,,0.2150537634408602,0.20240137221269294,0.2
2026-09-26T17:51:09.140035+00:00,2026-09-26T18:51:09.140035+01:00,9fe2a7b54748dc10ff57743cdd1b041c,americanfootball_ncaaf,NCAAF,2026-09-26T19:30:00+00:00,2026-09-26T20:30:00+01:00,New Mexico State Aggies,New Mexico Lobos,betvictor,Bet Victor,2026-09-26T17:47:05Z,h2h,New Mexico Lobos,1.17,,0.8547008547008548,0.7899461400359067,0.2
2026-09-26T17:51:09.140035+00:00,2026-09-26T18:51:09.140035+01:00,9fe2a7b54748dc10ff57743cdd1b041c,americanfootball_ncaaf,NCAAF,2026-09-26T19:30:00+00:00,2026-09-26T20:30:00+01:00,New Mexico State Aggies,New Mexico Lobos,betvictor,Bet Victor,2026-09-26T17:47:05Z,h2h,New Mexico State Aggies,4.4,,0.22727272727272727,0.21005385996409334,0.2
2026-09-26T17:51:09.140035+00:00,2026-09-26T18:51:09.140035+01:00,9fe2a7b54748dc10ff57743cdd1b041c,americanfootball_ncaaf,NCAAF,2026-09-26T19:30:00+00:00,2026-09-26T20:30:00+01:00,New Mexico State Aggies,New Mexico Lobos,ladbrokes_uk,Ladbrokes,2026-09-26T17:50:37Z,h2h,New Mexico Lobos,1.18,,0.8474576271186441,0.7806691449814127,0.2
2026-09-26T17:51:09.140035+00:00,2026-09-26T18:51:09.140035+01:00,9fe2a7b54748dc10ff57743cdd1b041c,americanfootball_ncaaf,NCAAF,2026-09-26T19:30:00+00:00,2026-09-26T20:30:00+01:00,New Mexico State Aggies,New Mexico Lobos,ladbrokes_uk,Ladbrokes,2026-09-26T17:50:37Z,h2h,New Mexico State Aggies,4.2,,0.23809523809523808,0.21933085501858735,0.2
2026-09-26T17:51:09.140035+00:00,2026-09-26T18:51:09.140035+01:00,9fe2a7b54748dc10ff57743cdd1b041c,americanfootball_ncaaf,NCAAF,2026-09-26T19:30:00+00:00,2026-09-26T20:30:00+01:00,New Mexico State Aggies,New Mexico Lobos,betway,Betway,2026-09-26T17:50:47Z,h2h,New Mexico Lobos,1.22,,0.819672131147541,0.7867132867132867,0.2
2026-09-26T17:51:09.140035+00:00,2026-09-26T18:51:09.140035+01:00,9fe2a7b54748dc10ff57743cdd1b041c,americanfootball_ncaaf,NCAAF,2026-09-26T19:30:00+00:00,2026-09-26T20:30:00+01:00,New Mexico State Aggies,New Mexico Lobos,betway,Betway,2026-09-26T17:50:47Z,h2h,New Mexico State Aggies,4.5,,0.2222222222222222,0.21328671328671325,0.2
2026-09-26T17:51:09.140035+00:00,2026-09-26T18:51:09.140035+01:00,9fe2a7b54748dc10ff57743cdd1b041c,americanfootball_ncaaf,NCAAF,2026-09-26T19:30:00+00:00,2026-09-26T20:30:00+01:00,New Mexico State Aggies,New Mexico Lobos,betfair_ex_uk,Betfair,2026-09-26T17:50:49Z,h2h,New Mexico Lobos,1.24,,0.8064516129032259,0.7947019867549668,0.2
2026-09-26T17:51:09.140035+00:00,2026-09-26T18:51:09.140035+01:00,9fe2a7b54748dc10ff57743cdd1b041c,americanfootball_ncaaf,NCAAF,2026-09-26T19:30:00+00:00,2026-09-26T20:30:00+01:00,New Mexico State Aggies,New Mexico Lobos,betfair_ex_uk,Betfair,2026-09-26T17:50:49Z,h2h,New Mexico State Aggies,4.8,,0.20833333333333334,0.2052980132450331,0.2
2026-09-26T17:51:09.140035+00:00,2026-09-26T18:51:09.140035+01:00,9fe2a7b54748dc10ff57743cdd1b041c,americanfootball_ncaaf,NCAAF,2026-09-26T19:30:00+00:00,2026-09-26T20:30:00+01:00,New Mexico State Aggies,New Mexico Lobos,betfair_ex_uk,Betfair,2026-09-26T17:50:49Z,h2h_lay,New Mexico Lobos,1.26,,0.7936507936507936,1.0,0.2
2026-09-26T17:51:09.140035+00:00,2026-09-26T18:51:09.140035+01:00,9fe2a7b54748dc10ff57743cdd1b041c,americanfootball_ncaaf,NCAAF,2026-09-26T19:30:00+00:00,2026-09-26T20:30:00+01:00,New Mexico State Aggies,New Mexico Lobos,betfair_ex_uk,Betfair,2026-09-26T17:50:49Z,h2h_lay,New Mexico State Aggies,5.2,,0.1923076923076923,1.0,0.2
2026-09-26T17:51:09.140035+00:00,2026-09-26T18:51:09.140035+01:00,9fe2a7b54748dc10ff57743cdd1b041c,americanfootball_ncaaf,NCAAF,2026-09-26T19:30:00+00:00,2026-09-26T20:30:00+01:00,New Mexico State Aggies,New Mexico Lobos,matchbook,Matchbook,2026-09-26T17:51:03Z,h2h,New Mexico Lobos,1.24,,0.8064516129032259,0.7947019867549668,0.2
2026-09-26T17:51:09.140035+00:00,2026-09-26T18:51:09.140035+01:00,9fe2a7b54748dc10ff57743cdd1b041c,americanfootball_ncaaf,NCAAF,2026-09-26T19:30:00+00:00,2026-09-26T20:30:00+01:00,New Mexico State Aggies,New Mexico Lobos,matchbook,Matchbook,2026-09-26T17:51:03Z,h2h,New Mexico State Aggies,4.8,,0.20833333333333334,0.2052980132450331,0.2
2026-09-26T17:51:09.140035+00:00,2026-09-26T18:51:09.140035+01:00,9fe2a7b54748dc10ff57743cdd1b041c,americanfootball_ncaaf,NCAAF,2026-09-26T19:30:00+00:00,2026-09-26T20:30:00+01:00,New Mexico State Aggies,New Mexico Lobos,matchbook,Matchbook,2026-09-26T17:51:03Z,h2h_lay,New Mexico Lobos,1.27,,0.7874015748031495,1.0,0.2
2026-09-26T17:51:09.140035+00:00,2026-09-26T18:51:09.140035+01:00,9fe2a7b54748dc10ff57743cdd1b041c,americanfootball_ncaaf,NCAAF,2026-09-26T19:30:00+00:00,2026-09-26T20:30:00+01:00,New Mexico State Aggies,New Mexico Lobos,matchbook,Matchbook,2026-09-26T17:51:03Z,h2h_lay,New Mexico State Aggies,5.2,,0.1923076923076923,1.0,0.2
2026-09-26T17:51:09.140035+00:00,2026-09-26T18:51:09.140035+01:00,de2c67844370661f124fd07aef585366,americanfootball_ncaaf,NCAAF,2026-09-26T19:30:00+00:00,2026-09-26T20:30:00+01:00,Ohio Bobcats,Stonehill Skyhawks,betfair_ex_uk,Betfair,2026-09-26T17:50:49Z,h2h,Ohio Bobcats,1.01,,0.9900990099009901,0.9819675058025353,0.2
2026-09-26T17:51:09.140035+00:00,2026-09-26T18:51:09.140035+01:00,de2c67844370661f124fd07aef585366,americanfootball_ncaaf,NCAAF,2026-09-26T19:30:00+00:00,2026-09-26T20:30:00+01:00,Ohio Bobcats,Stonehill Skyhawks,betfair_ex_uk,Betfair,2026-09-26T17:50:49Z,h2h,Stonehill Skyhawks,55.0,,0.01818181818181818,0.01803249419746474,0.2
2026-09-26T17:51:09.140035+00:00,2026-09-26T18:51:09.140035+01:00,de2c67844370661f124fd07aef585366,americanfootball_ncaaf,NCAAF,2026-09-26T19:30:00+00:00,2026-09-26T20:30:00+01:00,Ohio Bobcats,Stonehill Skyhawks,betfair_ex_uk,Betfair,2026-09-26T17:50:49Z,h2h_lay,Ohio Bobcats,1.02,,0.9803921568627451,1.0,0.2
2026-09-26T17:51:09.140035+00:00,2026-09-26T18:51:09.140035+01:00,de2c67844370661f124fd07aef585366,americanfootball_ncaaf,NCAAF,2026-09-26T19:30:00+00:00,2026-09-26T20:30:00+01:00,Ohio Bobcats,Stonehill Skyhawks,betfair_ex_uk,Betfair,2026-09-26T17:50:49Z,h2h_lay,Stonehill Skyhawks,110.0,,0.00909090909090909,1.0,0.2
2026-09-26T17:51:09.140035+00:00,2026-09-26T18:51:09.140035+01:00,de2c67844370661f124fd07aef585366,americanfootball_ncaaf,NCAAF,2026-09-26T19:30:00+00:00,2026-09-26T20:30:00+01:00,Ohio Bobcats,Stonehill Skyhawks,unibet_uk,Unibet (UK),2026-09-26T17:50:19Z,h2h,Ohio Bobcats,1.01,,0.9900990099009901,0.9663445518160613,0.2
2026-09-26T17:51:09.140035+00:00,2026-09-26T18:51:09.140035+01:00,de2c67844370661f124fd07aef585366,americanfootball_ncaaf,NCAAF,2026-09-26T19:30:00+00:00,2026-09-26T20:30:00+01:00,Ohio Bobcats,Stonehill Skyhawks,unibet_uk,Unibet (UK),2026-09-26T17:50:19Z,h2h,Stonehill Skyhawks,29.0,,0.034482758620689655,0.03365544818393868,0.2
2026-09-26T17:51:09.140035+00:00,2026-09-26T18:51:09.140035+01:00,de2c67844370661f124fd07aef585366,americanfootball_ncaaf,NCAAF,2026-09-26T19:30:00+00:00,2026-09-26T20:30:00+01:00,Ohio Bobcats,Stonehill Skyhawks,betvictor,Bet Victor,2026-09-26T17:47:05Z,h2h,Ohio Bobcats,1.0,,1.0,0.9230769230769231,0.2
2026-09-26T17:51:09.140035+00:00,2026-09-26T18:51:09.140035+01:00,de2c67844370661f124fd07aef585366,americanfootball_ncaaf,NCAAF,2026-09-26T19:30:00+00:00,2026-09-26T20:30:00+01:00,Ohio Bobcats,Stonehill Skyhawks,betvictor,Bet Victor,2026-09-26T17:47:05Z,h2h,Stonehill Skyhawks,12.0,,0.08333333333333333,0.07692307692307693,0.2
2026-09-26T17:51:09.140035+00:00,2026-09-26T18:51:09.140035+01:00,de2c67844370661f124fd07aef585366,americanfootball_ncaaf,NCAAF,2026-09-26T19:30:00+00:00,2026-09-26T20:30:00+01:00,Ohio Bobcats,Stonehill Skyhawks,ladbrokes_uk,Ladbrokes,2026-09-26T17:50:37Z,h2h,Ohio Bobcats,1.0,,1.0,0.9629629629629629,0.2
2026-09-26T17:51:09.140035+00:00,2026-09-26T18:51:09.140035+01:00,de2c67844370661f124fd07aef585366,americanfootball_ncaaf,NCAAF,2026-09-26T19:30:00+00:00,2026-09-26T20:30:00+01:00,Ohio Bobcats,Stonehill Skyhawks,ladbrokes_uk,Ladbrokes,2026-09-26T17:50:37Z,h2h,Stonehill Skyhawks,26.0,,0.038461538461538464,0.037037037037037035,0.2
2026-09-26T17:51:09.140035+00:00,2026-09-26T18:51:09.140035+01:00,de2c67844370661f124fd07aef585366,americanfootball_ncaaf,NCAAF,2026-09-26T19:30:00+00:00,2026-09-26T20:30:00+01:00,Ohio Bobcats,Stonehill Skyhawks,coral,Coral,2026-09-26T17:51:06Z,h2h,Ohio Bobcats,1.0,,1.0,0.9629629629629629,0.2
2026-09-26T17:51:09.140035+00:00,2026-09-26T18:51:09.140035+01:00,de2c67844370661f124fd07aef585366,americanfootball_ncaaf,NCAAF,2026-09-26T19:30:00+00:00,2026-09-26T20:30:00+01:00,Ohio Bobcats,Stonehill Skyhawks,coral,Coral,2026-09-26T17:51:06Z,h2h,Stonehill Skyhawks,26.0,,0.038461538461538464,0.037037037037037035,0.2
2026-09-26T17:51:09.140035+00:00,2026-09-26T18:51:09.140035+01:00,32171e03f5df71b5c9057bcba40030a7,americanfootball_ncaaf,NCAAF,2026-09-26T19:30:00+00:00,2026-09-26T20:30:00+01:00,UCF Knights,TCU Horned Frogs,unibet_uk,Unibet (UK),2026-09-26T17:50:19Z,h2h,TCU Horned Frogs,1.62,,0.6172839506172839,0.586734693877551,0.2
2026-09-26T17:51:09.140035+00:00,2026-09-26T18:51:09.140035+01:00,32171e03f5df71b5c9057bcba40030a7,americanfootball_ncaaf,NCAAF,2026-09-26T19:30:00+00:00,2026-09-26T20:30:00+01:00,UCF Knights,TCU Horned Frogs,unibet_uk,Unibet (UK),2026-09-26T17:50:19Z,h2h,UCF Knights,2.3,,0.4347826086956522,0.413265306122449,0.2
2026-09-26T17:51:09.140035+00:00,2026-09-26T18:51:09.140035+01:00,32171e03f5df71b5c9057bcba40030a7,americanfootball_ncaaf,NCAAF,2026-09-26T19:30:00+00:00,2026-09-26T20:30:00+01:00,UCF Knights,TCU Horned Frogs,leovegas,LeoVegas,2026-09-26T17:51:04Z,h2h,TCU Horned Frogs,1.62,,0.6172839506172839,0.5813953488372093,0.2
2026-09-26T17:51:09.140035+00:00,2026-09-26T18:51:09.140035+01:00,32171e03f5df71b5c9057bcba40030a7,americanfootball_ncaaf,NCAAF,2026-09-26T19:30:00+00:00,2026-09-26T20:30:00+01:00,UCF Knights,TCU Horned Frogs,leovegas,LeoVegas,2026-09-26T17:51:04Z,h2h,UCF Knights,2.25,,0.4444444444444444,0.4186046511627907,0.2
2026-09-26T17:51:09.140035+00:00,2026-09-26T18:51:09.140035+01:00,32171e03f5df71b5c9057bcba40030a7,americanfootball_ncaaf,NCAAF,2026-09-26T19:30:00+00:00,2026-09-26T20:30:00+01:00,UCF Knights,TCU Horned Frogs,betvictor,Bet Victor,2026-09-26T17:47:05Z,h2h,TCU Horned Frogs,1.57,,0.6369426751592356,0.5890052356020942,0.2
2026-09-26T17:51:09.140035+00:00,2026-09-26T18:51:09.140035+01:00,32171e03f5df71b5c9057bcba40030a7,americanfootball_ncaaf,NCAAF,2026-09-26T19:30:00+00:00,2026-09-26T20:30:00+01:00,UCF Knights,TCU Horned Frogs,betvictor,Bet Victor,2026-09-26T17:47:05Z,h2h,UCF Knights,2.25,,0.4444444444444444,0.4109947643979057,0.2
2026-09-26T17:51:09.140035+00:00,2026-09-26T18:51:09.140035+01:00,32171e03f5df71b5c9057bcba40030a7,americanfootball_ncaaf,NCAAF,2026-09-26T19:30:00+00:00,2026-09-26T20:30:00+01:00,UCF Knights,TCU Horned Frogs,ladbrokes_uk,Ladbrokes,2026-09-26T17:50:37Z,h2h,TCU Horned Frogs,1.6,,0.625,0.5789473684210527,0.2
2026-09-26T17:51:09.140035+00:00,2026-09-26T18:51:09.140035+01:00,32171e03f5df71b5c9057bcba40030a7,americanfootball_ncaaf,NCAAF,2026-09-26T19:30:00+00:00,2026-09-26T20:30:00+01:00,UCF Knights,TCU Horned Frogs,ladbrokes_uk,Ladbrokes,2026-09-26T17:50:37Z,h2h,UCF Knights,2.2,,0.45454545454545453,0.42105263157894735,0.2
2026-09-26T17:51:09.140035+00:00,2026-09-26T18:51:09.140035+01:00,32171e03f5df71b5c9057bcba40030a7,americanfootball_ncaaf,NCAAF,2026-09-26T19:30:00+00:00,2026-09-26T20:30:00+01:00,UCF Knights,TCU Horned Frogs,coral,Coral,2026-09-26T17:51:06Z,h2h,TCU Horned Frogs,1.6,,0.625,0.5789473684210527,0.2
2026-09-26T17:51:09.140035+00:00,2026-09-26T18:51:09.140035+01:00,32171e03f5df71b5c9057bcba40030a7,americanfootball_ncaaf,NCAAF,2026-09-26T19:30:00+00:00,2026-09-26T20:30:00+01:00,UCF Knights,TCU Horned Frogs,coral,Coral,2026-09-26T17:51:06Z,h2h,UCF Knights,2.2,,0.45454545454545453,0.42105263157894735,0.2
2026-09-26T17:51:09.140035+00:00,2026-09-26T18:51:09.140035+01:00,32171e03f5df71b5c9057bcba40030a7,americanfootball_ncaaf,NCAAF,2026-09-26T19:30:00+00:00,2026-09-26T20:30:00+01:00,UCF Knights,TCU Horned Frogs,betway,Betway,2026-09-26T17:50:47Z,h2h,TCU Horned Frogs,1.67,,0.5988023952095809,0.5739795918367347,0.2
2026-09-26T17:51:09.140035+00:00,2026-09-26T18:51:09.140035+01:00,32171e03f5df71b5c9057bcba40030a7,americanfootball_ncaaf,NCAAF,2026-09-26T19:30:00+00:00,2026-09-26T20:30:00+01:00,UCF Knights,TCU Horned Frogs,betway,Betway,2026-09-26T17:50:47Z,h2h,UCF Knights,2.25,,0.4444444444444444,0.42602040816326525,0.2
2026-09-26T17:51:09.140035+00:00,2026-09-26T18:51:09.140035+01:00,32171e03f5df71b5c9057bcba40030a7,americanfootball_ncaaf,NCAAF,2026-09-26T19:30:00+00:00,2026-09-26T20:30:00+01:00,UCF Knights,TCU Horned Frogs,betfair_ex_uk,Betfair,2026-09-26T17:50:49Z,h2h,TCU Horned Frogs,1.66,,0.6024096385542169,0.5970873786407767,0.2
2026-09-26T17:51:09.140035+00:00,2026-09-26T18:51:09.140035+01:00,32171e03f5df71b5c9057bcba40030a7,americanfootball_ncaaf,NCAAF,2026-09-26T19:30:00+00:00,2026-09-26T20:30:00+01:00,UCF Knights,TCU Horned Frogs,betfair_ex_uk,Betfair,2026-09-26T17:50:49Z,h2h,UCF Knights,2.46,,0.4065040650406504,0.40291262135922323,0.2
2026-09-26T17:51:09.140035+00:00,2026-09-26T18:51:09.140035+01:00,32171e03f5df71b5c9057bcba40030a7,americanfootball_ncaaf,NCAAF,2026-09-26T19:30:00+00:00,2026-09-26T20:30:00+01:00,UCF Knights,TCU Horned Frogs,betfair_ex_uk,Betfair,2026-09-26T17:50:49Z,h2h_lay,TCU Horned Frogs,1.68,,0.5952380952380952,1.0,0.2
2026-09-26T17:51:09.140035+00:00,2026-09-26T18:51:09.140035+01:00,32171e03f5df71b5c9057bcba40030a7,americanfootball_ncaaf,NCAAF,2026-09-26T19:30:00+00:00,2026-09-26T20:30:00+01:00,UCF Knights,TCU Horned Frogs,betfair_ex_uk,Betfair,2026-09-26T17:50:49Z,h2h_lay,UCF Knights,2.52,,0.3968253968253968,1.0,0.2
2026-09-26T17:51:09.140035+00:00,2026-09-26T18:51:09.140035+01:00,32171e03f5df71b5c9057bcba40030a7,americanfootball_ncaaf,NCAAF,2026-09-26T19:30:00+00:00,2026-09-26T20:30:00+01:00,UCF Knights,TCU Horned Frogs,matchbook,Matchbook,2026-09-26T17:51:03Z,h2h,TCU Horned Frogs,1.66,,0.6024096385542169,0.5970873786407767,0.2
2026-09-26T17:51:09.140035+00:00,2026-09-26T18:51:09.140035+01:00,32171e03f5df71b5c9057bcba40030a7,americanfootball_ncaaf,NCAAF,2026-09-26T19:30:00+00:00,2026-09-26T20:30:00+01:00,UCF Knights,TCU Horned Frogs,matchbook,Matchbook,2026-09-26T17:51:03Z,h2h,UCF Knights,2.46,,0.4065040650406504,0.40291262135922323,0.2
2026-09-26T17:51:09.140035+00:00,2026-09-26T18:51:09.140035+01:00,32171e03f5df71b5c9057bcba40030a7,americanfootball_ncaaf,NCAAF,2026-09-26T19:30:00+00:00,2026-09-26T20:30:00+01:00,UCF Knights,TCU Horned Frogs,matchbook,Matchbook,2026-09-26T17:51:03Z,h2h_lay,TCU Horned Frogs,1.68,,0.5952380952380952,1.0,0.2
2026-09-26T17:51:09.140035+00:00,2026-09-26T18:51:09.140035+01:00,32171e03f5df71b5c9057bcba40030a7,americanfootball_ncaaf,NCAAF,2026-09-26T19:30:00+00:00,2026-09-26T20:30:00+01:00,UCF Knights,TCU Horned Frogs,matchbook,Matchbook,2026-09-26T17:51:03Z,h2h_lay,UCF Knights,2.52,,0.3968253968253968,1.0,0.2
2026-09-26T17:51:09.140035+00:00,2026-09-26T18:51:09.140035+01:00,e3228af38572d15da53fab3ec97742a2,americanfootball_ncaaf,NCAAF,2026-09-26T20:00:00+00:00,2026-09-26T21:00:00+01:00,East Carolina Pirates,North Carolina Central Eagles,betvictor,Bet Victor,2026-09-26T17:47:05Z,h2h,East Carolina Pirates,1.0,,1.0,0.9230769230769231,0.2
2026-09-26T17:51:09.140035+00:00,2026-09-26T18:51:09.140035+01:00,e3228af38572d15da53fab3ec97742a2,americanfootball_ncaaf,NCAAF,2026-09-26T20:00:00+00:00,2026-09-26T21:00:00+01:00,East Carolina Pirates,North Carolina Central Eagles,betvictor,Bet Victor,2026-09-26T17:47:05Z,h2h,North Carolina Central Eagles,12.0,,0.08333333333333333,0.07692307692307693,0.2
2026-09-26T17:51:09.140035+00:00,2026-09-26T18:51:09.140035+01:00,e3228af38572d15da53fab3ec97742a2,americanfootball_ncaaf,NCAAF,2026-09-26T20:00:00+00:00,2026-09-26T21:00:00+01:00,East Carolina Pirates,North Carolina Central Eagles,betfair_ex_uk,Betfair,2026-09-26T17:50:49Z,h2h,East Carolina Pirates,1.01,,0.9900990099009901,0.9793919608243217,0.2
2026-09-26T17:51:09.140035+00:00,2026-09-26T18:51:09.140035+01:00,e3228af38572d15da53fab3ec97742a2,americanfootball_ncaaf,NCAAF,2026-09-26T20:00:00+00:00,2026-09-26T21:00:00+01:00,East Carolina Pirates,North Carolina Central Eagles,betfair_ex_uk,Betfair,2026-09-26T17:50:49Z,h2h,North Carolina Central Eagles,48.0,,0.020833333333333332,0.020608039175678435,0.2
2026-09-26T17:51:09.140035+00:00,2026-09-26T18:51:09.140035+01:00,e3228af38572d15da53fab3ec97742a2,americanfootball_ncaaf,NCAAF,2026-09-26T20:00:00+00:00,2026-09-26T21:00:00+01:00,East Carolina Pirates,North Carolina Central Eagles,betfair_ex_uk,Betfair,2026-09-26T17:50:49Z,h2h_lay,East Carolina Pirates,1.03,,0.970873786407767,1.0,0.2
2026-09-26T17:51:09.140035+00:00,2026-09-26T18:51:09.140035+01:00,e3228af38572d15da53fab3ec97742a2,americanfootball_ncaaf,NCAAF,2026-09-26T20:00:00+00:00,2026-09-26T21:00:00+01:00,East Carolina Pirates,North Carolina Central Eagles,betfair_ex_uk,Betfair,2026-09-26T17:50:49Z,h2h_lay,North Carolina Central Eagles,110.0,,0.00909090909090909,1.0,0.2
2026-09-26T17:51:09.140035+00:00,2026-09-26T18:51:09.140035+01:00,e3228af38572d15da53fab3ec97742a2,americanfootball_ncaaf,NCAAF,2026-09-26T20:00:00+00:00,2026-09-26T21:00:00+01:00,East Carolina Pirates,North Carolina Central Eagles,coral,Coral,2026-09-26T17:51:06Z,h2h,East Carolina Pirates,1.0,,1.0,0.9714285714285715,0.2
2026-09-26T17:51:09.140035+00:00,2026-09-26T18:51:09.140035+01:00,e3228af38572d15da53fab3ec97742a2,americanfootball_ncaaf,NCAAF,2026-09-26T20:00:00+00:00,2026-09-26T21:00:00+01:00,East Carolina Pirates,North Carolina Central Eagles,coral,Coral,2026-09-26T17:51:06Z,h2h,North Carolina Central Eagles,34.0,,0.029411764705882353,0.028571428571428574,0.2
2026-09-26T17:51:09.140035+00:00,2026-09-26T18:51:09.140035+01:00,b1cdf3ac97be67ee00a53e437e4bfa78,americanfootball_ncaaf,NCAAF,2026-09-26T20:00:00+00:00,2026-09-26T21:00:00+01:00,Georgia Southern Eagles,Houston Cougars,leovegas,LeoVegas,2026-09-26T17:51:04Z,h2h,Georgia Southern Eagles,6.4,,0.15625,0.14780292942743012,0.2
2026-09-26T17:51:09.140035+00:00,2026-09-26T18:51:09.140035+01:00,b1cdf3ac97be67ee00a53e437e4bfa78,americanfootball_ncaaf,NCAAF,2026-09-26T20:00:00+00:00,2026-09-26T21:00:00+01:00,Georgia Southern Eagles,Houston Cougars,leovegas,LeoVegas,2026-09-26T17:51:04Z,h2h,Houston Cougars,1.11,,0.9009009009009008,0.8521970705725699,0.2
2026-09-26T17:51:09.140035+00:00,2026-09-26T18:51:09.140035+01:00,b1cdf3ac97be67ee00a53e437e4bfa78,americanfootball_ncaaf,NCAAF,2026-09-26T20:00:00+00:00,2026-09-26T21:00:00+01:00,Georgia Southern Eagles,Houston Cougars,unibet_uk,Unibet (UK),2026-09-26T17:50:19Z,h2h,Georgia Southern Eagles,6.5,,0.15384615384615385,0.14698162729658795,0.2
2026-09-26T17:51:09.140035+00:00,2026-09-26T18:51:09.140035+01:00,b1cdf3ac97be67ee00a53e437e4bfa78,americanfootball_ncaaf,NCAAF,2026-09-26T20:00:00+00:00,2026-09-26T21:00:00+01:00,Georgia Southern Eagles,Houston Cougars,unibet_uk,Unibet (UK),2026-09-26T17:50:19Z,h2h,Houston Cougars,1.12,,0.8928571428571428,0.8530183727034122,0.2
2026-09-26T17:51:09.140035+00:00,2026-09-26T18:51:09.140035+01:00,b1cdf3ac97be67ee00a53e437e4bfa78,americanfootball_ncaaf,NCAAF,2026-09-26T20:00:00+00:00,2026-09-26T21:00:00+01:00,Georgia Southern Eagles,Houston Cougars,betvictor,Bet Victor,2026-09-26T17:47:05Z,h2h,Georgia Southern Eagles,5.75,,0.17391304347826086,0.16058394160583941,0.2
2026-09-26T17:51:09.140035+00:00,2026-09-26T18:51:09.140035+01:00,b1cdf3ac97be67ee00a53e437e4bfa78,americanfootball_ncaaf,NCAAF,2026-09-26T20:00:00+00:00,2026-09-26T21:00:00+01:00,Georgia Southern Eagles,Houston Cougars,betvictor,Bet Victor,2026-09-26T17:47:05Z,h2h,Houston Cougars,1.1,,0.9090909090909091,0.8394160583941606,0.2
2026-09-26T17:51:09.140035+00:00,2026-09-26T18:51:09.140035+01:00,b1cdf3ac97be67ee00a53e437e4bfa78,americanfootball_ncaaf,NCAAF,2026-09-26T20:00:00+00:00,2026-09-26T21:00:00+01:00,Georgia Southern Eagles,Houston Cougars,ladbrokes_uk,Ladbrokes,2026-09-26T17:50:37Z,h2h,Georgia Southern Eagles,6.5,,0.15384615384615385,0.1436100131752306,0.2
2026-09-26T17:51:09.140035+00:00,2026-09-26T18:51:09.140035+01:00,b1cdf3ac97be67ee00a53e437e4bfa78,americanfootball_ncaaf,NCAAF,2026-09-26T20:00:00+00:00,2026-09-26T21:00:00+01:00,Georgia Southern Eagles,Houston Cougars,ladbrokes_uk,Ladbrokes,2026-09-26T17:50:37Z,h2h,Houston Cougars,1.09,,0.9174311926605504,0.8563899868247694,0.2
2026-09-26T17:51:09.140035+00:00,2026-09-26T18:51:09.140035+01:00,b1cdf3ac97be67ee00a53e437e4bfa78,americanfootball_ncaaf,NCAAF,2026-09-26T20:00:00+00:00,2026-09-26T21:00:00+01:00,Georgia Southern Eagles,Houston Cougars,coral,Coral,2026-09-26T17:51:06Z,h2h,Georgia Southern Eagles,6.5,,0.15384615384615385,0.1436100131752306,0.2
2026-09-26T17:51:09.140035+00:00,2026-09-26T18:51:09.140035+01:00,b1cdf3ac97be67ee00a53e437e4bfa78,americanfootball_ncaaf,NCAAF,2026-09-26T20:00:00+00:00,2026-09-26T21:00:00+01:00,Georgia Southern Eagles,Houston Cougars,coral,Coral,2026-09-26T17:51:06Z,h2h,Houston Cougars,1.09,,0.9174311926605504,0.8563899868247694,0.2
2026-09-26T17:51:09.140035+00:00,2026-09-26T18:51:09.140035+01:00,b1cdf3ac97be67ee00a53e437e4bfa78,americanfootball_ncaaf,NCAAF,2026-09-26T20:00:00+00:00,2026-09-26T21:00:00+01:00,Georgia Southern Eagles,Houston Cougars,betway,Betway,2026-09-26T17:50:47Z,h2h,Georgia Southern Eagles,6.5,,0.15384615384615385,0.14698162729658795,0.2
2026-09-26T17:51:09.140035+00:00,2026-09-26T18:51:09.140035+01:00,b1cdf3ac97be67ee00a53e437e4bfa78,americanfootball_ncaaf,NCAAF,2026-09-26T20:00:00+00:00,2026-09-26T21:00:00+01:00,Georgia Southern Eagles,Houston Cougars,betway,Betway,2026-09-26T17:50:47Z,h2h,Houston Cougars,1.12,,0.8928571428571428,0.8530183727034122,0.2
2026-09-26T17:51:09.140035+00:00,2026-09-26T18:51:09.140035+01:00,b1cdf3ac97be67ee00a53e437e4bfa78,americanfootball_ncaaf,NCAAF,2026-09-26T20:00:00+00:00,2026-09-26T21:00:00+01:00,Georgia Southern Eagles,Houston Cougars,betfair_ex_uk,Betfair,2026-09-26T17:50:49Z,h2h,Georgia Southern Eagles,8.2,,0.12195121951219513,0.12017167381974249,0.2
2026-09-26T17:51:09.140035+00:00,2026-09-26T18:51:09.140035+01:00,b1cdf3ac97be67ee00a53e437e4bfa78,americanfootball_ncaaf,NCAAF,2026-09-26T20:00:00+00:00,2026-09-26T21:00:00+01:00,Georgia Southern Eagles,Houston Cougars,betfair_ex_uk,Betfair,2026-09-26T17:50:49Z,h2h,Houston Cougars,1.12,,0.8928571428571428,0.8798283261802574,0.2
2026-09-26T17:51:09.140035+00:00,2026-09-26T18:51:09.140035+01:00,b1cdf3ac97be67ee00a53e437e4bfa78,americanfootball_ncaaf,NCAAF,2026-09-26T20:00:00+00:00,2026-09-26T21:00:00+01:00,Georgia Southern Eagles,Houston Cougars,betfair_ex_uk,Betfair,2026-09-26T17:50:49Z,h2h_lay,Georgia Southern Eagles,8.8,,0.11363636363636363,1.0,0.2
2026-09-26T17:51:09.140035+00:00,2026-09-26T18:51:09.140035+01:00,b1cdf3ac97be67ee00a53e437e4bfa78,americanfootball_ncaaf,NCAAF,2026-09-26T20:00:00+00:00,2026-09-26T21:00:00+01:00,Georgia Southern Eagles,Houston Cougars,betfair_ex_uk,Betfair,2026-09-26T17:50:49Z,h2h_lay,Houston Cougars,1.14,,0.8771929824561404,1.0,0.2
2026-09-26T17:51:09.140035+00:00,2026-09-26T18:51:09.140035+01:00,b1cdf3ac97be67ee00a53e437e4bfa78,americanfootball_ncaaf,NCAAF,2026-09-26T20:00:00+00:00,2026-09-26T21:00:00+01:00,Georgia Southern Eagles,Houston Cougars,matchbook,Matchbook,2026-09-26T17:51:03Z,h2h,Georgia Southern Eagles,8.2,,0.12195121951219513,0.12017167381974249,0.2
2026-09-26T17:51:09.140035+00:00,2026-09-26T18:51:09.140035+01:00,b1cdf3ac97be67ee00a53e437e4bfa78,americanfootball_ncaaf,NCAAF,2026-09-26T20:00:00+00:00,2026-09-26T21:00:00+01:00,Georgia Southern Eagles,Houston Cougars,matchbook,Matchbook,2026-09-26T17:51:03Z,h2h,Houston Cougars,1.12,,0.8928571428571428,0.8798283261802574,0.2
2026-09-26T17:51:09.140035+00:00,2026-09-26T18:51:09.140035+01:00,b1cdf3ac97be67ee00a53e437e4bfa78,americanfootball_ncaaf,NCAAF,2026-09-26T20:00:00+00:00,2026-09-26T21:00:00+01:00,Georgia Southern Eagles,Houston Cougars,matchbook,Matchbook,2026-09-26T17:51:03Z,h2h_lay,Georgia Southern Eagles,8.8,,0.11363636363636363,1.0,0.2
2026-09-26T17:51:09.140035+00:00,2026-09-26T18:51:09.140035+01:00,b1cdf3ac97be67ee00a53e437e4bfa78,americanfootball_ncaaf,NCAAF,2026-09-26T20:00:00+00:00,2026-09-26T21:00:00+01:00,Georgia Southern Eagles,Houston Cougars,matchbook,Matchbook,2026-09-26T17:51:03Z,h2h_lay,Houston Cougars,1.14,,0.8771929824561404,1.0,0.2
2026-09-26T17:51:09.140035+00:00,2026-09-26T18:51:09.140035+01:00,edf8d3e3699aa5cb34c50ac7de992d37,americanfootball_ncaaf,NCAAF,2026-09-26T20:15:00+00:00,2026-09-26T21:15:00+01:00,Auburn Tigers,Vanderbilt Commodores,betvictor,Bet Victor,2026-09-26T17:47:05Z,h2h,Auburn Tigers,1.22,,0.819672131147541,0.756972111553785,0.2
2026-09-26T17:51:09.140035+00:00,2026-09-26T18:51:09.140035+01:00,edf8d3e3699aa5cb34c50ac7de992d37,americanfootball_ncaaf,NCAAF,2026-09-26T20:15:00+00:00,2026-09-26T21:15:00+01:00,Auburn Tigers,Vanderbilt Commodores,betvictor,Bet Victor,2026-09-26T17:47:05Z,h2h,Vanderbilt Commodores,3.8,,0.2631578947368421,0.24302788844621515,0.2
2026-09-26T17:51:09.140035+00:00,2026-09-26T18:51:09.140035+01:00,edf8d3e3699aa5cb34c50ac7de992d37,americanfootball_ncaaf,NCAAF,2026-09-26T20:15:00+00:00,2026-09-26T21:15:00+01:00,Auburn Tigers,Vanderbilt Commodores,unibet_uk,Unibet (UK),2026-09-26T17:50:19Z,h2h,Auburn Tigers,1.25,,0.8,0.7619047619047619,0.2
2026-09-26T17:51:09.140035+00:00,2026-09-26T18:51:09.140035+01:00,edf8d3e3699aa5cb34c50ac7de992d37,americanfootball_ncaaf,NCAAF,2026-09-26T20:15:00+00:00,2026-09-26T21:15:00+01:00,Auburn Tigers,Vanderbilt Commodores,unibet_uk,Unibet (UK),2026-09-26T17:50:19Z,h2h,Vanderbilt Commodores,4.0,,0.25,0.23809523809523808,0.2
2026-09-26T17:51:09.140035+00:00,2026-09-26T18:51:09.140035+01:00,edf8d3e3699aa5cb34c50ac7de992d37,americanfootball_ncaaf,NCAAF,2026-09-26T20:15:00+00:00,2026-09-26T21:15:00+01:00,Auburn Tigers,Vanderbilt Commodores,ladbrokes_uk,Ladbrokes,2026-09-26T17:50:37Z,h2h,Auburn Tigers,1.22,,0.819672131147541,0.7545271629778673,0.2
2026-09-26T17:51:09.140035+00:00,2026-09-26T18:51:09.140035+01:00,edf8d3e3699aa5cb34c50ac7de992d37,americanfootball_ncaaf,NCAAF,2026-09-26T20:15:00+00:00,2026-09-26T21:15:00+01:00,Auburn Tigers,Vanderbilt Commodores,ladbrokes_uk,Ladbrokes,2026-09-26T17:50:37Z,h2h,Vanderbilt Commodores,3.75,,0.26666666666666666,0.2454728370221328,0.2
2026-09-26T17:51:09.140035+00:00,2026-09-26T18:51:09.140035+01:00,edf8d3e3699aa5cb34c50ac7de992d37,americanfootball_ncaaf,NCAAF,2026-09-26T20:15:00+00:00,2026-09-26T21:15:00+01:00,Auburn Tigers,Vanderbilt Commodores,coral,Coral,2026-09-26T17:51:06Z,h2h,Auburn Tigers,1.22,,0.819672131147541,0.7545271629778673,0.2
2026-09-26T17:51:09.140035+00:00,2026-09-26T18:51:09.140035+01:00,edf8d3e3699aa5cb34c50ac7de992d37,americanfootball_ncaaf,NCAAF,2026-09-26T20:15:00+00:00,2026-09-26T21:15:00+01:00,Auburn Tigers,Vanderbilt Commodores,coral,Coral,2026-09-26T17:51:06Z,h2h,Vanderbilt Commodores,3.75,,0.26666666666666666,0.2454728370221328,0.2
2026-09-26T17:51:09.140035+00:00,2026-09-26T18:51:09.140035+01:00,edf8d3e3699aa5cb34c50ac7de992d37,americanfootball_ncaaf,NCAAF,2026-09-26T20:15:00+00:00,2026-09-26T21:15:00+01:00,Auburn Tigers,Vanderbilt Commodores,betway,Betway,2026-09-26T17:50:47Z,h2h,Auburn Tigers,1.25,,0.8,0.7619047619047619,0.2
2026-09-26T17:51:09.140035+00:00,2026-09-26T18:51:09.140035+01:00,edf8d3e3699aa5cb34c50ac7de992d37,americanfootball_ncaaf,NCAAF,2026-09-26T20:15:00+00:00,2026-09-26T21:15:00+01:00,Auburn Tigers,Vanderbilt Commodores,betway,Betway,2026-09-26T17:50:47Z,h2h,Vanderbilt Commodores,4.0,,0.25,0.23809523809523808,0.2
2026-09-26T17:51:09.140035+00:00,2026-09-26T18:51:09.140035+01:00,edf8d3e3699aa5cb34c50ac7de992d37,americanfootball_ncaaf,NCAAF,2026-09-26T20:15:00+00:00,2026-09-26T21:15:00+01:00,Auburn Tigers,Vanderbilt Commodores,betfair_ex_uk,Betfair,2026-09-26T17:50:49Z,h2h,Auburn Tigers,1.29,,0.7751937984496123,0.7650273224043717,0.2
2026-09-26T17:51:09.140035+00:00,2026-09-26T18:51:09.140035+01:00,edf8d3e3699aa5cb34c50ac7de992d37,americanfootball_ncaaf,NCAAF,2026-09-26T20:15:00+00:00,2026-09-26T21:15:00+01:00,Auburn Tigers,Vanderbilt Commodores,betfair_ex_uk,Betfair,2026-09-26T17:50:49Z,h2h,Vanderbilt Commodores,4.2,,0.23809523809523808,0.23497267759562843,0.2
2026-09-26T17:51:09.140035+00:00,2026-09-26T18:51:09.140035+01:00,edf8d3e3699aa5cb34c50ac7de992d37,americanfootball_ncaaf,NCAAF,2026-09-26T20:15:00+00:00,2026-09-26T21:15:00+01:00,Auburn Tigers,Vanderbilt Commodores,betfair_ex_uk,Betfair,2026-09-26T17:50:49Z,h2h_lay,Auburn Tigers,1.32,,0.7575757575757576,1.0,0.2
2026-09-26T17:51:09.140035+00:00,2026-09-26T18:51:09.140035+01:00,edf8d3e3699aa5cb34c50ac7de992d37,americanfootball_ncaaf,NCAAF,2026-09-26T20:15:00+00:00,2026-09-26T21:15:00+01:00,Auburn Tigers,Vanderbilt Commodores,betfair_ex_uk,Betfair,2026-09-26T17:50:49Z,h2h_lay,Vanderbilt Commodores,4.5,,0.2222222222222222,1.0,0.2
2026-09-26T17:51:09.140035+00:00,2026-09-26T18:51:09.140035+01:00,edf8d3e3699aa5cb34c50ac7de992d37,americanfootball_ncaaf,NCAAF,2026-09-26T20:15:00+00:00,2026-09-26T21:15:00+01:00,Auburn Tigers,Vanderbilt Commodores,matchbook,Matchbook,2026-09-26T17:51:03Z,h2h,Auburn Tigers,1.29,,0.7751937984496123,0.7650273224043717,0.2
2026-09-26T17:51:09.140035+00:00,2026-09-26T18:51:09.140035+01:00,edf8d3e3699aa5cb34c50ac7de992d37,americanfootball_ncaaf,NCAAF,2026-09-26T20:15:00+00:00,2026-09-26T21:15:00+01:00,Auburn Tigers,Vanderbilt Commodores,matchbook,Matchbook,2026-09-26T17:51:03Z,h2h,Vanderbilt Commodores,4.2,,0.23809523809523808,0.23497267759562843,0.2
2026-09-26T17:51:09.140035+00:00,2026-09-26T18:51:09.140035+01:00,edf8d3e3699aa5cb34c50ac7de992d37,americanfootball_ncaaf,NCAAF,2026-09-26T20:15:00+00:00,2026-09-26T21:15:00+01:00,Auburn Tigers,Vanderbilt Commodores,matchbook,Matchbook,2026-09-26T17:51:03Z,h2h_lay,Auburn Tigers,1.32,,0.7575757575757576,1.0,0.2
2026-09-26T17:51:09.140035+00:00,2026-09-26T18:51:09.140035+01:00,edf8d3e3699aa5cb34c50ac7de992d37,americanfootball_ncaaf,NCAAF,2026-09-26T20:15:00+00:00,2026-09-26T21:15:00+01:00,Auburn Tigers,Vanderbilt Commodores,matchbook,Matchbook,2026-09-26T17:51:03Z,h2h_lay,Vanderbilt Commodores,4.4,,0.22727272727272727,1.0,0.2
2026-09-26T17:51:09.140035+00:00,2026-09-26T18:51:09.140035+01:00,10078e86207d952986707c1ad7dc9331,americanfootball_ncaaf,NCAAF,2026-09-26T21:00:00+00:00,2026-09-26T22:00:00+01:00,Bowling Green Falcons,South Florida Bulls,unibet_uk,Unibet (UK),2026-09-26T17:50:19Z,h2h,Bowling Green Falcons,8.0,,0.125,0.11991199119911994,0.2
2026-09-26T17:51:09.140035+00:00,2026-09-26T18:51:09.140035+01:00,10078e86207d952986707c1ad7dc9331,americanfootball_ncaaf,NCAAF,2026-09-26T21:00:00+00:00,2026-09-26T22:00:00+01:00,Bowling Green Falcons,South Florida Bulls,unibet_uk,Unibet (UK),2026-09-26T17:50:19Z,h2h,South Florida Bulls,1.09,,0.9174311926605504,0.8800880088008802,0.2
2026-09-26T17:51:09.140035+00:00,2026-09-26T18:51:09.140035+01:00,10078e86207d952986707c1ad7dc9331,americanfootball_ncaaf,NCAAF,2026-09-26T21:00:00+00:00,2026-09-26T22:00:00+01:00,Bowling Green Falcons,South Florida Bulls,betvictor,Bet Victor,2026-09-26T17:47:05Z,h2h,Bowling Green Falcons,6.5,,0.15384615384615385,0.14134742404227213,0.2
2026-09-26T17:51:09.140035+00:00,2026-09-26T18:51:09.140035+01:00,10078e86207d952986707c1ad7dc9331,americanfootball_ncaaf,NCAAF,2026-09-26T21:00:00+00:00,2026-09-26T22:00:00+01:00,Bowling Green Falcons,South Florida Bulls,betvictor,Bet Victor,2026-09-26T17:47:05Z,h2h,South Florida Bulls,1.07,,0.9345794392523364,0.8586525759577278,0.2
2026-09-26T17:51:09.140035+00:00,2026-09-26T18:51:09.140035+01:00,10078e86207d952986707c1ad7dc9331,americanfootball_ncaaf,NCAAF,2026-09-26T21:00:00+00:00,2026-09-26T22:00:00+01:00,Bowling Green Falcons,South Florida Bulls,coral,Coral,2026-09-26T17:51:06Z,h2h,Bowling Green Falcons,7.0,,0.14285714285714285,0.13366336633663367,0.2
2026-09-26T17:51:09.140035+00:00,2026-09-26T18:51:09.140035+01:00,10078e86207d952986707c1ad7dc9331,americanfootball_ncaaf,NCAAF,2026-09-26T21:00:00+00:00,2026-09-26T22:00:00+01:00,Bowling Green Falcons,South Florida Bulls,coral,Coral,2026-09-26T17:51:06Z,h2h,South Florida Bulls,1.08,,0.9259259259259258,0.8663366336633663,0.2
2026-09-26T17:51:09.140035+00:00,2026-09-26T18:51:09.140035+01:00,10078e86207d952986707c1ad7dc9331,americanfootball_ncaaf,NCAAF,2026-09-26T21:00:00+00:00,2026-09-26T22:00:00+01:00,Bowling Green Falcons,South Florida Bulls,ladbrokes_uk,Ladbrokes,2026-09-26T17:50:37Z,h2h,Bowling Green Falcons,7.0,,0.14285714285714285,0.13366336633663367,0.2
2026-09-26T17:51:09.140035+00:00,2026-09-26T18:51:09.140035+01:00,10078e86207d952986707c1ad7dc9331,americanfootball_ncaaf,NCAAF,2026-09-26T21:00:00+00:00,2026-09-26T22:00:00+01:00,Bowling Green Falcons,South Florida Bulls,ladbrokes_uk,Ladbrokes,2026-09-26T17:50:37Z,h2h,South Florida Bulls,1.08,,0.9259259259259258,0.8663366336633663,0.2
2026-09-26T17:51:09.140035+00:00,2026-09-26T18:51:09.140035+01:00,10078e86207d952986707c1ad7dc9331,americanfootball_ncaaf,NCAAF,2026-09-26T21:00:00+00:00,2026-09-26T22:00:00+01:00,Bowling Green Falcons,South Florida Bulls,betway,Betway,2026-09-26T17:50:47Z,h2h,Bowling Green Falcons,8.0,,0.125,0.12087912087912087,0.2
2026-09-26T17:51:09.140035+00:00,2026-09-26T18:51:09.140035+01:00,10078e86207d952986707c1ad7dc9331,americanfootball_ncaaf,NCAAF,2026-09-26T21:00:00+00:00,2026-09-26T22:00:00+01:00,Bowling Green Falcons,South Florida Bulls,betway,Betway,2026-09-26T17:50:47Z,h2h,South Florida Bulls,1.1,,0.9090909090909091,0.879120879120879,0.2
2026-09-26T17:51:09.140035+00:00,2026-09-26T18:51:09.140035+01:00,10078e86207d952986707c1ad7dc9331,americanfootball_ncaaf,NCAAF,2026-09-26T21:00:00+00:00,2026-09-26T22:00:00+01:00,Bowling Green Falcons,South Florida Bulls,betfair_ex_uk,Betfair,2026-09-26T17:50:49Z,h2h,Bowling Green Falcons,8.8,,0.11363636363636363,0.11200807265388499,0.2
2026-09-26T17:51:09.140035+00:00,2026-09-26T18:51:09.140035+01:00,10078e86207d952986707c1ad7dc9331,americanfootball_ncaaf,NCAAF,2026-09-26T21:00:00+00:00,2026-09-26T22:00:00+01:00,Bowling Green Falcons,South Florida Bulls,betfair_ex_uk,Betfair,2026-09-26T17:50:49Z,h2h,South Florida Bulls,1.11,,0.9009009009009008,0.8879919273461151,0.2
2026-09-26T17:51:09.140035+00:00,2026-09-26T18:51:09.140035+01:00,10078e86207d952986707c1ad7dc9331,americanfootball_ncaaf,NCAAF,2026-09-26T21:00:00+00:00,2026-09-26T22:00:00+01:00,Bowling Green Falcons,South Florida Bulls,betfair_ex_uk,Betfair,2026-09-26T17:50:49Z,h2h_lay,Bowling Green Falcons,9.6,,0.10416666666666667,1.0,0.2
2026-09-26T17:51:09.140035+00:00,2026-09-26T18:51:09.140035+01:00,10078e86207d952986707c1ad7dc9331,americanfootball_ncaaf,NCAAF,2026-09-26T21:00:00+00:00,2026-09-26T22:00:00+01:00,Bowling Green Falcons,South Florida Bulls,betfair_ex_uk,Betfair,2026-09-26T17:50:49Z,h2h_lay,South Florida Bulls,1.13,,0.8849557522123894,1.0,0.2
2026-09-26T17:51:09.140035+00:00,2026-09-26T18:51:09.140035+01:00,023386f1b92db2259c7d52b2f244182f,americanfootball_ncaaf,NCAAF,2026-09-26T21:00:00+00:00,2026-09-26T22:00:00+01:00,Michigan State Spartans,Nebraska Cornhuskers,unibet_uk,Unibet (UK),2026-09-26T17:50:19Z,h2h,Michigan State Spartans,3.0,,0.3333333333333333,0.3181818181818181,0.2
2026-09-26T17:51:09.140035+00:00,2026-09-26T18:51:09.140035+01:00,023386f1b92db2259c7d52b2f244182f,americanfootball_ncaaf,NCAAF,2026-09-26T21:00:00+00:00,2026-09-26T22:00:00+01:00,Michigan State Spartans,Nebraska Cornhuskers,unibet_uk,Unibet (UK),2026-09-26T17:50:19Z,h2h,Nebraska Cornhuskers,1.4,,0.7142857142857143,0.6818181818181818,0.2
2026-09-26T17:51:09.140035+00:00,2026-09-26T18:51:09.140035+01:00,023386f1b92db2259c7d52b2f244182f,americanfootball_ncaaf,NCAAF,2026-09-26T21:00:00+00:00,2026-09-26T22:00:00+01:00,Michigan State Spartans,Nebraska Cornhuskers,betvictor,Bet Victor,2026-09-26T17:47:05Z,h2h,Michigan State Spartans,2.8,,0.35714285714285715,0.326923076923077,0.2
2026-09-26T17:51:09.140035+00:00,2026-09-26T18:51:09.140035+01:00,023386f1b92db2259c7d52b2f244182f,americanfootball_ncaaf,NCAAF,2026-09-26T21:00:00+00:00,2026-09-26T22:00:00+01:00,Michigan State Spartans,Nebraska Cornhuskers,betvictor,Bet Victor,2026-09-26T17:47:05Z,h2h,Nebraska Cornhuskers,1.36,,0.7352941176470588,0.6730769230769231,0.2
2026-09-26T17:51:09.140035+00:00,2026-09-26T18:51:09.140035+01:00,023386f1b92db2259c7d52b2f244182f,americanfootball_ncaaf,NCAAF,2026-09-26T21:00:00+00:00,2026-09-26T22:00:00+01:00,Michigan State Spartans,Nebraska Cornhuskers,ladbrokes_uk,Ladbrokes,2026-09-26T17:50:37Z,h2h,Michigan State Spartans,2.7,,0.37037037037037035,0.3414634146341463,0.2
2026-09-26T17:51:09.140035+00:00,2026-09-26T18:51:09.140035+01:00,023386f1b92db2259c7d52b2f244182f,americanfootball_ncaaf,NCAAF,2026-09-26T21:00:00+00:00,2026-09-26T22:00:00+01:00,Michigan State Spartans,Nebraska Cornhuskers,ladbrokes_uk,Ladbrokes,2026-09-26T17:50:37Z,h2h,Nebraska Cornhuskers,1.4,,0.7142857142857143,0.6585365853658537,0.2
2026-09-26T17:51:09.140035+00:00,2026-09-26T18:51:09.140035+01:00,023386f1b92db2259c7d52b2f244182f,americanfootball_ncaaf,NCAAF,2026-09-26T21:00:00+00:00,2026-09-26T22:00:00+01:00,Michigan State Spartans,Nebraska Cornhuskers,coral,Coral,2026-09-26T17:51:06Z,h2h,Michigan State Spartans,2.7,,0.37037037037037035,0.3414634146341463,0.2
2026-09-26T17:51:09.140035+00:00,2026-09-26T18:51:09.140035+01:00,023386f1b92db2259c7d52b2f244182f,americanfootball_ncaaf,NCAAF,2026-09-26T21:00:00+00:00,2026-09-26T22:00:00+01:00,Michigan State Spartans,Nebraska Cornhuskers,coral,Coral,2026-09-26T17:51:06Z,h2h,Nebraska Cornhuskers,1.4,,0.7142857142857143,0.6585365853658537,0.2
2026-09-26T17:51:09.140035+00:00,2026-09-26T18:51:09.140035+01:00,023386f1b92db2259c7d52b2f244182f,americanfootball_ncaaf,NCAAF,2026-09-26T21:00:00+00:00,2026-09-26T22:00:00+01:00,Michigan State Spartans,Nebraska Cornhuskers,betway,Betway,2026-09-26T17:50:47Z,h2h,Michigan State Spartans,2.75,,0.36363636363636365,0.3436754176610979,0.2
2026-09-26T17:51:09.140035+00:00,2026-09-26T18:51:09.140035+01:00,023386f1b92db2259c7d52b2f244182f,americanfootball_ncaaf,NCAAF,2026-09-26T21:00:00+00:00,2026-09-26T22:00:00+01:00,Michigan State Spartans,Nebraska Cornhuskers,betway,Betway,2026-09-26T17:50:47Z,h2h,Nebraska Cornhuskers,1.44,,0.6944444444444444,0.6563245823389022,0.2
2026-09-26T17:51:09.140035+00:00,2026-09-26T18:51:09.140035+01:00,023386f1b92db2259c7d52b2f244182f,americanfootball_ncaaf,NCAAF,2026-09-26T21:00:00+00:00,2026-09-26T22:00:00+01:00,Michigan State Spartans,Nebraska Cornhuskers,betfair_ex_uk,Betfair,2026-09-26T17:50:49Z,h2h,Michigan State Spartans,3.0,,0.3333333333333333,0.33035714285714285,0.2
2026-09-26T17:51:09.140035+00:00,2026-09-26T18:51:09.140035+01:00,023386f1b92db2259c7d52b2f244182f,americanfootball_ncaaf,NCAAF,2026-09-26T21:00:00+00:00,2026-09-26T22:00:00+01:00,Michigan State Spartans,Nebraska Cornhuskers,betfair_ex_uk,Betfair,2026-09-26T17:50:49Z,h2h,Nebraska Cornhuskers,1.48,,0.6756756756756757,0.6696428571428572,0.2
2026-09-26T17:51:09.140035+00:00,2026-09-26T18:51:09.140035+01:00,023386f1b92db2259c7d52b2f244182f,americanfootball_ncaaf,NCAAF,2026-09-26T21:00:00+00:00,2026-09-26T22:00:00+01:00,Michigan State Spartans,Nebraska Cornhuskers,betfair_ex_uk,Betfair,2026-09-26T17:50:49Z,h2h_lay,Michigan State Spartans,3.1,,0.3225806451612903,1.0,0.2
2026-09-26T17:51:09.140035+00:00,2026-09-26T18:51:09.140035+01:00,023386f1b92db2259c7d52b2f244182f,americanfootball_ncaaf,NCAAF,2026-09-26T21:00:00+00:00,2026-09-26T22:00:00+01:00,Michigan State Spartans,Nebraska Cornhuskers,betfair_ex_uk,Betfair,2026-09-26T17:50:49Z,h2h_lay,Nebraska Cornhuskers,1.5,,0.6666666666666666,1.0,0.2
2026-09-26T17:51:09.140035+00:00,2026-09-26T18:51:09.140035+01:00,023386f1b92db2259c7d52b2f244182f,americanfootball_ncaaf,NCAAF,2026-09-26T21:00:00+00:00,2026-09-26T22:00:00+01:00,Michigan State Spartans,Nebraska Cornhuskers,matchbook,Matchbook,2026-09-26T17:51:03Z,h2h,Michigan State Spartans,3.0,,0.3333333333333333,0.33035714285714285,0.2
2026-09-26T17:51:09.140035+00:00,2026-09-26T18:51:09.140035+01:00,023386f1b92db2259c7d52b2f244182f,americanfootball_ncaaf,NCAAF,2026-09-26T21:00:00+00:00,2026-09-26T22:00:00+01:00,Michigan State Spartans,Nebraska Cornhuskers,matchbook,Matchbook,2026-09-26T17:51:03Z,h2h,Nebraska Cornhuskers,1.48,,0.6756756756756757,0.6696428571428572,0.2
2026-09-26T17:51:09.140035+00:00,2026-09-26T18:51:09.140035+01:00,023386f1b92db2259c7d52b2f244182f,americanfootball_ncaaf,NCAAF,2026-09-26T21:00:00+00:00,2026-09-26T22:00:00+01:00,Michigan State Spartans,Nebraska Cornhuskers,matchbook,Matchbook,2026-09-26T17:51:03Z,h2h_lay,Michigan State Spartans,3.1,,0.3225806451612903,1.0,0.2
2026-09-26T17:51:09.140035+00:00,2026-09-26T18:51:09.140035+01:00,023386f1b92db2259c7d52b2f244182f,americanfootball_ncaaf,NCAAF,2026-09-26T21:00:00+00:00,2026-09-26T22:00:00+01:00,Michigan State Spartans,Nebraska Cornhuskers,matchbook,Matchbook,2026-09-26T17:51:03Z,h2h_lay,Nebraska Cornhuskers,1.5,,0.6666666666666666,1.0,0.2
2026-09-26T17:51:09.140035+00:00,2026-09-26T18:51:09.140035+01:00,9c5cf55e5371dd6178da97dcaef2bff5,americanfootball_ncaaf,NCAAF,2026-09-26T21:00:00+00:00,2026-09-26T22:00:00+01:00,Penn State Nittany Lions,Wisconsin Badgers,unibet_uk,Unibet (UK),2026-09-26T17:50:19Z,h2h,Penn State Nittany Lions,1.22,,0.819672131147541,0.7829181494661922,0.2
2026-09-26T17:51:09.140035+00:00,2026-09-26T18:51:09.140035+01:00,9c5cf55e5371dd6178da97dcaef2bff5,americanfootball_ncaaf,NCAAF,2026-09-26T21:00:00+00:00,2026-09-26T22:00:00+01:00,Penn State Nittany Lions,Wisconsin Badgers,unibet_uk,Unibet (UK),2026-09-26T17:50:19Z,h2h,Wisconsin Badgers,4.4,,0.22727272727272727,0.21708185053380782,0.2
2026-09-26T17:51:09.140035+00:00,2026-09-26T18:51:09.140035+01:00,9c5cf55e5371dd6178da97dcaef2bff5,americanfootball_ncaaf,NCAAF,2026-09-26T21:00:00+00:00,2026-09-26T22:00:00+01:00,Penn State Nittany Lions,Wisconsin Badgers,betvictor,Bet Victor,2026-09-26T17:47:05Z,h2h,Penn State Nittany Lions,1.2,,0.8333333333333334,0.7735849056603773,0.2
2026-09-26T17:51:09.140035+00:00,2026-09-26T18:51:09.140035+01:00,9c5cf55e5371dd6178da97dcaef2bff5,americanfootball_ncaaf,NCAAF,2026-09-26T21:00:00+00:00,2026-09-26T22:00:00+01:00,Penn State Nittany Lions,Wisconsin Badgers,betvictor,Bet Victor,2026-09-26T17:47:05Z,h2h,Wisconsin Badgers,4.1,,0.24390243902439027,0.22641509433962262,0.2
2026-09-26T17:51:09.140035+00:00,2026-09-26T18:51:09.140035+01:00,9c5cf55e5371dd6178da97dcaef2bff5,americanfootball_ncaaf,NCAAF,2026-09-26T21:00:00+00:00,2026-09-26T22:00:00+01:00,Penn State Nittany Lions,Wisconsin Badgers,coral,Coral,2026-09-26T17:51:06Z,h2h,Penn State Nittany Lions,1.22,,0.819672131147541,0.756972111553785,0.2
2026-09-26T17:51:09.140035+00:00,2026-09-26T18:51:09.140035+01:00,9c5cf55e5371dd6178da97dcaef2bff5,americanfootball_ncaaf,NCAAF,2026-09-26T21:00:00+00:00,2026-09-26T22:00:00+01:00,Penn State Nittany Lions,Wisconsin Badgers,coral,Coral,2026-09-26T17:51:06Z,h2h,Wisconsin Badgers,3.8,,0.2631578947368421,0.24302788844621515,0.2
2026-09-26T17:51:09.140035+00:00,2026-09-26T18:51:09.140035+01:00,9c5cf55e5371dd6178da97dcaef2bff5,americanfootball_ncaaf,NCAAF,2026-09-26T21:00:00+00:00,2026-09-26T22:00:00+01:00,Penn State Nittany Lions,Wisconsin Badgers,ladbrokes_uk,Ladbrokes,2026-09-26T17:50:37Z,h2h,Penn State Nittany Lions,1.22,,0.819672131147541,0.756972111553785,0.2
2026-09-26T17:51:09.140035+00:00,2026-09-26T18:51:09.140035+01:00,9c5cf55e5371dd6178da97dcaef2bff5,americanfootball_ncaaf,NCAAF,2026-09-26T21:00:00+00:00,2026-09-26T22:00:00+01:00,Penn State Nittany Lions,Wisconsin Badgers,ladbrokes_uk,Ladbrokes,2026-09-26T17:50:37Z,h2h,Wisconsin Badgers,3.8,,0.2631578947368421,0.24302788844621515,0.2
2026-09-26T17:51:09.140035+00:00,2026-09-26T18:51:09.140035+01:00,9c5cf55e5371dd6178da97dcaef2bff5,americanfootball_ncaaf,NCAAF,2026-09-26T21:00:00+00:00,2026-09-26T22:00:00+01:00,Penn State Nittany Lions,Wisconsin Badgers,betway,Betway,2026-09-26T17:50:47Z,h2h,Penn State Nittany Lions,1.25,,0.8,0.7619047619047619,0.2
2026-09-26T17:51:09.140035+00:00,2026-09-26T18:51:09.140035+01:00,9c5cf55e5371dd6178da97dcaef2bff5,americanfootball_ncaaf,NCAAF,2026-09-26T21:00:00+00:00,2026-09-26T22:00:00+01:00,Penn State Nittany Lions,Wisconsin Badgers,betway,Betway,2026-09-26T17:50:47Z,h2h,Wisconsin Badgers,4.0,,0.25,0.23809523809523808,0.2
2026-09-26T17:51:09.140035+00:00,2026-09-26T18:51:09.140035+01:00,9c5cf55e5371dd6178da97dcaef2bff5,americanfootball_ncaaf,NCAAF,2026-09-26T21:00:00+00:00,2026-09-26T22:00:00+01:00,Penn State Nittany Lions,Wisconsin Badgers,betfair_ex_uk,Betfair,2026-09-26T17:50:49Z,h2h,Penn State Nittany Lions,1.27,,0.7874015748031495,0.7760141093474426,0.2
2026-09-26T17:51:09.140035+00:00,2026-09-26T18:51:09.140035+01:00,9c5cf55e5371dd6178da97dcaef2bff5,americanfootball_ncaaf,NCAAF,2026-09-26T21:00:00+00:00,2026-09-26T22:00:00+01:00,Penn State Nittany Lions,Wisconsin Badgers,betfair_ex_uk,Betfair,2026-09-26T17:50:49Z,h2h,Wisconsin Badgers,4.4,,0.22727272727272727,0.22398589065255733,0.2
2026-09-26T17:51:09.140035+00:00,2026-09-26T18:51:09.140035+01:00,9c5cf55e5371dd6178da97dcaef2bff5,americanfootball_ncaaf,NCAAF,2026-09-26T21:00:00+00:00,2026-09-26T22:00:00+01:00,Penn State Nittany Lions,Wisconsin Badgers,betfair_ex_uk,Betfair,2026-09-26T17:50:49Z,h2h_lay,Penn State Nittany Lions,1.29,,0.7751937984496123,1.0,0.2
2026-09-26T17:51:09.140035+00:00,2026-09-26T18:51:09.140035+01:00,9c5cf55e5371dd6178da97dcaef2bff5,americanfootball_ncaaf,NCAAF,2026-09-26T21:00:00+00:00,2026-09-26T22:00:00+01:00,Penn State Nittany Lions,Wisconsin Badgers,betfair_ex_uk,Betfair,2026-09-26T17:50:49Z,h2h_lay,Wisconsin Badgers,4.7,,0.2127659574468085,1.0,0.2
2026-09-26T17:51:09.140035+00:00,2026-09-26T18:51:09.140035+01:00,9c5cf55e5371dd6178da97dcaef2bff5,americanfootball_ncaaf,NCAAF,2026-09-26T21:00:00+00:00,2026-09-26T22:00:00+01:00,Penn State Nittany Lions,Wisconsin Badgers,matchbook,Matchbook,2026-09-26T17:51:03Z,h2h,Penn State Nittany Lions,1.27,,0.7874015748031495,0.7760141093474426,0.2
2026-09-26T17:51:09.140035+00:00,2026-09-26T18:51:09.140035+01:00,9c5cf55e5371dd6178da97dcaef2bff5,americanfootball_ncaaf,NCAAF,2026-09-26T21:00:00+00:00,2026-09-26T22:00:00+01:00,Penn State Nittany Lions,Wisconsin Badgers,matchbook,Matchbook,2026-09-26T17:51:03Z,h2h,Wisconsin Badgers,4.4,,0.22727272727272727,0.22398589065255733,0.2
2026-09-26T17:51:09.140035+00:00,2026-09-26T18:51:09.140035+01:00,9c5cf55e5371dd6178da97dcaef2bff5,americanfootball_ncaaf,NCAAF,2026-09-26T21:00:00+00:00,2026-09-26T22:00:00+01:00,Penn State Nittany Lions,Wisconsin Badgers,matchbook,Matchbook,2026-09-26T17:51:03Z,h2h_lay,Penn State Nittany Lions,1.29,,0.7751937984496123,1.0,0.2
2026-09-26T17:51:09.140035+00:00,2026-09-26T18:51:09.140035+01:00,9c5cf55e5371dd6178da97dcaef2bff5,americanfootball_ncaaf,NCAAF,2026-09-26T21:00:00+00:00,2026-09-26T22:00:00+01:00,Penn State Nittany Lions,Wisconsin Badgers,matchbook,Matchbook,2026-09-26T17:51:03Z,h2h_lay,Wisconsin Badgers,4.7,,0.2127659574468085,1.0,0.2
2026-09-26T17:51:09.140035+00:00,2026-09-26T18:51:09.140035+01:00,ce4578738432ad6327f4e3a4909ddcb5,americanfootball_ncaaf,NCAAF,2026-09-26T22:00:00+00:00,2026-09-26T23:00:00+01:00,Virginia Cavaliers,Delaware Blue Hens,unibet_uk,Unibet (UK),2026-09-26T17:50:19Z,h2h,Delaware Blue Hens,8.5,,0.11764705882352941,0.1127348643006263,0.2
2026-09-26T17:51:09.140035+00:00,2026-09-26T18:51:09.140035+01:00,ce4578738432ad6327f4e3a4909ddcb5,americanfootball_ncaaf,NCAAF,2026-09-26T22:00:00+00:00,2026-09-26T23:00:00+01:00,Virginia Cavaliers,Delaware Blue Hens,unibet_uk,Unibet (UK),2026-09-26T17:50:19Z,h2h,Virginia Cavaliers,1.08,,0.9259259259259258,0.8872651356993737,0.2
2026-09-26T17:51:09.140035+00:00,2026-09-26T18:51:09.140035+01:00,ce4578738432ad6327f4e3a4909ddcb5,americanfootball_ncaaf,NCAAF,2026-09-26T22:00:00+00:00,2026-09-26T23:00:00+01:00,Virginia Cavaliers,Delaware Blue Hens,betvictor,Bet Victor,2026-09-26T17:47:05Z,h2h,Delaware Blue Hens,7.0,,0.14285714285714285,0.1315136476426799,0.2
2026-09-26T17:51:09.140035+00:00,2026-09-26T18:51:09.140035+01:00,ce4578738432ad6327f4e3a4909ddcb5,americanfootball_ncaaf,NCAAF,2026-09-26T22:00:00+00:00,2026-09-26T23:00:00+01:00,Virginia Cavaliers,Delaware Blue Hens,betvictor,Bet Victor,2026-09-26T17:47:05Z,h2h,Virginia Cavaliers,1.06,,0.9433962264150942,0.8684863523573201,0.2
2026-09-26T17:51:09.140035+00:00,2026-09-26T18:51:09.140035+01:00,ce4578738432ad6327f4e3a4909ddcb5,americanfootball_ncaaf,NCAAF,2026-09-26T22:00:00+00:00,2026-09-26T23:00:00+01:00,Virginia Cavaliers,Delaware Blue Hens,ladbrokes_uk,Ladbrokes,2026-09-26T17:50:37Z,h2h,Delaware Blue Hens,8.5,,0.11764705882352941,0.1099476439790576,0.2
2026-09-26T17:51:09.140035+00:00,2026-09-26T18:51:09.140035+01:00,ce4578738432ad6327f4e3a4909ddcb5,americanfootball_ncaaf,NCAAF,2026-09-26T22:00:00+00:00,2026-09-26T23:00:00+01:00,Virginia Cavaliers,Delaware Blue Hens,ladbrokes_uk,Ladbrokes,2026-09-26T17:50:37Z,h2h,Virginia Cavaliers,1.05,,0.9523809523809523,0.8900523560209423,0.2
2026-09-26T17:51:09.140035+00:00,2026-09-26T18:51:09.140035+01:00,ce4578738432ad6327f4e3a4909ddcb5,americanfootball_ncaaf,NCAAF,2026-09-26T22:00:00+00:00,2026-09-26T23:00:00+01:00,Virginia Cavaliers,Delaware Blue Hens,coral,Coral,2026-09-26T17:51:06Z,h2h,Delaware Blue Hens,8.5,,0.11764705882352941,0.1099476439790576,0.2
2026-09-26T17:51:09.140035+00:00,2026-09-26T18:51:09.140035+01:00,ce4578738432ad6327f4e3a4909ddcb5,americanfootball_ncaaf,NCAAF,2026-09-26T22:00:00+00:00,2026-09-26T23:00:00+01:00,Virginia Cavaliers,Delaware Blue Hens,coral,Coral,2026-09-26T17:51:06Z,h2h,Virginia Cavaliers,1.05,,0.9523809523809523,0.8900523560209423,0.2
2026-09-26T17:51:09.140035+00:00,2026-09-26T18:51:09.140035+01:00,ce4578738432ad6327f4e3a4909ddcb5,americanfootball_ncaaf,NCAAF,2026-09-26T22:00:00+00:00,2026-09-26T23:00:00+01:00,Virginia Cavaliers,Delaware Blue Hens,betway,Betway,2026-09-26T17:50:47Z,h2h,Delaware Blue Hens,9.0,,0.1111111111111111,0.10714285714285714,0.2
2026-09-26T17:51:09.140035+00:00,2026-09-26T18:51:09.140035+01:00,ce4578738432ad6327f4e3a4909ddcb5,americanfootball_ncaaf,NCAAF,2026-09-26T22:00:00+00:00,2026-09-26T23:00:00+01:00,Virginia Cavaliers,Delaware Blue Hens,betway,Betway,2026-09-26T17:50:47Z,h2h,Virginia Cavaliers,1.08,,0.9259259259259258,0.8928571428571428,0.2
2026-09-26T17:51:09.140035+00:00,2026-09-26T18:51:09.140035+01:00,ce4578738432ad6327f4e3a4909ddcb5,americanfootball_ncaaf,NCAAF,2026-09-26T22:00:00+00:00,2026-09-26T23:00:00+01:00,Virginia Cavaliers,Delaware Blue Hens,betfair_ex_uk,Betfair,2026-09-26T17:50:49Z,h2h,Delaware Blue Hens,10.5,,0.09523809523809523,0.09404659188955997,0.2
2026-09-26T17:51:09.140035+00:00,2026-09-26T18:51:09.140035+01:00,ce4578738432ad6327f4e3a4909ddcb5,americanfootball_ncaaf,NCAAF,2026-09-26T22:00:00+00:00,2026-09-26T23:00:00+01:00,Virginia Cavaliers,Delaware Blue Hens,betfair_ex_uk,Betfair,2026-09-26T17:50:49Z,h2h,Virginia Cavaliers,1.09,,0.9174311926605504,0.90595340811044,0.2
2026-09-26T17:51:09.140035+00:00,2026-09-26T18:51:09.140035+01:00,ce4578738432ad6327f4e3a4909ddcb5,americanfootball_ncaaf,NCAAF,2026-09-26T22:00:00+00:00,2026-09-26T23:00:00+01:00,Virginia Cavaliers,Delaware Blue Hens,betfair_ex_uk,Betfair,2026-09-26T17:50:49Z,h2h_lay,Delaware Blue Hens,12.0,,0.08333333333333333,1.0,0.2
2026-09-26T17:51:09.140035+00:00,2026-09-26T18:51:09.140035+01:00,ce4578738432ad6327f4e3a4909ddcb5,americanfootball_ncaaf,NCAAF,2026-09-26T22:00:00+00:00,2026-09-26T23:00:00+01:00,Virginia Cavaliers,Delaware Blue Hens,betfair_ex_uk,Betfair,2026-09-26T17:50:49Z,h2h_lay,Virginia Cavaliers,1.1,,0.9090909090909091,1.0,0.2
2026-09-26T17:51:09.140035+00:00,2026-09-26T18:51:09.140035+01:00,520a355fd43b2cfb7aed527eee4345e0,americanfootball_ncaaf,NCAAF,2026-09-26T22:00:00+00:00,2026-09-26T23:00:00+01:00,Florida International Panthers,LIU Sharks,betvictor,Bet Victor,2026-09-26T17:47:05Z,h2h,Florida International Panthers,1.0,,1.0,0.9230769230769231,0.2
2026-09-26T17:51:09.140035+00:00,2026-09-26T18:51:09.140035+01:00,520a355fd43b2cfb7aed527eee4345e0,americanfootball_ncaaf,NCAAF,2026-09-26T22:00:00+00:00,2026-09-26T23:00:00+01:00,Florida International Panthers,LIU Sharks,betvictor,Bet Victor,2026-09-26T17:47:05Z,h2h,LIU Sharks,12.0,,0.08333333333333333,0.07692307692307693,0.2
2026-09-26T17:51:09.140035+00:00,2026-09-26T18:51:09.140035+01:00,520a355fd43b2cfb7aed527eee4345e0,americanfootball_ncaaf,NCAAF,2026-09-26T22:00:00+00:00,2026-09-26T23:00:00+01:00,Florida International Panthers,LIU Sharks,betfair_ex_uk,Betfair,2026-09-26T17:50:49Z,h2h,Florida International Panthers,1.01,,0.9900990099009901,0.9741092027685209,0.2
2026-09-26T17:51:09.140035+00:00,2026-09-26T18:51:09.140035+01:00,520a355fd43b2cfb7aed527eee4345e0,americanfootball_ncaaf,NCAAF,2026-09-26T22:00:00+00:00,2026-09-26T23:00:00+01:00,Florida International Panthers,LIU Sharks,betfair_ex_uk,Betfair,2026-09-26T17:50:49Z,h2h,LIU Sharks,38.0,,0.02631578947368421,0.025890797231479103,0.2
2026-09-26T17:51:09.140035+00:00,2026-09-26T18:51:09.140035+01:00,520a355fd43b2cfb7aed527eee4345e0,americanfootball_ncaaf,NCAAF,2026-09-26T22:00:00+00:00,2026-09-26T23:00:00+01:00,Florida International Panthers,LIU Sharks,betfair_ex_uk,Betfair,2026-09-26T17:50:49Z,h2h_lay,Florida International Panthers,1.03,,0.970873786407767,1.0,0.2
2026-09-26T17:51:09.140035+00:00,2026-09-26T18:51:09.140035+01:00,520a355fd43b2cfb7aed527eee4345e0,americanfootball_ncaaf,NCAAF,2026-09-26T22:00:00+00:00,2026-09-26T23:00:00+01:00,Florida International Panthers,LIU Sharks,betfair_ex_uk,Betfair,2026-09-26T17:50:49Z,h2h_lay,LIU Sharks,110.0,,0.00909090909090909,1.0,0.2
2026-09-26T17:51:09.140035+00:00,2026-09-26T18:51:09.140035+01:00,520a355fd43b2cfb7aed527eee4345e0,americanfootball_ncaaf,NCAAF,2026-09-26T22:00:00+00:00,2026-09-26T23:00:00+01:00,Florida International Panthers,LIU Sharks,ladbrokes_uk,Ladbrokes,2026-09-26T17:50:37Z,h2h,Florida International Panthers,1.0,,1.0,0.9761904761904762,0.2
2026-09-26T17:51:09.140035+00:00,2026-09-26T18:51:09.140035+01:00,520a355fd43b2cfb7aed527eee4345e0,americanfootball_ncaaf,NCAAF,2026-09-26T22:00:00+00:00,2026-09-26T23:00:00+01:00,Florida International Panthers,LIU Sharks,ladbrokes_uk,Ladbrokes,2026-09-26T17:50:37Z,h2h,LIU Sharks,41.0,,0.024390243902439025,0.023809523809523808,0.2
2026-09-26T17:51:09.140035+00:00,2026-09-26T18:51:09.140035+01:00,520a355fd43b2cfb7aed527eee4345e0,americanfootball_ncaaf,NCAAF,2026-09-26T22:00:00+00:00,2026-09-26T23:00:00+01:00,Florida International Panthers,LIU Sharks,coral,Coral,2026-09-26T17:51:06Z,h2h,Florida International Panthers,1.0,,1.0,0.9761904761904762,0.2
2026-09-26T17:51:09.140035+00:00,2026-09-26T18:51:09.140035+01:00,520a355fd43b2cfb7aed527eee4345e0,americanfootball_ncaaf,NCAAF,2026-09-26T22:00:00+00:00,2026-09-26T23:00:00+01:00,Florida International Panthers,LIU Sharks,coral,Coral,2026-09-26T17:51:06Z,h2h,LIU Sharks,41.0,,0.024390243902439025,0.023809523809523808,0.2
2026-09-26T17:51:09.140035+00:00,2026-09-26T18:51:09.140035+01:00,ed1c259773ba7494570a1611b44adb30,americanfootball_ncaaf,NCAAF,2026-09-26T22:00:00+00:00,2026-09-26T23:00:00+01:00,Texas State Bobcats,Incarnate Word Cardinals,unibet_uk,Unibet (UK),2026-09-26T17:50:19Z,h2h,Incarnate Word Cardinals,14.0,,0.07142857142857142,0.06790945406125166,0.2
2026-09-26T17:51:09.140035+00:00,2026-09-26T18:51:09.140035+01:00,ed1c259773ba7494570a1611b44adb30,americanfootball_ncaaf,NCAAF,2026-09-26T22:00:00+00:00,2026-09-26T23:00:00+01:00,Texas State Bobcats,Incarnate Word Cardinals,unibet_uk,Unibet (UK),2026-09-26T17:50:19Z,h2h,Texas State Bobcats,1.02,,0.9803921568627451,0.9320905459387483,0.2
2026-09-26T17:51:09.140035+00:00,2026-09-26T18:51:09.140035+01:00,ed1c259773ba7494570a1611b44adb30,americanfootball_ncaaf,NCAAF,2026-09-26T22:00:00+00:00,2026-09-26T23:00:00+01:00,Texas State Bobcats,Incarnate Word Cardinals,betvictor,Bet Victor,2026-09-26T17:47:05Z,h2h,Incarnate Word Cardinals,11.0,,0.09090909090909091,0.08409658617818486,0.2
2026-09-26T17:51:09.140035+00:00,2026-09-26T18:51:09.140035+01:00,ed1c259773ba7494570a1611b44adb30,americanfootball_ncaaf,NCAAF,2026-09-26T22:00:00+00:00,2026-09-26T23:00:00+01:00,Texas State Bobcats,Incarnate Word Cardinals,betvictor,Bet Victor,2026-09-26T17:47:05Z,h2h,Texas State Bobcats,1.01,,0.9900990099009901,0.9159034138218152,0.2
2026-09-26T17:51:09.140035+00:00,2026-09-26T18:51:09.140035+01:00,ed1c259773ba7494570a1611b44adb30,americanfootball_ncaaf,NCAAF,2026-09-26T22:00:00+00:00,2026-09-26T23:00:00+01:00,Texas State Bobcats,Incarnate Word Cardinals,betfair_ex_uk,Betfair,2026-09-26T17:50:49Z,h2h,Incarnate Word Cardinals,21.0,,0.047619047619047616,0.04675442578302314,0.2
2026-09-26T17:51:09.140035+00:00,2026-09-26T18:51:09.140035+01:00,ed1c259773ba7494570a1611b44adb30,americanfootball_ncaaf,NCAAF,2026-09-26T22:00:00+00:00,2026-09-26T23:00:00+01:00,Texas State Bobcats,Incarnate Word Cardinals,betfair_ex_uk,Betfair,2026-09-26T17:50:49Z,h2h,Texas State Bobcats,1.03,,0.970873786407767,0.9532455742169768,0.2
2026-09-26T17:51:09.140035+00:00,2026-09-26T18:51:09.140035+01:00,ed1c259773ba7494570a1611b44adb30,americanfootball_ncaaf,NCAAF,2026-09-26T22:00:00+00:00,2026-09-26T23:00:00+01:00,Texas State Bobcats,Incarnate Word Cardinals,betfair_ex_uk,Betfair,2026-09-26T17:50:49Z,h2h_lay,Incarnate Word Cardinals,110.0,,0.00909090909090909,1.0,0.2
2026-09-26T17:51:09.140035+00:00,2026-09-26T18:51:09.140035+01:00,ed1c259773ba7494570a1611b44adb30,americanfootball_ncaaf,NCAAF,2026-09-26T22:00:00+00:00,2026-09-26T23:00:00+01:00,Texas State Bobcats,Incarnate Word Cardinals,betfair_ex_uk,Betfair,2026-09-26T17:50:49Z,h2h_lay,Texas State Bobcats,1.05,,0.9523809523809523,1.0,0.2
2026-09-26T17:51:09.140035+00:00,2026-09-26T18:51:09.140035+01:00,ed1c259773ba7494570a1611b44adb30,americanfootball_ncaaf,NCAAF,2026-09-26T22:00:00+00:00,2026-09-26T23:00:00+01:00,Texas State Bobcats,Incarnate Word Cardinals,ladbrokes_uk,Ladbrokes,2026-09-26T17:50:37Z,h2h,Incarnate Word Cardinals,17.0,,0.058823529411764705,0.0560799555802332,0.2
2026-09-26T17:51:09.140035+00:00,2026-09-26T18:51:09.140035+01:00,ed1c259773ba7494570a1611b44adb30,americanfootball_ncaaf,NCAAF,2026-09-26T22:00:00+00:00,2026-09-26T23:00:00+01:00,Texas State Bobcats,Incarnate Word Cardinals,ladbrokes_uk,Ladbrokes,2026-09-26T17:50:37Z,h2h,Texas State Bobcats,1.01,,0.9900990099009901,0.9439200444197667,0.2
2026-09-26T17:51:09.140035+00:00,2026-09-26T18:51:09.140035+01:00,ed1c259773ba7494570a1611b44adb30,americanfootball_ncaaf,NCAAF,2026-09-26T22:00:00+00:00,2026-09-26T23:00:00+01:00,Texas State Bobcats,Incarnate Word Cardinals,coral,Coral,2026-09-26T17:51:06Z,h2h,Incarnate Word Cardinals,17.0,,0.058823529411764705,0.0560799555802332,0.2
2026-09-26T17:51:09.140035+00:00,2026-09-26T18:51:09.140035+01:00,ed1c259773ba7494570a1611b44adb30,americanfootball_ncaaf,NCAAF,2026-09-26T22:00:00+00:00,2026-09-26T23:00:00+01:00,Texas State Bobcats,Incarnate Word Cardinals,coral,Coral,2026-09-26T17:51:06Z,h2h,Texas State Bobcats,1.01,,0.9900990099009901,0.9439200444197667,0.2
2026-09-26T17:51:09.140035+00:00,2026-09-26T18:51:09.140035+01:00,008dd61e19c2456760593773da6a88ef,americanfootball_ncaaf,NCAAF,2026-09-26T22:00:00+00:00,2026-09-26T23:00:00+01:00,Old Dominion Monarchs,James Madison Dukes,unibet_uk,Unibet (UK),2026-09-26T17:50:19Z,h2h,James Madison Dukes,1.34,,0.7462686567164178,0.7112068965517242,0.2
2026-09-26T17:51:09.140035+00:00,2026-09-26T18:51:09.140035+01:00,008dd61e19c2456760593773da6a88ef,americanfootball_ncaaf,NCAAF,2026-09-26T22:00:00+00:00,2026-09-26T23:00:00+01:00,Old Dominion Monarchs,James Madison Dukes,unibet_uk,Unibet (UK),2026-09-26T17:50:19Z,h2h,Old Dominion Monarchs,3.3,,0.30303030303030304,0.2887931034482759,0.2
2026-09-26T17:51:09.140035+00:00,2026-09-26T18:51:09.140035+01:00,008dd61e19c2456760593773da6a88ef,americanfootball_ncaaf,NCAAF,2026-09-26T22:00:00+00:00,2026-09-26T23:00:00+01:00,Old Dominion Monarchs,James Madison Dukes,ladbrokes_uk,Ladbrokes,2026-09-26T17:50:37Z,h2h,James Madison Dukes,1.35,,0.7407407407407407,0.6823529411764706,0.2
2026-09-26T17:51:09.140035+00:00,2026-09-26T18:51:09.140035+01:00,008dd61e19c2456760593773da6a88ef,americanfootball_ncaaf,NCAAF,2026-09-26T22:00:00+00:00,2026-09-26T23:00:00+01:00,Old Dominion Monarchs,James Madison Dukes,ladbrokes_uk,Ladbrokes,2026-09-26T17:50:37Z,h2h,Old Dominion Monarchs,2.9,,0.3448275862068966,0.31764705882352945,0.2
2026-09-26T17:51:09.140035+00:00,2026-09-26T18:51:09.140035+01:00,008dd61e19c2456760593773da6a88ef,americanfootball_ncaaf,NCAAF,2026-09-26T22:00:00+00:00,2026-09-26T23:00:00+01:00,Old Dominion Monarchs,James Madison Dukes,coral,Coral,2026-09-26T17:51:06Z,h2h,James Madison Dukes,1.35,,0.7407407407407407,0.6823529411764706,0.2
2026-09-26T17:51:09.140035+00:00,2026-09-26T18:51:09.140035+01:00,008dd61e19c2456760593773da6a88ef,americanfootball_ncaaf,NCAAF,2026-09-26T22:00:00+00:00,2026-09-26T23:00:00+01:00,Old Dominion Monarchs,James Madison Dukes,coral,Coral,2026-09-26T17:51:06Z,h2h,Old Dominion Monarchs,2.9,,0.3448275862068966,0.31764705882352945,0.2
2026-09-26T17:51:09.140035+00:00,2026-09-26T18:51:09.140035+01:00,008dd61e19c2456760593773da6a88ef,americanfootball_ncaaf,NCAAF,2026-09-26T22:00:00+00:00,2026-09-26T23:00:00+01:00,Old Dominion Monarchs,James Madison Dukes,betway,Betway,2026-09-26T17:50:47Z,h2h,James Madison Dukes,1.36,,0.7352941176470588,0.7049891540130152,0.2
2026-09-26T17:51:09.140035+00:00,2026-09-26T18:51:09.140035+01:00,008dd61e19c2456760593773da6a88ef,americanfootball_ncaaf,NCAAF,2026-09-26T22:00:00+00:00,2026-09-26T23:00:00+01:00,Old Dominion Monarchs,James Madison Dukes,betway,Betway,2026-09-26T17:50:47Z,h2h,Old Dominion Monarchs,3.25,,0.3076923076923077,0.29501084598698485,0.2
2026-09-26T17:51:09.140035+00:00,2026-09-26T18:51:09.140035+01:00,008dd61e19c2456760593773da6a88ef,americanfootball_ncaaf,NCAAF,2026-09-26T22:00:00+00:00,2026-09-26T23:00:00+01:00,Old Dominion Monarchs,James Madison Dukes,betfair_ex_uk,Betfair,2026-09-26T17:50:49Z,h2h,James Madison Dukes,1.44,,0.6944444444444444,0.6896551724137931,0.2
2026-09-26T17:51:09.140035+00:00,2026-09-26T18:51:09.140035+01:00,008dd61e19c2456760593773da6a88ef,americanfootball_ncaaf,NCAAF,2026-09-26T22:00:00+00:00,2026-09-26T23:00:00+01:00,Old Dominion Monarchs,James Madison Dukes,betfair_ex_uk,Betfair,2026-09-26T17:50:49Z,h2h,Old Dominion Monarchs,3.2,,0.3125,0.3103448275862069,0.2
2026-09-26T17:51:09.140035+00:00,2026-09-26T18:51:09.140035+01:00,008dd61e19c2456760593773da6a88ef,americanfootball_ncaaf,NCAAF,2026-09-26T22:00:00+00:00,2026-09-26T23:00:00+01:00,Old Dominion Monarchs,James Madison Dukes,betfair_ex_uk,Betfair,2026-09-26T17:50:49Z,h2h_lay,James Madison Dukes,1.46,,0.684931506849315,1.0,0.2
2026-09-26T17:51:09.140035+00:00,2026-09-26T18:51:09.140035+01:00,008dd61e19c2456760593773da6a88ef,americanfootball_ncaaf,NCAAF,2026-09-26T22:00:00+00:00,2026-09-26T23:00:00+01:00,Old Dominion Monarchs,James Madison Dukes,betfair_ex_uk,Betfair,2026-09-26T17:50:49Z,h2h_lay,Old Dominion Monarchs,3.25,,0.3076923076923077,1.0,0.2
2026-09-26T17:51:09.140035+00:00,2026-09-26T18:51:09.140035+01:00,008dd61e19c2456760593773da6a88ef,americanfootball_ncaaf,NCAAF,2026-09-26T22:00:00+00:00,2026-09-26T23:00:00+01:00,Old Dominion Monarchs,James Madison Dukes,matchbook,Matchbook,2026-09-26T17:51:03Z,h2h,James Madison Dukes,1.44,,0.6944444444444444,0.6896551724137931,0.2
2026-09-26T17:51:09.140035+00:00,2026-09-26T18:51:09.140035+01:00,008dd61e19c2456760593773da6a88ef,americanfootball_ncaaf,NCAAF,2026-09-26T22:00:00+00:00,2026-09-26T23:00:00+01:00,Old Dominion Monarchs,James Madison Dukes,matchbook,Matchbook,2026-09-26T17:51:03Z,h2h,Old Dominion Monarchs,3.2,,0.3125,0.3103448275862069,0.2
2026-09-26T17:51:09.140035+00:00,2026-09-26T18:51:09.140035+01:00,008dd61e19c2456760593773da6a88ef,americanfootball_ncaaf,NCAAF,2026-09-26T22:00:00+00:00,2026-09-26T23:00:00+01:00,Old Dominion Monarchs,James Madison Dukes,matchbook,Matchbook,2026-09-26T17:51:03Z,h2h_lay,James Madison Dukes,1.46,,0.684931506849315,1.0,0.2
2026-09-26T17:51:09.140035+00:00,2026-09-26T18:51:09.140035+01:00,008dd61e19c2456760593773da6a88ef,americanfootball_ncaaf,NCAAF,2026-09-26T22:00:00+00:00,2026-09-26T23:00:00+01:00,Old Dominion Monarchs,James Madison Dukes,matchbook,Matchbook,2026-09-26T17:51:03Z,h2h_lay,Old Dominion Monarchs,3.25,,0.3076923076923077,1.0,0.2
2026-09-26T17:51:09.140035+00:00,2026-09-26T18:51:09.140035+01:00,1f0c9cd1941cbfe5c5ca28fa42e387d8,americanfootball_ncaaf,NCAAF,2026-09-26T22:30:00+00:00,2026-09-26T23:30:00+01:00,Miami Hurricanes,Central Michigan Chippewas,betvictor,Bet Victor,2026-09-26T17:47:05Z,h2h,Central Michigan Chippewas,12.0,,0.08333333333333333,0.07692307692307693,0.2
2026-09-26T17:51:09.140035+00:00,2026-09-26T18:51:09.140035+01:00,1f0c9cd1941cbfe5c5ca28fa42e387d8,americanfootball_ncaaf,NCAAF,2026-09-26T22:30:00+00:00,2026-09-26T23:30:00+01:00,Miami Hurricanes,Central Michigan Chippewas,betvictor,Bet Victor,2026-09-26T17:47:05Z,h2h,Miami Hurricanes,1.0,,1.0,0.9230769230769231,0.2
2026-09-26T17:51:09.140035+00:00,2026-09-26T18:51:09.140035+01:00,c80f5f34b99b9346f4e40cf5304d941d,americanfootball_ncaaf,NCAAF,2026-09-26T22:30:00+00:00,2026-09-26T23:30:00+01:00,Charlotte 49ers,Louisiana Ragin Cajuns,unibet_uk,Unibet (UK),2026-09-26T17:50:19Z,h2h,Charlotte 49ers,4.2,,0.23809523809523808,0.22651933701657456,0.2
2026-09-26T17:51:09.140035+00:00,2026-09-26T18:51:09.140035+01:00,c80f5f34b99b9346f4e40cf5304d941d,americanfootball_ncaaf,NCAAF,2026-09-26T22:30:00+00:00,2026-09-26T23:30:00+01:00,Charlotte 49ers,Louisiana Ragin Cajuns,unibet_uk,Unibet (UK),2026-09-26T17:50:19Z,h2h,Louisiana Ragin Cajuns,1.23,,0.8130081300813008,0.7734806629834253,0.2
2026-09-26T17:51:09.140035+00:00,2026-09-26T18:51:09.140035+01:00,c80f5f34b99b9346f4e40cf5304d941d,americanfootball_ncaaf,NCAAF,2026-09-26T22:30:00+00:00,2026-09-26T23:30:00+01:00,Charlotte 49ers,Louisiana Ragin Cajuns,betvictor,Bet Victor,2026-09-26T17:47:05Z,h2h,Charlotte 49ers,3.9,,0.25641025641025644,0.23828125000000003,0.2
2026-09-26T17:51:09.140035+00:00,2026-09-26T18:51:09.140035+01:00,c80f5f34b99b9346f4e40cf5304d941d,americanfootball_ncaaf,NCAAF,2026-09-26T22:30:00+00:00,2026-09-26T23:30:00+01:00,Charlotte 49ers,Louisiana Ragin Cajuns,betvictor,Bet Victor,2026-09-26T17:47:05Z,h2h,Louisiana Ragin Cajuns,1.22,,0.819672131147541,0.76171875,0.2
2026-09-26T17:51:09.140035+00:00,2026-09-26T18:51:09.140035+01:00,c80f5f34b99b9346f4e40cf5304d941d,americanfootball_ncaaf,NCAAF,2026-09-26T22:30:00+00:00,2026-09-26T23:30:00+01:00,Charlotte 49ers,Louisiana Ragin Cajuns,ladbrokes_uk,Ladbrokes,2026-09-26T17:50:37Z,h2h,Charlotte 49ers,3.9,,0.25641025641025644,0.23828125000000003,0.2
2026-09-26T17:51:09.140035+00:00,2026-09-26T18:51:09.140035+01:00,c80f5f34b99b9346f4e40cf5304d941d,americanfootball_ncaaf,NCAAF,2026-09-26T22:30:00+00:00,2026-09-26T23:30:00+01:00,Charlotte 49ers,Louisiana Ragin Cajuns,ladbrokes_uk,Ladbrokes,2026-09-26T17:50:37Z,h2h,Louisiana Ragin Cajuns,1.22,,0.819672131147541,0.76171875,0.2
2026-09-26T17:51:09.140035+00:00,2026-09-26T18:51:09.140035+01:00,c80f5f34b99b9346f4e40cf5304d941d,americanfootball_ncaaf,NCAAF,2026-09-26T22:30:00+00:00,2026-09-26T23:30:00+01:00,Charlotte 49ers,Louisiana Ragin Cajuns,betway,Betway,2026-09-26T17:50:47Z,h2h,Charlotte 49ers,4.0,,0.25,0.23809523809523808,0.2
2026-09-26T17:51:09.140035+00:00,2026-09-26T18:51:09.140035+01:00,c80f5f34b99b9346f4e40cf5304d941d,americanfootball_ncaaf,NCAAF,2026-09-26T22:30:00+00:00,2026-09-26T23:30:00+01:00,Charlotte 49ers,Louisiana Ragin Cajuns,betway,Betway,2026-09-26T17:50:47Z,h2h,Louisiana Ragin Cajuns,1.25,,0.8,0.7619047619047619,0.2
2026-09-26T17:51:09.140035+00:00,2026-09-26T18:51:09.140035+01:00,c80f5f34b99b9346f4e40cf5304d941d,americanfootball_ncaaf,NCAAF,2026-09-26T22:30:00+00:00,2026-09-26T23:30:00+01:00,Charlotte 49ers,Louisiana Ragin Cajuns,betfair_ex_uk,Betfair,2026-09-26T17:50:49Z,h2h,Charlotte 49ers,4.3,,0.23255813953488372,0.22939068100358423,0.2
2026-09-26T17:51:09.140035+00:00,2026-09-26T18:51:09.140035+01:00,c80f5f34b99b9346f4e40cf5304d941d,americanfootball_ncaaf,NCAAF,2026-09-26T22:30:00+00:00,2026-09-26T23:30:00+01:00,Charlotte 49ers,Louisiana Ragin Cajuns,betfair_ex_uk,Betfair,2026-09-26T17:50:49Z,h2h,Louisiana Ragin Cajuns,1.28,,0.78125,0.7706093189964158,0.2
2026-09-26T17:51:09.140035+00:00,2026-09-26T18:51:09.140035+01:00,c80f5f34b99b9346f4e40cf5304d941d,americanfootball_ncaaf,NCAAF,2026-09-26T22:30:00+00:00,2026-09-26T23:30:00+01:00,Charlotte 49ers,Louisiana Ragin Cajuns,betfair_ex_uk,Betfair,2026-09-26T17:50:49Z,h2h_lay,Charlotte 49ers,4.6,,0.2173913043478261,1.0,0.2
2026-09-26T17:51:09.140035+00:00,2026-09-26T18:51:09.140035+01:00,c80f5f34b99b9346f4e40cf5304d941d,americanfootball_ncaaf,NCAAF,2026-09-26T22:30:00+00:00,2026-09-26T23:30:00+01:00,Charlotte 49ers,Louisiana Ragin Cajuns,betfair_ex_uk,Betfair,2026-09-26T17:50:49Z,h2h_lay,Louisiana Ragin Cajuns,1.31,,0.7633587786259541,1.0,0.2
2026-09-26T17:51:09.140035+00:00,2026-09-26T18:51:09.140035+01:00,c80f5f34b99b9346f4e40cf5304d941d,americanfootball_ncaaf,NCAAF,2026-09-26T22:30:00+00:00,2026-09-26T23:30:00+01:00,Charlotte 49ers,Louisiana Ragin Cajuns,matchbook,Matchbook,2026-09-26T17:51:03Z,h2h,Charlotte 49ers,4.3,,0.23255813953488372,0.23076923076923075,0.2
2026-09-26T17:51:09.140035+00:00,2026-09-26T18:51:09.140035+01:00,c80f5f34b99b9346f4e40cf5304d941d,americanfootball_ncaaf,NCAAF,2026-09-26T22:30:00+00:00,2026-09-26T23:30:00+01:00,Charlotte 49ers,Louisiana Ragin Cajuns,matchbook,Matchbook,2026-09-26T17:51:03Z,h2h,Louisiana Ragin Cajuns,1.29,,0.7751937984496123,0.7692307692307692,0.2
2026-09-26T17:51:09.140035+00:00,2026-09-26T18:51:09.140035+01:00,c80f5f34b99b9346f4e40cf5304d941d,americanfootball_ncaaf,NCAAF,2026-09-26T22:30:00+00:00,2026-09-26T23:30:00+01:00,Charlotte 49ers,Louisiana Ragin Cajuns,matchbook,Matchbook,2026-09-26T17:51:03Z,h2h_lay,Charlotte 49ers,4.5,,0.2222222222222222,1.0,0.2
2026-09-26T17:51:09.140035+00:00,2026-09-26T18:51:09.140035+01:00,c80f5f34b99b9346f4e40cf5304d941d,americanfootball_ncaaf,NCAAF,2026-09-26T22:30:00+00:00,2026-09-26T23:30:00+01:00,Charlotte 49ers,Louisiana Ragin Cajuns,matchbook,Matchbook,2026-09-26T17:51:03Z,h2h_lay,Louisiana Ragin Cajuns,1.31,,0.7633587786259541,1.0,0.2
2026-09-26T17:51:09.140035+00:00,2026-09-26T18:51:09.140035+01:00,c843a3f97a410eedafcfbad440774ad2,americanfootball_ncaaf,NCAAF,2026-09-26T23:00:00+00:00,2026-09-27T00:00:00+01:00,Alabama Crimson Tide,South Carolina Gamecocks,unibet_uk,Unibet (UK),2026-09-26T17:50:19Z,h2h,Alabama Crimson Tide,1.19,,0.8403361344537815,0.8013355592654424,0.2
2026-09-26T17:51:09.140035+00:00,2026-09-26T18:51:09.140035+01:00,c843a3f97a410eedafcfbad440774ad2,americanfootball_ncaaf,NCAAF,2026-09-26T23:00:00+00:00,2026-09-27T00:00:00+01:00,Alabama Crimson Tide,South Carolina Gamecocks,unibet_uk,Unibet (UK),2026-09-26T17:50:19Z,h2h,South Carolina Gamecocks,4.8,,0.20833333333333334,0.1986644407345576,0.2
2026-09-26T17:51:09.140035+00:00,2026-09-26T18:51:09.140035+01:00,c843a3f97a410eedafcfbad440774ad2,americanfootball_ncaaf,NCAAF,2026-09-26T23:00:00+00:00,2026-09-27T00:00:00+01:00,Alabama Crimson Tide,South Carolina Gamecocks,betano_uk,Betano (UK),2026-09-26T17:49:01Z,h2h,Alabama Crimson Tide,1.17,,0.8547008547008548,0.7899461400359067,0.2
2026-09-26T17:51:09.140035+00:00,2026-09-26T18:51:09.140035+01:00,c843a3f97a410eedafcfbad440774ad2,americanfootball_ncaaf,NCAAF,2026-09-26T23:00:00+00:00,2026-09-27T00:00:00+01:00,Alabama Crimson Tide,South Carolina Gamecocks,betano_uk,Betano (UK),2026-09-26T17:49:01Z,h2h,South Carolina Gamecocks,4.4,,0.22727272727272727,0.21005385996409334,0.2
2026-09-26T17:51:09.140035+00:00,2026-09-26T18:51:09.140035+01:00,c843a3f97a410eedafcfbad440774ad2,americanfootball_ncaaf,NCAAF,2026-09-26T23:00:00+00:00,2026-09-27T00:00:00+01:00,Alabama Crimson Tide,South Carolina Gamecocks,betvictor,Bet Victor,2026-09-26T17:49:45Z,h2h,Alabama Crimson Tide,1.17,,0.8547008547008548,0.7899461400359067,0.2
2026-09-26T17:51:09.140035+00:00,2026-09-26T18:51:09.140035+01:00,c843a3f97a410eedafcfbad440774ad2,americanfootball_ncaaf,NCAAF,2026-09-26T23:00:00+00:00,2026-09-27T00:00:00+01:00,Alabama Crimson Tide,South Carolina Gamecocks,betvictor,Bet Victor,2026-09-26T17:49:45Z,h2h,South Carolina Gamecocks,4.4,,0.22727272727272727,0.21005385996409334,0.2
2026-09-26T17:51:09.140035+00:00,2026-09-26T18:51:09.140035+01:00,c843a3f97a410eedafcfbad440774ad2,americanfootball_ncaaf,NCAAF,2026-09-26T23:00:00+00:00,2026-09-27T00:00:00+01:00,Alabama Crimson Tide,South Carolina Gamecocks,ladbrokes_uk,Ladbrokes,2026-09-26T17:50:37Z,h2h,Alabama Crimson Tide,1.17,,0.8547008547008548,0.7972270363951472,0.2
2026-09-26T17:51:09.140035+00:00,2026-09-26T18:51:09.140035+01:00,c843a3f97a410eedafcfbad440774ad2,americanfootball_ncaaf,NCAAF,2026-09-26T23:00:00+00:00,2026-09-27T00:00:00+01:00,Alabama Crimson Tide,South Carolina Gamecocks,ladbrokes_uk,Ladbrokes,2026-09-26T17:50:37Z,h2h,South Carolina Gamecocks,4.6,,0.2173913043478261,0.20277296360485267,0.2
2026-09-26T17:51:09.140035+00:00,2026-09-26T18:51:09.140035+01:00,c843a3f97a410eedafcfbad440774ad2,americanfootball_ncaaf,NCAAF,2026-09-26T23:00:00+00:00,2026-09-27T00:00:00+01:00,Alabama Crimson Tide,South Carolina Gamecocks,coral,Coral,2026-09-26T17:51:06Z,h2h,Alabama Crimson Tide,1.17,,0.8547008547008548,0.7972270363951472,0.2
2026-09-26T17:51:09.140035+00:00,2026-09-26T18:51:09.140035+01:00,c843a3f97a410eedafcfbad440774ad2,americanfootball_ncaaf,NCAAF,2026-09-26T23:00:00+00:00,2026-09-27T00:00:00+01:00,Alabama Crimson Tide,South Carolina Gamecocks,coral,Coral,2026-09-26T17:51:06Z,h2h,South Carolina Gamecocks,4.6,,0.2173913043478261,0.20277296360485267,0.2
2026-09-26T17:51:09.140035+00:00,2026-09-26T18:51:09.140035+01:00,c843a3f97a410eedafcfbad440774ad2,americanfootball_ncaaf,NCAAF,2026-09-26T23:00:00+00:00,2026-09-27T00:00:00+01:00,Alabama Crimson Tide,South Carolina Gamecocks,betway,Betway,2026-09-26T17:50:47Z,h2h,Alabama Crimson Tide,1.2,,0.8333333333333334,0.7983193277310925,0.2
2026-09-26T17:51:09.140035+00:00,2026-09-26T18:51:09.140035+01:00,c843a3f97a410eedafcfbad440774ad2,americanfootball_ncaaf,NCAAF,2026-09-26T23:00:00+00:00,2026-09-27T00:00:00+01:00,Alabama Crimson Tide,South Carolina Gamecocks,betway,Betway,2026-09-26T17:50:47Z,h2h,South Carolina Gamecocks,4.75,,0.21052631578947367,0.20168067226890757,0.2
2026-09-26T17:51:09.140035+00:00,2026-09-26T18:51:09.140035+01:00,c843a3f97a410eedafcfbad440774ad2,americanfootball_ncaaf,NCAAF,2026-09-26T23:00:00+00:00,2026-09-27T00:00:00+01:00,Alabama Crimson Tide,South Carolina Gamecocks,matchbook,Matchbook,2026-09-26T17:51:03Z,h2h,Alabama Crimson Tide,1.22,,0.819672131147541,0.8099688473520249,0.2
2026-09-26T17:51:09.140035+00:00,2026-09-26T18:51:09.140035+01:00,c843a3f97a410eedafcfbad440774ad2,americanfootball_ncaaf,NCAAF,2026-09-26T23:00:00+00:00,2026-09-27T00:00:00+01:00,Alabama Crimson Tide,South Carolina Gamecocks,matchbook,Matchbook,2026-09-26T17:51:03Z,h2h,South Carolina Gamecocks,5.2,,0.1923076923076923,0.19003115264797507,0.2
2026-09-26T17:51:09.140035+00:00,2026-09-26T18:51:09.140035+01:00,c843a3f97a410eedafcfbad440774ad2,americanfootball_ncaaf,NCAAF,2026-09-26T23:00:00+00:00,2026-09-27T00:00:00+01:00,Alabama Crimson Tide,South Carolina Gamecocks,matchbook,Matchbook,2026-09-26T17:51:03Z,h2h_lay,Alabama Crimson Tide,1.24,,0.8064516129032259,1.0,0.2
2026-09-26T17:51:09.140035+00:00,2026-09-26T18:51:09.140035+01:00,c843a3f97a410eedafcfbad440774ad2,americanfootball_ncaaf,NCAAF,2026-09-26T23:00:00+00:00,2026-09-27T00:00:00+01:00,Alabama Crimson Tide,South Carolina Gamecocks,matchbook,Matchbook,2026-09-26T17:51:03Z,h2h_lay,South Carolina Gamecocks,5.5,,0.18181818181818182,1.0,0.2
2026-09-26T17:51:09.140035+00:00,2026-09-26T18:51:09.140035+01:00,c843a3f97a410eedafcfbad440774ad2,americanfootball_ncaaf,NCAAF,2026-09-26T23:00:00+00:00,2026-09-27T00:00:00+01:00,Alabama Crimson Tide,South Carolina Gamecocks,betfair_ex_uk,Betfair,2026-09-26T17:50:49Z,h2h,Alabama Crimson Tide,1.21,,0.8264462809917356,0.8112324492979719,0.2
2026-09-26T17:51:09.140035+00:00,2026-09-26T18:51:09.140035+01:00,c843a3f97a410eedafcfbad440774ad2,americanfootball_ncaaf,NCAAF,2026-09-26T23:00:00+00:00,2026-09-27T00:00:00+01:00,Alabama Crimson Tide,South Carolina Gamecocks,betfair_ex_uk,Betfair,2026-09-26T17:50:49Z,h2h,South Carolina Gamecocks,5.2,,0.1923076923076923,0.18876755070202805,0.2
2026-09-26T17:51:09.140035+00:00,2026-09-26T18:51:09.140035+01:00,c843a3f97a410eedafcfbad440774ad2,americanfootball_ncaaf,NCAAF,2026-09-26T23:00:00+00:00,2026-09-27T00:00:00+01:00,Alabama Crimson Tide,South Carolina Gamecocks,betfair_ex_uk,Betfair,2026-09-26T17:50:49Z,h2h_lay,Alabama Crimson Tide,1.24,,0.8064516129032259,1.0,0.2
2026-09-26T17:51:09.140035+00:00,2026-09-26T18:51:09.140035+01:00,c843a3f97a410eedafcfbad440774ad2,americanfootball_ncaaf,NCAAF,2026-09-26T23:00:00+00:00,2026-09-27T00:00:00+01:00,Alabama Crimson Tide,South Carolina Gamecocks,betfair_ex_uk,Betfair,2026-09-26T17:50:49Z,h2h_lay,South Carolina Gamecocks,5.6,,0.17857142857142858,1.0,0.2
2026-09-26T17:51:09.140035+00:00,2026-09-26T18:51:09.140035+01:00,77c3435e651e2d615870c2c25c8dbf71,americanfootball_ncaaf,NCAAF,2026-09-26T23:00:00+00:00,2026-09-27T00:00:00+01:00,Arkansas State Red Wolves,Kennesaw State Owls,unibet_uk,Unibet (UK),2026-09-26T17:50:19Z,h2h,Arkansas State Red Wolves,1.4,,0.7142857142857143,0.6818181818181818,0.2
2026-09-26T17:51:09.140035+00:00,2026-09-26T18:51:09.140035+01:00,77c3435e651e2d615870c2c25c8dbf71,americanfootball_ncaaf,NCAAF,2026-09-26T23:00:00+00:00,2026-09-27T00:00:00+01:00,Arkansas State Red Wolves,Kennesaw State Owls,unibet_uk,Unibet (UK),2026-09-26T17:50:19Z,h2h,Kennesaw State Owls,3.0,,0.3333333333333333,0.3181818181818181,0.2
2026-09-26T17:51:09.140035+00:00,2026-09-26T18:51:09.140035+01:00,77c3435e651e2d615870c2c25c8dbf71,americanfootball_ncaaf,NCAAF,2026-09-26T23:00:00+00:00,2026-09-27T00:00:00+01:00,Arkansas State Red Wolves,Kennesaw State Owls,ladbrokes_uk,Ladbrokes,2026-09-26T17:50:37Z,h2h,Arkansas State Red Wolves,1.36,,0.7352941176470588,0.6784869976359339,0.2
2026-09-26T17:51:09.140035+00:00,2026-09-26T18:51:09.140035+01:00,77c3435e651e2d615870c2c25c8dbf71,americanfootball_ncaaf,NCAAF,2026-09-26T23:00:00+00:00,2026-09-27T00:00:00+01:00,Arkansas State Red Wolves,Kennesaw State Owls,ladbrokes_uk,Ladbrokes,2026-09-26T17:50:37Z,h2h,Kennesaw State Owls,2.87,,0.3484320557491289,0.3215130023640662,0.2
2026-09-26T17:51:09.140035+00:00,2026-09-26T18:51:09.140035+01:00,77c3435e651e2d615870c2c25c8dbf71,americanfootball_ncaaf,NCAAF,2026-09-26T23:00:00+00:00,2026-09-27T00:00:00+01:00,Arkansas State Red Wolves,Kennesaw State Owls,betway,Betway,2026-09-26T17:50:47Z,h2h,Arkansas State Red Wolves,1.48,,0.6756756756756757,0.6501182033096927,0.2
2026-09-26T17:51:09.140035+00:00,2026-09-26T18:51:09.140035+01:00,77c3435e651e2d615870c2c25c8dbf71,americanfootball_ncaaf,NCAAF,2026-09-26T23:00:00+00:00,2026-09-27T00:00:00+01:00,Arkansas State Red Wolves,Kennesaw State Owls,betway,Betway,2026-09-26T17:50:47Z,h2h,Kennesaw State Owls,2.75,,0.36363636363636365,0.3498817966903074,0.2
2026-09-26T17:51:09.140035+00:00,2026-09-26T18:51:09.140035+01:00,77c3435e651e2d615870c2c25c8dbf71,americanfootball_ncaaf,NCAAF,2026-09-26T23:00:00+00:00,2026-09-27T00:00:00+01:00,Arkansas State Red Wolves,Kennesaw State Owls,betfair_ex_uk,Betfair,2026-09-26T17:50:49Z,h2h,Arkansas State Red Wolves,1.45,,0.6896551724137931,0.6777777777777778,0.2
2026-09-26T17:51:09.140035+00:00,2026-09-26T18:51:09.140035+01:00,77c3435e651e2d615870c2c25c8dbf71,americanfootball_ncaaf,NCAAF,2026-09-26T23:00:00+00:00,2026-09-27T00:00:00+01:00,Arkansas State Red Wolves,Kennesaw State Owls,betfair_ex_uk,Betfair,2026-09-26T17:50:49Z,h2h,Kennesaw State Owls,3.05,,0.3278688524590164,0.32222222222222224,0.2
2026-09-26T17:51:09.140035+00:00,2026-09-26T18:51:09.140035+01:00,77c3435e651e2d615870c2c25c8dbf71,americanfootball_ncaaf,NCAAF,2026-09-26T23:00:00+00:00,2026-09-27T00:00:00+01:00,Arkansas State Red Wolves,Kennesaw State Owls,betfair_ex_uk,Betfair,2026-09-26T17:50:49Z,h2h_lay,Arkansas State Red Wolves,1.48,,0.6756756756756757,1.0,0.2
2026-09-26T17:51:09.140035+00:00,2026-09-26T18:51:09.140035+01:00,77c3435e651e2d615870c2c25c8dbf71,americanfootball_ncaaf,NCAAF,2026-09-26T23:00:00+00:00,2026-09-27T00:00:00+01:00,Arkansas State Red Wolves,Kennesaw State Owls,betfair_ex_uk,Betfair,2026-09-26T17:50:49Z,h2h_lay,Kennesaw State Owls,3.25,,0.3076923076923077,1.0,0.2
2026-09-26T17:51:09.140035+00:00,2026-09-26T18:51:09.140035+01:00,77c3435e651e2d615870c2c25c8dbf71,americanfootball_ncaaf,NCAAF,2026-09-26T23:00:00+00:00,2026-09-27T00:00:00+01:00,Arkansas State Red Wolves,Kennesaw State Owls,matchbook,Matchbook,2026-09-26T17:51:03Z,h2h,Arkansas State Red Wolves,1.45,,0.6896551724137931,0.6777777777777778,0.2
2026-09-26T17:51:09.140035+00:00,2026-09-26T18:51:09.140035+01:00,77c3435e651e2d615870c2c25c8dbf71,americanfootball_ncaaf,NCAAF,2026-09-26T23:00:00+00:00,2026-09-27T00:00:00+01:00,Arkansas State Red Wolves,Kennesaw State Owls,matchbook,Matchbook,2026-09-26T17:51:03Z,h2h,Kennesaw State Owls,3.05,,0.3278688524590164,0.32222222222222224,0.2
2026-09-26T17:51:09.140035+00:00,2026-09-26T18:51:09.140035+01:00,77c3435e651e2d615870c2c25c8dbf71,americanfootball_ncaaf,NCAAF,2026-09-26T23:00:00+00:00,2026-09-27T00:00:00+01:00,Arkansas State Red Wolves,Kennesaw State Owls,matchbook,Matchbook,2026-09-26T17:51:03Z,h2h_lay,Arkansas State Red Wolves,1.48,,0.6756756756756757,1.0,0.2
2026-09-26T17:51:09.140035+00:00,2026-09-26T18:51:09.140035+01:00,77c3435e651e2d615870c2c25c8dbf71,americanfootball_ncaaf,NCAAF,2026-09-26T23:00:00+00:00,2026-09-27T00:00:00+01:00,Arkansas State Red Wolves,Kennesaw State Owls,matchbook,Matchbook,2026-09-26T17:51:03Z,h2h_lay,Kennesaw State Owls,3.25,,0.3076923076923077,1.0,0.2
2026-09-26T17:51:09.140035+00:00,2026-09-26T18:51:09.140035+01:00,77c3435e651e2d615870c2c25c8dbf71,americanfootball_ncaaf,NCAAF,2026-09-26T23:00:00+00:00,2026-09-27T00:00:00+01:00,Arkansas State Red Wolves,Kennesaw State Owls,betvictor,Bet Victor,2026-09-26T17:47:05Z,h2h,Arkansas State Red Wolves,1.36,,0.7352941176470588,0.6792452830188679,0.2
2026-09-26T17:51:09.140035+00:00,2026-09-26T18:51:09.140035+01:00,77c3435e651e2d615870c2c25c8dbf71,americanfootball_ncaaf,NCAAF,2026-09-26T23:00:00+00:00,2026-09-27T00:00:00+01:00,Arkansas State Red Wolves,Kennesaw State Owls,betvictor,Bet Victor,2026-09-26T17:47:05Z,h2h,Kennesaw State Owls,2.88,,0.3472222222222222,0.32075471698113206,0.2
2026-09-26T17:51:09.140035+00:00,2026-09-26T18:51:09.140035+01:00,058628758b85b178ffc5fa09416f3991,americanfootball_ncaaf,NCAAF,2026-09-26T23:00:00+00:00,2026-09-27T00:00:00+01:00,Cincinnati Bearcats,Kansas State Wildcats,unibet_uk,Unibet (UK),2026-09-26T17:50:19Z,h2h,Cincinnati Bearcats,2.9,,0.3448275862068966,0.32870370370370366,0.2
2026-09-26T17:51:09.140035+00:00,2026-09-26T18:51:09.140035+01:00,058628758b85b178ffc5fa09416f3991,americanfootball_ncaaf,NCAAF,2026-09-26T23:00:00+00:00,2026-09-27T00:00:00+01:00,Cincinnati Bearcats,Kansas State Wildcats,unibet_uk,Unibet (UK),2026-09-26T17:50:19Z,h2h,Kansas State Wildcats,1.42,,0.7042253521126761,0.6712962962962963,0.2
2026-09-26T17:51:09.140035+00:00,2026-09-26T18:51:09.140035+01:00,058628758b85b178ffc5fa09416f3991,americanfootball_ncaaf,NCAAF,2026-09-26T23:00:00+00:00,2026-09-27T00:00:00+01:00,Cincinnati Bearcats,Kansas State Wildcats,ladbrokes_uk,Ladbrokes,2026-09-26T17:50:37Z,h2h,Cincinnati Bearcats,2.75,,0.36363636363636365,0.3373493975903614,0.2
2026-09-26T17:51:09.140035+00:00,2026-09-26T18:51:09.140035+01:00,058628758b85b178ffc5fa09416f3991,americanfootball_ncaaf,NCAAF,2026-09-26T23:00:00+00:00,2026-09-27T00:00:00+01:00,Cincinnati Bearcats,Kansas State Wildcats,ladbrokes_uk,Ladbrokes,2026-09-26T17:50:37Z,h2h,Kansas State Wildcats,1.4,,0.7142857142857143,0.6626506024096386,0.2
2026-09-26T17:51:09.140035+00:00,2026-09-26T18:51:09.140035+01:00,058628758b85b178ffc5fa09416f3991,americanfootball_ncaaf,NCAAF,2026-09-26T23:00:00+00:00,2026-09-27T00:00:00+01:00,Cincinnati Bearcats,Kansas State Wildcats,coral,Coral,2026-09-26T17:51:06Z,h2h,Cincinnati Bearcats,2.75,,0.36363636363636365,0.3373493975903614,0.2
2026-09-26T17:51:09.140035+00:00,2026-09-26T18:51:09.140035+01:00,058628758b85b178ffc5fa09416f3991,americanfootball_ncaaf,NCAAF,2026-09-26T23:00:00+00:00,2026-09-27T00:00:00+01:00,Cincinnati Bearcats,Kansas State Wildcats,coral,Coral,2026-09-26T17:51:06Z,h2h,Kansas State Wildcats,1.4,,0.7142857142857143,0.6626506024096386,0.2
2026-09-26T17:51:09.140035+00:00,2026-09-26T18:51:09.140035+01:00,058628758b85b178ffc5fa09416f3991,americanfootball_ncaaf,NCAAF,2026-09-26T23:00:00+00:00,2026-09-27T00:00:00+01:00,Cincinnati Bearcats,Kansas State Wildcats,betway,Betway,2026-09-26T17:50:47Z,h2h,Cincinnati Bearcats,2.75,,0.36363636363636365,0.3436754176610979,0.2
2026-09-26T17:51:09.140035+00:00,2026-09-26T18:51:09.140035+01:00,058628758b85b178ffc5fa09416f3991,americanfootball_ncaaf,NCAAF,2026-09-26T23:00:00+00:00,2026-09-27T00:00:00+01:00,Cincinnati Bearcats,Kansas State Wildcats,betway,Betway,2026-09-26T17:50:47Z,h2h,Kansas State Wildcats,1.44,,0.6944444444444444,0.6563245823389022,0.2
2026-09-26T17:51:09.140035+00:00,2026-09-26T18:51:09.140035+01:00,058628758b85b178ffc5fa09416f3991,americanfootball_ncaaf,NCAAF,2026-09-26T23:00:00+00:00,2026-09-27T00:00:00+01:00,Cincinnati Bearcats,Kansas State Wildcats,betfair_ex_uk,Betfair,2026-09-26T17:50:49Z,h2h,Cincinnati Bearcats,3.0,,0.3333333333333333,0.33035714285714285,0.2
2026-09-26T17:51:09.140035+00:00,2026-09-26T18:51:09.140035+01:00,058628758b85b178ffc5fa09416f3991,americanfootball_ncaaf,NCAAF,2026-09-26T23:00:00+00:00,2026-09-27T00:00:00+01:00,Cincinnati Bearcats,Kansas State Wildcats,betfair_ex_uk,Betfair,2026-09-26T17:50:49Z,h2h,Kansas State Wildcats,1.48,,0.6756756756756757,0.6696428571428572,0.2
2026-09-26T17:51:09.140035+00:00,2026-09-26T18:51:09.140035+01:00,058628758b85b178ffc5fa09416f3991,americanfootball_ncaaf,NCAAF,2026-09-26T23:00:00+00:00,2026-09-27T00:00:00+01:00,Cincinnati Bearcats,Kansas State Wildcats,betfair_ex_uk,Betfair,2026-09-26T17:50:49Z,h2h_lay,Cincinnati Bearcats,3.05,,0.3278688524590164,1.0,0.2
2026-09-26T17:51:09.140035+00:00,2026-09-26T18:51:09.140035+01:00,058628758b85b178ffc5fa09416f3991,americanfootball_ncaaf,NCAAF,2026-09-26T23:00:00+00:00,2026-09-27T00:00:00+01:00,Cincinnati Bearcats,Kansas State Wildcats,betfair_ex_uk,Betfair,2026-09-26T17:50:49Z,h2h_lay,Kansas State Wildcats,1.5,,0.6666666666666666,1.0,0.2
2026-09-26T17:51:09.140035+00:00,2026-09-26T18:51:09.140035+01:00,058628758b85b178ffc5fa09416f3991,americanfootball_ncaaf,NCAAF,2026-09-26T23:00:00+00:00,2026-09-27T00:00:00+01:00,Cincinnati Bearcats,Kansas State Wildcats,matchbook,Matchbook,2026-09-26T17:51:03Z,h2h,Cincinnati Bearcats,2.98,,0.33557046979865773,0.33183856502242154,0.2
2026-09-26T17:51:09.140035+00:00,2026-09-26T18:51:09.140035+01:00,058628758b85b178ffc5fa09416f3991,americanfootball_ncaaf,NCAAF,2026-09-26T23:00:00+00:00,2026-09-27T00:00:00+01:00,Cincinnati Bearcats,Kansas State Wildcats,matchbook,Matchbook,2026-09-26T17:51:03Z,h2h,Kansas State Wildcats,1.48,,0.6756756756756757,0.6681614349775785,0.2
2026-09-26T17:51:09.140035+00:00,2026-09-26T18:51:09.140035+01:00,058628758b85b178ffc5fa09416f3991,americanfootball_ncaaf,NCAAF,2026-09-26T23:00:00+00:00,2026-09-27T00:00:00+01:00,Cincinnati Bearcats,Kansas State Wildcats,matchbook,Matchbook,2026-09-26T17:51:03Z,h2h_lay,Cincinnati Bearcats,3.05,,0.3278688524590164,1.0,0.2
2026-09-26T17:51:09.140035+00:00,2026-09-26T18:51:09.140035+01:00,058628758b85b178ffc5fa09416f3991,americanfootball_ncaaf,NCAAF,2026-09-26T23:00:00+00:00,2026-09-27T00:00:00+01:00,Cincinnati Bearcats,Kansas State Wildcats,matchbook,Matchbook,2026-09-26T17:51:03Z,h2h_lay,Kansas State Wildcats,1.51,,0.6622516556291391,1.0,0.2
2026-09-26T17:51:09.140035+00:00,2026-09-26T18:51:09.140035+01:00,058628758b85b178ffc5fa09416f3991,americanfootball_ncaaf,NCAAF,2026-09-26T23:00:00+00:00,2026-09-27T00:00:00+01:00,Cincinnati Bearcats,Kansas State Wildcats,betvictor,Bet Victor,2026-09-26T17:47:05Z,h2h,Cincinnati Bearcats,2.75,,0.36363636363636365,0.3373493975903614,0.2
2026-09-26T17:51:09.140035+00:00,2026-09-26T18:51:09.140035+01:00,058628758b85b178ffc5fa09416f3991,americanfootball_ncaaf,NCAAF,2026-09-26T23:00:00+00:00,2026-09-27T00:00:00+01:00,Cincinnati Bearcats,Kansas State Wildcats,betvictor,Bet Victor,2026-09-26T17:47:05Z,h2h,Kansas State Wildcats,1.4,,0.7142857142857143,0.6626506024096386,0.2
2026-09-26T17:51:09.140035+00:00,2026-09-26T18:51:09.140035+01:00,fe0fb2e29062d93898ebdd583329194d,americanfootball_ncaaf,NCAAF,2026-09-26T23:00:00+00:00,2026-09-27T00:00:00+01:00,Jacksonville State Gamecocks,Middle Tennessee Blue Raiders,unibet_uk,Unibet (UK),2026-09-26T17:50:19Z,h2h,Jacksonville State Gamecocks,1.32,,0.7575757575757576,0.7203389830508474,0.2
2026-09-26T17:51:09.140035+00:00,2026-09-26T18:51:09.140035+01:00,fe0fb2e29062d93898ebdd583329194d,americanfootball_ncaaf,NCAAF,2026-09-26T23:00:00+00:00,2026-09-27T00:00:00+01:00,Jacksonville State Gamecocks,Middle Tennessee Blue Raiders,unibet_uk,Unibet (UK),2026-09-26T17:50:19Z,h2h,Middle Tennessee Blue Raiders,3.4,,0.29411764705882354,0.2796610169491525,0.2
2026-09-26T17:51:09.140035+00:00,2026-09-26T18:51:09.140035+01:00,fe0fb2e29062d93898ebdd583329194d,americanfootball_ncaaf,NCAAF,2026-09-26T23:00:00+00:00,2026-09-27T00:00:00+01:00,Jacksonville State Gamecocks,Middle Tennessee Blue Raiders,ladbrokes_uk,Ladbrokes,2026-09-26T17:50:37Z,h2h,Jacksonville State Gamecocks,1.3,,0.7692307692307692,0.7045454545454546,0.2
2026-09-26T17:51:09.140035+00:00,2026-09-26T18:51:09.140035+01:00,fe0fb2e29062d93898ebdd583329194d,americanfootball_ncaaf,NCAAF,2026-09-26T23:00:00+00:00,2026-09-27T00:00:00+01:00,Jacksonville State Gamecocks,Middle Tennessee Blue Raiders,ladbrokes_uk,Ladbrokes,2026-09-26T17:50:37Z,h2h,Middle Tennessee Blue Raiders,3.1,,0.3225806451612903,0.29545454545454547,0.2
2026-09-26T17:51:09.140035+00:00,2026-09-26T18:51:09.140035+01:00,fe0fb2e29062d93898ebdd583329194d,americanfootball_ncaaf,NCAAF,2026-09-26T23:00:00+00:00,2026-09-27T00:00:00+01:00,Jacksonville State Gamecocks,Middle Tennessee Blue Raiders,betway,Betway,2026-09-26T17:50:47Z,h2h,Jacksonville State Gamecocks,1.36,,0.7352941176470588,0.7049891540130152,0.2
2026-09-26T17:51:09.140035+00:00,2026-09-26T18:51:09.140035+01:00,fe0fb2e29062d93898ebdd583329194d,americanfootball_ncaaf,NCAAF,2026-09-26T23:00:00+00:00,2026-09-27T00:00:00+01:00,Jacksonville State Gamecocks,Middle Tennessee Blue Raiders,betway,Betway,2026-09-26T17:50:47Z,h2h,Middle Tennessee Blue Raiders,3.25,,0.3076923076923077,0.29501084598698485,0.2
2026-09-26T17:51:09.140035+00:00,2026-09-26T18:51:09.140035+01:00,fe0fb2e29062d93898ebdd583329194d,americanfootball_ncaaf,NCAAF,2026-09-26T23:00:00+00:00,2026-09-27T00:00:00+01:00,Jacksonville State Gamecocks,Middle Tennessee Blue Raiders,matchbook,Matchbook,2026-09-26T17:51:03Z,h2h,Jacksonville State Gamecocks,1.37,,0.7299270072992701,0.7215447154471544,0.2
2026-09-26T17:51:09.140035+00:00,2026-09-26T18:51:09.140035+01:00,fe0fb2e29062d93898ebdd583329194d,americanfootball_ncaaf,NCAAF,2026-09-26T23:00:00+00:00,2026-09-27T00:00:00+01:00,Jacksonville State Gamecocks,Middle Tennessee Blue Raiders,matchbook,Matchbook,2026-09-26T17:51:03Z,h2h,Middle Tennessee Blue Raiders,3.55,,0.28169014084507044,0.2784552845528455,0.2
2026-09-26T17:51:09.140035+00:00,2026-09-26T18:51:09.140035+01:00,fe0fb2e29062d93898ebdd583329194d,americanfootball_ncaaf,NCAAF,2026-09-26T23:00:00+00:00,2026-09-27T00:00:00+01:00,Jacksonville State Gamecocks,Middle Tennessee Blue Raiders,matchbook,Matchbook,2026-09-26T17:51:03Z,h2h_lay,Jacksonville State Gamecocks,1.4,,0.7142857142857143,1.0,0.2
2026-09-26T17:51:09.140035+00:00,2026-09-26T18:51:09.140035+01:00,fe0fb2e29062d93898ebdd583329194d,americanfootball_ncaaf,NCAAF,2026-09-26T23:00:00+00:00,2026-09-27T00:00:00+01:00,Jacksonville State Gamecocks,Middle Tennessee Blue Raiders,matchbook,Matchbook,2026-09-26T17:51:03Z,h2h_lay,Middle Tennessee Blue Raiders,3.7,,0.27027027027027023,1.0,0.2
2026-09-26T17:51:09.140035+00:00,2026-09-26T18:51:09.140035+01:00,fe0fb2e29062d93898ebdd583329194d,americanfootball_ncaaf,NCAAF,2026-09-26T23:00:00+00:00,2026-09-27T00:00:00+01:00,Jacksonville State Gamecocks,Middle Tennessee Blue Raiders,betfair_ex_uk,Betfair,2026-09-26T17:50:49Z,h2h,Jacksonville State Gamecocks,1.37,,0.7299270072992701,0.7186858316221767,0.2
2026-09-26T17:51:09.140035+00:00,2026-09-26T18:51:09.140035+01:00,fe0fb2e29062d93898ebdd583329194d,americanfootball_ncaaf,NCAAF,2026-09-26T23:00:00+00:00,2026-09-27T00:00:00+01:00,Jacksonville State Gamecocks,Middle Tennessee Blue Raiders,betfair_ex_uk,Betfair,2026-09-26T17:50:49Z,h2h,Middle Tennessee Blue Raiders,3.5,,0.2857142857142857,0.2813141683778234,0.2
2026-09-26T17:51:09.140035+00:00,2026-09-26T18:51:09.140035+01:00,fe0fb2e29062d93898ebdd583329194d,americanfootball_ncaaf,NCAAF,2026-09-26T23:00:00+00:00,2026-09-27T00:00:00+01:00,Jacksonville State Gamecocks,Middle Tennessee Blue Raiders,betfair_ex_uk,Betfair,2026-09-26T17:50:49Z,h2h_lay,Jacksonville State Gamecocks,1.4,,0.7142857142857143,1.0,0.2
2026-09-26T17:51:09.140035+00:00,2026-09-26T18:51:09.140035+01:00,fe0fb2e29062d93898ebdd583329194d,americanfootball_ncaaf,NCAAF,2026-09-26T23:00:00+00:00,2026-09-27T00:00:00+01:00,Jacksonville State Gamecocks,Middle Tennessee Blue Raiders,betfair_ex_uk,Betfair,2026-09-26T17:50:49Z,h2h_lay,Middle Tennessee Blue Raiders,3.7,,0.27027027027027023,1.0,0.2
2026-09-26T17:51:09.140035+00:00,2026-09-26T18:51:09.140035+01:00,fe0fb2e29062d93898ebdd583329194d,americanfootball_ncaaf,NCAAF,2026-09-26T23:00:00+00:00,2026-09-27T00:00:00+01:00,Jacksonville State Gamecocks,Middle Tennessee Blue Raiders,betvictor,Bet Victor,2026-09-26T17:47:05Z,h2h,Jacksonville State Gamecocks,1.3,,0.7692307692307692,0.7142857142857143,0.2
2026-09-26T17:51:09.140035+00:00,2026-09-26T18:51:09.140035+01:00,fe0fb2e29062d93898ebdd583329194d,americanfootball_ncaaf,NCAAF,2026-09-26T23:00:00+00:00,2026-09-27T00:00:00+01:00,Jacksonville State Gamecocks,Middle Tennessee Blue Raiders,betvictor,Bet Victor,2026-09-26T17:47:05Z,h2h,Middle Tennessee Blue Raiders,3.25,,0.3076923076923077,0.28571428571428575,0.2
2026-09-26T17:51:09.140035+00:00,2026-09-26T18:51:09.140035+01:00,4d7e7ede70991b52414228a5fd0b303d,americanfootball_ncaaf,NCAAF,2026-09-26T23:00:00+00:00,2026-09-27T00:00:00+01:00,Western Kentucky Hilltoppers,Mercyhurst Lakers,betvictor,Bet Victor,2026-09-26T17:49:45Z,h2h,Mercyhurst Lakers,12.0,,0.08333333333333333,0.07692307692307693,0.2
2026-09-26T17:51:09.140035+00:00,2026-09-26T18:51:09.140035+01:00,4d7e7ede70991b52414228a5fd0b303d,americanfootball_ncaaf,NCAAF,2026-09-26T23:00:00+00:00,2026-09-27T00:00:00+01:00,Western Kentucky Hilltoppers,Mercyhurst Lakers,betvictor,Bet Victor,2026-09-26T17:49:45Z,h2h,Western Kentucky Hilltoppers,1.0,,1.0,0.9230769230769231,0.2
2026-09-26T17:51:09.140035+00:00,2026-09-26T18:51:09.140035+01:00,4d7e7ede70991b52414228a5fd0b303d,americanfootball_ncaaf,NCAAF,2026-09-26T23:00:00+00:00,2026-09-27T00:00:00+01:00,Western Kentucky Hilltoppers,Mercyhurst Lakers,betano_uk,Betano (UK),2026-09-26T17:49:01Z,h2h,Mercyhurst Lakers,12.0,,0.08333333333333333,0.07692307692307693,0.2
2026-09-26T17:51:09.140035+00:00,2026-09-26T18:51:09.140035+01:00,4d7e7ede70991b52414228a5fd0b303d,americanfootball_ncaaf,NCAAF,2026-09-26T23:00:00+00:00,2026-09-27T00:00:00+01:00,Western Kentucky Hilltoppers,Mercyhurst Lakers,betano_uk,Betano (UK),2026-09-26T17:49:01Z,h2h,Western Kentucky Hilltoppers,1.0,,1.0,0.9230769230769231,0.2
2026-09-26T17:51:09.140035+00:00,2026-09-26T18:51:09.140035+01:00,4d7e7ede70991b52414228a5fd0b303d,americanfootball_ncaaf,NCAAF,2026-09-26T23:00:00+00:00,2026-09-27T00:00:00+01:00,Western Kentucky Hilltoppers,Mercyhurst Lakers,ladbrokes_uk,Ladbrokes,2026-09-26T17:50:37Z,h2h,Mercyhurst Lakers,61.0,,0.01639344262295082,0.016129032258064516,0.2
2026-09-26T17:51:09.140035+00:00,2026-09-26T18:51:09.140035+01:00,4d7e7ede70991b52414228a5fd0b303d,americanfootball_ncaaf,NCAAF,2026-09-26T23:00:00+00:00,2026-09-27T00:00:00+01:00,Western Kentucky Hilltoppers,Mercyhurst Lakers,ladbrokes_uk,Ladbrokes,2026-09-26T17:50:37Z,h2h,Western Kentucky Hilltoppers,1.0,,1.0,0.9838709677419355,0.2
2026-09-26T17:51:09.140035+00:00,2026-09-26T18:51:09.140035+01:00,4d7e7ede70991b52414228a5fd0b303d,americanfootball_ncaaf,NCAAF,2026-09-26T23:00:00+00:00,2026-09-27T00:00:00+01:00,Western Kentucky Hilltoppers,Mercyhurst Lakers,coral,Coral,2026-09-26T17:51:06Z,h2h,Mercyhurst Lakers,61.0,,0.01639344262295082,0.016129032258064516,0.2
2026-09-26T17:51:09.140035+00:00,2026-09-26T18:51:09.140035+01:00,4d7e7ede70991b52414228a5fd0b303d,americanfootball_ncaaf,NCAAF,2026-09-26T23:00:00+00:00,2026-09-27T00:00:00+01:00,Western Kentucky Hilltoppers,Mercyhurst Lakers,coral,Coral,2026-09-26T17:51:06Z,h2h,Western Kentucky Hilltoppers,1.0,,1.0,0.9838709677419355,0.2
2026-09-26T17:51:09.140035+00:00,2026-09-26T18:51:09.140035+01:00,6c95114d806556a04a0d719e62c042d7,americanfootball_ncaaf,NCAAF,2026-09-26T23:00:00+00:00,2026-09-27T00:00:00+01:00,West Virginia Mountaineers,Oklahoma State Cowboys,unibet_uk,Unibet (UK),2026-09-26T17:50:19Z,h2h,Oklahoma State Cowboys,2.05,,0.48780487804878053,0.4647519582245431,0.2
2026-09-26T17:51:09.140035+00:00,2026-09-26T18:51:09.140035+01:00,6c95114d806556a04a0d719e62c042d7,americanfootball_ncaaf,NCAAF,2026-09-26T23:00:00+00:00,2026-09-27T00:00:00+01:00,West Virginia Mountaineers,Oklahoma State Cowboys,unibet_uk,Unibet (UK),2026-09-26T17:50:19Z,h2h,West Virginia Mountaineers,1.78,,0.5617977528089888,0.5352480417754569,0.2
2026-09-26T17:51:09.140035+00:00,2026-09-26T18:51:09.140035+01:00,6c95114d806556a04a0d719e62c042d7,americanfootball_ncaaf,NCAAF,2026-09-26T23:00:00+00:00,2026-09-27T00:00:00+01:00,West Virginia Mountaineers,Oklahoma State Cowboys,betano_uk,Betano (UK),2026-09-26T17:49:01Z,h2h,Oklahoma State Cowboys,2.0,,0.5,0.4638069705093834,0.2
2026-09-26T17:51:09.140035+00:00,2026-09-26T18:51:09.140035+01:00,6c95114d806556a04a0d719e62c042d7,americanfootball_ncaaf,NCAAF,2026-09-26T23:00:00+00:00,2026-09-27T00:00:00+01:00,West Virginia Mountaineers,Oklahoma State Cowboys,betano_uk,Betano (UK),2026-09-26T17:49:01Z,h2h,West Virginia Mountaineers,1.73,,0.5780346820809249,0.5361930294906166,0.2
2026-09-26T17:51:09.140035+00:00,2026-09-26T18:51:09.140035+01:00,6c95114d806556a04a0d719e62c042d7,americanfootball_ncaaf,NCAAF,2026-09-26T23:00:00+00:00,2026-09-27T00:00:00+01:00,West Virginia Mountaineers,Oklahoma State Cowboys,betvictor,Bet Victor,2026-09-26T17:49:45Z,h2h,Oklahoma State Cowboys,2.0,,0.5,0.4638069705093834,0.2
2026-09-26T17:51:09.140035+00:00,2026-09-26T18:51:09.140035+01:00,6c95114d806556a04a0d719e62c042d7,americanfootball_ncaaf,NCAAF,2026-09-26T23:00:00+00:00,2026-09-27T00:00:00+01:00,West Virginia Mountaineers,Oklahoma State Cowboys,betvictor,Bet Victor,2026-09-26T17:49:45Z,h2h,West Virginia Mountaineers,1.73,,0.5780346820809249,0.5361930294906166,0.2
2026-09-26T17:51:09.140035+00:00,2026-09-26T18:51:09.140035+01:00,6c95114d806556a04a0d719e62c042d7,americanfootball_ncaaf,NCAAF,2026-09-26T23:00:00+00:00,2026-09-27T00:00:00+01:00,West Virginia Mountaineers,Oklahoma State Cowboys,ladbrokes_uk,Ladbrokes,2026-09-26T17:50:37Z,h2h,Oklahoma State Cowboys,2.0,,0.5,0.4666666666666667,0.2
2026-09-26T17:51:09.140035+00:00,2026-09-26T18:51:09.140035+01:00,6c95114d806556a04a0d719e62c042d7,americanfootball_ncaaf,NCAAF,2026-09-26T23:00:00+00:00,2026-09-27T00:00:00+01:00,West Virginia Mountaineers,Oklahoma State Cowboys,ladbrokes_uk,Ladbrokes,2026-09-26T17:50:37Z,h2h,West Virginia Mountaineers,1.75,,0.5714285714285714,0.5333333333333333,0.2
2026-09-26T17:51:09.140035+00:00,2026-09-26T18:51:09.140035+01:00,6c95114d806556a04a0d719e62c042d7,americanfootball_ncaaf,NCAAF,2026-09-26T23:00:00+00:00,2026-09-27T00:00:00+01:00,West Virginia Mountaineers,Oklahoma State Cowboys,betway,Betway,2026-09-26T17:50:47Z,h2h,Oklahoma State Cowboys,2.0,,0.5,0.47780678851174935,0.2
2026-09-26T17:51:09.140035+00:00,2026-09-26T18:51:09.140035+01:00,6c95114d806556a04a0d719e62c042d7,americanfootball_ncaaf,NCAAF,2026-09-26T23:00:00+00:00,2026-09-27T00:00:00+01:00,West Virginia Mountaineers,Oklahoma State Cowboys,betway,Betway,2026-09-26T17:50:47Z,h2h,West Virginia Mountaineers,1.83,,0.5464480874316939,0.5221932114882506,0.2
2026-09-26T17:51:09.140035+00:00,2026-09-26T18:51:09.140035+01:00,6c95114d806556a04a0d719e62c042d7,americanfootball_ncaaf,NCAAF,2026-09-26T23:00:00+00:00,2026-09-27T00:00:00+01:00,West Virginia Mountaineers,Oklahoma State Cowboys,matchbook,Matchbook,2026-09-26T17:51:03Z,h2h,Oklahoma State Cowboys,2.04,,0.49019607843137253,0.47557840616966585,0.2
2026-09-26T17:51:09.140035+00:00,2026-09-26T18:51:09.140035+01:00,6c95114d806556a04a0d719e62c042d7,americanfootball_ncaaf,NCAAF,2026-09-26T23:00:00+00:00,2026-09-27T00:00:00+01:00,West Virginia Mountaineers,Oklahoma State Cowboys,matchbook,Matchbook,2026-09-26T17:51:03Z,h2h,West Virginia Mountaineers,1.85,,0.5405405405405405,0.5244215938303342,0.2
2026-09-26T17:51:09.140035+00:00,2026-09-26T18:51:09.140035+01:00,6c95114d806556a04a0d719e62c042d7,americanfootball_ncaaf,NCAAF,2026-09-26T23:00:00+00:00,2026-09-27T00:00:00+01:00,West Virginia Mountaineers,Oklahoma State Cowboys,matchbook,Matchbook,2026-09-26T17:51:03Z,h2h_lay,Oklahoma State Cowboys,2.18,,0.4587155963302752,1.0,0.2
2026-09-26T17:51:09.140035+00:00,2026-09-26T18:51:09.140035+01:00,6c95114d806556a04a0d719e62c042d7,americanfootball_ncaaf,NCAAF,2026-09-26T23:00:00+00:00,2026-09-27T00:00:00+01:00,West Virginia Mountaineers,Oklahoma State Cowboys,matchbook,Matchbook,2026-09-26T17:51:03Z,h2h_lay,West Virginia Mountaineers,1.96,,0.5102040816326531,1.0,0.2
2026-09-26T17:51:09.140035+00:00,2026-09-26T18:51:09.140035+01:00,3281b4e05dfe8a0a41afe9868a9094fa,americanfootball_ncaaf,NCAAF,2026-09-26T23:00:00+00:00,2026-09-27T00:00:00+01:00,Tulane Green Wave,Southern Mississippi Golden Eagles,unibet_uk,Unibet (UK),2026-09-26T17:50:19Z,h2h,Southern Mississippi Golden Eagles,7.5,,0.13333333333333333,0.12790697674418605,0.2
2026-09-26T17:51:09.140035+00:00,2026-09-26T18:51:09.140035+01:00,3281b4e05dfe8a0a41afe9868a9094fa,americanfootball_ncaaf,NCAAF,2026-09-26T23:00:00+00:00,2026-09-27T00:00:00+01:00,Tulane Green Wave,Southern Mississippi Golden Eagles,unibet_uk,Unibet (UK),2026-09-26T17:50:19Z,h2h,Tulane Green Wave,1.1,,0.9090909090909091,0.8720930232558138,0.2
2026-09-26T17:51:09.140035+00:00,2026-09-26T18:51:09.140035+01:00,3281b4e05dfe8a0a41afe9868a9094fa,americanfootball_ncaaf,NCAAF,2026-09-26T23:00:00+00:00,2026-09-27T00:00:00+01:00,Tulane Green Wave,Southern Mississippi Golden Eagles,ladbrokes_uk,Ladbrokes,2026-09-26T17:50:37Z,h2h,Southern Mississippi Golden Eagles,7.0,,0.14285714285714285,0.13366336633663367,0.2
2026-09-26T17:51:09.140035+00:00,2026-09-26T18:51:09.140035+01:00,3281b4e05dfe8a0a41afe9868a9094fa,americanfootball_ncaaf,NCAAF,2026-09-26T23:00:00+00:00,2026-09-27T00:00:00+01:00,Tulane Green Wave,Southern Mississippi Golden Eagles,ladbrokes_uk,Ladbrokes,2026-09-26T17:50:37Z,h2h,Tulane Green Wave,1.08,,0.9259259259259258,0.8663366336633663,0.2
2026-09-26T17:51:09.140035+00:00,2026-09-26T18:51:09.140035+01:00,3281b4e05dfe8a0a41afe9868a9094fa,americanfootball_ncaaf,NCAAF,2026-09-26T23:00:00+00:00,2026-09-27T00:00:00+01:00,Tulane Green Wave,Southern Mississippi Golden Eagles,coral,Coral,2026-09-26T17:51:06Z,h2h,Southern Mississippi Golden Eagles,7.0,,0.14285714285714285,0.13366336633663367,0.2
2026-09-26T17:51:09.140035+00:00,2026-09-26T18:51:09.140035+01:00,3281b4e05dfe8a0a41afe9868a9094fa,americanfootball_ncaaf,NCAAF,2026-09-26T23:00:00+00:00,2026-09-27T00:00:00+01:00,Tulane Green Wave,Southern Mississippi Golden Eagles,coral,Coral,2026-09-26T17:51:06Z,h2h,Tulane Green Wave,1.08,,0.9259259259259258,0.8663366336633663,0.2
2026-09-26T17:51:09.140035+00:00,2026-09-26T18:51:09.140035+01:00,3281b4e05dfe8a0a41afe9868a9094fa,americanfootball_ncaaf,NCAAF,2026-09-26T23:00:00+00:00,2026-09-27T00:00:00+01:00,Tulane Green Wave,Southern Mississippi Golden Eagles,betway,Betway,2026-09-26T17:50:47Z,h2h,Southern Mississippi Golden Eagles,7.0,,0.14285714285714285,0.1368680641183724,0.2
2026-09-26T17:51:09.140035+00:00,2026-09-26T18:51:09.140035+01:00,3281b4e05dfe8a0a41afe9868a9094fa,americanfootball_ncaaf,NCAAF,2026-09-26T23:00:00+00:00,2026-09-27T00:00:00+01:00,Tulane Green Wave,Southern Mississippi Golden Eagles,betway,Betway,2026-09-26T17:50:47Z,h2h,Tulane Green Wave,1.11,,0.9009009009009008,0.8631319358816276,0.2
2026-09-26T17:51:09.140035+00:00,2026-09-26T18:51:09.140035+01:00,3281b4e05dfe8a0a41afe9868a9094fa,americanfootball_ncaaf,NCAAF,2026-09-26T23:00:00+00:00,2026-09-27T00:00:00+01:00,Tulane Green Wave,Southern Mississippi Golden Eagles,matchbook,Matchbook,2026-09-26T17:51:03Z,h2h,Southern Mississippi Golden Eagles,9.6,,0.10416666666666667,0.10364145658263306,0.2
2026-09-26T17:51:09.140035+00:00,2026-09-26T18:51:09.140035+01:00,3281b4e05dfe8a0a41afe9868a9094fa,americanfootball_ncaaf,NCAAF,2026-09-26T23:00:00+00:00,2026-09-27T00:00:00+01:00,Tulane Green Wave,Southern Mississippi Golden Eagles,matchbook,Matchbook,2026-09-26T17:51:03Z,h2h,Tulane Green Wave,1.11,,0.9009009009009008,0.8963585434173669,0.2
2026-09-26T17:51:09.140035+00:00,2026-09-26T18:51:09.140035+01:00,3281b4e05dfe8a0a41afe9868a9094fa,americanfootball_ncaaf,NCAAF,2026-09-26T23:00:00+00:00,2026-09-27T00:00:00+01:00,Tulane Green Wave,Southern Mississippi Golden Eagles,matchbook,Matchbook,2026-09-26T17:51:03Z,h2h_lay,Southern Mississippi Golden Eagles,10.5,,0.09523809523809523,1.0,0.2
2026-09-26T17:51:09.140035+00:00,2026-09-26T18:51:09.140035+01:00,3281b4e05dfe8a0a41afe9868a9094fa,americanfootball_ncaaf,NCAAF,2026-09-26T23:00:00+00:00,2026-09-27T00:00:00+01:00,Tulane Green Wave,Southern Mississippi Golden Eagles,matchbook,Matchbook,2026-09-26T17:51:03Z,h2h_lay,Tulane Green Wave,1.12,,0.8928571428571428,1.0,0.2
2026-09-26T17:51:09.140035+00:00,2026-09-26T18:51:09.140035+01:00,3281b4e05dfe8a0a41afe9868a9094fa,americanfootball_ncaaf,NCAAF,2026-09-26T23:00:00+00:00,2026-09-27T00:00:00+01:00,Tulane Green Wave,Southern Mississippi Golden Eagles,betvictor,Bet Victor,2026-09-26T17:47:05Z,h2h,Southern Mississippi Golden Eagles,6.25,,0.16,0.14733969986357437,0.2
2026-09-26T17:51:09.140035+00:00,2026-09-26T18:51:09.140035+01:00,3281b4e05dfe8a0a41afe9868a9094fa,americanfootball_ncaaf,NCAAF,2026-09-26T23:00:00+00:00,2026-09-27T00:00:00+01:00,Tulane Green Wave,Southern Mississippi Golden Eagles,betvictor,Bet Victor,2026-09-26T17:47:05Z,h2h,Tulane Green Wave,1.08,,0.9259259259259258,0.8526603001364257,0.2
2026-09-26T17:51:09.140035+00:00,2026-09-26T18:51:09.140035+01:00,3281b4e05dfe8a0a41afe9868a9094fa,americanfootball_ncaaf,NCAAF,2026-09-26T23:00:00+00:00,2026-09-27T00:00:00+01:00,Tulane Green Wave,Southern Mississippi Golden Eagles,betfair_ex_uk,Betfair,2026-09-26T17:50:49Z,h2h,Southern Mississippi Golden Eagles,9.6,,0.10416666666666667,0.10364145658263306,0.2
2026-09-26T17:51:09.140035+00:00,2026-09-26T18:51:09.140035+01:00,3281b4e05dfe8a0a41afe9868a9094fa,americanfootball_ncaaf,NCAAF,2026-09-26T23:00:00+00:00,2026-09-27T00:00:00+01:00,Tulane Green Wave,Southern Mississippi Golden Eagles,betfair_ex_uk,Betfair,2026-09-26T17:50:49Z,h2h,Tulane Green Wave,1.11,,0.9009009009009008,0.8963585434173669,0.2
2026-09-26T17:51:09.140035+00:00,2026-09-26T18:51:09.140035+01:00,3281b4e05dfe8a0a41afe9868a9094fa,americanfootball_ncaaf,NCAAF,2026-09-26T23:00:00+00:00,2026-09-27T00:00:00+01:00,Tulane Green Wave,Southern Mississippi Golden Eagles,betfair_ex_uk,Betfair,2026-09-26T17:50:49Z,h2h_lay,Southern Mississippi Golden Eagles,10.5,,0.09523809523809523,1.0,0.2
2026-09-26T17:51:09.140035+00:00,2026-09-26T18:51:09.140035+01:00,3281b4e05dfe8a0a41afe9868a9094fa,americanfootball_ncaaf,NCAAF,2026-09-26T23:00:00+00:00,2026-09-27T00:00:00+01:00,Tulane Green Wave,Southern Mississippi Golden Eagles,betfair_ex_uk,Betfair,2026-09-26T17:50:49Z,h2h_lay,Tulane Green Wave,1.12,,0.8928571428571428,1.0,0.2
2026-09-26T17:51:09.140035+00:00,2026-09-26T18:51:09.140035+01:00,d4cee1a13bc1d87828ec7809d56b9496,americanfootball_ncaaf,NCAAF,2026-09-26T23:30:00+00:00,2026-09-27T00:30:00+01:00,NC State Wolfpack,Appalachian State Mountaineers,unibet_uk,Unibet (UK),2026-09-26T17:50:19Z,h2h,Appalachian State Mountaineers,5.0,,0.2,0.18962722852512157,0.2
2026-09-26T17:51:09.140035+00:00,2026-09-26T18:51:09.140035+01:00,d4cee1a13bc1d87828ec7809d56b9496,americanfootball_ncaaf,NCAAF,2026-09-26T23:30:00+00:00,2026-09-27T00:30:00+01:00,NC State Wolfpack,Appalachian State Mountaineers,unibet_uk,Unibet (UK),2026-09-26T17:50:19Z,h2h,NC State Wolfpack,1.17,,0.8547008547008548,0.8103727714748785,0.2
2026-09-26T17:51:09.140035+00:00,2026-09-26T18:51:09.140035+01:00,d4cee1a13bc1d87828ec7809d56b9496,americanfootball_ncaaf,NCAAF,2026-09-26T23:30:00+00:00,2026-09-27T00:30:00+01:00,NC State Wolfpack,Appalachian State Mountaineers,ladbrokes_uk,Ladbrokes,2026-09-26T17:50:37Z,h2h,Appalachian State Mountaineers,4.8,,0.20833333333333334,0.19327731092436976,0.2
2026-09-26T17:51:09.140035+00:00,2026-09-26T18:51:09.140035+01:00,d4cee1a13bc1d87828ec7809d56b9496,americanfootball_ncaaf,NCAAF,2026-09-26T23:30:00+00:00,2026-09-27T00:30:00+01:00,NC State Wolfpack,Appalachian State Mountaineers,ladbrokes_uk,Ladbrokes,2026-09-26T17:50:37Z,h2h,NC State Wolfpack,1.15,,0.8695652173913044,0.8067226890756303,0.2
2026-09-26T17:51:09.140035+00:00,2026-09-26T18:51:09.140035+01:00,d4cee1a13bc1d87828ec7809d56b9496,americanfootball_ncaaf,NCAAF,2026-09-26T23:30:00+00:00,2026-09-27T00:30:00+01:00,NC State Wolfpack,Appalachian State Mountaineers,betway,Betway,2026-09-26T17:50:47Z,h2h,Appalachian State Mountaineers,5.0,,0.2,0.19093851132686082,0.2
2026-09-26T17:51:09.140035+00:00,2026-09-26T18:51:09.140035+01:00,d4cee1a13bc1d87828ec7809d56b9496,americanfootball_ncaaf,NCAAF,2026-09-26T23:30:00+00:00,2026-09-27T00:30:00+01:00,NC State Wolfpack,Appalachian State Mountaineers,betway,Betway,2026-09-26T17:50:47Z,h2h,NC State Wolfpack,1.18,,0.8474576271186441,0.8090614886731391,0.2
2026-09-26T17:51:09.140035+00:00,2026-09-26T18:51:09.140035+01:00,d4cee1a13bc1d87828ec7809d56b9496,americanfootball_ncaaf,NCAAF,2026-09-26T23:30:00+00:00,2026-09-27T00:30:00+01:00,NC State Wolfpack,Appalachian State Mountaineers,matchbook,Matchbook,2026-09-26T17:51:03Z,h2h,Appalachian State Mountaineers,5.6,,0.17857142857142858,0.17647058823529413,0.2
2026-09-26T17:51:09.140035+00:00,2026-09-26T18:51:09.140035+01:00,d4cee1a13bc1d87828ec7809d56b9496,americanfootball_ncaaf,NCAAF,2026-09-26T23:30:00+00:00,2026-09-27T00:30:00+01:00,NC State Wolfpack,Appalachian State Mountaineers,matchbook,Matchbook,2026-09-26T17:51:03Z,h2h,NC State Wolfpack,1.2,,0.8333333333333334,0.823529411764706,0.2
2026-09-26T17:51:09.140035+00:00,2026-09-26T18:51:09.140035+01:00,d4cee1a13bc1d87828ec7809d56b9496,americanfootball_ncaaf,NCAAF,2026-09-26T23:30:00+00:00,2026-09-27T00:30:00+01:00,NC State Wolfpack,Appalachian State Mountaineers,matchbook,Matchbook,2026-09-26T17:51:03Z,h2h_lay,Appalachian State Mountaineers,6.0,,0.16666666666666666,1.0,0.2
2026-09-26T17:51:09.140035+00:00,2026-09-26T18:51:09.140035+01:00,d4cee1a13bc1d87828ec7809d56b9496,americanfootball_ncaaf,NCAAF,2026-09-26T23:30:00+00:00,2026-09-27T00:30:00+01:00,NC State Wolfpack,Appalachian State Mountaineers,matchbook,Matchbook,2026-09-26T17:51:03Z,h2h_lay,NC State Wolfpack,1.22,,0.819672131147541,1.0,0.2
2026-09-26T17:51:09.140035+00:00,2026-09-26T18:51:09.140035+01:00,d4cee1a13bc1d87828ec7809d56b9496,americanfootball_ncaaf,NCAAF,2026-09-26T23:30:00+00:00,2026-09-27T00:30:00+01:00,NC State Wolfpack,Appalachian State Mountaineers,betvictor,Bet Victor,2026-09-26T17:49:45Z,h2h,Appalachian State Mountaineers,4.75,,0.21052631578947367,0.19491525423728812,0.2
2026-09-26T17:51:09.140035+00:00,2026-09-26T18:51:09.140035+01:00,d4cee1a13bc1d87828ec7809d56b9496,americanfootball_ncaaf,NCAAF,2026-09-26T23:30:00+00:00,2026-09-27T00:30:00+01:00,NC State Wolfpack,Appalachian State Mountaineers,betvictor,Bet Victor,2026-09-26T17:49:45Z,h2h,NC State Wolfpack,1.15,,0.8695652173913044,0.8050847457627119,0.2
2026-09-26T17:51:09.140035+00:00,2026-09-26T18:51:09.140035+01:00,d4cee1a13bc1d87828ec7809d56b9496,americanfootball_ncaaf,NCAAF,2026-09-26T23:30:00+00:00,2026-09-27T00:30:00+01:00,NC State Wolfpack,Appalachian State Mountaineers,betano_uk,Betano (UK),2026-09-26T17:49:01Z,h2h,Appalachian State Mountaineers,4.75,,0.21052631578947367,0.19491525423728812,0.2
2026-09-26T17:51:09.140035+00:00,2026-09-26T18:51:09.140035+01:00,d4cee1a13bc1d87828ec7809d56b9496,americanfootball_ncaaf,NCAAF,2026-09-26T23:30:00+00:00,2026-09-27T00:30:00+01:00,NC State Wolfpack,Appalachian State Mountaineers,betano_uk,Betano (UK),2026-09-26T17:49:01Z,h2h,NC State Wolfpack,1.15,,0.8695652173913044,0.8050847457627119,0.2
2026-09-26T17:51:09.140035+00:00,2026-09-26T18:51:09.140035+01:00,d4cee1a13bc1d87828ec7809d56b9496,americanfootball_ncaaf,NCAAF,2026-09-26T23:30:00+00:00,2026-09-27T00:30:00+01:00,NC State Wolfpack,Appalachian State Mountaineers,betfair_ex_uk,Betfair,2026-09-26T17:50:49Z,h2h,Appalachian State Mountaineers,5.6,,0.17857142857142858,0.17647058823529413,0.2
2026-09-26T17:51:09.140035+00:00,2026-09-26T18:51:09.140035+01:00,d4cee1a13bc1d87828ec7809d56b9496,americanfootball_ncaaf,NCAAF,2026-09-26T23:30:00+00:00,2026-09-27T00:30:00+01:00,NC State Wolfpack,Appalachian State Mountaineers,betfair_ex_uk,Betfair,2026-09-26T17:50:49Z,h2h,NC State Wolfpack,1.2,,0.8333333333333334,0.823529411764706,0.2
2026-09-26T17:51:09.140035+00:00,2026-09-26T18:51:09.140035+01:00,d4cee1a13bc1d87828ec7809d56b9496,americanfootball_ncaaf,NCAAF,2026-09-26T23:30:00+00:00,2026-09-27T00:30:00+01:00,NC State Wolfpack,Appalachian State Mountaineers,betfair_ex_uk,Betfair,2026-09-26T17:50:49Z,h2h_lay,Appalachian State Mountaineers,6.0,,0.16666666666666666,1.0,0.2
2026-09-26T17:51:09.140035+00:00,2026-09-26T18:51:09.140035+01:00,d4cee1a13bc1d87828ec7809d56b9496,americanfootball_ncaaf,NCAAF,2026-09-26T23:30:00+00:00,2026-09-27T00:30:00+01:00,NC State Wolfpack,Appalachian State Mountaineers,betfair_ex_uk,Betfair,2026-09-26T17:50:49Z,h2h_lay,NC State Wolfpack,1.22,,0.819672131147541,1.0,0.2
2026-09-26T17:51:09.140035+00:00,2026-09-26T18:51:09.140035+01:00,b8ee197b0b6ebb070f0f4b4a94a31bae,americanfootball_ncaaf,NCAAF,2026-09-26T23:30:00+00:00,2026-09-27T00:30:00+01:00,Washington State Cougars,Arizona Wildcats,unibet_uk,Unibet (UK),2026-09-26T17:50:19Z,h2h,Arizona Wildcats,1.2,,0.8333333333333334,0.7931034482758621,0.2
2026-09-26T17:51:09.140035+00:00,2026-09-26T18:51:09.140035+01:00,b8ee197b0b6ebb070f0f4b4a94a31bae,americanfootball_ncaaf,NCAAF,2026-09-26T23:30:00+00:00,2026-09-27T00:30:00+01:00,Washington State Cougars,Arizona Wildcats,unibet_uk,Unibet (UK),2026-09-26T17:50:19Z,h2h,Washington State Cougars,4.6,,0.2173913043478261,0.20689655172413796,0.2
2026-09-26T17:51:09.140035+00:00,2026-09-26T18:51:09.140035+01:00,b8ee197b0b6ebb070f0f4b4a94a31bae,americanfootball_ncaaf,NCAAF,2026-09-26T23:30:00+00:00,2026-09-27T00:30:00+01:00,Washington State Cougars,Arizona Wildcats,ladbrokes_uk,Ladbrokes,2026-09-26T17:50:37Z,h2h,Arizona Wildcats,1.22,,0.819672131147541,0.76171875,0.2
2026-09-26T17:51:09.140035+00:00,2026-09-26T18:51:09.140035+01:00,b8ee197b0b6ebb070f0f4b4a94a31bae,americanfootball_ncaaf,NCAAF,2026-09-26T23:30:00+00:00,2026-09-27T00:30:00+01:00,Washington State Cougars,Arizona Wildcats,ladbrokes_uk,Ladbrokes,2026-09-26T17:50:37Z,h2h,Washington State Cougars,3.9,,0.25641025641025644,0.23828125000000003,0.2
2026-09-26T17:51:09.140035+00:00,2026-09-26T18:51:09.140035+01:00,b8ee197b0b6ebb070f0f4b4a94a31bae,americanfootball_ncaaf,NCAAF,2026-09-26T23:30:00+00:00,2026-09-27T00:30:00+01:00,Washington State Cougars,Arizona Wildcats,coral,Coral,2026-09-26T17:51:06Z,h2h,Arizona Wildcats,1.22,,0.819672131147541,0.76171875,0.2
2026-09-26T17:51:09.140035+00:00,2026-09-26T18:51:09.140035+01:00,b8ee197b0b6ebb070f0f4b4a94a31bae,americanfootball_ncaaf,NCAAF,2026-09-26T23:30:00+00:00,2026-09-27T00:30:00+01:00,Washington State Cougars,Arizona Wildcats,coral,Coral,2026-09-26T17:51:06Z,h2h,Washington State Cougars,3.9,,0.25641025641025644,0.23828125000000003,0.2
2026-09-26T17:51:09.140035+00:00,2026-09-26T18:51:09.140035+01:00,b8ee197b0b6ebb070f0f4b4a94a31bae,americanfootball_ncaaf,NCAAF,2026-09-26T23:30:00+00:00,2026-09-27T00:30:00+01:00,Washington State Cougars,Arizona Wildcats,betway,Betway,2026-09-26T17:50:47Z,h2h,Arizona Wildcats,1.22,,0.819672131147541,0.7867132867132867,0.2
2026-09-26T17:51:09.140035+00:00,2026-09-26T18:51:09.140035+01:00,b8ee197b0b6ebb070f0f4b4a94a31bae,americanfootball_ncaaf,NCAAF,2026-09-26T23:30:00+00:00,2026-09-27T00:30:00+01:00,Washington State Cougars,Arizona Wildcats,betway,Betway,2026-09-26T17:50:47Z,h2h,Washington State Cougars,4.5,,0.2222222222222222,0.21328671328671325,0.2
2026-09-26T17:51:09.140035+00:00,2026-09-26T18:51:09.140035+01:00,b8ee197b0b6ebb070f0f4b4a94a31bae,americanfootball_ncaaf,NCAAF,2026-09-26T23:30:00+00:00,2026-09-27T00:30:00+01:00,Washington State Cougars,Arizona Wildcats,betano_uk,Betano (UK),2026-09-26T17:49:01Z,h2h,Arizona Wildcats,1.18,,0.8474576271186441,0.7806691449814127,0.2
2026-09-26T17:51:09.140035+00:00,2026-09-26T18:51:09.140035+01:00,b8ee197b0b6ebb070f0f4b4a94a31bae,americanfootball_ncaaf,NCAAF,2026-09-26T23:30:00+00:00,2026-09-27T00:30:00+01:00,Washington State Cougars,Arizona Wildcats,betano_uk,Betano (UK),2026-09-26T17:49:01Z,h2h,Washington State Cougars,4.2,,0.23809523809523808,0.21933085501858735,0.2
2026-09-26T17:51:09.140035+00:00,2026-09-26T18:51:09.140035+01:00,b8ee197b0b6ebb070f0f4b4a94a31bae,americanfootball_ncaaf,NCAAF,2026-09-26T23:30:00+00:00,2026-09-27T00:30:00+01:00,Washington State Cougars,Arizona Wildcats,betfair_ex_uk,Betfair,2026-09-26T17:50:49Z,h2h,Arizona Wildcats,1.26,,0.7936507936507936,0.78125,0.2
2026-09-26T17:51:09.140035+00:00,2026-09-26T18:51:09.140035+01:00,b8ee197b0b6ebb070f0f4b4a94a31bae,americanfootball_ncaaf,NCAAF,2026-09-26T23:30:00+00:00,2026-09-27T00:30:00+01:00,Washington State Cougars,Arizona Wildcats,betfair_ex_uk,Betfair,2026-09-26T17:50:49Z,h2h,Washington State Cougars,4.5,,0.2222222222222222,0.21875,0.2
2026-09-26T17:51:09.140035+00:00,2026-09-26T18:51:09.140035+01:00,b8ee197b0b6ebb070f0f4b4a94a31bae,americanfootball_ncaaf,NCAAF,2026-09-26T23:30:00+00:00,2026-09-27T00:30:00+01:00,Washington State Cougars,Arizona Wildcats,betfair_ex_uk,Betfair,2026-09-26T17:50:49Z,h2h_lay,Arizona Wildcats,1.28,,0.78125,1.0,0.2
2026-09-26T17:51:09.140035+00:00,2026-09-26T18:51:09.140035+01:00,b8ee197b0b6ebb070f0f4b4a94a31bae,americanfootball_ncaaf,NCAAF,2026-09-26T23:30:00+00:00,2026-09-27T00:30:00+01:00,Washington State Cougars,Arizona Wildcats,betfair_ex_uk,Betfair,2026-09-26T17:50:49Z,h2h_lay,Washington State Cougars,4.9,,0.2040816326530612,1.0,0.2
2026-09-26T17:51:09.140035+00:00,2026-09-26T18:51:09.140035+01:00,bbaf150e48844a489d679cb09de02aa9,americanfootball_ncaaf,NCAAF,2026-09-26T23:30:00+00:00,2026-09-27T00:30:00+01:00,North Texas Mean Green,Houston Baptist Huskies,betano_uk,Betano (UK),2026-09-26T17:49:01Z,h2h,Houston Baptist Huskies,12.0,,0.08333333333333333,0.07692307692307693,0.2
2026-09-26T17:51:09.140035+00:00,2026-09-26T18:51:09.140035+01:00,bbaf150e48844a489d679cb09de02aa9,americanfootball_ncaaf,NCAAF,2026-09-26T23:30:00+00:00,2026-09-27T00:30:00+01:00,North Texas Mean Green,Houston Baptist Huskies,betano_uk,Betano (UK),2026-09-26T17:49:01Z,h2h,North Texas Mean Green,1.0,,1.0,0.9230769230769231,0.2
2026-09-26T17:51:09.140035+00:00,2026-09-26T18:51:09.140035+01:00,bbaf150e48844a489d679cb09de02aa9,americanfootball_ncaaf,NCAAF,2026-09-26T23:30:00+00:00,2026-09-27T00:30:00+01:00,North Texas Mean Green,Houston Baptist Huskies,betvictor,Bet Victor,2026-09-26T17:49:45Z,h2h,Houston Baptist Huskies,12.0,,0.08333333333333333,0.07692307692307693,0.2
2026-09-26T17:51:09.140035+00:00,2026-09-26T18:51:09.140035+01:00,bbaf150e48844a489d679cb09de02aa9,americanfootball_ncaaf,NCAAF,2026-09-26T23:30:00+00:00,2026-09-27T00:30:00+01:00,North Texas Mean Green,Houston Baptist Huskies,betvictor,Bet Victor,2026-09-26T17:49:45Z,h2h,North Texas Mean Green,1.0,,1.0,0.9230769230769231,0.2
2026-09-26T17:51:09.140035+00:00,2026-09-26T18:51:09.140035+01:00,0c71c3230f930f30ac34160b38dbbaf0,americanfootball_ncaaf,NCAAF,2026-09-26T23:30:00+00:00,2026-09-27T00:30:00+01:00,LSU Tigers,Texas A&M Aggies,unibet_uk,Unibet (UK),2026-09-26T17:50:19Z,h2h,LSU Tigers,1.29,,0.7751937984496123,0.7361963190184049,0.2
2026-09-26T17:51:09.140035+00:00,2026-09-26T18:51:09.140035+01:00,0c71c3230f930f30ac34160b38dbbaf0,americanfootball_ncaaf,NCAAF,2026-09-26T23:30:00+00:00,2026-09-27T00:30:00+01:00,LSU Tigers,Texas A&M Aggies,unibet_uk,Unibet (UK),2026-09-26T17:50:19Z,h2h,Texas A&M Aggies,3.6,,0.2777777777777778,0.2638036809815951,0.2
2026-09-26T17:51:09.140035+00:00,2026-09-26T18:51:09.140035+01:00,0c71c3230f930f30ac34160b38dbbaf0,americanfootball_ncaaf,NCAAF,2026-09-26T23:30:00+00:00,2026-09-27T00:30:00+01:00,LSU Tigers,Texas A&M Aggies,coral,Coral,2026-09-26T17:51:06Z,h2h,LSU Tigers,1.25,,0.8,0.7311827956989247,0.2
2026-09-26T17:51:09.140035+00:00,2026-09-26T18:51:09.140035+01:00,0c71c3230f930f30ac34160b38dbbaf0,americanfootball_ncaaf,NCAAF,2026-09-26T23:30:00+00:00,2026-09-27T00:30:00+01:00,LSU Tigers,Texas A&M Aggies,coral,Coral,2026-09-26T17:51:06Z,h2h,Texas A&M Aggies,3.4,,0.29411764705882354,0.26881720430107525,0.2
2026-09-26T17:51:09.140035+00:00,2026-09-26T18:51:09.140035+01:00,0c71c3230f930f30ac34160b38dbbaf0,americanfootball_ncaaf,NCAAF,2026-09-26T23:30:00+00:00,2026-09-27T00:30:00+01:00,LSU Tigers,Texas A&M Aggies,ladbrokes_uk,Ladbrokes,2026-09-26T17:50:37Z,h2h,LSU Tigers,1.25,,0.8,0.7311827956989247,0.2
2026-09-26T17:51:09.140035+00:00,2026-09-26T18:51:09.140035+01:00,0c71c3230f930f30ac34160b38dbbaf0,americanfootball_ncaaf,NCAAF,2026-09-26T23:30:00+00:00,2026-09-27T00:30:00+01:00,LSU Tigers,Texas A&M Aggies,ladbrokes_uk,Ladbrokes,2026-09-26T17:50:37Z,h2h,Texas A&M Aggies,3.4,,0.29411764705882354,0.26881720430107525,0.2
2026-09-26T17:51:09.140035+00:00,2026-09-26T18:51:09.140035+01:00,0c71c3230f930f30ac34160b38dbbaf0,americanfootball_ncaaf,NCAAF,2026-09-26T23:30:00+00:00,2026-09-27T00:30:00+01:00,LSU Tigers,Texas A&M Aggies,betano_uk,Betano (UK),2026-09-26T17:49:01Z,h2h,LSU Tigers,1.25,,0.8,0.7311827956989247,0.2
2026-09-26T17:51:09.140035+00:00,2026-09-26T18:51:09.140035+01:00,0c71c3230f930f30ac34160b38dbbaf0,americanfootball_ncaaf,NCAAF,2026-09-26T23:30:00+00:00,2026-09-27T00:30:00+01:00,LSU Tigers,Texas A&M Aggies,betano_uk,Betano (UK),2026-09-26T17:49:01Z,h2h,Texas A&M Aggies,3.4,,0.29411764705882354,0.26881720430107525,0.2
2026-09-26T17:51:09.140035+00:00,2026-09-26T18:51:09.140035+01:00,0c71c3230f930f30ac34160b38dbbaf0,americanfootball_ncaaf,NCAAF,2026-09-26T23:30:00+00:00,2026-09-27T00:30:00+01:00,LSU Tigers,Texas A&M Aggies,betway,Betway,2026-09-26T17:50:47Z,h2h,LSU Tigers,1.3,,0.7692307692307692,0.7291666666666667,0.2
2026-09-26T17:51:09.140035+00:00,2026-09-26T18:51:09.140035+01:00,0c71c3230f930f30ac34160b38dbbaf0,americanfootball_ncaaf,NCAAF,2026-09-26T23:30:00+00:00,2026-09-27T00:30:00+01:00,LSU Tigers,Texas A&M Aggies,betway,Betway,2026-09-26T17:50:47Z,h2h,Texas A&M Aggies,3.5,,0.2857142857142857,0.27083333333333337,0.2
2026-09-26T17:51:09.140035+00:00,2026-09-26T18:51:09.140035+01:00,0c71c3230f930f30ac34160b38dbbaf0,americanfootball_ncaaf,NCAAF,2026-09-26T23:30:00+00:00,2026-09-27T00:30:00+01:00,LSU Tigers,Texas A&M Aggies,matchbook,Matchbook,2026-09-26T17:51:03Z,h2h,LSU Tigers,1.31,,0.7633587786259541,0.7532956685499058,0.2
2026-09-26T17:51:09.140035+00:00,2026-09-26T18:51:09.140035+01:00,0c71c3230f930f30ac34160b38dbbaf0,americanfootball_ncaaf,NCAAF,2026-09-26T23:30:00+00:00,2026-09-27T00:30:00+01:00,LSU Tigers,Texas A&M Aggies,matchbook,Matchbook,2026-09-26T17:51:03Z,h2h,Texas A&M Aggies,4.0,,0.25,0.24670433145009418,0.2
2026-09-26T17:51:09.140035+00:00,2026-09-26T18:51:09.140035+01:00,0c71c3230f930f30ac34160b38dbbaf0,americanfootball_ncaaf,NCAAF,2026-09-26T23:30:00+00:00,2026-09-27T00:30:00+01:00,LSU Tigers,Texas A&M Aggies,matchbook,Matchbook,2026-09-26T17:51:03Z,h2h_lay,LSU Tigers,1.33,,0.7518796992481203,1.0,0.2
2026-09-26T17:51:09.140035+00:00,2026-09-26T18:51:09.140035+01:00,0c71c3230f930f30ac34160b38dbbaf0,americanfootball_ncaaf,NCAAF,2026-09-26T23:30:00+00:00,2026-09-27T00:30:00+01:00,LSU Tigers,Texas A&M Aggies,matchbook,Matchbook,2026-09-26T17:51:03Z,h2h_lay,Texas A&M Aggies,4.2,,0.23809523809523808,1.0,0.2
2026-09-26T17:51:09.140035+00:00,2026-09-26T18:51:09.140035+01:00,83516ad7ba3e8ef9f90498cfcaf10eb5,americanfootball_ncaaf,NCAAF,2026-09-26T23:30:00+00:00,2026-09-27T00:30:00+01:00,USC Trojans,Oregon Ducks,unibet_uk,Unibet (UK),2026-09-26T17:50:19Z,h2h,Oregon Ducks,1.55,,0.6451612903225806,0.6125,0.2
2026-09-26T17:51:09.140035+00:00,2026-09-26T18:51:09.140035+01:00,83516ad7ba3e8ef9f90498cfcaf10eb5,americanfootball_ncaaf,NCAAF,2026-09-26T23:30:00+00:00,2026-09-27T00:30:00+01:00,USC Trojans,Oregon Ducks,unibet_uk,Unibet (UK),2026-09-26T17:50:19Z,h2h,USC Trojans,2.45,,0.4081632653061224,0.3875,0.2
2026-09-26T17:51:09.140035+00:00,2026-09-26T18:51:09.140035+01:00,83516ad7ba3e8ef9f90498cfcaf10eb5,americanfootball_ncaaf,NCAAF,2026-09-26T23:30:00+00:00,2026-09-27T00:30:00+01:00,USC Trojans,Oregon Ducks,ladbrokes_uk,Ladbrokes,2026-09-26T17:50:37Z,h2h,Oregon Ducks,1.5,,0.6666666666666666,0.6124031007751938,0.2
2026-09-26T17:51:09.140035+00:00,2026-09-26T18:51:09.140035+01:00,83516ad7ba3e8ef9f90498cfcaf10eb5,americanfootball_ncaaf,NCAAF,2026-09-26T23:30:00+00:00,2026-09-27T00:30:00+01:00,USC Trojans,Oregon Ducks,ladbrokes_uk,Ladbrokes,2026-09-26T17:50:37Z,h2h,USC Trojans,2.37,,0.42194092827004215,0.38759689922480617,0.2
2026-09-26T17:51:09.140035+00:00,2026-09-26T18:51:09.140035+01:00,83516ad7ba3e8ef9f90498cfcaf10eb5,americanfootball_ncaaf,NCAAF,2026-09-26T23:30:00+00:00,2026-09-27T00:30:00+01:00,USC Trojans,Oregon Ducks,coral,Coral,2026-09-26T17:51:06Z,h2h,Oregon Ducks,1.5,,0.6666666666666666,0.6124031007751938,0.2
2026-09-26T17:51:09.140035+00:00,2026-09-26T18:51:09.140035+01:00,83516ad7ba3e8ef9f90498cfcaf10eb5,americanfootball_ncaaf,NCAAF,2026-09-26T23:30:00+00:00,2026-09-27T00:30:00+01:00,USC Trojans,Oregon Ducks,coral,Coral,2026-09-26T17:51:06Z,h2h,USC Trojans,2.37,,0.42194092827004215,0.38759689922480617,0.2
2026-09-26T17:51:09.140035+00:00,2026-09-26T18:51:09.140035+01:00,83516ad7ba3e8ef9f90498cfcaf10eb5,americanfootball_ncaaf,NCAAF,2026-09-26T23:30:00+00:00,2026-09-27T00:30:00+01:00,USC Trojans,Oregon Ducks,betano_uk,Betano (UK),2026-09-26T17:49:01Z,h2h,Oregon Ducks,1.5,,0.6666666666666666,0.6134020618556701,0.2
2026-09-26T17:51:09.140035+00:00,2026-09-26T18:51:09.140035+01:00,83516ad7ba3e8ef9f90498cfcaf10eb5,americanfootball_ncaaf,NCAAF,2026-09-26T23:30:00+00:00,2026-09-27T00:30:00+01:00,USC Trojans,Oregon Ducks,betano_uk,Betano (UK),2026-09-26T17:49:01Z,h2h,USC Trojans,2.38,,0.42016806722689076,0.3865979381443299,0.2
2026-09-26T17:51:09.140035+00:00,2026-09-26T18:51:09.140035+01:00,83516ad7ba3e8ef9f90498cfcaf10eb5,americanfootball_ncaaf,NCAAF,2026-09-26T23:30:00+00:00,2026-09-27T00:30:00+01:00,USC Trojans,Oregon Ducks,betvictor,Bet Victor,2026-09-26T17:49:45Z,h2h,Oregon Ducks,1.5,,0.6666666666666666,0.6134020618556701,0.2
2026-09-26T17:51:09.140035+00:00,2026-09-26T18:51:09.140035+01:00,83516ad7ba3e8ef9f90498cfcaf10eb5,americanfootball_ncaaf,NCAAF,2026-09-26T23:30:00+00:00,2026-09-27T00:30:00+01:00,USC Trojans,Oregon Ducks,betvictor,Bet Victor,2026-09-26T17:49:45Z,h2h,USC Trojans,2.38,,0.42016806722689076,0.3865979381443299,0.2
2026-09-26T17:51:09.140035+00:00,2026-09-26T18:51:09.140035+01:00,83516ad7ba3e8ef9f90498cfcaf10eb5,americanfootball_ncaaf,NCAAF,2026-09-26T23:30:00+00:00,2026-09-27T00:30:00+01:00,USC Trojans,Oregon Ducks,betway,Betway,2026-09-26T17:50:47Z,h2h,Oregon Ducks,1.57,,0.6369426751592356,0.609452736318408,0.2
2026-09-26T17:51:09.140035+00:00,2026-09-26T18:51:09.140035+01:00,83516ad7ba3e8ef9f90498cfcaf10eb5,americanfootball_ncaaf,NCAAF,2026-09-26T23:30:00+00:00,2026-09-27T00:30:00+01:00,USC Trojans,Oregon Ducks,betway,Betway,2026-09-26T17:50:47Z,h2h,USC Trojans,2.45,,0.4081632653061224,0.39054726368159204,0.2
2026-09-26T17:51:09.140035+00:00,2026-09-26T18:51:09.140035+01:00,83516ad7ba3e8ef9f90498cfcaf10eb5,americanfootball_ncaaf,NCAAF,2026-09-26T23:30:00+00:00,2026-09-27T00:30:00+01:00,USC Trojans,Oregon Ducks,matchbook,Matchbook,2026-09-26T17:51:03Z,h2h,Oregon Ducks,1.6,,0.625,0.6208530805687204,0.2
2026-09-26T17:51:09.140035+00:00,2026-09-26T18:51:09.140035+01:00,83516ad7ba3e8ef9f90498cfcaf10eb5,americanfootball_ncaaf,NCAAF,2026-09-26T23:30:00+00:00,2026-09-27T00:30:00+01:00,USC Trojans,Oregon Ducks,matchbook,Matchbook,2026-09-26T17:51:03Z,h2h,USC Trojans,2.62,,0.38167938931297707,0.3791469194312796,0.2
2026-09-26T17:51:09.140035+00:00,2026-09-26T18:51:09.140035+01:00,83516ad7ba3e8ef9f90498cfcaf10eb5,americanfootball_ncaaf,NCAAF,2026-09-26T23:30:00+00:00,2026-09-27T00:30:00+01:00,USC Trojans,Oregon Ducks,matchbook,Matchbook,2026-09-26T17:51:03Z,h2h_lay,Oregon Ducks,1.62,,0.6172839506172839,1.0,0.2
2026-09-26T17:51:09.140035+00:00,2026-09-26T18:51:09.140035+01:00,83516ad7ba3e8ef9f90498cfcaf10eb5,americanfootball_ncaaf,NCAAF,2026-09-26T23:30:00+00:00,2026-09-27T00:30:00+01:00,USC Trojans,Oregon Ducks,matchbook,Matchbook,2026-09-26T17:51:03Z,h2h_lay,USC Trojans,2.66,,0.37593984962406013,1.0,0.2
2026-09-26T17:51:09.140035+00:00,2026-09-26T18:51:09.140035+01:00,dbc89703b51acf3b8818134a1a2a0dc2,americanfootball_ncaaf,NCAAF,2026-09-26T23:30:00+00:00,2026-09-27T00:30:00+01:00,Utah State Aggies,Troy Trojans,unibet_uk,Unibet (UK),2026-09-26T17:50:19Z,h2h,Troy Trojans,2.2,,0.45454545454545453,0.43152454780361754,0.2
2026-09-26T17:51:09.140035+00:00,2026-09-26T18:51:09.140035+01:00,dbc89703b51acf3b8818134a1a2a0dc2,americanfootball_ncaaf,NCAAF,2026-09-26T23:30:00+00:00,2026-09-27T00:30:00+01:00,Utah State Aggies,Troy Trojans,unibet_uk,Unibet (UK),2026-09-26T17:50:19Z,h2h,Utah State Aggies,1.67,,0.5988023952095809,0.5684754521963824,0.2
2026-09-26T17:51:09.140035+00:00,2026-09-26T18:51:09.140035+01:00,dbc89703b51acf3b8818134a1a2a0dc2,americanfootball_ncaaf,NCAAF,2026-09-26T23:30:00+00:00,2026-09-27T00:30:00+01:00,Utah State Aggies,Troy Trojans,ladbrokes_uk,Ladbrokes,2026-09-26T17:50:37Z,h2h,Troy Trojans,2.15,,0.46511627906976744,0.42819148936170215,0.2
2026-09-26T17:51:09.140035+00:00,2026-09-26T18:51:09.140035+01:00,dbc89703b51acf3b8818134a1a2a0dc2,americanfootball_ncaaf,NCAAF,2026-09-26T23:30:00+00:00,2026-09-27T00:30:00+01:00,Utah State Aggies,Troy Trojans,ladbrokes_uk,Ladbrokes,2026-09-26T17:50:37Z,h2h,Utah State Aggies,1.61,,0.6211180124223602,0.5718085106382979,0.2
2026-09-26T17:51:09.140035+00:00,2026-09-26T18:51:09.140035+01:00,dbc89703b51acf3b8818134a1a2a0dc2,americanfootball_ncaaf,NCAAF,2026-09-26T23:30:00+00:00,2026-09-27T00:30:00+01:00,Utah State Aggies,Troy Trojans,betway,Betway,2026-09-26T17:50:47Z,h2h,Troy Trojans,2.2,,0.45454545454545453,0.43444730077120824,0.2
2026-09-26T17:51:09.140035+00:00,2026-09-26T18:51:09.140035+01:00,dbc89703b51acf3b8818134a1a2a0dc2,americanfootball_ncaaf,NCAAF,2026-09-26T23:30:00+00:00,2026-09-27T00:30:00+01:00,Utah State Aggies,Troy Trojans,betway,Betway,2026-09-26T17:50:47Z,h2h,Utah State Aggies,1.69,,0.591715976331361,0.5655526992287918,0.2
2026-09-26T17:51:09.140035+00:00,2026-09-26T18:51:09.140035+01:00,dbc89703b51acf3b8818134a1a2a0dc2,americanfootball_ncaaf,NCAAF,2026-09-26T23:30:00+00:00,2026-09-27T00:30:00+01:00,Utah State Aggies,Troy Trojans,betvictor,Bet Victor,2026-09-26T17:49:45Z,h2h,Troy Trojans,2.15,,0.46511627906976744,0.42819148936170215,0.2
2026-09-26T17:51:09.140035+00:00,2026-09-26T18:51:09.140035+01:00,dbc89703b51acf3b8818134a1a2a0dc2,americanfootball_ncaaf,NCAAF,2026-09-26T23:30:00+00:00,2026-09-27T00:30:00+01:00,Utah State Aggies,Troy Trojans,betvictor,Bet Victor,2026-09-26T17:49:45Z,h2h,Utah State Aggies,1.61,,0.6211180124223602,0.5718085106382979,0.2
2026-09-26T17:51:09.140035+00:00,2026-09-26T18:51:09.140035+01:00,dbc89703b51acf3b8818134a1a2a0dc2,americanfootball_ncaaf,NCAAF,2026-09-26T23:30:00+00:00,2026-09-27T00:30:00+01:00,Utah State Aggies,Troy Trojans,betano_uk,Betano (UK),2026-09-26T17:49:01Z,h2h,Troy Trojans,2.15,,0.46511627906976744,0.42819148936170215,0.2
2026-09-26T17:51:09.140035+00:00,2026-09-26T18:51:09.140035+01:00,dbc89703b51acf3b8818134a1a2a0dc2,americanfootball_ncaaf,NCAAF,2026-09-26T23:30:00+00:00,2026-09-27T00:30:00+01:00,Utah State Aggies,Troy Trojans,betano_uk,Betano (UK),2026-09-26T17:49:01Z,h2h,Utah State Aggies,1.61,,0.6211180124223602,0.5718085106382979,0.2
2026-09-26T17:51:09.140035+00:00,2026-09-26T18:51:09.140035+01:00,f154381c89953d3b0bd409a6bc4e28a6,americanfootball_ncaaf,NCAAF,2026-09-26T23:45:00+00:00,2026-09-27T00:45:00+01:00,Mississippi State Bulldogs,Missouri Tigers,unibet_uk,Unibet (UK),2026-09-26T17:50:19Z,h2h,Mississippi State Bulldogs,1.48,,0.6756756756756757,0.6459330143540669,0.2
2026-09-26T17:51:09.140035+00:00,2026-09-26T18:51:09.140035+01:00,f154381c89953d3b0bd409a6bc4e28a6,americanfootball_ncaaf,NCAAF,2026-09-26T23:45:00+00:00,2026-09-27T00:45:00+01:00,Mississippi State Bulldogs,Missouri Tigers,unibet_uk,Unibet (UK),2026-09-26T17:50:19Z,h2h,Missouri Tigers,2.7,,0.37037037037037035,0.354066985645933,0.2
2026-09-26T17:51:09.140035+00:00,2026-09-26T18:51:09.140035+01:00,f154381c89953d3b0bd409a6bc4e28a6,americanfootball_ncaaf,NCAAF,2026-09-26T23:45:00+00:00,2026-09-27T00:45:00+01:00,Mississippi State Bulldogs,Missouri Tigers,betano_uk,Betano (UK),2026-09-26T17:49:01Z,h2h,Mississippi State Bulldogs,1.44,,0.6944444444444444,0.6435643564356436,0.2
2026-09-26T17:51:09.140035+00:00,2026-09-26T18:51:09.140035+01:00,f154381c89953d3b0bd409a6bc4e28a6,americanfootball_ncaaf,NCAAF,2026-09-26T23:45:00+00:00,2026-09-27T00:45:00+01:00,Mississippi State Bulldogs,Missouri Tigers,betano_uk,Betano (UK),2026-09-26T17:49:01Z,h2h,Missouri Tigers,2.6,,0.3846153846153846,0.3564356435643564,0.2
2026-09-26T17:51:09.140035+00:00,2026-09-26T18:51:09.140035+01:00,f154381c89953d3b0bd409a6bc4e28a6,americanfootball_ncaaf,NCAAF,2026-09-26T23:45:00+00:00,2026-09-27T00:45:00+01:00,Mississippi State Bulldogs,Missouri Tigers,betvictor,Bet Victor,2026-09-26T17:49:45Z,h2h,Mississippi State Bulldogs,1.44,,0.6944444444444444,0.6435643564356436,0.2
2026-09-26T17:51:09.140035+00:00,2026-09-26T18:51:09.140035+01:00,f154381c89953d3b0bd409a6bc4e28a6,americanfootball_ncaaf,NCAAF,2026-09-26T23:45:00+00:00,2026-09-27T00:45:00+01:00,Mississippi State Bulldogs,Missouri Tigers,betvictor,Bet Victor,2026-09-26T17:49:45Z,h2h,Missouri Tigers,2.6,,0.3846153846153846,0.3564356435643564,0.2
2026-09-26T17:51:09.140035+00:00,2026-09-26T18:51:09.140035+01:00,f154381c89953d3b0bd409a6bc4e28a6,americanfootball_ncaaf,NCAAF,2026-09-26T23:45:00+00:00,2026-09-27T00:45:00+01:00,Mississippi State Bulldogs,Missouri Tigers,ladbrokes_uk,Ladbrokes,2026-09-26T17:50:37Z,h2h,Mississippi State Bulldogs,1.44,,0.6944444444444444,0.6435643564356436,0.2
2026-09-26T17:51:09.140035+00:00,2026-09-26T18:51:09.140035+01:00,f154381c89953d3b0bd409a6bc4e28a6,americanfootball_ncaaf,NCAAF,2026-09-26T23:45:00+00:00,2026-09-27T00:45:00+01:00,Mississippi State Bulldogs,Missouri Tigers,ladbrokes_uk,Ladbrokes,2026-09-26T17:50:37Z,h2h,Missouri Tigers,2.6,,0.3846153846153846,0.3564356435643564,0.2
2026-09-26T17:51:09.140035+00:00,2026-09-26T18:51:09.140035+01:00,f154381c89953d3b0bd409a6bc4e28a6,americanfootball_ncaaf,NCAAF,2026-09-26T23:45:00+00:00,2026-09-27T00:45:00+01:00,Mississippi State Bulldogs,Missouri Tigers,coral,Coral,2026-09-26T17:51:06Z,h2h,Mississippi State Bulldogs,1.44,,0.6944444444444444,0.6435643564356436,0.2
2026-09-26T17:51:09.140035+00:00,2026-09-26T18:51:09.140035+01:00,f154381c89953d3b0bd409a6bc4e28a6,americanfootball_ncaaf,NCAAF,2026-09-26T23:45:00+00:00,2026-09-27T00:45:00+01:00,Mississippi State Bulldogs,Missouri Tigers,coral,Coral,2026-09-26T17:51:06Z,h2h,Missouri Tigers,2.6,,0.3846153846153846,0.3564356435643564,0.2
2026-09-26T17:51:09.140035+00:00,2026-09-26T18:51:09.140035+01:00,f154381c89953d3b0bd409a6bc4e28a6,americanfootball_ncaaf,NCAAF,2026-09-26T23:45:00+00:00,2026-09-27T00:45:00+01:00,Mississippi State Bulldogs,Missouri Tigers,betway,Betway,2026-09-26T17:50:47Z,h2h,Mississippi State Bulldogs,1.5,,0.6666666666666666,0.6385542168674698,0.2
2026-09-26T17:51:09.140035+00:00,2026-09-26T18:51:09.140035+01:00,f154381c89953d3b0bd409a6bc4e28a6,americanfootball_ncaaf,NCAAF,2026-09-26T23:45:00+00:00,2026-09-27T00:45:00+01:00,Mississippi State Bulldogs,Missouri Tigers,betway,Betway,2026-09-26T17:50:47Z,h2h,Missouri Tigers,2.65,,0.37735849056603776,0.3614457831325302,0.2
2026-09-26T17:51:09.140035+00:00,2026-09-26T18:51:09.140035+01:00,f154381c89953d3b0bd409a6bc4e28a6,americanfootball_ncaaf,NCAAF,2026-09-26T23:45:00+00:00,2026-09-27T00:45:00+01:00,Mississippi State Bulldogs,Missouri Tigers,matchbook,Matchbook,2026-09-26T17:51:03Z,h2h,Mississippi State Bulldogs,1.52,,0.6578947368421053,0.6561085972850679,0.2
2026-09-26T17:51:09.140035+00:00,2026-09-26T18:51:09.140035+01:00,f154381c89953d3b0bd409a6bc4e28a6,americanfootball_ncaaf,NCAAF,2026-09-26T23:45:00+00:00,2026-09-27T00:45:00+01:00,Mississippi State Bulldogs,Missouri Tigers,matchbook,Matchbook,2026-09-26T17:51:03Z,h2h,Missouri Tigers,2.9,,0.3448275862068966,0.3438914027149321,0.2
2026-09-26T17:51:09.140035+00:00,2026-09-26T18:51:09.140035+01:00,f154381c89953d3b0bd409a6bc4e28a6,americanfootball_ncaaf,NCAAF,2026-09-26T23:45:00+00:00,2026-09-27T00:45:00+01:00,Mississippi State Bulldogs,Missouri Tigers,matchbook,Matchbook,2026-09-26T17:51:03Z,h2h_lay,Mississippi State Bulldogs,1.53,,0.6535947712418301,1.0,0.2
2026-09-26T17:51:09.140035+00:00,2026-09-26T18:51:09.140035+01:00,f154381c89953d3b0bd409a6bc4e28a6,americanfootball_ncaaf,NCAAF,2026-09-26T23:45:00+00:00,2026-09-27T00:45:00+01:00,Mississippi State Bulldogs,Missouri Tigers,matchbook,Matchbook,2026-09-26T17:51:03Z,h2h_lay,Missouri Tigers,2.92,,0.3424657534246575,1.0,0.2
2026-09-26T17:51:09.140035+00:00,2026-09-26T18:51:09.140035+01:00,891673ae39457f51a701ca482c2f7280,americanfootball_ncaaf,NCAAF,2026-09-27T00:00:00+00:00,2026-09-27T01:00:00+01:00,Arkansas Razorbacks,Tulsa Golden Hurricane,unibet_uk,Unibet (UK),2026-09-26T17:50:19Z,h2h,Arkansas Razorbacks,1.34,,0.7462686567164178,0.7112068965517242,0.2
2026-09-26T17:51:09.140035+00:00,2026-09-26T18:51:09.140035+01:00,891673ae39457f51a701ca482c2f7280,americanfootball_ncaaf,NCAAF,2026-09-27T00:00:00+00:00,2026-09-27T01:00:00+01:00,Arkansas Razorbacks,Tulsa Golden Hurricane,unibet_uk,Unibet (UK),2026-09-26T17:50:19Z,h2h,Tulsa Golden Hurricane,3.3,,0.30303030303030304,0.2887931034482759,0.2
2026-09-26T17:51:09.140035+00:00,2026-09-26T18:51:09.140035+01:00,891673ae39457f51a701ca482c2f7280,americanfootball_ncaaf,NCAAF,2026-09-27T00:00:00+00:00,2026-09-27T01:00:00+01:00,Arkansas Razorbacks,Tulsa Golden Hurricane,coral,Coral,2026-09-26T17:51:06Z,h2h,Arkansas Razorbacks,1.33,,0.7518796992481203,0.6997742663656885,0.2
2026-09-26T17:51:09.140035+00:00,2026-09-26T18:51:09.140035+01:00,891673ae39457f51a701ca482c2f7280,americanfootball_ncaaf,NCAAF,2026-09-27T00:00:00+00:00,2026-09-27T01:00:00+01:00,Arkansas Razorbacks,Tulsa Golden Hurricane,coral,Coral,2026-09-26T17:51:06Z,h2h,Tulsa Golden Hurricane,3.1,,0.3225806451612903,0.30022573363431154,0.2
2026-09-26T17:51:09.140035+00:00,2026-09-26T18:51:09.140035+01:00,891673ae39457f51a701ca482c2f7280,americanfootball_ncaaf,NCAAF,2026-09-27T00:00:00+00:00,2026-09-27T01:00:00+01:00,Arkansas Razorbacks,Tulsa Golden Hurricane,ladbrokes_uk,Ladbrokes,2026-09-26T17:50:37Z,h2h,Arkansas Razorbacks,1.33,,0.7518796992481203,0.6997742663656885,0.2
2026-09-26T17:51:09.140035+00:00,2026-09-26T18:51:09.140035+01:00,891673ae39457f51a701ca482c2f7280,americanfootball_ncaaf,NCAAF,2026-09-27T00:00:00+00:00,2026-09-27T01:00:00+01:00,Arkansas Razorbacks,Tulsa Golden Hurricane,ladbrokes_uk,Ladbrokes,2026-09-26T17:50:37Z,h2h,Tulsa Golden Hurricane,3.1,,0.3225806451612903,0.30022573363431154,0.2
2026-09-26T17:51:09.140035+00:00,2026-09-26T18:51:09.140035+01:00,891673ae39457f51a701ca482c2f7280,americanfootball_ncaaf,NCAAF,2026-09-27T00:00:00+00:00,2026-09-27T01:00:00+01:00,Arkansas Razorbacks,Tulsa Golden Hurricane,betway,Betway,2026-09-26T17:50:47Z,h2h,Arkansas Razorbacks,1.36,,0.7352941176470588,0.7049891540130152,0.2
2026-09-26T17:51:09.140035+00:00,2026-09-26T18:51:09.140035+01:00,891673ae39457f51a701ca482c2f7280,americanfootball_ncaaf,NCAAF,2026-09-27T00:00:00+00:00,2026-09-27T01:00:00+01:00,Arkansas Razorbacks,Tulsa Golden Hurricane,betway,Betway,2026-09-26T17:50:47Z,h2h,Tulsa Golden Hurricane,3.25,,0.3076923076923077,0.29501084598698485,0.2
2026-09-26T17:51:09.140035+00:00,2026-09-26T18:51:09.140035+01:00,891673ae39457f51a701ca482c2f7280,americanfootball_ncaaf,NCAAF,2026-09-27T00:00:00+00:00,2026-09-27T01:00:00+01:00,Arkansas Razorbacks,Tulsa Golden Hurricane,matchbook,Matchbook,2026-09-26T17:51:03Z,h2h,Arkansas Razorbacks,1.4,,0.7142857142857143,0.7052631578947368,0.2
2026-09-26T17:51:09.140035+00:00,2026-09-26T18:51:09.140035+01:00,891673ae39457f51a701ca482c2f7280,americanfootball_ncaaf,NCAAF,2026-09-27T00:00:00+00:00,2026-09-27T01:00:00+01:00,Arkansas Razorbacks,Tulsa Golden Hurricane,matchbook,Matchbook,2026-09-26T17:51:03Z,h2h,Tulsa Golden Hurricane,3.35,,0.29850746268656714,0.2947368421052631,0.2
2026-09-26T17:51:09.140035+00:00,2026-09-26T18:51:09.140035+01:00,891673ae39457f51a701ca482c2f7280,americanfootball_ncaaf,NCAAF,2026-09-27T00:00:00+00:00,2026-09-27T01:00:00+01:00,Arkansas Razorbacks,Tulsa Golden Hurricane,matchbook,Matchbook,2026-09-26T17:51:03Z,h2h_lay,Arkansas Razorbacks,1.42,,0.7042253521126761,1.0,0.2
2026-09-26T17:51:09.140035+00:00,2026-09-26T18:51:09.140035+01:00,891673ae39457f51a701ca482c2f7280,americanfootball_ncaaf,NCAAF,2026-09-27T00:00:00+00:00,2026-09-27T01:00:00+01:00,Arkansas Razorbacks,Tulsa Golden Hurricane,matchbook,Matchbook,2026-09-26T17:51:03Z,h2h_lay,Tulsa Golden Hurricane,3.5,,0.2857142857142857,1.0,0.2
2026-09-26T17:51:09.140035+00:00,2026-09-26T18:51:09.140035+01:00,891673ae39457f51a701ca482c2f7280,americanfootball_ncaaf,NCAAF,2026-09-27T00:00:00+00:00,2026-09-27T01:00:00+01:00,Arkansas Razorbacks,Tulsa Golden Hurricane,betano_uk,Betano (UK),2026-09-26T17:49:01Z,h2h,Arkansas Razorbacks,1.3,,0.7692307692307692,0.7058823529411765,0.2
2026-09-26T17:51:09.140035+00:00,2026-09-26T18:51:09.140035+01:00,891673ae39457f51a701ca482c2f7280,americanfootball_ncaaf,NCAAF,2026-09-27T00:00:00+00:00,2026-09-27T01:00:00+01:00,Arkansas Razorbacks,Tulsa Golden Hurricane,betano_uk,Betano (UK),2026-09-26T17:49:01Z,h2h,Tulsa Golden Hurricane,3.12,,0.3205128205128205,0.29411764705882354,0.2
2026-09-26T17:51:09.140035+00:00,2026-09-26T18:51:09.140035+01:00,8fd491e65439f5d6b6a1edc9da7f036b,americanfootball_ncaaf,NCAAF,2026-09-27T00:00:00+00:00,2026-09-27T01:00:00+01:00,UL Monroe Warhawks,Florida Atlantic Owls,unibet_uk,Unibet (UK),2026-09-26T17:50:19Z,h2h,Florida Atlantic Owls,1.21,,0.8264462809917356,0.7880910683012259,0.2
2026-09-26T17:51:09.140035+00:00,2026-09-26T18:51:09.140035+01:00,8fd491e65439f5d6b6a1edc9da7f036b,americanfootball_ncaaf,NCAAF,2026-09-27T00:00:00+00:00,2026-09-27T01:00:00+01:00,UL Monroe Warhawks,Florida Atlantic Owls,unibet_uk,Unibet (UK),2026-09-26T17:50:19Z,h2h,UL Monroe Warhawks,4.5,,0.2222222222222222,0.21190893169877406,0.2
2026-09-26T17:51:09.140035+00:00,2026-09-26T18:51:09.140035+01:00,8fd491e65439f5d6b6a1edc9da7f036b,americanfootball_ncaaf,NCAAF,2026-09-27T00:00:00+00:00,2026-09-27T01:00:00+01:00,UL Monroe Warhawks,Florida Atlantic Owls,ladbrokes_uk,Ladbrokes,2026-09-26T17:50:37Z,h2h,Florida Atlantic Owls,1.18,,0.8474576271186441,0.7858439201451906,0.2
2026-09-26T17:51:09.140035+00:00,2026-09-26T18:51:09.140035+01:00,8fd491e65439f5d6b6a1edc9da7f036b,americanfootball_ncaaf,NCAAF,2026-09-27T00:00:00+00:00,2026-09-27T01:00:00+01:00,UL Monroe Warhawks,Florida Atlantic Owls,ladbrokes_uk,Ladbrokes,2026-09-26T17:50:37Z,h2h,UL Monroe Warhawks,4.33,,0.23094688221709006,0.21415607985480942,0.2
2026-09-26T17:51:09.140035+00:00,2026-09-26T18:51:09.140035+01:00,8fd491e65439f5d6b6a1edc9da7f036b,americanfootball_ncaaf,NCAAF,2026-09-27T00:00:00+00:00,2026-09-27T01:00:00+01:00,UL Monroe Warhawks,Florida Atlantic Owls,betway,Betway,2026-09-26T17:50:47Z,h2h,Florida Atlantic Owls,1.2,,0.8333333333333334,0.7983193277310925,0.2
2026-09-26T17:51:09.140035+00:00,2026-09-26T18:51:09.140035+01:00,8fd491e65439f5d6b6a1edc9da7f036b,americanfootball_ncaaf,NCAAF,2026-09-27T00:00:00+00:00,2026-09-27T01:00:00+01:00,UL Monroe Warhawks,Florida Atlantic Owls,betway,Betway,2026-09-26T17:50:47Z,h2h,UL Monroe Warhawks,4.75,,0.21052631578947367,0.20168067226890757,0.2
2026-09-26T17:51:09.140035+00:00,2026-09-26T18:51:09.140035+01:00,8fd491e65439f5d6b6a1edc9da7f036b,americanfootball_ncaaf,NCAAF,2026-09-27T00:00:00+00:00,2026-09-27T01:00:00+01:00,UL Monroe Warhawks,Florida Atlantic Owls,matchbook,Matchbook,2026-09-26T17:51:03Z,h2h,Florida Atlantic Owls,1.24,,0.8064516129032259,0.7980456026058633,0.2
2026-09-26T17:51:09.140035+00:00,2026-09-26T18:51:09.140035+01:00,8fd491e65439f5d6b6a1edc9da7f036b,americanfootball_ncaaf,NCAAF,2026-09-27T00:00:00+00:00,2026-09-27T01:00:00+01:00,UL Monroe Warhawks,Florida Atlantic Owls,matchbook,Matchbook,2026-09-26T17:51:03Z,h2h,UL Monroe Warhawks,4.9,,0.2040816326530612,0.2019543973941368,0.2
2026-09-26T17:51:09.140035+00:00,2026-09-26T18:51:09.140035+01:00,8fd491e65439f5d6b6a1edc9da7f036b,americanfootball_ncaaf,NCAAF,2026-09-27T00:00:00+00:00,2026-09-27T01:00:00+01:00,UL Monroe Warhawks,Florida Atlantic Owls,matchbook,Matchbook,2026-09-26T17:51:03Z,h2h_lay,Florida Atlantic Owls,1.26,,0.7936507936507936,1.0,0.2
2026-09-26T17:51:09.140035+00:00,2026-09-26T18:51:09.140035+01:00,8fd491e65439f5d6b6a1edc9da7f036b,americanfootball_ncaaf,NCAAF,2026-09-27T00:00:00+00:00,2026-09-27T01:00:00+01:00,UL Monroe Warhawks,Florida Atlantic Owls,matchbook,Matchbook,2026-09-26T17:51:03Z,h2h_lay,UL Monroe Warhawks,5.2,,0.1923076923076923,1.0,0.2
2026-09-26T17:51:09.140035+00:00,2026-09-26T18:51:09.140035+01:00,8fd491e65439f5d6b6a1edc9da7f036b,americanfootball_ncaaf,NCAAF,2026-09-27T00:00:00+00:00,2026-09-27T01:00:00+01:00,UL Monroe Warhawks,Florida Atlantic Owls,betano_uk,Betano (UK),2026-09-26T17:49:01Z,h2h,Florida Atlantic Owls,1.18,,0.8474576271186441,0.7806691449814127,0.2
2026-09-26T17:51:09.140035+00:00,2026-09-26T18:51:09.140035+01:00,8fd491e65439f5d6b6a1edc9da7f036b,americanfootball_ncaaf,NCAAF,2026-09-27T00:00:00+00:00,2026-09-27T01:00:00+01:00,UL Monroe Warhawks,Florida Atlantic Owls,betano_uk,Betano (UK),2026-09-26T17:49:01Z,h2h,UL Monroe Warhawks,4.2,,0.23809523809523808,0.21933085501858735,0.2
2026-09-26T17:51:09.140035+00:00,2026-09-26T18:51:09.140035+01:00,8fd491e65439f5d6b6a1edc9da7f036b,americanfootball_ncaaf,NCAAF,2026-09-27T00:00:00+00:00,2026-09-27T01:00:00+01:00,UL Monroe Warhawks,Florida Atlantic Owls,betvictor,Bet Victor,2026-09-26T17:49:45Z,h2h,Florida Atlantic Owls,1.18,,0.8474576271186441,0.7806691449814127,0.2
2026-09-26T17:51:09.140035+00:00,2026-09-26T18:51:09.140035+01:00,8fd491e65439f5d6b6a1edc9da7f036b,americanfootball_ncaaf,NCAAF,2026-09-27T00:00:00+00:00,2026-09-27T01:00:00+01:00,UL Monroe Warhawks,Florida Atlantic Owls,betvictor,Bet Victor,2026-09-26T17:49:45Z,h2h,UL Monroe Warhawks,4.2,,0.23809523809523808,0.21933085501858735,0.2
2026-09-26T17:51:09.140035+00:00,2026-09-26T18:51:09.140035+01:00,4d76388c84fc859e6bae8ff267266872,americanfootball_ncaaf,NCAAF,2026-09-27T01:00:00+00:00,2026-09-27T02:00:00+01:00,SMU Mustangs,Missouri State Bears,unibet_uk,Unibet (UK),2026-09-26T17:50:19Z,h2h,Missouri State Bears,18.0,,0.05555555555555555,0.0531299316149395,0.2
2026-09-26T17:51:09.140035+00:00,2026-09-26T18:51:09.140035+01:00,4d76388c84fc859e6bae8ff267266872,americanfootball_ncaaf,NCAAF,2026-09-27T01:00:00+00:00,2026-09-27T02:00:00+01:00,SMU Mustangs,Missouri State Bears,unibet_uk,Unibet (UK),2026-09-26T17:50:19Z,h2h,SMU Mustangs,1.01,,0.9900990099009901,0.9468700683850605,0.2
2026-09-26T17:51:09.140035+00:00,2026-09-26T18:51:09.140035+01:00,4d76388c84fc859e6bae8ff267266872,americanfootball_ncaaf,NCAAF,2026-09-27T01:00:00+00:00,2026-09-27T02:00:00+01:00,SMU Mustangs,Missouri State Bears,ladbrokes_uk,Ladbrokes,2026-09-26T17:50:37Z,h2h,Missouri State Bears,23.0,,0.043478260869565216,0.041666666666666664,0.2
2026-09-26T17:51:09.140035+00:00,2026-09-26T18:51:09.140035+01:00,4d76388c84fc859e6bae8ff267266872,americanfootball_ncaaf,NCAAF,2026-09-27T01:00:00+00:00,2026-09-27T02:00:00+01:00,SMU Mustangs,Missouri State Bears,ladbrokes_uk,Ladbrokes,2026-09-26T17:50:37Z,h2h,SMU Mustangs,1.0,,1.0,0.9583333333333334,0.2
2026-09-26T17:51:09.140035+00:00,2026-09-26T18:51:09.140035+01:00,4d76388c84fc859e6bae8ff267266872,americanfootball_ncaaf,NCAAF,2026-09-27T01:00:00+00:00,2026-09-27T02:00:00+01:00,SMU Mustangs,Missouri State Bears,matchbook,Matchbook,2026-09-26T17:51:03Z,h2h,Missouri State Bears,44.0,,0.022727272727272728,0.022439457898244836,0.2
2026-09-26T17:51:09.140035+00:00,2026-09-26T18:51:09.140035+01:00,4d76388c84fc859e6bae8ff267266872,americanfootball_ncaaf,NCAAF,2026-09-27T01:00:00+00:00,2026-09-27T02:00:00+01:00,SMU Mustangs,Missouri State Bears,matchbook,Matchbook,2026-09-26T17:51:03Z,h2h,SMU Mustangs,1.01,,0.9900990099009901,0.9775605421017551,0.2
2026-09-26T17:51:09.140035+00:00,2026-09-26T18:51:09.140035+01:00,4d76388c84fc859e6bae8ff267266872,americanfootball_ncaaf,NCAAF,2026-09-27T01:00:00+00:00,2026-09-27T02:00:00+01:00,SMU Mustangs,Missouri State Bears,matchbook,Matchbook,2026-09-26T17:51:03Z,h2h_lay,Missouri State Bears,85.0,,0.011764705882352941,1.0,0.2
2026-09-26T17:51:09.140035+00:00,2026-09-26T18:51:09.140035+01:00,4d76388c84fc859e6bae8ff267266872,americanfootball_ncaaf,NCAAF,2026-09-27T01:00:00+00:00,2026-09-27T02:00:00+01:00,SMU Mustangs,Missouri State Bears,matchbook,Matchbook,2026-09-26T17:51:03Z,h2h_lay,SMU Mustangs,1.03,,0.970873786407767,1.0,0.2
2026-09-26T17:51:09.140035+00:00,2026-09-26T18:51:09.140035+01:00,4d76388c84fc859e6bae8ff267266872,americanfootball_ncaaf,NCAAF,2026-09-27T01:00:00+00:00,2026-09-27T02:00:00+01:00,SMU Mustangs,Missouri State Bears,betano_uk,Betano (UK),2026-09-26T17:49:01Z,h2h,Missouri State Bears,11.0,,0.09090909090909091,0.08409658617818486,0.2
2026-09-26T17:51:09.140035+00:00,2026-09-26T18:51:09.140035+01:00,4d76388c84fc859e6bae8ff267266872,americanfootball_ncaaf,NCAAF,2026-09-27T01:00:00+00:00,2026-09-27T02:00:00+01:00,SMU Mustangs,Missouri State Bears,betano_uk,Betano (UK),2026-09-26T17:49:01Z,h2h,SMU Mustangs,1.01,,0.9900990099009901,0.9159034138218152,0.2
2026-09-26T17:51:09.140035+00:00,2026-09-26T18:51:09.140035+01:00,4d76388c84fc859e6bae8ff267266872,americanfootball_ncaaf,NCAAF,2026-09-27T01:00:00+00:00,2026-09-27T02:00:00+01:00,SMU Mustangs,Missouri State Bears,betvictor,Bet Victor,2026-09-26T17:49:45Z,h2h,Missouri State Bears,11.0,,0.09090909090909091,0.08409658617818486,0.2
2026-09-26T17:51:09.140035+00:00,2026-09-26T18:51:09.140035+01:00,4d76388c84fc859e6bae8ff267266872,americanfootball_ncaaf,NCAAF,2026-09-27T01:00:00+00:00,2026-09-27T02:00:00+01:00,SMU Mustangs,Missouri State Bears,betvictor,Bet Victor,2026-09-26T17:49:45Z,h2h,SMU Mustangs,1.01,,0.9900990099009901,0.9159034138218152,0.2
2026-09-26T17:51:09.140035+00:00,2026-09-26T18:51:09.140035+01:00,4d76388c84fc859e6bae8ff267266872,americanfootball_ncaaf,NCAAF,2026-09-27T01:00:00+00:00,2026-09-27T02:00:00+01:00,SMU Mustangs,Missouri State Bears,betway,Betway,2026-09-26T17:50:47Z,h2h,Missouri State Bears,29.0,,0.034482758620689655,0.03365544818393868,0.2
2026-09-26T17:51:09.140035+00:00,2026-09-26T18:51:09.140035+01:00,4d76388c84fc859e6bae8ff267266872,americanfootball_ncaaf,NCAAF,2026-09-27T01:00:00+00:00,2026-09-27T02:00:00+01:00,SMU Mustangs,Missouri State Bears,betway,Betway,2026-09-26T17:50:47Z,h2h,SMU Mustangs,1.01,,0.9900990099009901,0.9663445518160613,0.2
2026-09-26T17:51:09.140035+00:00,2026-09-26T18:51:09.140035+01:00,a48c4a759a03a93bf42e23d2f8bf769e,americanfootball_ncaaf,NCAAF,2026-09-27T01:00:00+00:00,2026-09-27T02:00:00+01:00,UTEP Miners,Oregon State Beavers,unibet_uk,Unibet (UK),2026-09-26T17:50:19Z,h2h,Oregon State Beavers,1.21,,0.8264462809917356,0.7880910683012259,0.2
2026-09-26T17:51:09.140035+00:00,2026-09-26T18:51:09.140035+01:00,a48c4a759a03a93bf42e23d2f8bf769e,americanfootball_ncaaf,NCAAF,2026-09-27T01:00:00+00:00,2026-09-27T02:00:00+01:00,UTEP Miners,Oregon State Beavers,unibet_uk,Unibet (UK),2026-09-26T17:50:19Z,h2h,UTEP Miners,4.5,,0.2222222222222222,0.21190893169877406,0.2
2026-09-26T17:51:09.140035+00:00,2026-09-26T18:51:09.140035+01:00,a48c4a759a03a93bf42e23d2f8bf769e,americanfootball_ncaaf,NCAAF,2026-09-27T01:00:00+00:00,2026-09-27T02:00:00+01:00,UTEP Miners,Oregon State Beavers,ladbrokes_uk,Ladbrokes,2026-09-26T17:50:37Z,h2h,Oregon State Beavers,1.2,,0.8333333333333334,0.7777777777777778,0.2
2026-09-26T17:51:09.140035+00:00,2026-09-26T18:51:09.140035+01:00,a48c4a759a03a93bf42e23d2f8bf769e,americanfootball_ncaaf,NCAAF,2026-09-27T01:00:00+00:00,2026-09-27T02:00:00+01:00,UTEP Miners,Oregon State Beavers,ladbrokes_uk,Ladbrokes,2026-09-26T17:50:37Z,h2h,UTEP Miners,4.2,,0.23809523809523808,0.2222222222222222,0.2
2026-09-26T17:51:09.140035+00:00,2026-09-26T18:51:09.140035+01:00,a48c4a759a03a93bf42e23d2f8bf769e,americanfootball_ncaaf,NCAAF,2026-09-27T01:00:00+00:00,2026-09-27T02:00:00+01:00,UTEP Miners,Oregon State Beavers,coral,Coral,2026-09-26T17:51:06Z,h2h,Oregon State Beavers,1.2,,0.8333333333333334,0.7777777777777778,0.2
2026-09-26T17:51:09.140035+00:00,2026-09-26T18:51:09.140035+01:00,a48c4a759a03a93bf42e23d2f8bf769e,americanfootball_ncaaf,NCAAF,2026-09-27T01:00:00+00:00,2026-09-27T02:00:00+01:00,UTEP Miners,Oregon State Beavers,coral,Coral,2026-09-26T17:51:06Z,h2h,UTEP Miners,4.2,,0.23809523809523808,0.2222222222222222,0.2
2026-09-26T17:51:09.140035+00:00,2026-09-26T18:51:09.140035+01:00,a48c4a759a03a93bf42e23d2f8bf769e,americanfootball_ncaaf,NCAAF,2026-09-27T01:00:00+00:00,2026-09-27T02:00:00+01:00,UTEP Miners,Oregon State Beavers,matchbook,Matchbook,2026-09-26T17:51:03Z,h2h,Oregon State Beavers,1.24,,0.8064516129032259,0.7980456026058633,0.2
2026-09-26T17:51:09.140035+00:00,2026-09-26T18:51:09.140035+01:00,a48c4a759a03a93bf42e23d2f8bf769e,americanfootball_ncaaf,NCAAF,2026-09-27T01:00:00+00:00,2026-09-27T02:00:00+01:00,UTEP Miners,Oregon State Beavers,matchbook,Matchbook,2026-09-26T17:51:03Z,h2h,UTEP Miners,4.9,,0.2040816326530612,0.2019543973941368,0.2
2026-09-26T17:51:09.140035+00:00,2026-09-26T18:51:09.140035+01:00,a48c4a759a03a93bf42e23d2f8bf769e,americanfootball_ncaaf,NCAAF,2026-09-27T01:00:00+00:00,2026-09-27T02:00:00+01:00,UTEP Miners,Oregon State Beavers,matchbook,Matchbook,2026-09-26T17:51:03Z,h2h_lay,Oregon State Beavers,1.26,,0.7936507936507936,1.0,0.2
2026-09-26T17:51:09.140035+00:00,2026-09-26T18:51:09.140035+01:00,a48c4a759a03a93bf42e23d2f8bf769e,americanfootball_ncaaf,NCAAF,2026-09-27T01:00:00+00:00,2026-09-27T02:00:00+01:00,UTEP Miners,Oregon State Beavers,matchbook,Matchbook,2026-09-26T17:51:03Z,h2h_lay,UTEP Miners,5.2,,0.1923076923076923,1.0,0.2
2026-09-26T17:51:09.140035+00:00,2026-09-26T18:51:09.140035+01:00,a48c4a759a03a93bf42e23d2f8bf769e,americanfootball_ncaaf,NCAAF,2026-09-27T01:00:00+00:00,2026-09-27T02:00:00+01:00,UTEP Miners,Oregon State Beavers,betano_uk,Betano (UK),2026-09-26T17:49:01Z,h2h,Oregon State Beavers,1.18,,0.8474576271186441,0.7806691449814127,0.2
2026-09-26T17:51:09.140035+00:00,2026-09-26T18:51:09.140035+01:00,a48c4a759a03a93bf42e23d2f8bf769e,americanfootball_ncaaf,NCAAF,2026-09-27T01:00:00+00:00,2026-09-27T02:00:00+01:00,UTEP Miners,Oregon State Beavers,betano_uk,Betano (UK),2026-09-26T17:49:01Z,h2h,UTEP Miners,4.2,,0.23809523809523808,0.21933085501858735,0.2
2026-09-26T17:51:09.140035+00:00,2026-09-26T18:51:09.140035+01:00,a48c4a759a03a93bf42e23d2f8bf769e,americanfootball_ncaaf,NCAAF,2026-09-27T01:00:00+00:00,2026-09-27T02:00:00+01:00,UTEP Miners,Oregon State Beavers,betvictor,Bet Victor,2026-09-26T17:49:45Z,h2h,Oregon State Beavers,1.18,,0.8474576271186441,0.7806691449814127,0.2
2026-09-26T17:51:09.140035+00:00,2026-09-26T18:51:09.140035+01:00,a48c4a759a03a93bf42e23d2f8bf769e,americanfootball_ncaaf,NCAAF,2026-09-27T01:00:00+00:00,2026-09-27T02:00:00+01:00,UTEP Miners,Oregon State Beavers,betvictor,Bet Victor,2026-09-26T17:49:45Z,h2h,UTEP Miners,4.2,,0.23809523809523808,0.21933085501858735,0.2
2026-09-26T17:51:09.140035+00:00,2026-09-26T18:51:09.140035+01:00,dc2fd7526ea0bba9adc09a5627b637bf,americanfootball_ncaaf,NCAAF,2026-09-27T01:00:00+00:00,2026-09-27T02:00:00+01:00,Sacramento State Hornets,UMass Minutemen,unibet_uk,Unibet (UK),2026-09-26T17:50:19Z,h2h,Sacramento State Hornets,2.75,,0.36363636363636365,0.3452380952380952,0.2
2026-09-26T17:51:09.140035+00:00,2026-09-26T18:51:09.140035+01:00,dc2fd7526ea0bba9adc09a5627b637bf,americanfootball_ncaaf,NCAAF,2026-09-27T01:00:00+00:00,2026-09-27T02:00:00+01:00,Sacramento State Hornets,UMass Minutemen,unibet_uk,Unibet (UK),2026-09-26T17:50:19Z,h2h,UMass Minutemen,1.45,,0.6896551724137931,0.6547619047619047,0.2
2026-09-26T17:51:09.140035+00:00,2026-09-26T18:51:09.140035+01:00,dc2fd7526ea0bba9adc09a5627b637bf,americanfootball_ncaaf,NCAAF,2026-09-27T01:00:00+00:00,2026-09-27T02:00:00+01:00,Sacramento State Hornets,UMass Minutemen,ladbrokes_uk,Ladbrokes,2026-09-26T17:50:37Z,h2h,Sacramento State Hornets,2.5,,0.4,0.37185929648241206,0.2
2026-09-26T17:51:09.140035+00:00,2026-09-26T18:51:09.140035+01:00,dc2fd7526ea0bba9adc09a5627b637bf,americanfootball_ncaaf,NCAAF,2026-09-27T01:00:00+00:00,2026-09-27T02:00:00+01:00,Sacramento State Hornets,UMass Minutemen,ladbrokes_uk,Ladbrokes,2026-09-26T17:50:37Z,h2h,UMass Minutemen,1.48,,0.6756756756756757,0.6281407035175879,0.2
2026-09-26T17:51:09.140035+00:00,2026-09-26T18:51:09.140035+01:00,dc2fd7526ea0bba9adc09a5627b637bf,americanfootball_ncaaf,NCAAF,2026-09-27T01:00:00+00:00,2026-09-27T02:00:00+01:00,Sacramento State Hornets,UMass Minutemen,coral,Coral,2026-09-26T17:51:06Z,h2h,Sacramento State Hornets,2.5,,0.4,0.37185929648241206,0.2
2026-09-26T17:51:09.140035+00:00,2026-09-26T18:51:09.140035+01:00,dc2fd7526ea0bba9adc09a5627b637bf,americanfootball_ncaaf,NCAAF,2026-09-27T01:00:00+00:00,2026-09-27T02:00:00+01:00,Sacramento State Hornets,UMass Minutemen,coral,Coral,2026-09-26T17:51:06Z,h2h,UMass Minutemen,1.48,,0.6756756756756757,0.6281407035175879,0.2
2026-09-26T17:51:09.140035+00:00,2026-09-26T18:51:09.140035+01:00,dc2fd7526ea0bba9adc09a5627b637bf,americanfootball_ncaaf,NCAAF,2026-09-27T01:00:00+00:00,2026-09-27T02:00:00+01:00,Sacramento State Hornets,UMass Minutemen,betway,Betway,2026-09-26T17:50:47Z,h2h,Sacramento State Hornets,2.55,,0.3921568627450981,0.375,0.2
2026-09-26T17:51:09.140035+00:00,2026-09-26T18:51:09.140035+01:00,dc2fd7526ea0bba9adc09a5627b637bf,americanfootball_ncaaf,NCAAF,2026-09-27T01:00:00+00:00,2026-09-27T02:00:00+01:00,Sacramento State Hornets,UMass Minutemen,betway,Betway,2026-09-26T17:50:47Z,h2h,UMass Minutemen,1.53,,0.6535947712418301,0.625,0.2
2026-09-26T17:51:09.140035+00:00,2026-09-26T18:51:09.140035+01:00,dc2fd7526ea0bba9adc09a5627b637bf,americanfootball_ncaaf,NCAAF,2026-09-27T01:00:00+00:00,2026-09-27T02:00:00+01:00,Sacramento State Hornets,UMass Minutemen,betano_uk,Betano (UK),2026-09-26T17:49:01Z,h2h,Sacramento State Hornets,2.62,,0.38167938931297707,0.34825870646766166,0.2
2026-09-26T17:51:09.140035+00:00,2026-09-26T18:51:09.140035+01:00,dc2fd7526ea0bba9adc09a5627b637bf,americanfootball_ncaaf,NCAAF,2026-09-27T01:00:00+00:00,2026-09-27T02:00:00+01:00,Sacramento State Hornets,UMass Minutemen,betano_uk,Betano (UK),2026-09-26T17:49:01Z,h2h,UMass Minutemen,1.4,,0.7142857142857143,0.6517412935323382,0.2
2026-09-26T17:51:09.140035+00:00,2026-09-26T18:51:09.140035+01:00,dc2fd7526ea0bba9adc09a5627b637bf,americanfootball_ncaaf,NCAAF,2026-09-27T01:00:00+00:00,2026-09-27T02:00:00+01:00,Sacramento State Hornets,UMass Minutemen,betvictor,Bet Victor,2026-09-26T17:49:45Z,h2h,Sacramento State Hornets,2.62,,0.38167938931297707,0.34825870646766166,0.2
2026-09-26T17:51:09.140035+00:00,2026-09-26T18:51:09.140035+01:00,dc2fd7526ea0bba9adc09a5627b637bf,americanfootball_ncaaf,NCAAF,2026-09-27T01:00:00+00:00,2026-09-27T02:00:00+01:00,Sacramento State Hornets,UMass Minutemen,betvictor,Bet Victor,2026-09-26T17:49:45Z,h2h,UMass Minutemen,1.4,,0.7142857142857143,0.6517412935323382,0.2
2026-09-26T17:51:09.140035+00:00,2026-09-26T18:51:09.140035+01:00,271438149d3f0afb2ff01736101b5e20,americanfootball_ncaaf,NCAAF,2026-09-27T02:00:00+00:00,2026-09-27T03:00:00+01:00,Fresno State Bulldogs,Rice Owls,unibet_uk,Unibet (UK),2026-09-26T17:50:19Z,h2h,Fresno State Bulldogs,1.15,,0.8695652173913044,0.8270676691729323,0.2
2026-09-26T17:51:09.140035+00:00,2026-09-26T18:51:09.140035+01:00,271438149d3f0afb2ff01736101b5e20,americanfootball_ncaaf,NCAAF,2026-09-27T02:00:00+00:00,2026-09-27T03:00:00+01:00,Fresno State Bulldogs,Rice Owls,unibet_uk,Unibet (UK),2026-09-26T17:50:19Z,h2h,Rice Owls,5.5,,0.18181818181818182,0.17293233082706766,0.2
2026-09-26T17:51:09.140035+00:00,2026-09-26T18:51:09.140035+01:00,271438149d3f0afb2ff01736101b5e20,americanfootball_ncaaf,NCAAF,2026-09-27T02:00:00+00:00,2026-09-27T03:00:00+01:00,Fresno State Bulldogs,Rice Owls,ladbrokes_uk,Ladbrokes,2026-09-26T17:50:37Z,h2h,Fresno State Bulldogs,1.17,,0.8547008547008548,0.7972270363951472,0.2
2026-09-26T17:51:09.140035+00:00,2026-09-26T18:51:09.140035+01:00,271438149d3f0afb2ff01736101b5e20,americanfootball_ncaaf,NCAAF,2026-09-27T02:00:00+00:00,2026-09-27T03:00:00+01:00,Fresno State Bulldogs,Rice Owls,ladbrokes_uk,Ladbrokes,2026-09-26T17:50:37Z,h2h,Rice Owls,4.6,,0.2173913043478261,0.20277296360485267,0.2
2026-09-26T17:51:09.140035+00:00,2026-09-26T18:51:09.140035+01:00,271438149d3f0afb2ff01736101b5e20,americanfootball_ncaaf,NCAAF,2026-09-27T02:00:00+00:00,2026-09-27T03:00:00+01:00,Fresno State Bulldogs,Rice Owls,coral,Coral,2026-09-26T17:51:06Z,h2h,Fresno State Bulldogs,1.17,,0.8547008547008548,0.7972270363951472,0.2
2026-09-26T17:51:09.140035+00:00,2026-09-26T18:51:09.140035+01:00,271438149d3f0afb2ff01736101b5e20,americanfootball_ncaaf,NCAAF,2026-09-27T02:00:00+00:00,2026-09-27T03:00:00+01:00,Fresno State Bulldogs,Rice Owls,coral,Coral,2026-09-26T17:51:06Z,h2h,Rice Owls,4.6,,0.2173913043478261,0.20277296360485267,0.2
2026-09-26T17:51:09.140035+00:00,2026-09-26T18:51:09.140035+01:00,271438149d3f0afb2ff01736101b5e20,americanfootball_ncaaf,NCAAF,2026-09-27T02:00:00+00:00,2026-09-27T03:00:00+01:00,Fresno State Bulldogs,Rice Owls,betway,Betway,2026-09-26T17:50:47Z,h2h,Fresno State Bulldogs,1.18,,0.8474576271186441,0.8090614886731391,0.2
2026-09-26T17:51:09.140035+00:00,2026-09-26T18:51:09.140035+01:00,271438149d3f0afb2ff01736101b5e20,americanfootball_ncaaf,NCAAF,2026-09-27T02:00:00+00:00,2026-09-27T03:00:00+01:00,Fresno State Bulldogs,Rice Owls,betway,Betway,2026-09-26T17:50:47Z,h2h,Rice Owls,5.0,,0.2,0.19093851132686082,0.2
2026-09-26T17:51:09.140035+00:00,2026-09-26T18:51:09.140035+01:00,e972bb2c0291b991de32cc0188c9d338,americanfootball_ncaaf,NCAAF,2026-09-27T02:30:00+00:00,2026-09-27T03:30:00+01:00,Nevada Wolf Pack,Air Force Falcons,unibet_uk,Unibet (UK),2026-09-26T17:50:19Z,h2h,Air Force Falcons,1.42,,0.7042253521126761,0.6750572082379863,0.2
2026-09-26T17:51:09.140035+00:00,2026-09-26T18:51:09.140035+01:00,e972bb2c0291b991de32cc0188c9d338,americanfootball_ncaaf,NCAAF,2026-09-27T02:30:00+00:00,2026-09-27T03:30:00+01:00,Nevada Wolf Pack,Air Force Falcons,unibet_uk,Unibet (UK),2026-09-26T17:50:19Z,h2h,Nevada Wolf Pack,2.95,,0.3389830508474576,0.32494279176201374,0.2
2026-09-26T17:51:09.140035+00:00,2026-09-26T18:51:09.140035+01:00,e972bb2c0291b991de32cc0188c9d338,americanfootball_ncaaf,NCAAF,2026-09-27T02:30:00+00:00,2026-09-27T03:30:00+01:00,Nevada Wolf Pack,Air Force Falcons,coral,Coral,2026-09-26T17:51:06Z,h2h,Air Force Falcons,1.4,,0.7142857142857143,0.6626506024096386,0.2
2026-09-26T17:51:09.140035+00:00,2026-09-26T18:51:09.140035+01:00,e972bb2c0291b991de32cc0188c9d338,americanfootball_ncaaf,NCAAF,2026-09-27T02:30:00+00:00,2026-09-27T03:30:00+01:00,Nevada Wolf Pack,Air Force Falcons,coral,Coral,2026-09-26T17:51:06Z,h2h,Nevada Wolf Pack,2.75,,0.36363636363636365,0.3373493975903614,0.2
2026-09-26T17:51:09.140035+00:00,2026-09-26T18:51:09.140035+01:00,e972bb2c0291b991de32cc0188c9d338,americanfootball_ncaaf,NCAAF,2026-09-27T02:30:00+00:00,2026-09-27T03:30:00+01:00,Nevada Wolf Pack,Air Force Falcons,ladbrokes_uk,Ladbrokes,2026-09-26T17:50:37Z,h2h,Air Force Falcons,1.4,,0.7142857142857143,0.6626506024096386,0.2
2026-09-26T17:51:09.140035+00:00,2026-09-26T18:51:09.140035+01:00,e972bb2c0291b991de32cc0188c9d338,americanfootball_ncaaf,NCAAF,2026-09-27T02:30:00+00:00,2026-09-27T03:30:00+01:00,Nevada Wolf Pack,Air Force Falcons,ladbrokes_uk,Ladbrokes,2026-09-26T17:50:37Z,h2h,Nevada Wolf Pack,2.75,,0.36363636363636365,0.3373493975903614,0.2
2026-09-26T17:51:09.140035+00:00,2026-09-26T18:51:09.140035+01:00,e972bb2c0291b991de32cc0188c9d338,americanfootball_ncaaf,NCAAF,2026-09-27T02:30:00+00:00,2026-09-27T03:30:00+01:00,Nevada Wolf Pack,Air Force Falcons,betway,Betway,2026-09-26T17:50:47Z,h2h,Air Force Falcons,1.44,,0.6944444444444444,0.6643356643356644,0.2
2026-09-26T17:51:09.140035+00:00,2026-09-26T18:51:09.140035+01:00,e972bb2c0291b991de32cc0188c9d338,americanfootball_ncaaf,NCAAF,2026-09-27T02:30:00+00:00,2026-09-27T03:30:00+01:00,Nevada Wolf Pack,Air Force Falcons,betway,Betway,2026-09-26T17:50:47Z,h2h,Nevada Wolf Pack,2.85,,0.3508771929824561,0.3356643356643357,0.2
2026-09-26T17:51:09.140035+00:00,2026-09-26T18:51:09.140035+01:00,e972bb2c0291b991de32cc0188c9d338,americanfootball_ncaaf,NCAAF,2026-09-27T02:30:00+00:00,2026-09-27T03:30:00+01:00,Nevada Wolf Pack,Air Force Falcons,matchbook,Matchbook,2026-09-26T17:51:03Z,h2h,Air Force Falcons,1.48,,0.6756756756756757,0.6696428571428572,0.2
2026-09-26T17:51:09.140035+00:00,2026-09-26T18:51:09.140035+01:00,e972bb2c0291b991de32cc0188c9d338,americanfootball_ncaaf,NCAAF,2026-09-27T02:30:00+00:00,2026-09-27T03:30:00+01:00,Nevada Wolf Pack,Air Force Falcons,matchbook,Matchbook,2026-09-26T17:51:03Z,h2h,Nevada Wolf Pack,3.0,,0.3333333333333333,0.33035714285714285,0.2
2026-09-26T17:51:09.140035+00:00,2026-09-26T18:51:09.140035+01:00,e972bb2c0291b991de32cc0188c9d338,americanfootball_ncaaf,NCAAF,2026-09-27T02:30:00+00:00,2026-09-27T03:30:00+01:00,Nevada Wolf Pack,Air Force Falcons,matchbook,Matchbook,2026-09-26T17:51:03Z,h2h_lay,Air Force Falcons,1.5,,0.6666666666666666,1.0,0.2
2026-09-26T17:51:09.140035+00:00,2026-09-26T18:51:09.140035+01:00,e972bb2c0291b991de32cc0188c9d338,americanfootball_ncaaf,NCAAF,2026-09-27T02:30:00+00:00,2026-09-27T03:30:00+01:00,Nevada Wolf Pack,Air Force Falcons,matchbook,Matchbook,2026-09-26T17:51:03Z,h2h_lay,Nevada Wolf Pack,3.1,,0.3225806451612903,1.0,0.2
2026-09-26T17:51:09.140035+00:00,2026-09-26T18:51:09.140035+01:00,e972bb2c0291b991de32cc0188c9d338,americanfootball_ncaaf,NCAAF,2026-09-27T02:30:00+00:00,2026-09-27T03:30:00+01:00,Nevada Wolf Pack,Air Force Falcons,betano_uk,Betano (UK),2026-09-26T17:49:01Z,h2h,Air Force Falcons,1.36,,0.7352941176470588,0.6730769230769231,0.2
2026-09-26T17:51:09.140035+00:00,2026-09-26T18:51:09.140035+01:00,e972bb2c0291b991de32cc0188c9d338,americanfootball_ncaaf,NCAAF,2026-09-27T02:30:00+00:00,2026-09-27T03:30:00+01:00,Nevada Wolf Pack,Air Force Falcons,betano_uk,Betano (UK),2026-09-26T17:49:01Z,h2h,Nevada Wolf Pack,2.8,,0.35714285714285715,0.326923076923077,0.2
2026-09-26T17:51:09.140035+00:00,2026-09-26T18:51:09.140035+01:00,e972bb2c0291b991de32cc0188c9d338,americanfootball_ncaaf,NCAAF,2026-09-27T02:30:00+00:00,2026-09-27T03:30:00+01:00,Nevada Wolf Pack,Air Force Falcons,betvictor,Bet Victor,2026-09-26T17:49:45Z,h2h,Air Force Falcons,1.36,,0.7352941176470588,0.6730769230769231,0.2
2026-09-26T17:51:09.140035+00:00,2026-09-26T18:51:09.140035+01:00,e972bb2c0291b991de32cc0188c9d338,americanfootball_ncaaf,NCAAF,2026-09-27T02:30:00+00:00,2026-09-27T03:30:00+01:00,Nevada Wolf Pack,Air Force Falcons,betvictor,Bet Victor,2026-09-26T17:49:45Z,h2h,Nevada Wolf Pack,2.8,,0.35714285714285715,0.326923076923077,0.2
2026-09-26T17:51:09.140035+00:00,2026-09-26T18:51:09.140035+01:00,0c86537a10b805d25a4ab4f4efdd4c30,americanfootball_ncaaf,NCAAF,2026-09-27T02:30:00+00:00,2026-09-27T03:30:00+01:00,Stanford Cardinal,Georgia Tech Yellow Jackets,unibet_uk,Unibet (UK),2026-09-26T17:50:19Z,h2h,Georgia Tech Yellow Jackets,1.64,,0.6097560975609756,0.583756345177665,0.2
2026-09-26T17:51:09.140035+00:00,2026-09-26T18:51:09.140035+01:00,0c86537a10b805d25a4ab4f4efdd4c30,americanfootball_ncaaf,NCAAF,2026-09-27T02:30:00+00:00,2026-09-27T03:30:00+01:00,Stanford Cardinal,Georgia Tech Yellow Jackets,unibet_uk,Unibet (UK),2026-09-26T17:50:19Z,h2h,Stanford Cardinal,2.3,,0.4347826086956522,0.41624365482233505,0.2
2026-09-26T17:51:09.140035+00:00,2026-09-26T18:51:09.140035+01:00,0c86537a10b805d25a4ab4f4efdd4c30,americanfootball_ncaaf,NCAAF,2026-09-27T02:30:00+00:00,2026-09-27T03:30:00+01:00,Stanford Cardinal,Georgia Tech Yellow Jackets,ladbrokes_uk,Ladbrokes,2026-09-26T17:50:37Z,h2h,Georgia Tech Yellow Jackets,1.61,,0.6211180124223602,0.5718085106382979,0.2
2026-09-26T17:51:09.140035+00:00,2026-09-26T18:51:09.140035+01:00,0c86537a10b805d25a4ab4f4efdd4c30,americanfootball_ncaaf,NCAAF,2026-09-27T02:30:00+00:00,2026-09-27T03:30:00+01:00,Stanford Cardinal,Georgia Tech Yellow Jackets,ladbrokes_uk,Ladbrokes,2026-09-26T17:50:37Z,h2h,Stanford Cardinal,2.15,,0.46511627906976744,0.42819148936170215,0.2
2026-09-26T17:51:09.140035+00:00,2026-09-26T18:51:09.140035+01:00,0c86537a10b805d25a4ab4f4efdd4c30,americanfootball_ncaaf,NCAAF,2026-09-27T02:30:00+00:00,2026-09-27T03:30:00+01:00,Stanford Cardinal,Georgia Tech Yellow Jackets,coral,Coral,2026-09-26T17:51:06Z,h2h,Georgia Tech Yellow Jackets,1.61,,0.6211180124223602,0.5718085106382979,0.2
2026-09-26T17:51:09.140035+00:00,2026-09-26T18:51:09.140035+01:00,0c86537a10b805d25a4ab4f4efdd4c30,americanfootball_ncaaf,NCAAF,2026-09-27T02:30:00+00:00,2026-09-27T03:30:00+01:00,Stanford Cardinal,Georgia Tech Yellow Jackets,coral,Coral,2026-09-26T17:51:06Z,h2h,Stanford Cardinal,2.15,,0.46511627906976744,0.42819148936170215,0.2
2026-09-26T17:51:09.140035+00:00,2026-09-26T18:51:09.140035+01:00,0c86537a10b805d25a4ab4f4efdd4c30,americanfootball_ncaaf,NCAAF,2026-09-27T02:30:00+00:00,2026-09-27T03:30:00+01:00,Stanford Cardinal,Georgia Tech Yellow Jackets,betway,Betway,2026-09-26T17:50:47Z,h2h,Georgia Tech Yellow Jackets,1.67,,0.5988023952095809,0.5739795918367347,0.2
2026-09-26T17:51:09.140035+00:00,2026-09-26T18:51:09.140035+01:00,0c86537a10b805d25a4ab4f4efdd4c30,americanfootball_ncaaf,NCAAF,2026-09-27T02:30:00+00:00,2026-09-27T03:30:00+01:00,Stanford Cardinal,Georgia Tech Yellow Jackets,betway,Betway,2026-09-26T17:50:47Z,h2h,Stanford Cardinal,2.25,,0.4444444444444444,0.42602040816326525,0.2
2026-09-26T17:51:09.140035+00:00,2026-09-26T18:51:09.140035+01:00,0c86537a10b805d25a4ab4f4efdd4c30,americanfootball_ncaaf,NCAAF,2026-09-27T02:30:00+00:00,2026-09-27T03:30:00+01:00,Stanford Cardinal,Georgia Tech Yellow Jackets,matchbook,Matchbook,2026-09-26T17:51:03Z,h2h,Georgia Tech Yellow Jackets,1.71,,0.5847953216374269,0.5798525798525799,0.2
2026-09-26T17:51:09.140035+00:00,2026-09-26T18:51:09.140035+01:00,0c86537a10b805d25a4ab4f4efdd4c30,americanfootball_ncaaf,NCAAF,2026-09-27T02:30:00+00:00,2026-09-27T03:30:00+01:00,Stanford Cardinal,Georgia Tech Yellow Jackets,matchbook,Matchbook,2026-09-26T17:51:03Z,h2h,Stanford Cardinal,2.36,,0.42372881355932207,0.4201474201474202,0.2
2026-09-26T17:51:09.140035+00:00,2026-09-26T18:51:09.140035+01:00,0c86537a10b805d25a4ab4f4efdd4c30,americanfootball_ncaaf,NCAAF,2026-09-27T02:30:00+00:00,2026-09-27T03:30:00+01:00,Stanford Cardinal,Georgia Tech Yellow Jackets,matchbook,Matchbook,2026-09-26T17:51:03Z,h2h_lay,Georgia Tech Yellow Jackets,1.73,,0.5780346820809249,1.0,0.2
2026-09-26T17:51:09.140035+00:00,2026-09-26T18:51:09.140035+01:00,0c86537a10b805d25a4ab4f4efdd4c30,americanfootball_ncaaf,NCAAF,2026-09-27T02:30:00+00:00,2026-09-27T03:30:00+01:00,Stanford Cardinal,Georgia Tech Yellow Jackets,matchbook,Matchbook,2026-09-26T17:51:03Z,h2h_lay,Stanford Cardinal,2.4,,0.4166666666666667,1.0,0.2
2026-09-26T17:51:09.140035+00:00,2026-09-26T18:51:09.140035+01:00,0c86537a10b805d25a4ab4f4efdd4c30,americanfootball_ncaaf,NCAAF,2026-09-27T02:30:00+00:00,2026-09-27T03:30:00+01:00,Stanford Cardinal,Georgia Tech Yellow Jackets,betano_uk,Betano (UK),2026-09-26T17:49:01Z,h2h,Georgia Tech Yellow Jackets,1.6,,0.625,0.5789473684210527,0.2
2026-09-26T17:51:09.140035+00:00,2026-09-26T18:51:09.140035+01:00,0c86537a10b805d25a4ab4f4efdd4c30,americanfootball_ncaaf,NCAAF,2026-09-27T02:30:00+00:00,2026-09-27T03:30:00+01:00,Stanford Cardinal,Georgia Tech Yellow Jackets,betano_uk,Betano (UK),2026-09-26T17:49:01Z,h2h,Stanford Cardinal,2.2,,0.45454545454545453,0.42105263157894735,0.2
2026-09-26T17:51:09.140035+00:00,2026-09-26T18:51:09.140035+01:00,0c86537a10b805d25a4ab4f4efdd4c30,americanfootball_ncaaf,NCAAF,2026-09-27T02:30:00+00:00,2026-09-27T03:30:00+01:00,Stanford Cardinal,Georgia Tech Yellow Jackets,betvictor,Bet Victor,2026-09-26T17:49:45Z,h2h,Georgia Tech Yellow Jackets,1.6,,0.625,0.5789473684210527,0.2
2026-09-26T17:51:09.140035+00:00,2026-09-26T18:51:09.140035+01:00,0c86537a10b805d25a4ab4f4efdd4c30,americanfootball_ncaaf,NCAAF,2026-09-27T02:30:00+00:00,2026-09-27T03:30:00+01:00,Stanford Cardinal,Georgia Tech Yellow Jackets,betvictor,Bet Victor,2026-09-26T17:49:45Z,h2h,Stanford Cardinal,2.2,,0.45454545454545453,0.42105263157894735,0.2
2026-09-26T17:51:09.140035+00:00,2026-09-26T18:51:09.140035+01:00,e497e36c59bded468da11878568e7c80,americanfootball_ncaaf,NCAAF,2026-09-27T03:00:00+00:00,2026-09-27T04:00:00+01:00,Washington Huskies,Minnesota Golden Gophers,unibet_uk,Unibet (UK),2026-09-26T17:50:19Z,h2h,Minnesota Golden Gophers,4.5,,0.2222222222222222,0.21190893169877406,0.2
2026-09-26T17:51:09.140035+00:00,2026-09-26T18:51:09.140035+01:00,e497e36c59bded468da11878568e7c80,americanfootball_ncaaf,NCAAF,2026-09-27T03:00:00+00:00,2026-09-27T04:00:00+01:00,Washington Huskies,Minnesota Golden Gophers,unibet_uk,Unibet (UK),2026-09-26T17:50:19Z,h2h,Washington Huskies,1.21,,0.8264462809917356,0.7880910683012259,0.2
2026-09-26T17:51:09.140035+00:00,2026-09-26T18:51:09.140035+01:00,e497e36c59bded468da11878568e7c80,americanfootball_ncaaf,NCAAF,2026-09-27T03:00:00+00:00,2026-09-27T04:00:00+01:00,Washington Huskies,Minnesota Golden Gophers,betano_uk,Betano (UK),2026-09-26T17:49:01Z,h2h,Minnesota Golden Gophers,4.2,,0.23809523809523808,0.21933085501858735,0.2
2026-09-26T17:51:09.140035+00:00,2026-09-26T18:51:09.140035+01:00,e497e36c59bded468da11878568e7c80,americanfootball_ncaaf,NCAAF,2026-09-27T03:00:00+00:00,2026-09-27T04:00:00+01:00,Washington Huskies,Minnesota Golden Gophers,betano_uk,Betano (UK),2026-09-26T17:49:01Z,h2h,Washington Huskies,1.18,,0.8474576271186441,0.7806691449814127,0.2
2026-09-26T17:51:09.140035+00:00,2026-09-26T18:51:09.140035+01:00,e497e36c59bded468da11878568e7c80,americanfootball_ncaaf,NCAAF,2026-09-27T03:00:00+00:00,2026-09-27T04:00:00+01:00,Washington Huskies,Minnesota Golden Gophers,betvictor,Bet Victor,2026-09-26T17:49:45Z,h2h,Minnesota Golden Gophers,4.2,,0.23809523809523808,0.21933085501858735,0.2
2026-09-26T17:51:09.140035+00:00,2026-09-26T18:51:09.140035+01:00,e497e36c59bded468da11878568e7c80,americanfootball_ncaaf,NCAAF,2026-09-27T03:00:00+00:00,2026-09-27T04:00:00+01:00,Washington Huskies,Minnesota Golden Gophers,betvictor,Bet Victor,2026-09-26T17:49:45Z,h2h,Washington Huskies,1.18,,0.8474576271186441,0.7806691449814127,0.2
2026-09-26T17:51:09.140035+00:00,2026-09-26T18:51:09.140035+01:00,e497e36c59bded468da11878568e7c80,americanfootball_ncaaf,NCAAF,2026-09-27T03:00:00+00:00,2026-09-27T04:00:00+01:00,Washington Huskies,Minnesota Golden Gophers,coral,Coral,2026-09-26T17:51:06Z,h2h,Minnesota Golden Gophers,3.8,,0.2631578947368421,0.24302788844621515,0.2
2026-09-26T17:51:09.140035+00:00,2026-09-26T18:51:09.140035+01:00,e497e36c59bded468da11878568e7c80,americanfootball_ncaaf,NCAAF,2026-09-27T03:00:00+00:00,2026-09-27T04:00:00+01:00,Washington Huskies,Minnesota Golden Gophers,coral,Coral,2026-09-26T17:51:06Z,h2h,Washington Huskies,1.22,,0.819672131147541,0.756972111553785,0.2
2026-09-26T17:51:09.140035+00:00,2026-09-26T18:51:09.140035+01:00,e497e36c59bded468da11878568e7c80,americanfootball_ncaaf,NCAAF,2026-09-27T03:00:00+00:00,2026-09-27T04:00:00+01:00,Washington Huskies,Minnesota Golden Gophers,ladbrokes_uk,Ladbrokes,2026-09-26T17:50:37Z,h2h,Minnesota Golden Gophers,3.8,,0.2631578947368421,0.24302788844621515,0.2
2026-09-26T17:51:09.140035+00:00,2026-09-26T18:51:09.140035+01:00,e497e36c59bded468da11878568e7c80,americanfootball_ncaaf,NCAAF,2026-09-27T03:00:00+00:00,2026-09-27T04:00:00+01:00,Washington Huskies,Minnesota Golden Gophers,ladbrokes_uk,Ladbrokes,2026-09-26T17:50:37Z,h2h,Washington Huskies,1.22,,0.819672131147541,0.756972111553785,0.2
2026-09-26T17:51:09.140035+00:00,2026-09-26T18:51:09.140035+01:00,e497e36c59bded468da11878568e7c80,americanfootball_ncaaf,NCAAF,2026-09-27T03:00:00+00:00,2026-09-27T04:00:00+01:00,Washington Huskies,Minnesota Golden Gophers,betway,Betway,2026-09-26T17:50:47Z,h2h,Minnesota Golden Gophers,3.75,,0.26666666666666666,0.25,0.2
2026-09-26T17:51:09.140035+00:00,2026-09-26T18:51:09.140035+01:00,e497e36c59bded468da11878568e7c80,americanfootball_ncaaf,NCAAF,2026-09-27T03:00:00+00:00,2026-09-27T04:00:00+01:00,Washington Huskies,Minnesota Golden Gophers,betway,Betway,2026-09-26T17:50:47Z,h2h,Washington Huskies,1.25,,0.8,0.75,0.2
2026-09-26T17:51:09.140035+00:00,2026-09-26T18:51:09.140035+01:00,e497e36c59bded468da11878568e7c80,americanfootball_ncaaf,NCAAF,2026-09-27T03:00:00+00:00,2026-09-27T04:00:00+01:00,Washington Huskies,Minnesota Golden Gophers,matchbook,Matchbook,2026-09-26T17:51:03Z,h2h,Minnesota Golden Gophers,4.4,,0.22727272727272727,0.22398589065255733,0.2
2026-09-26T17:51:09.140035+00:00,2026-09-26T18:51:09.140035+01:00,e497e36c59bded468da11878568e7c80,americanfootball_ncaaf,NCAAF,2026-09-27T03:00:00+00:00,2026-09-27T04:00:00+01:00,Washington Huskies,Minnesota Golden Gophers,matchbook,Matchbook,2026-09-26T17:51:03Z,h2h,Washington Huskies,1.27,,0.7874015748031495,0.7760141093474426,0.2
2026-09-26T17:51:09.140035+00:00,2026-09-26T18:51:09.140035+01:00,e497e36c59bded468da11878568e7c80,americanfootball_ncaaf,NCAAF,2026-09-27T03:00:00+00:00,2026-09-27T04:00:00+01:00,Washington Huskies,Minnesota Golden Gophers,matchbook,Matchbook,2026-09-26T17:51:03Z,h2h_lay,Minnesota Golden Gophers,4.6,,0.2173913043478261,1.0,0.2
2026-09-26T17:51:09.140035+00:00,2026-09-26T18:51:09.140035+01:00,e497e36c59bded468da11878568e7c80,americanfootball_ncaaf,NCAAF,2026-09-27T03:00:00+00:00,2026-09-27T04:00:00+01:00,Washington Huskies,Minnesota Golden Gophers,matchbook,Matchbook,2026-09-26T17:51:03Z,h2h_lay,Washington Huskies,1.3,,0.7692307692307692,1.0,0.2
