observed_at_utc,observed_at_london,event_id,sport_key,sport_title,commence_time_utc,commence_time_london,home_team,away_team,bookmaker_key,bookmaker_title,bookmaker_last_update,market,outcome,price_decimal,point,raw_implied_probability,market_de_vigged_probability,schema_version
2026-10-01T08:47:49.238138+00:00,2026-10-01T09:47:49.238138+01:00,ef3f453a337c9dae404be4cbf6772441,tennis_atp_china_open,ATP China Open,2026-10-01T09:00:00+00:00,2026-10-01T10:00:00+01:00,Tallon Griekspoor,Andrey Rublev,smarkets,Smarkets,2026-10-01T08:47:45Z,h2h,Andrey Rublev,1.55,,0.6451612903225806,0.630071599045346,0.2
2026-10-01T08:47:49.238138+00:00,2026-10-01T09:47:49.238138+01:00,ef3f453a337c9dae404be4cbf6772441,tennis_atp_china_open,ATP China Open,2026-10-01T09:00:00+00:00,2026-10-01T10:00:00+01:00,Tallon Griekspoor,Andrey Rublev,smarkets,Smarkets,2026-10-01T08:47:45Z,h2h,Tallon Griekspoor,2.64,,0.3787878787878788,0.36992840095465396,0.2
2026-10-01T08:47:49.238138+00:00,2026-10-01T09:47:49.238138+01:00,ef3f453a337c9dae404be4cbf6772441,tennis_atp_china_open,ATP China Open,2026-10-01T09:00:00+00:00,2026-10-01T10:00:00+01:00,Tallon Griekspoor,Andrey Rublev,smarkets,Smarkets,2026-10-01T08:47:45Z,h2h_lay,Andrey Rublev,1.62,,0.6172839506172839,1.0,0.2
2026-10-01T08:47:49.238138+00:00,2026-10-01T09:47:49.238138+01:00,ef3f453a337c9dae404be4cbf6772441,tennis_atp_china_open,ATP China Open,2026-10-01T09:00:00+00:00,2026-10-01T10:00:00+01:00,Tallon Griekspoor,Andrey Rublev,smarkets,Smarkets,2026-10-01T08:47:45Z,h2h_lay,Tallon Griekspoor,2.78,,0.3597122302158274,1.0,0.2
2026-10-01T08:47:49.238138+00:00,2026-10-01T09:47:49.238138+01:00,ef3f453a337c9dae404be4cbf6772441,tennis_atp_china_open,ATP China Open,2026-10-01T09:00:00+00:00,2026-10-01T10:00:00+01:00,Tallon Griekspoor,Andrey Rublev,livescorebet,LiveScore Bet,2026-10-01T08:47:32Z,h2h,Andrey Rublev,1.52,,0.6578947368421053,0.6218905472636816,0.2
2026-10-01T08:47:49.238138+00:00,2026-10-01T09:47:49.238138+01:00,ef3f453a337c9dae404be4cbf6772441,tennis_atp_china_open,ATP China Open,2026-10-01T09:00:00+00:00,2026-10-01T10:00:00+01:00,Tallon Griekspoor,Andrey Rublev,livescorebet,LiveScore Bet,2026-10-01T08:47:32Z,h2h,Tallon Griekspoor,2.5,,0.4,0.37810945273631846,0.2
2026-10-01T08:47:49.238138+00:00,2026-10-01T09:47:49.238138+01:00,ef3f453a337c9dae404be4cbf6772441,tennis_atp_china_open,ATP China Open,2026-10-01T09:00:00+00:00,2026-10-01T10:00:00+01:00,Tallon Griekspoor,Andrey Rublev,betway,Betway,2026-10-01T08:47:47Z,h2h,Andrey Rublev,1.5,,0.6666666666666666,0.6341463414634148,0.2
2026-10-01T08:47:49.238138+00:00,2026-10-01T09:47:49.238138+01:00,ef3f453a337c9dae404be4cbf6772441,tennis_atp_china_open,ATP China Open,2026-10-01T09:00:00+00:00,2026-10-01T10:00:00+01:00,Tallon Griekspoor,Andrey Rublev,betway,Betway,2026-10-01T08:47:47Z,h2h,Tallon Griekspoor,2.6,,0.3846153846153846,0.3658536585365854,0.2
2026-10-01T08:47:49.238138+00:00,2026-10-01T09:47:49.238138+01:00,ef3f453a337c9dae404be4cbf6772441,tennis_atp_china_open,ATP China Open,2026-10-01T09:00:00+00:00,2026-10-01T10:00:00+01:00,Tallon Griekspoor,Andrey Rublev,grosvenor,Grosvenor,2026-10-01T08:47:30Z,h2h,Andrey Rublev,1.51,,0.6622516556291391,0.6234413965087281,0.2
2026-10-01T08:47:49.238138+00:00,2026-10-01T09:47:49.238138+01:00,ef3f453a337c9dae404be4cbf6772441,tennis_atp_china_open,ATP China Open,2026-10-01T09:00:00+00:00,2026-10-01T10:00:00+01:00,Tallon Griekspoor,Andrey Rublev,grosvenor,Grosvenor,2026-10-01T08:47:30Z,h2h,Tallon Griekspoor,2.5,,0.4,0.3765586034912718,0.2
2026-10-01T08:47:49.238138+00:00,2026-10-01T09:47:49.238138+01:00,ef3f453a337c9dae404be4cbf6772441,tennis_atp_china_open,ATP China Open,2026-10-01T09:00:00+00:00,2026-10-01T10:00:00+01:00,Tallon Griekspoor,Andrey Rublev,grosvenor,Grosvenor,2026-10-01T08:47:30Z,spreads,Andrey Rublev,1.65,-1.5,0.6060606060606061,0.5669291338582677,0.2
2026-10-01T08:47:49.238138+00:00,2026-10-01T09:47:49.238138+01:00,ef3f453a337c9dae404be4cbf6772441,tennis_atp_china_open,ATP China Open,2026-10-01T09:00:00+00:00,2026-10-01T10:00:00+01:00,Tallon Griekspoor,Andrey Rublev,grosvenor,Grosvenor,2026-10-01T08:47:30Z,spreads,Tallon Griekspoor,2.16,1.5,0.4629629629629629,0.43307086614173224,0.2
2026-10-01T08:47:49.238138+00:00,2026-10-01T09:47:49.238138+01:00,ef3f453a337c9dae404be4cbf6772441,tennis_atp_china_open,ATP China Open,2026-10-01T09:00:00+00:00,2026-10-01T10:00:00+01:00,Tallon Griekspoor,Andrey Rublev,grosvenor,Grosvenor,2026-10-01T08:47:30Z,totals,Over,1.76,22.5,0.5681818181818182,0.5281501340482575,0.2
2026-10-01T08:47:49.238138+00:00,2026-10-01T09:47:49.238138+01:00,ef3f453a337c9dae404be4cbf6772441,tennis_atp_china_open,ATP China Open,2026-10-01T09:00:00+00:00,2026-10-01T10:00:00+01:00,Tallon Griekspoor,Andrey Rublev,grosvenor,Grosvenor,2026-10-01T08:47:30Z,totals,Under,1.97,22.5,0.5076142131979695,0.47184986595174266,0.2
2026-10-01T08:47:49.238138+00:00,2026-10-01T09:47:49.238138+01:00,ef3f453a337c9dae404be4cbf6772441,tennis_atp_china_open,ATP China Open,2026-10-01T09:00:00+00:00,2026-10-01T10:00:00+01:00,Tallon Griekspoor,Andrey Rublev,casumo,Casumo,2026-10-01T08:47:45Z,h2h,Andrey Rublev,1.51,,0.6622516556291391,0.6234413965087281,0.2
2026-10-01T08:47:49.238138+00:00,2026-10-01T09:47:49.238138+01:00,ef3f453a337c9dae404be4cbf6772441,tennis_atp_china_open,ATP China Open,2026-10-01T09:00:00+00:00,2026-10-01T10:00:00+01:00,Tallon Griekspoor,Andrey Rublev,casumo,Casumo,2026-10-01T08:47:45Z,h2h,Tallon Griekspoor,2.5,,0.4,0.3765586034912718,0.2
2026-10-01T08:47:49.238138+00:00,2026-10-01T09:47:49.238138+01:00,ef3f453a337c9dae404be4cbf6772441,tennis_atp_china_open,ATP China Open,2026-10-01T09:00:00+00:00,2026-10-01T10:00:00+01:00,Tallon Griekspoor,Andrey Rublev,casumo,Casumo,2026-10-01T08:47:45Z,spreads,Andrey Rublev,1.65,-1.5,0.6060606060606061,0.5669291338582677,0.2
2026-10-01T08:47:49.238138+00:00,2026-10-01T09:47:49.238138+01:00,ef3f453a337c9dae404be4cbf6772441,tennis_atp_china_open,ATP China Open,2026-10-01T09:00:00+00:00,2026-10-01T10:00:00+01:00,Tallon Griekspoor,Andrey Rublev,casumo,Casumo,2026-10-01T08:47:45Z,spreads,Tallon Griekspoor,2.16,1.5,0.4629629629629629,0.43307086614173224,0.2
2026-10-01T08:47:49.238138+00:00,2026-10-01T09:47:49.238138+01:00,ef3f453a337c9dae404be4cbf6772441,tennis_atp_china_open,ATP China Open,2026-10-01T09:00:00+00:00,2026-10-01T10:00:00+01:00,Tallon Griekspoor,Andrey Rublev,casumo,Casumo,2026-10-01T08:47:45Z,totals,Over,1.76,22.5,0.5681818181818182,0.5281501340482575,0.2
2026-10-01T08:47:49.238138+00:00,2026-10-01T09:47:49.238138+01:00,ef3f453a337c9dae404be4cbf6772441,tennis_atp_china_open,ATP China Open,2026-10-01T09:00:00+00:00,2026-10-01T10:00:00+01:00,Tallon Griekspoor,Andrey Rublev,casumo,Casumo,2026-10-01T08:47:45Z,totals,Under,1.97,22.5,0.5076142131979695,0.47184986595174266,0.2
2026-10-01T08:47:49.238138+00:00,2026-10-01T09:47:49.238138+01:00,ef3f453a337c9dae404be4cbf6772441,tennis_atp_china_open,ATP China Open,2026-10-01T09:00:00+00:00,2026-10-01T10:00:00+01:00,Tallon Griekspoor,Andrey Rublev,virginbet,Virgin Bet,2026-10-01T08:47:31Z,h2h,Andrey Rublev,1.52,,0.6578947368421053,0.6218905472636816,0.2
2026-10-01T08:47:49.238138+00:00,2026-10-01T09:47:49.238138+01:00,ef3f453a337c9dae404be4cbf6772441,tennis_atp_china_open,ATP China Open,2026-10-01T09:00:00+00:00,2026-10-01T10:00:00+01:00,Tallon Griekspoor,Andrey Rublev,virginbet,Virgin Bet,2026-10-01T08:47:31Z,h2h,Tallon Griekspoor,2.5,,0.4,0.37810945273631846,0.2
2026-10-01T08:47:49.238138+00:00,2026-10-01T09:47:49.238138+01:00,ef3f453a337c9dae404be4cbf6772441,tennis_atp_china_open,ATP China Open,2026-10-01T09:00:00+00:00,2026-10-01T10:00:00+01:00,Tallon Griekspoor,Andrey Rublev,betano_uk,Betano (UK),2026-10-01T08:40:34Z,h2h,Andrey Rublev,1.5,,0.6666666666666666,0.6153846153846154,0.2
2026-10-01T08:47:49.238138+00:00,2026-10-01T09:47:49.238138+01:00,ef3f453a337c9dae404be4cbf6772441,tennis_atp_china_open,ATP China Open,2026-10-01T09:00:00+00:00,2026-10-01T10:00:00+01:00,Tallon Griekspoor,Andrey Rublev,betano_uk,Betano (UK),2026-10-01T08:40:34Z,h2h,Tallon Griekspoor,2.4,,0.4166666666666667,0.38461538461538464,0.2
2026-10-01T08:47:49.238138+00:00,2026-10-01T09:47:49.238138+01:00,ef3f453a337c9dae404be4cbf6772441,tennis_atp_china_open,ATP China Open,2026-10-01T09:00:00+00:00,2026-10-01T10:00:00+01:00,Tallon Griekspoor,Andrey Rublev,betvictor,Bet Victor,2026-10-01T08:42:16Z,h2h,Andrey Rublev,1.5,,0.6666666666666666,0.6153846153846154,0.2
2026-10-01T08:47:49.238138+00:00,2026-10-01T09:47:49.238138+01:00,ef3f453a337c9dae404be4cbf6772441,tennis_atp_china_open,ATP China Open,2026-10-01T09:00:00+00:00,2026-10-01T10:00:00+01:00,Tallon Griekspoor,Andrey Rublev,betvictor,Bet Victor,2026-10-01T08:42:16Z,h2h,Tallon Griekspoor,2.4,,0.4166666666666667,0.38461538461538464,0.2
2026-10-01T08:47:49.238138+00:00,2026-10-01T09:47:49.238138+01:00,ef3f453a337c9dae404be4cbf6772441,tennis_atp_china_open,ATP China Open,2026-10-01T09:00:00+00:00,2026-10-01T10:00:00+01:00,Tallon Griekspoor,Andrey Rublev,sport888,888sport,2026-10-01T08:47:31Z,h2h,Andrey Rublev,1.53,,0.6535947712418301,0.6203473945409429,0.2
2026-10-01T08:47:49.238138+00:00,2026-10-01T09:47:49.238138+01:00,ef3f453a337c9dae404be4cbf6772441,tennis_atp_china_open,ATP China Open,2026-10-01T09:00:00+00:00,2026-10-01T10:00:00+01:00,Tallon Griekspoor,Andrey Rublev,sport888,888sport,2026-10-01T08:47:31Z,h2h,Tallon Griekspoor,2.5,,0.4,0.3796526054590571,0.2
2026-10-01T08:47:49.238138+00:00,2026-10-01T09:47:49.238138+01:00,ef3f453a337c9dae404be4cbf6772441,tennis_atp_china_open,ATP China Open,2026-10-01T09:00:00+00:00,2026-10-01T10:00:00+01:00,Tallon Griekspoor,Andrey Rublev,boylesports,BoyleSports,2026-10-01T08:47:47Z,h2h,Andrey Rublev,1.53,,0.6535947712418301,0.6203473945409429,0.2
2026-10-01T08:47:49.238138+00:00,2026-10-01T09:47:49.238138+01:00,ef3f453a337c9dae404be4cbf6772441,tennis_atp_china_open,ATP China Open,2026-10-01T09:00:00+00:00,2026-10-01T10:00:00+01:00,Tallon Griekspoor,Andrey Rublev,boylesports,BoyleSports,2026-10-01T08:47:47Z,h2h,Tallon Griekspoor,2.5,,0.4,0.3796526054590571,0.2
2026-10-01T08:47:49.238138+00:00,2026-10-01T09:47:49.238138+01:00,ef3f453a337c9dae404be4cbf6772441,tennis_atp_china_open,ATP China Open,2026-10-01T09:00:00+00:00,2026-10-01T10:00:00+01:00,Tallon Griekspoor,Andrey Rublev,ladbrokes_uk,Ladbrokes,2026-10-01T08:47:31Z,h2h,Andrey Rublev,1.53,,0.6535947712418301,0.6106870229007634,0.2
2026-10-01T08:47:49.238138+00:00,2026-10-01T09:47:49.238138+01:00,ef3f453a337c9dae404be4cbf6772441,tennis_atp_china_open,ATP China Open,2026-10-01T09:00:00+00:00,2026-10-01T10:00:00+01:00,Tallon Griekspoor,Andrey Rublev,ladbrokes_uk,Ladbrokes,2026-10-01T08:47:31Z,h2h,Tallon Griekspoor,2.4,,0.4166666666666667,0.3893129770992367,0.2
2026-10-01T08:47:49.238138+00:00,2026-10-01T09:47:49.238138+01:00,ef3f453a337c9dae404be4cbf6772441,tennis_atp_china_open,ATP China Open,2026-10-01T09:00:00+00:00,2026-10-01T10:00:00+01:00,Tallon Griekspoor,Andrey Rublev,ladbrokes_uk,Ladbrokes,2026-10-01T08:47:31Z,spreads,Andrey Rublev,1.95,-2.5,0.5128205128205129,0.48,0.2
2026-10-01T08:47:49.238138+00:00,2026-10-01T09:47:49.238138+01:00,ef3f453a337c9dae404be4cbf6772441,tennis_atp_china_open,ATP China Open,2026-10-01T09:00:00+00:00,2026-10-01T10:00:00+01:00,Tallon Griekspoor,Andrey Rublev,ladbrokes_uk,Ladbrokes,2026-10-01T08:47:31Z,spreads,Tallon Griekspoor,1.8,2.5,0.5555555555555556,0.5199999999999999,0.2
2026-10-01T08:47:49.238138+00:00,2026-10-01T09:47:49.238138+01:00,ef3f453a337c9dae404be4cbf6772441,tennis_atp_china_open,ATP China Open,2026-10-01T09:00:00+00:00,2026-10-01T10:00:00+01:00,Tallon Griekspoor,Andrey Rublev,ladbrokes_uk,Ladbrokes,2026-10-01T08:47:31Z,totals,Over,1.8,22.5,0.5555555555555556,0.5199999999999999,0.2
2026-10-01T08:47:49.238138+00:00,2026-10-01T09:47:49.238138+01:00,ef3f453a337c9dae404be4cbf6772441,tennis_atp_china_open,ATP China Open,2026-10-01T09:00:00+00:00,2026-10-01T10:00:00+01:00,Tallon Griekspoor,Andrey Rublev,ladbrokes_uk,Ladbrokes,2026-10-01T08:47:31Z,totals,Under,1.95,22.5,0.5128205128205129,0.48,0.2
2026-10-01T08:47:49.238138+00:00,2026-10-01T09:47:49.238138+01:00,ef3f453a337c9dae404be4cbf6772441,tennis_atp_china_open,ATP China Open,2026-10-01T09:00:00+00:00,2026-10-01T10:00:00+01:00,Tallon Griekspoor,Andrey Rublev,coral,Coral,2026-10-01T08:47:31Z,h2h,Andrey Rublev,1.53,,0.6535947712418301,0.6106870229007634,0.2
2026-10-01T08:47:49.238138+00:00,2026-10-01T09:47:49.238138+01:00,ef3f453a337c9dae404be4cbf6772441,tennis_atp_china_open,ATP China Open,2026-10-01T09:00:00+00:00,2026-10-01T10:00:00+01:00,Tallon Griekspoor,Andrey Rublev,coral,Coral,2026-10-01T08:47:31Z,h2h,Tallon Griekspoor,2.4,,0.4166666666666667,0.3893129770992367,0.2
2026-10-01T08:47:49.238138+00:00,2026-10-01T09:47:49.238138+01:00,ef3f453a337c9dae404be4cbf6772441,tennis_atp_china_open,ATP China Open,2026-10-01T09:00:00+00:00,2026-10-01T10:00:00+01:00,Tallon Griekspoor,Andrey Rublev,coral,Coral,2026-10-01T08:47:31Z,spreads,Andrey Rublev,1.95,-2.5,0.5128205128205129,0.48,0.2
2026-10-01T08:47:49.238138+00:00,2026-10-01T09:47:49.238138+01:00,ef3f453a337c9dae404be4cbf6772441,tennis_atp_china_open,ATP China Open,2026-10-01T09:00:00+00:00,2026-10-01T10:00:00+01:00,Tallon Griekspoor,Andrey Rublev,coral,Coral,2026-10-01T08:47:31Z,spreads,Tallon Griekspoor,1.8,2.5,0.5555555555555556,0.5199999999999999,0.2
2026-10-01T08:47:49.238138+00:00,2026-10-01T09:47:49.238138+01:00,ef3f453a337c9dae404be4cbf6772441,tennis_atp_china_open,ATP China Open,2026-10-01T09:00:00+00:00,2026-10-01T10:00:00+01:00,Tallon Griekspoor,Andrey Rublev,coral,Coral,2026-10-01T08:47:31Z,totals,Over,1.8,22.5,0.5555555555555556,0.5199999999999999,0.2
2026-10-01T08:47:49.238138+00:00,2026-10-01T09:47:49.238138+01:00,ef3f453a337c9dae404be4cbf6772441,tennis_atp_china_open,ATP China Open,2026-10-01T09:00:00+00:00,2026-10-01T10:00:00+01:00,Tallon Griekspoor,Andrey Rublev,coral,Coral,2026-10-01T08:47:31Z,totals,Under,1.95,22.5,0.5128205128205129,0.48,0.2
2026-10-01T08:47:49.238138+00:00,2026-10-01T09:47:49.238138+01:00,ef3f453a337c9dae404be4cbf6772441,tennis_atp_china_open,ATP China Open,2026-10-01T09:00:00+00:00,2026-10-01T10:00:00+01:00,Tallon Griekspoor,Andrey Rublev,matchbook,Matchbook,2026-10-01T08:47:45Z,h2h,Andrey Rublev,1.58,,0.6329113924050632,0.6291079812206574,0.2
2026-10-01T08:47:49.238138+00:00,2026-10-01T09:47:49.238138+01:00,ef3f453a337c9dae404be4cbf6772441,tennis_atp_china_open,ATP China Open,2026-10-01T09:00:00+00:00,2026-10-01T10:00:00+01:00,Tallon Griekspoor,Andrey Rublev,matchbook,Matchbook,2026-10-01T08:47:45Z,h2h,Tallon Griekspoor,2.68,,0.3731343283582089,0.37089201877934275,0.2
2026-10-01T08:47:49.238138+00:00,2026-10-01T09:47:49.238138+01:00,ef3f453a337c9dae404be4cbf6772441,tennis_atp_china_open,ATP China Open,2026-10-01T09:00:00+00:00,2026-10-01T10:00:00+01:00,Tallon Griekspoor,Andrey Rublev,matchbook,Matchbook,2026-10-01T08:47:45Z,h2h_lay,Andrey Rublev,1.59,,0.6289308176100629,1.0,0.2
2026-10-01T08:47:49.238138+00:00,2026-10-01T09:47:49.238138+01:00,ef3f453a337c9dae404be4cbf6772441,tennis_atp_china_open,ATP China Open,2026-10-01T09:00:00+00:00,2026-10-01T10:00:00+01:00,Tallon Griekspoor,Andrey Rublev,matchbook,Matchbook,2026-10-01T08:47:45Z,h2h_lay,Tallon Griekspoor,2.74,,0.36496350364963503,1.0,0.2
2026-10-01T08:47:49.238138+00:00,2026-10-01T09:47:49.238138+01:00,ef3f453a337c9dae404be4cbf6772441,tennis_atp_china_open,ATP China Open,2026-10-01T09:00:00+00:00,2026-10-01T10:00:00+01:00,Tallon Griekspoor,Andrey Rublev,matchbook,Matchbook,2026-10-01T08:47:45Z,spreads,Andrey Rublev,1.94,-2.5,0.5154639175257733,0.4987080103359174,0.2
2026-10-01T08:47:49.238138+00:00,2026-10-01T09:47:49.238138+01:00,ef3f453a337c9dae404be4cbf6772441,tennis_atp_china_open,ATP China Open,2026-10-01T09:00:00+00:00,2026-10-01T10:00:00+01:00,Tallon Griekspoor,Andrey Rublev,matchbook,Matchbook,2026-10-01T08:47:45Z,spreads,Tallon Griekspoor,1.93,2.5,0.5181347150259068,0.5012919896640827,0.2
2026-10-01T08:47:49.238138+00:00,2026-10-01T09:47:49.238138+01:00,ef3f453a337c9dae404be4cbf6772441,tennis_atp_china_open,ATP China Open,2026-10-01T09:00:00+00:00,2026-10-01T10:00:00+01:00,Tallon Griekspoor,Andrey Rublev,matchbook,Matchbook,2026-10-01T08:47:45Z,totals,Over,2.0,23.0,0.5,0.48186528497409326,0.2
2026-10-01T08:47:49.238138+00:00,2026-10-01T09:47:49.238138+01:00,ef3f453a337c9dae404be4cbf6772441,tennis_atp_china_open,ATP China Open,2026-10-01T09:00:00+00:00,2026-10-01T10:00:00+01:00,Tallon Griekspoor,Andrey Rublev,matchbook,Matchbook,2026-10-01T08:47:45Z,totals,Under,1.86,23.0,0.5376344086021505,0.5181347150259067,0.2
2026-10-01T08:47:49.238138+00:00,2026-10-01T09:47:49.238138+01:00,ef3f453a337c9dae404be4cbf6772441,tennis_atp_china_open,ATP China Open,2026-10-01T09:00:00+00:00,2026-10-01T10:00:00+01:00,Tallon Griekspoor,Andrey Rublev,paddypower,Paddy Power,2026-10-01T08:47:46Z,h2h,Andrey Rublev,1.5,,0.6666666666666666,0.625,0.2
2026-10-01T08:47:49.238138+00:00,2026-10-01T09:47:49.238138+01:00,ef3f453a337c9dae404be4cbf6772441,tennis_atp_china_open,ATP China Open,2026-10-01T09:00:00+00:00,2026-10-01T10:00:00+01:00,Tallon Griekspoor,Andrey Rublev,paddypower,Paddy Power,2026-10-01T08:47:46Z,h2h,Tallon Griekspoor,2.5,,0.4,0.375,0.2
2026-10-01T08:47:49.238138+00:00,2026-10-01T09:47:49.238138+01:00,ef3f453a337c9dae404be4cbf6772441,tennis_atp_china_open,ATP China Open,2026-10-01T09:00:00+00:00,2026-10-01T10:00:00+01:00,Tallon Griekspoor,Andrey Rublev,unibet_uk,Unibet (UK),2026-10-01T08:46:39Z,h2h,Andrey Rublev,1.54,,0.6493506493506493,0.6188118811881189,0.2
2026-10-01T08:47:49.238138+00:00,2026-10-01T09:47:49.238138+01:00,ef3f453a337c9dae404be4cbf6772441,tennis_atp_china_open,ATP China Open,2026-10-01T09:00:00+00:00,2026-10-01T10:00:00+01:00,Tallon Griekspoor,Andrey Rublev,unibet_uk,Unibet (UK),2026-10-01T08:46:39Z,h2h,Tallon Griekspoor,2.5,,0.4,0.38118811881188125,0.2
2026-10-01T08:47:49.238138+00:00,2026-10-01T09:47:49.238138+01:00,ef3f453a337c9dae404be4cbf6772441,tennis_atp_china_open,ATP China Open,2026-10-01T09:00:00+00:00,2026-10-01T10:00:00+01:00,Tallon Griekspoor,Andrey Rublev,leovegas,LeoVegas,2026-10-01T08:47:31Z,h2h,Andrey Rublev,1.53,,0.6535947712418301,0.6203473945409429,0.2
2026-10-01T08:47:49.238138+00:00,2026-10-01T09:47:49.238138+01:00,ef3f453a337c9dae404be4cbf6772441,tennis_atp_china_open,ATP China Open,2026-10-01T09:00:00+00:00,2026-10-01T10:00:00+01:00,Tallon Griekspoor,Andrey Rublev,leovegas,LeoVegas,2026-10-01T08:47:31Z,h2h,Tallon Griekspoor,2.5,,0.4,0.3796526054590571,0.2
2026-10-01T08:47:49.238138+00:00,2026-10-01T09:47:49.238138+01:00,ef3f453a337c9dae404be4cbf6772441,tennis_atp_china_open,ATP China Open,2026-10-01T09:00:00+00:00,2026-10-01T10:00:00+01:00,Tallon Griekspoor,Andrey Rublev,leovegas,LeoVegas,2026-10-01T08:47:31Z,spreads,Andrey Rublev,1.9,-2.5,0.5263157894736842,0.49333333333333335,0.2
2026-10-01T08:47:49.238138+00:00,2026-10-01T09:47:49.238138+01:00,ef3f453a337c9dae404be4cbf6772441,tennis_atp_china_open,ATP China Open,2026-10-01T09:00:00+00:00,2026-10-01T10:00:00+01:00,Tallon Griekspoor,Andrey Rublev,leovegas,LeoVegas,2026-10-01T08:47:31Z,spreads,Tallon Griekspoor,1.85,2.5,0.5405405405405405,0.5066666666666666,0.2
2026-10-01T08:47:49.238138+00:00,2026-10-01T09:47:49.238138+01:00,ef3f453a337c9dae404be4cbf6772441,tennis_atp_china_open,ATP China Open,2026-10-01T09:00:00+00:00,2026-10-01T10:00:00+01:00,Tallon Griekspoor,Andrey Rublev,leovegas,LeoVegas,2026-10-01T08:47:31Z,totals,Over,1.8,22.5,0.5555555555555556,0.5199999999999999,0.2
2026-10-01T08:47:49.238138+00:00,2026-10-01T09:47:49.238138+01:00,ef3f453a337c9dae404be4cbf6772441,tennis_atp_china_open,ATP China Open,2026-10-01T09:00:00+00:00,2026-10-01T10:00:00+01:00,Tallon Griekspoor,Andrey Rublev,leovegas,LeoVegas,2026-10-01T08:47:31Z,totals,Under,1.95,22.5,0.5128205128205129,0.48,0.2
2026-10-01T08:47:49.238138+00:00,2026-10-01T09:47:49.238138+01:00,ef3f453a337c9dae404be4cbf6772441,tennis_atp_china_open,ATP China Open,2026-10-01T09:00:00+00:00,2026-10-01T10:00:00+01:00,Tallon Griekspoor,Andrey Rublev,betfair_sb_uk,Betfair Sportsbook,2026-10-01T08:47:45Z,h2h,Andrey Rublev,1.53,,0.6535947712418301,0.6203473945409429,0.2
2026-10-01T08:47:49.238138+00:00,2026-10-01T09:47:49.238138+01:00,ef3f453a337c9dae404be4cbf6772441,tennis_atp_china_open,ATP China Open,2026-10-01T09:00:00+00:00,2026-10-01T10:00:00+01:00,Tallon Griekspoor,Andrey Rublev,betfair_sb_uk,Betfair Sportsbook,2026-10-01T08:47:45Z,h2h,Tallon Griekspoor,2.5,,0.4,0.3796526054590571,0.2
2026-10-01T08:47:49.238138+00:00,2026-10-01T09:47:49.238138+01:00,ef3f453a337c9dae404be4cbf6772441,tennis_atp_china_open,ATP China Open,2026-10-01T09:00:00+00:00,2026-10-01T10:00:00+01:00,Tallon Griekspoor,Andrey Rublev,williamhill,William Hill,2026-10-01T08:47:31Z,h2h,Andrey Rublev,1.53,,0.6535947712418301,0.6203473945409429,0.2
2026-10-01T08:47:49.238138+00:00,2026-10-01T09:47:49.238138+01:00,ef3f453a337c9dae404be4cbf6772441,tennis_atp_china_open,ATP China Open,2026-10-01T09:00:00+00:00,2026-10-01T10:00:00+01:00,Tallon Griekspoor,Andrey Rublev,williamhill,William Hill,2026-10-01T08:47:31Z,h2h,Tallon Griekspoor,2.5,,0.4,0.3796526054590571,0.2
2026-10-01T08:47:49.238138+00:00,2026-10-01T09:47:49.238138+01:00,ef3f453a337c9dae404be4cbf6772441,tennis_atp_china_open,ATP China Open,2026-10-01T09:00:00+00:00,2026-10-01T10:00:00+01:00,Tallon Griekspoor,Andrey Rublev,betfair_ex_uk,Betfair,2026-10-01T08:47:47Z,h2h,Andrey Rublev,1.58,,0.6329113924050632,0.6291079812206574,0.2
2026-10-01T08:47:49.238138+00:00,2026-10-01T09:47:49.238138+01:00,ef3f453a337c9dae404be4cbf6772441,tennis_atp_china_open,ATP China Open,2026-10-01T09:00:00+00:00,2026-10-01T10:00:00+01:00,Tallon Griekspoor,Andrey Rublev,betfair_ex_uk,Betfair,2026-10-01T08:47:47Z,h2h,Tallon Griekspoor,2.68,,0.3731343283582089,0.37089201877934275,0.2
2026-10-01T08:47:49.238138+00:00,2026-10-01T09:47:49.238138+01:00,ef3f453a337c9dae404be4cbf6772441,tennis_atp_china_open,ATP China Open,2026-10-01T09:00:00+00:00,2026-10-01T10:00:00+01:00,Tallon Griekspoor,Andrey Rublev,betfair_ex_uk,Betfair,2026-10-01T08:47:47Z,h2h_lay,Andrey Rublev,1.59,,0.6289308176100629,1.0,0.2
2026-10-01T08:47:49.238138+00:00,2026-10-01T09:47:49.238138+01:00,ef3f453a337c9dae404be4cbf6772441,tennis_atp_china_open,ATP China Open,2026-10-01T09:00:00+00:00,2026-10-01T10:00:00+01:00,Tallon Griekspoor,Andrey Rublev,betfair_ex_uk,Betfair,2026-10-01T08:47:47Z,h2h_lay,Tallon Griekspoor,2.74,,0.36496350364963503,1.0,0.2
2026-10-01T08:47:49.238138+00:00,2026-10-01T09:47:49.238138+01:00,ef3f453a337c9dae404be4cbf6772441,tennis_atp_china_open,ATP China Open,2026-10-01T09:00:00+00:00,2026-10-01T10:00:00+01:00,Tallon Griekspoor,Andrey Rublev,skybet,Sky Bet,2026-10-01T08:47:45Z,h2h,Andrey Rublev,1.5,,0.6666666666666666,0.625,0.2
2026-10-01T08:47:49.238138+00:00,2026-10-01T09:47:49.238138+01:00,ef3f453a337c9dae404be4cbf6772441,tennis_atp_china_open,ATP China Open,2026-10-01T09:00:00+00:00,2026-10-01T10:00:00+01:00,Tallon Griekspoor,Andrey Rublev,skybet,Sky Bet,2026-10-01T08:47:45Z,h2h,Tallon Griekspoor,2.5,,0.4,0.375,0.2
2026-10-01T08:47:49.238138+00:00,2026-10-01T09:47:49.238138+01:00,726e426c5068e86e57b7f81891e0136e,tennis_atp_china_open,ATP China Open,2026-10-01T11:00:00+00:00,2026-10-01T12:00:00+01:00,Learner Tien,Hubert Hurkacz,smarkets,Smarkets,2026-10-01T08:47:45Z,h2h,Hubert Hurkacz,2.56,,0.390625,0.38164251207729477,0.2
2026-10-01T08:47:49.238138+00:00,2026-10-01T09:47:49.238138+01:00,726e426c5068e86e57b7f81891e0136e,tennis_atp_china_open,ATP China Open,2026-10-01T11:00:00+00:00,2026-10-01T12:00:00+01:00,Learner Tien,Hubert Hurkacz,smarkets,Smarkets,2026-10-01T08:47:45Z,h2h,Learner Tien,1.58,,0.6329113924050632,0.6183574879227054,0.2
2026-10-01T08:47:49.238138+00:00,2026-10-01T09:47:49.238138+01:00,726e426c5068e86e57b7f81891e0136e,tennis_atp_china_open,ATP China Open,2026-10-01T11:00:00+00:00,2026-10-01T12:00:00+01:00,Learner Tien,Hubert Hurkacz,smarkets,Smarkets,2026-10-01T08:47:45Z,h2h_lay,Hubert Hurkacz,2.7,,0.37037037037037035,1.0,0.2
2026-10-01T08:47:49.238138+00:00,2026-10-01T09:47:49.238138+01:00,726e426c5068e86e57b7f81891e0136e,tennis_atp_china_open,ATP China Open,2026-10-01T11:00:00+00:00,2026-10-01T12:00:00+01:00,Learner Tien,Hubert Hurkacz,smarkets,Smarkets,2026-10-01T08:47:45Z,h2h_lay,Learner Tien,1.65,,0.6060606060606061,1.0,0.2
2026-10-01T08:47:49.238138+00:00,2026-10-01T09:47:49.238138+01:00,726e426c5068e86e57b7f81891e0136e,tennis_atp_china_open,ATP China Open,2026-10-01T11:00:00+00:00,2026-10-01T12:00:00+01:00,Learner Tien,Hubert Hurkacz,sport888,888sport,2026-10-01T08:47:31Z,h2h,Hubert Hurkacz,2.5,,0.4,0.3796526054590571,0.2
2026-10-01T08:47:49.238138+00:00,2026-10-01T09:47:49.238138+01:00,726e426c5068e86e57b7f81891e0136e,tennis_atp_china_open,ATP China Open,2026-10-01T11:00:00+00:00,2026-10-01T12:00:00+01:00,Learner Tien,Hubert Hurkacz,sport888,888sport,2026-10-01T08:47:31Z,h2h,Learner Tien,1.53,,0.6535947712418301,0.6203473945409429,0.2
2026-10-01T08:47:49.238138+00:00,2026-10-01T09:47:49.238138+01:00,726e426c5068e86e57b7f81891e0136e,tennis_atp_china_open,ATP China Open,2026-10-01T11:00:00+00:00,2026-10-01T12:00:00+01:00,Learner Tien,Hubert Hurkacz,betway,Betway,2026-10-01T08:47:47Z,h2h,Hubert Hurkacz,2.4,,0.4166666666666667,0.3924050632911393,0.2
2026-10-01T08:47:49.238138+00:00,2026-10-01T09:47:49.238138+01:00,726e426c5068e86e57b7f81891e0136e,tennis_atp_china_open,ATP China Open,2026-10-01T11:00:00+00:00,2026-10-01T12:00:00+01:00,Learner Tien,Hubert Hurkacz,betway,Betway,2026-10-01T08:47:47Z,h2h,Learner Tien,1.55,,0.6451612903225806,0.6075949367088608,0.2
2026-10-01T08:47:49.238138+00:00,2026-10-01T09:47:49.238138+01:00,726e426c5068e86e57b7f81891e0136e,tennis_atp_china_open,ATP China Open,2026-10-01T11:00:00+00:00,2026-10-01T12:00:00+01:00,Learner Tien,Hubert Hurkacz,livescorebet,LiveScore Bet,2026-10-01T08:47:32Z,h2h,Hubert Hurkacz,2.33,,0.4291845493562232,0.4086294416243655,0.2
2026-10-01T08:47:49.238138+00:00,2026-10-01T09:47:49.238138+01:00,726e426c5068e86e57b7f81891e0136e,tennis_atp_china_open,ATP China Open,2026-10-01T11:00:00+00:00,2026-10-01T12:00:00+01:00,Learner Tien,Hubert Hurkacz,livescorebet,LiveScore Bet,2026-10-01T08:47:32Z,h2h,Learner Tien,1.61,,0.6211180124223602,0.5913705583756345,0.2
2026-10-01T08:47:49.238138+00:00,2026-10-01T09:47:49.238138+01:00,726e426c5068e86e57b7f81891e0136e,tennis_atp_china_open,ATP China Open,2026-10-01T11:00:00+00:00,2026-10-01T12:00:00+01:00,Learner Tien,Hubert Hurkacz,betano_uk,Betano (UK),2026-10-01T08:47:43Z,h2h,Hubert Hurkacz,2.25,,0.4444444444444444,0.4109947643979057,0.2
2026-10-01T08:47:49.238138+00:00,2026-10-01T09:47:49.238138+01:00,726e426c5068e86e57b7f81891e0136e,tennis_atp_china_open,ATP China Open,2026-10-01T11:00:00+00:00,2026-10-01T12:00:00+01:00,Learner Tien,Hubert Hurkacz,betano_uk,Betano (UK),2026-10-01T08:47:43Z,h2h,Learner Tien,1.57,,0.6369426751592356,0.5890052356020942,0.2
2026-10-01T08:47:49.238138+00:00,2026-10-01T09:47:49.238138+01:00,726e426c5068e86e57b7f81891e0136e,tennis_atp_china_open,ATP China Open,2026-10-01T11:00:00+00:00,2026-10-01T12:00:00+01:00,Learner Tien,Hubert Hurkacz,virginbet,Virgin Bet,2026-10-01T08:47:31Z,h2h,Hubert Hurkacz,2.33,,0.4291845493562232,0.4086294416243655,0.2
2026-10-01T08:47:49.238138+00:00,2026-10-01T09:47:49.238138+01:00,726e426c5068e86e57b7f81891e0136e,tennis_atp_china_open,ATP China Open,2026-10-01T11:00:00+00:00,2026-10-01T12:00:00+01:00,Learner Tien,Hubert Hurkacz,virginbet,Virgin Bet,2026-10-01T08:47:31Z,h2h,Learner Tien,1.61,,0.6211180124223602,0.5913705583756345,0.2
2026-10-01T08:47:49.238138+00:00,2026-10-01T09:47:49.238138+01:00,726e426c5068e86e57b7f81891e0136e,tennis_atp_china_open,ATP China Open,2026-10-01T11:00:00+00:00,2026-10-01T12:00:00+01:00,Learner Tien,Hubert Hurkacz,grosvenor,Grosvenor,2026-10-01T08:47:30Z,h2h,Hubert Hurkacz,2.33,,0.4291845493562232,0.4086294416243655,0.2
2026-10-01T08:47:49.238138+00:00,2026-10-01T09:47:49.238138+01:00,726e426c5068e86e57b7f81891e0136e,tennis_atp_china_open,ATP China Open,2026-10-01T11:00:00+00:00,2026-10-01T12:00:00+01:00,Learner Tien,Hubert Hurkacz,grosvenor,Grosvenor,2026-10-01T08:47:30Z,h2h,Learner Tien,1.61,,0.6211180124223602,0.5913705583756345,0.2
2026-10-01T08:47:49.238138+00:00,2026-10-01T09:47:49.238138+01:00,726e426c5068e86e57b7f81891e0136e,tennis_atp_china_open,ATP China Open,2026-10-01T11:00:00+00:00,2026-10-01T12:00:00+01:00,Learner Tien,Hubert Hurkacz,grosvenor,Grosvenor,2026-10-01T08:47:30Z,spreads,Hubert Hurkacz,2.2,0.5,0.45454545454545453,0.42558746736292424,0.2
2026-10-01T08:47:49.238138+00:00,2026-10-01T09:47:49.238138+01:00,726e426c5068e86e57b7f81891e0136e,tennis_atp_china_open,ATP China Open,2026-10-01T11:00:00+00:00,2026-10-01T12:00:00+01:00,Learner Tien,Hubert Hurkacz,grosvenor,Grosvenor,2026-10-01T08:47:30Z,spreads,Learner Tien,1.63,-0.5,0.6134969325153374,0.5744125326370757,0.2
2026-10-01T08:47:49.238138+00:00,2026-10-01T09:47:49.238138+01:00,726e426c5068e86e57b7f81891e0136e,tennis_atp_china_open,ATP China Open,2026-10-01T11:00:00+00:00,2026-10-01T12:00:00+01:00,Learner Tien,Hubert Hurkacz,grosvenor,Grosvenor,2026-10-01T08:47:30Z,totals,Over,1.94,23.5,0.5154639175257733,0.48128342245989303,0.2
2026-10-01T08:47:49.238138+00:00,2026-10-01T09:47:49.238138+01:00,726e426c5068e86e57b7f81891e0136e,tennis_atp_china_open,ATP China Open,2026-10-01T11:00:00+00:00,2026-10-01T12:00:00+01:00,Learner Tien,Hubert Hurkacz,grosvenor,Grosvenor,2026-10-01T08:47:30Z,totals,Under,1.8,23.5,0.5555555555555556,0.5187165775401069,0.2
2026-10-01T08:47:49.238138+00:00,2026-10-01T09:47:49.238138+01:00,726e426c5068e86e57b7f81891e0136e,tennis_atp_china_open,ATP China Open,2026-10-01T11:00:00+00:00,2026-10-01T12:00:00+01:00,Learner Tien,Hubert Hurkacz,casumo,Casumo,2026-10-01T08:47:45Z,h2h,Hubert Hurkacz,2.33,,0.4291845493562232,0.4086294416243655,0.2
2026-10-01T08:47:49.238138+00:00,2026-10-01T09:47:49.238138+01:00,726e426c5068e86e57b7f81891e0136e,tennis_atp_china_open,ATP China Open,2026-10-01T11:00:00+00:00,2026-10-01T12:00:00+01:00,Learner Tien,Hubert Hurkacz,casumo,Casumo,2026-10-01T08:47:45Z,h2h,Learner Tien,1.61,,0.6211180124223602,0.5913705583756345,0.2
2026-10-01T08:47:49.238138+00:00,2026-10-01T09:47:49.238138+01:00,726e426c5068e86e57b7f81891e0136e,tennis_atp_china_open,ATP China Open,2026-10-01T11:00:00+00:00,2026-10-01T12:00:00+01:00,Learner Tien,Hubert Hurkacz,casumo,Casumo,2026-10-01T08:47:45Z,spreads,Hubert Hurkacz,2.2,0.5,0.45454545454545453,0.42558746736292424,0.2
2026-10-01T08:47:49.238138+00:00,2026-10-01T09:47:49.238138+01:00,726e426c5068e86e57b7f81891e0136e,tennis_atp_china_open,ATP China Open,2026-10-01T11:00:00+00:00,2026-10-01T12:00:00+01:00,Learner Tien,Hubert Hurkacz,casumo,Casumo,2026-10-01T08:47:45Z,spreads,Learner Tien,1.63,-0.5,0.6134969325153374,0.5744125326370757,0.2
2026-10-01T08:47:49.238138+00:00,2026-10-01T09:47:49.238138+01:00,726e426c5068e86e57b7f81891e0136e,tennis_atp_china_open,ATP China Open,2026-10-01T11:00:00+00:00,2026-10-01T12:00:00+01:00,Learner Tien,Hubert Hurkacz,casumo,Casumo,2026-10-01T08:47:45Z,totals,Over,1.94,23.5,0.5154639175257733,0.48128342245989303,0.2
2026-10-01T08:47:49.238138+00:00,2026-10-01T09:47:49.238138+01:00,726e426c5068e86e57b7f81891e0136e,tennis_atp_china_open,ATP China Open,2026-10-01T11:00:00+00:00,2026-10-01T12:00:00+01:00,Learner Tien,Hubert Hurkacz,casumo,Casumo,2026-10-01T08:47:45Z,totals,Under,1.8,23.5,0.5555555555555556,0.5187165775401069,0.2
2026-10-01T08:47:49.238138+00:00,2026-10-01T09:47:49.238138+01:00,726e426c5068e86e57b7f81891e0136e,tennis_atp_china_open,ATP China Open,2026-10-01T11:00:00+00:00,2026-10-01T12:00:00+01:00,Learner Tien,Hubert Hurkacz,betvictor,Bet Victor,2026-10-01T08:47:12Z,h2h,Hubert Hurkacz,2.25,,0.4444444444444444,0.4109947643979057,0.2
2026-10-01T08:47:49.238138+00:00,2026-10-01T09:47:49.238138+01:00,726e426c5068e86e57b7f81891e0136e,tennis_atp_china_open,ATP China Open,2026-10-01T11:00:00+00:00,2026-10-01T12:00:00+01:00,Learner Tien,Hubert Hurkacz,betvictor,Bet Victor,2026-10-01T08:47:12Z,h2h,Learner Tien,1.57,,0.6369426751592356,0.5890052356020942,0.2
2026-10-01T08:47:49.238138+00:00,2026-10-01T09:47:49.238138+01:00,726e426c5068e86e57b7f81891e0136e,tennis_atp_china_open,ATP China Open,2026-10-01T11:00:00+00:00,2026-10-01T12:00:00+01:00,Learner Tien,Hubert Hurkacz,boylesports,BoyleSports,2026-10-01T08:47:47Z,h2h,Hubert Hurkacz,2.38,,0.42016806722689076,0.39746835443037976,0.2
2026-10-01T08:47:49.238138+00:00,2026-10-01T09:47:49.238138+01:00,726e426c5068e86e57b7f81891e0136e,tennis_atp_china_open,ATP China Open,2026-10-01T11:00:00+00:00,2026-10-01T12:00:00+01:00,Learner Tien,Hubert Hurkacz,boylesports,BoyleSports,2026-10-01T08:47:47Z,h2h,Learner Tien,1.57,,0.6369426751592356,0.6025316455696202,0.2
2026-10-01T08:47:49.238138+00:00,2026-10-01T09:47:49.238138+01:00,726e426c5068e86e57b7f81891e0136e,tennis_atp_china_open,ATP China Open,2026-10-01T11:00:00+00:00,2026-10-01T12:00:00+01:00,Learner Tien,Hubert Hurkacz,coral,Coral,2026-10-01T08:47:31Z,h2h,Hubert Hurkacz,2.37,,0.42194092827004215,0.3954081632653061,0.2
2026-10-01T08:47:49.238138+00:00,2026-10-01T09:47:49.238138+01:00,726e426c5068e86e57b7f81891e0136e,tennis_atp_china_open,ATP China Open,2026-10-01T11:00:00+00:00,2026-10-01T12:00:00+01:00,Learner Tien,Hubert Hurkacz,coral,Coral,2026-10-01T08:47:31Z,h2h,Learner Tien,1.55,,0.6451612903225806,0.6045918367346939,0.2
2026-10-01T08:47:49.238138+00:00,2026-10-01T09:47:49.238138+01:00,726e426c5068e86e57b7f81891e0136e,tennis_atp_china_open,ATP China Open,2026-10-01T11:00:00+00:00,2026-10-01T12:00:00+01:00,Learner Tien,Hubert Hurkacz,coral,Coral,2026-10-01T08:47:31Z,spreads,Hubert Hurkacz,2.1,1.5,0.47619047619047616,0.44297082228116713,0.2
2026-10-01T08:47:49.238138+00:00,2026-10-01T09:47:49.238138+01:00,726e426c5068e86e57b7f81891e0136e,tennis_atp_china_open,ATP China Open,2026-10-01T11:00:00+00:00,2026-10-01T12:00:00+01:00,Learner Tien,Hubert Hurkacz,coral,Coral,2026-10-01T08:47:31Z,spreads,Learner Tien,1.67,-1.5,0.5988023952095809,0.557029177718833,0.2
2026-10-01T08:47:49.238138+00:00,2026-10-01T09:47:49.238138+01:00,726e426c5068e86e57b7f81891e0136e,tennis_atp_china_open,ATP China Open,2026-10-01T11:00:00+00:00,2026-10-01T12:00:00+01:00,Learner Tien,Hubert Hurkacz,coral,Coral,2026-10-01T08:47:31Z,totals,Over,1.95,23.5,0.5128205128205129,0.48,0.2
2026-10-01T08:47:49.238138+00:00,2026-10-01T09:47:49.238138+01:00,726e426c5068e86e57b7f81891e0136e,tennis_atp_china_open,ATP China Open,2026-10-01T11:00:00+00:00,2026-10-01T12:00:00+01:00,Learner Tien,Hubert Hurkacz,coral,Coral,2026-10-01T08:47:31Z,totals,Under,1.8,23.5,0.5555555555555556,0.5199999999999999,0.2
2026-10-01T08:47:49.238138+00:00,2026-10-01T09:47:49.238138+01:00,726e426c5068e86e57b7f81891e0136e,tennis_atp_china_open,ATP China Open,2026-10-01T11:00:00+00:00,2026-10-01T12:00:00+01:00,Learner Tien,Hubert Hurkacz,ladbrokes_uk,Ladbrokes,2026-10-01T08:47:31Z,h2h,Hubert Hurkacz,2.37,,0.42194092827004215,0.3954081632653061,0.2
2026-10-01T08:47:49.238138+00:00,2026-10-01T09:47:49.238138+01:00,726e426c5068e86e57b7f81891e0136e,tennis_atp_china_open,ATP China Open,2026-10-01T11:00:00+00:00,2026-10-01T12:00:00+01:00,Learner Tien,Hubert Hurkacz,ladbrokes_uk,Ladbrokes,2026-10-01T08:47:31Z,h2h,Learner Tien,1.55,,0.6451612903225806,0.6045918367346939,0.2
2026-10-01T08:47:49.238138+00:00,2026-10-01T09:47:49.238138+01:00,726e426c5068e86e57b7f81891e0136e,tennis_atp_china_open,ATP China Open,2026-10-01T11:00:00+00:00,2026-10-01T12:00:00+01:00,Learner Tien,Hubert Hurkacz,ladbrokes_uk,Ladbrokes,2026-10-01T08:47:31Z,spreads,Hubert Hurkacz,2.1,1.5,0.47619047619047616,0.44297082228116713,0.2
2026-10-01T08:47:49.238138+00:00,2026-10-01T09:47:49.238138+01:00,726e426c5068e86e57b7f81891e0136e,tennis_atp_china_open,ATP China Open,2026-10-01T11:00:00+00:00,2026-10-01T12:00:00+01:00,Learner Tien,Hubert Hurkacz,ladbrokes_uk,Ladbrokes,2026-10-01T08:47:31Z,spreads,Learner Tien,1.67,-1.5,0.5988023952095809,0.557029177718833,0.2
2026-10-01T08:47:49.238138+00:00,2026-10-01T09:47:49.238138+01:00,726e426c5068e86e57b7f81891e0136e,tennis_atp_china_open,ATP China Open,2026-10-01T11:00:00+00:00,2026-10-01T12:00:00+01:00,Learner Tien,Hubert Hurkacz,ladbrokes_uk,Ladbrokes,2026-10-01T08:47:31Z,totals,Over,1.95,23.5,0.5128205128205129,0.48,0.2
2026-10-01T08:47:49.238138+00:00,2026-10-01T09:47:49.238138+01:00,726e426c5068e86e57b7f81891e0136e,tennis_atp_china_open,ATP China Open,2026-10-01T11:00:00+00:00,2026-10-01T12:00:00+01:00,Learner Tien,Hubert Hurkacz,ladbrokes_uk,Ladbrokes,2026-10-01T08:47:31Z,totals,Under,1.8,23.5,0.5555555555555556,0.5199999999999999,0.2
2026-10-01T08:47:49.238138+00:00,2026-10-01T09:47:49.238138+01:00,726e426c5068e86e57b7f81891e0136e,tennis_atp_china_open,ATP China Open,2026-10-01T11:00:00+00:00,2026-10-01T12:00:00+01:00,Learner Tien,Hubert Hurkacz,matchbook,Matchbook,2026-10-01T08:47:45Z,h2h,Hubert Hurkacz,2.6,,0.3846153846153846,0.38242280285035635,0.2
2026-10-01T08:47:49.238138+00:00,2026-10-01T09:47:49.238138+01:00,726e426c5068e86e57b7f81891e0136e,tennis_atp_china_open,ATP China Open,2026-10-01T11:00:00+00:00,2026-10-01T12:00:00+01:00,Learner Tien,Hubert Hurkacz,matchbook,Matchbook,2026-10-01T08:47:45Z,h2h,Learner Tien,1.61,,0.6211180124223602,0.6175771971496438,0.2
2026-10-01T08:47:49.238138+00:00,2026-10-01T09:47:49.238138+01:00,726e426c5068e86e57b7f81891e0136e,tennis_atp_china_open,ATP China Open,2026-10-01T11:00:00+00:00,2026-10-01T12:00:00+01:00,Learner Tien,Hubert Hurkacz,matchbook,Matchbook,2026-10-01T08:47:45Z,h2h_lay,Hubert Hurkacz,2.64,,0.3787878787878788,1.0,0.2
2026-10-01T08:47:49.238138+00:00,2026-10-01T09:47:49.238138+01:00,726e426c5068e86e57b7f81891e0136e,tennis_atp_china_open,ATP China Open,2026-10-01T11:00:00+00:00,2026-10-01T12:00:00+01:00,Learner Tien,Hubert Hurkacz,matchbook,Matchbook,2026-10-01T08:47:45Z,h2h_lay,Learner Tien,1.62,,0.6172839506172839,1.0,0.2
2026-10-01T08:47:49.238138+00:00,2026-10-01T09:47:49.238138+01:00,726e426c5068e86e57b7f81891e0136e,tennis_atp_china_open,ATP China Open,2026-10-01T11:00:00+00:00,2026-10-01T12:00:00+01:00,Learner Tien,Hubert Hurkacz,matchbook,Matchbook,2026-10-01T08:47:45Z,spreads,Hubert Hurkacz,1.91,2.5,0.5235602094240838,0.5038961038961038,0.2
2026-10-01T08:47:49.238138+00:00,2026-10-01T09:47:49.238138+01:00,726e426c5068e86e57b7f81891e0136e,tennis_atp_china_open,ATP China Open,2026-10-01T11:00:00+00:00,2026-10-01T12:00:00+01:00,Learner Tien,Hubert Hurkacz,matchbook,Matchbook,2026-10-01T08:47:45Z,spreads,Learner Tien,1.94,-2.5,0.5154639175257733,0.49610389610389616,0.2
2026-10-01T08:47:49.238138+00:00,2026-10-01T09:47:49.238138+01:00,726e426c5068e86e57b7f81891e0136e,tennis_atp_china_open,ATP China Open,2026-10-01T11:00:00+00:00,2026-10-01T12:00:00+01:00,Learner Tien,Hubert Hurkacz,matchbook,Matchbook,2026-10-01T08:47:45Z,totals,Over,1.96,23.0,0.5102040816326531,0.4922279792746114,0.2
2026-10-01T08:47:49.238138+00:00,2026-10-01T09:47:49.238138+01:00,726e426c5068e86e57b7f81891e0136e,tennis_atp_china_open,ATP China Open,2026-10-01T11:00:00+00:00,2026-10-01T12:00:00+01:00,Learner Tien,Hubert Hurkacz,matchbook,Matchbook,2026-10-01T08:47:45Z,totals,Under,1.9,23.0,0.5263157894736842,0.5077720207253886,0.2
2026-10-01T08:47:49.238138+00:00,2026-10-01T09:47:49.238138+01:00,726e426c5068e86e57b7f81891e0136e,tennis_atp_china_open,ATP China Open,2026-10-01T11:00:00+00:00,2026-10-01T12:00:00+01:00,Learner Tien,Hubert Hurkacz,paddypower,Paddy Power,2026-10-01T08:47:46Z,h2h,Hubert Hurkacz,2.25,,0.4444444444444444,0.4109947643979057,0.2
2026-10-01T08:47:49.238138+00:00,2026-10-01T09:47:49.238138+01:00,726e426c5068e86e57b7f81891e0136e,tennis_atp_china_open,ATP China Open,2026-10-01T11:00:00+00:00,2026-10-01T12:00:00+01:00,Learner Tien,Hubert Hurkacz,paddypower,Paddy Power,2026-10-01T08:47:46Z,h2h,Learner Tien,1.57,,0.6369426751592356,0.5890052356020942,0.2
2026-10-01T08:47:49.238138+00:00,2026-10-01T09:47:49.238138+01:00,726e426c5068e86e57b7f81891e0136e,tennis_atp_china_open,ATP China Open,2026-10-01T11:00:00+00:00,2026-10-01T12:00:00+01:00,Learner Tien,Hubert Hurkacz,unibet_uk,Unibet (UK),2026-10-01T08:46:39Z,h2h,Hubert Hurkacz,2.38,,0.42016806722689076,0.39898989898989906,0.2
2026-10-01T08:47:49.238138+00:00,2026-10-01T09:47:49.238138+01:00,726e426c5068e86e57b7f81891e0136e,tennis_atp_china_open,ATP China Open,2026-10-01T11:00:00+00:00,2026-10-01T12:00:00+01:00,Learner Tien,Hubert Hurkacz,unibet_uk,Unibet (UK),2026-10-01T08:46:39Z,h2h,Learner Tien,1.58,,0.6329113924050632,0.601010101010101,0.2
2026-10-01T08:47:49.238138+00:00,2026-10-01T09:47:49.238138+01:00,726e426c5068e86e57b7f81891e0136e,tennis_atp_china_open,ATP China Open,2026-10-01T11:00:00+00:00,2026-10-01T12:00:00+01:00,Learner Tien,Hubert Hurkacz,leovegas,LeoVegas,2026-10-01T08:47:31Z,h2h,Hubert Hurkacz,2.4,,0.4166666666666667,0.3924050632911393,0.2
2026-10-01T08:47:49.238138+00:00,2026-10-01T09:47:49.238138+01:00,726e426c5068e86e57b7f81891e0136e,tennis_atp_china_open,ATP China Open,2026-10-01T11:00:00+00:00,2026-10-01T12:00:00+01:00,Learner Tien,Hubert Hurkacz,leovegas,LeoVegas,2026-10-01T08:47:31Z,h2h,Learner Tien,1.55,,0.6451612903225806,0.6075949367088608,0.2
2026-10-01T08:47:49.238138+00:00,2026-10-01T09:47:49.238138+01:00,726e426c5068e86e57b7f81891e0136e,tennis_atp_china_open,ATP China Open,2026-10-01T11:00:00+00:00,2026-10-01T12:00:00+01:00,Learner Tien,Hubert Hurkacz,leovegas,LeoVegas,2026-10-01T08:47:31Z,spreads,Hubert Hurkacz,1.85,2.5,0.5405405405405405,0.5040214477211796,0.2
2026-10-01T08:47:49.238138+00:00,2026-10-01T09:47:49.238138+01:00,726e426c5068e86e57b7f81891e0136e,tennis_atp_china_open,ATP China Open,2026-10-01T11:00:00+00:00,2026-10-01T12:00:00+01:00,Learner Tien,Hubert Hurkacz,leovegas,LeoVegas,2026-10-01T08:47:31Z,spreads,Learner Tien,1.88,-2.5,0.5319148936170213,0.4959785522788205,0.2
2026-10-01T08:47:49.238138+00:00,2026-10-01T09:47:49.238138+01:00,726e426c5068e86e57b7f81891e0136e,tennis_atp_china_open,ATP China Open,2026-10-01T11:00:00+00:00,2026-10-01T12:00:00+01:00,Learner Tien,Hubert Hurkacz,leovegas,LeoVegas,2026-10-01T08:47:31Z,totals,Over,1.8,22.5,0.5555555555555556,0.5199999999999999,0.2
2026-10-01T08:47:49.238138+00:00,2026-10-01T09:47:49.238138+01:00,726e426c5068e86e57b7f81891e0136e,tennis_atp_china_open,ATP China Open,2026-10-01T11:00:00+00:00,2026-10-01T12:00:00+01:00,Learner Tien,Hubert Hurkacz,leovegas,LeoVegas,2026-10-01T08:47:31Z,totals,Under,1.95,22.5,0.5128205128205129,0.48,0.2
2026-10-01T08:47:49.238138+00:00,2026-10-01T09:47:49.238138+01:00,726e426c5068e86e57b7f81891e0136e,tennis_atp_china_open,ATP China Open,2026-10-01T11:00:00+00:00,2026-10-01T12:00:00+01:00,Learner Tien,Hubert Hurkacz,betfair_sb_uk,Betfair Sportsbook,2026-10-01T08:47:45Z,h2h,Hubert Hurkacz,2.25,,0.4444444444444444,0.4186046511627907,0.2
2026-10-01T08:47:49.238138+00:00,2026-10-01T09:47:49.238138+01:00,726e426c5068e86e57b7f81891e0136e,tennis_atp_china_open,ATP China Open,2026-10-01T11:00:00+00:00,2026-10-01T12:00:00+01:00,Learner Tien,Hubert Hurkacz,betfair_sb_uk,Betfair Sportsbook,2026-10-01T08:47:45Z,h2h,Learner Tien,1.62,,0.6172839506172839,0.5813953488372093,0.2
2026-10-01T08:47:49.238138+00:00,2026-10-01T09:47:49.238138+01:00,726e426c5068e86e57b7f81891e0136e,tennis_atp_china_open,ATP China Open,2026-10-01T11:00:00+00:00,2026-10-01T12:00:00+01:00,Learner Tien,Hubert Hurkacz,williamhill,William Hill,2026-10-01T08:47:31Z,h2h,Hubert Hurkacz,2.5,,0.4,0.3796526054590571,0.2
2026-10-01T08:47:49.238138+00:00,2026-10-01T09:47:49.238138+01:00,726e426c5068e86e57b7f81891e0136e,tennis_atp_china_open,ATP China Open,2026-10-01T11:00:00+00:00,2026-10-01T12:00:00+01:00,Learner Tien,Hubert Hurkacz,williamhill,William Hill,2026-10-01T08:47:31Z,h2h,Learner Tien,1.53,,0.6535947712418301,0.6203473945409429,0.2
2026-10-01T08:47:49.238138+00:00,2026-10-01T09:47:49.238138+01:00,726e426c5068e86e57b7f81891e0136e,tennis_atp_china_open,ATP China Open,2026-10-01T11:00:00+00:00,2026-10-01T12:00:00+01:00,Learner Tien,Hubert Hurkacz,betfair_ex_uk,Betfair,2026-10-01T08:47:47Z,h2h,Hubert Hurkacz,2.6,,0.3846153846153846,0.38242280285035635,0.2
2026-10-01T08:47:49.238138+00:00,2026-10-01T09:47:49.238138+01:00,726e426c5068e86e57b7f81891e0136e,tennis_atp_china_open,ATP China Open,2026-10-01T11:00:00+00:00,2026-10-01T12:00:00+01:00,Learner Tien,Hubert Hurkacz,betfair_ex_uk,Betfair,2026-10-01T08:47:47Z,h2h,Learner Tien,1.61,,0.6211180124223602,0.6175771971496438,0.2
2026-10-01T08:47:49.238138+00:00,2026-10-01T09:47:49.238138+01:00,726e426c5068e86e57b7f81891e0136e,tennis_atp_china_open,ATP China Open,2026-10-01T11:00:00+00:00,2026-10-01T12:00:00+01:00,Learner Tien,Hubert Hurkacz,betfair_ex_uk,Betfair,2026-10-01T08:47:47Z,h2h_lay,Hubert Hurkacz,2.64,,0.3787878787878788,1.0,0.2
2026-10-01T08:47:49.238138+00:00,2026-10-01T09:47:49.238138+01:00,726e426c5068e86e57b7f81891e0136e,tennis_atp_china_open,ATP China Open,2026-10-01T11:00:00+00:00,2026-10-01T12:00:00+01:00,Learner Tien,Hubert Hurkacz,betfair_ex_uk,Betfair,2026-10-01T08:47:47Z,h2h_lay,Learner Tien,1.62,,0.6172839506172839,1.0,0.2
2026-10-01T08:47:49.238138+00:00,2026-10-01T09:47:49.238138+01:00,726e426c5068e86e57b7f81891e0136e,tennis_atp_china_open,ATP China Open,2026-10-01T11:00:00+00:00,2026-10-01T12:00:00+01:00,Learner Tien,Hubert Hurkacz,skybet,Sky Bet,2026-10-01T08:47:45Z,h2h,Hubert Hurkacz,2.25,,0.4444444444444444,0.4109947643979057,0.2
2026-10-01T08:47:49.238138+00:00,2026-10-01T09:47:49.238138+01:00,726e426c5068e86e57b7f81891e0136e,tennis_atp_china_open,ATP China Open,2026-10-01T11:00:00+00:00,2026-10-01T12:00:00+01:00,Learner Tien,Hubert Hurkacz,skybet,Sky Bet,2026-10-01T08:47:45Z,h2h,Learner Tien,1.57,,0.6369426751592356,0.5890052356020942,0.2
2026-10-01T08:47:49.238138+00:00,2026-10-01T09:47:49.238138+01:00,8e1b1ccdaf9bc406f149cfba186e0337,tennis_atp_china_open,ATP China Open,2026-10-01T12:30:00+00:00,2026-10-01T13:30:00+01:00,Alexander Bublik,Jakub Mensik,smarkets,Smarkets,2026-10-01T08:47:45Z,h2h,Alexander Bublik,2.58,,0.38759689922480617,0.37980769230769235,0.2
2026-10-01T08:47:49.238138+00:00,2026-10-01T09:47:49.238138+01:00,8e1b1ccdaf9bc406f149cfba186e0337,tennis_atp_china_open,ATP China Open,2026-10-01T12:30:00+00:00,2026-10-01T13:30:00+01:00,Alexander Bublik,Jakub Mensik,smarkets,Smarkets,2026-10-01T08:47:45Z,h2h,Jakub Mensik,1.58,,0.6329113924050632,0.6201923076923077,0.2
2026-10-01T08:47:49.238138+00:00,2026-10-01T09:47:49.238138+01:00,8e1b1ccdaf9bc406f149cfba186e0337,tennis_atp_china_open,ATP China Open,2026-10-01T12:30:00+00:00,2026-10-01T13:30:00+01:00,Alexander Bublik,Jakub Mensik,smarkets,Smarkets,2026-10-01T08:47:45Z,h2h_lay,Alexander Bublik,2.68,,0.3731343283582089,1.0,0.2
2026-10-01T08:47:49.238138+00:00,2026-10-01T09:47:49.238138+01:00,8e1b1ccdaf9bc406f149cfba186e0337,tennis_atp_china_open,ATP China Open,2026-10-01T12:30:00+00:00,2026-10-01T13:30:00+01:00,Alexander Bublik,Jakub Mensik,smarkets,Smarkets,2026-10-01T08:47:45Z,h2h_lay,Jakub Mensik,1.65,,0.6060606060606061,1.0,0.2
2026-10-01T08:47:49.238138+00:00,2026-10-01T09:47:49.238138+01:00,8e1b1ccdaf9bc406f149cfba186e0337,tennis_atp_china_open,ATP China Open,2026-10-01T12:30:00+00:00,2026-10-01T13:30:00+01:00,Alexander Bublik,Jakub Mensik,betway,Betway,2026-10-01T08:47:47Z,h2h,Alexander Bublik,2.4,,0.4166666666666667,0.3924050632911393,0.2
2026-10-01T08:47:49.238138+00:00,2026-10-01T09:47:49.238138+01:00,8e1b1ccdaf9bc406f149cfba186e0337,tennis_atp_china_open,ATP China Open,2026-10-01T12:30:00+00:00,2026-10-01T13:30:00+01:00,Alexander Bublik,Jakub Mensik,betway,Betway,2026-10-01T08:47:47Z,h2h,Jakub Mensik,1.55,,0.6451612903225806,0.6075949367088608,0.2
2026-10-01T08:47:49.238138+00:00,2026-10-01T09:47:49.238138+01:00,8e1b1ccdaf9bc406f149cfba186e0337,tennis_atp_china_open,ATP China Open,2026-10-01T12:30:00+00:00,2026-10-01T13:30:00+01:00,Alexander Bublik,Jakub Mensik,livescorebet,LiveScore Bet,2026-10-01T08:47:32Z,h2h,Alexander Bublik,2.4,,0.4166666666666667,0.3954659949622167,0.2
2026-10-01T08:47:49.238138+00:00,2026-10-01T09:47:49.238138+01:00,8e1b1ccdaf9bc406f149cfba186e0337,tennis_atp_china_open,ATP China Open,2026-10-01T12:30:00+00:00,2026-10-01T13:30:00+01:00,Alexander Bublik,Jakub Mensik,livescorebet,LiveScore Bet,2026-10-01T08:47:32Z,h2h,Jakub Mensik,1.57,,0.6369426751592356,0.6045340050377834,0.2
2026-10-01T08:47:49.238138+00:00,2026-10-01T09:47:49.238138+01:00,8e1b1ccdaf9bc406f149cfba186e0337,tennis_atp_china_open,ATP China Open,2026-10-01T12:30:00+00:00,2026-10-01T13:30:00+01:00,Alexander Bublik,Jakub Mensik,betano_uk,Betano (UK),2026-10-01T08:47:43Z,h2h,Alexander Bublik,2.3,,0.4347826086956522,0.39947780678851175,0.2
2026-10-01T08:47:49.238138+00:00,2026-10-01T09:47:49.238138+01:00,8e1b1ccdaf9bc406f149cfba186e0337,tennis_atp_china_open,ATP China Open,2026-10-01T12:30:00+00:00,2026-10-01T13:30:00+01:00,Alexander Bublik,Jakub Mensik,betano_uk,Betano (UK),2026-10-01T08:47:43Z,h2h,Jakub Mensik,1.53,,0.6535947712418301,0.6005221932114883,0.2
2026-10-01T08:47:49.238138+00:00,2026-10-01T09:47:49.238138+01:00,8e1b1ccdaf9bc406f149cfba186e0337,tennis_atp_china_open,ATP China Open,2026-10-01T12:30:00+00:00,2026-10-01T13:30:00+01:00,Alexander Bublik,Jakub Mensik,virginbet,Virgin Bet,2026-10-01T08:47:31Z,h2h,Alexander Bublik,2.4,,0.4166666666666667,0.3954659949622167,0.2
2026-10-01T08:47:49.238138+00:00,2026-10-01T09:47:49.238138+01:00,8e1b1ccdaf9bc406f149cfba186e0337,tennis_atp_china_open,ATP China Open,2026-10-01T12:30:00+00:00,2026-10-01T13:30:00+01:00,Alexander Bublik,Jakub Mensik,virginbet,Virgin Bet,2026-10-01T08:47:31Z,h2h,Jakub Mensik,1.57,,0.6369426751592356,0.6045340050377834,0.2
2026-10-01T08:47:49.238138+00:00,2026-10-01T09:47:49.238138+01:00,8e1b1ccdaf9bc406f149cfba186e0337,tennis_atp_china_open,ATP China Open,2026-10-01T12:30:00+00:00,2026-10-01T13:30:00+01:00,Alexander Bublik,Jakub Mensik,grosvenor,Grosvenor,2026-10-01T08:47:30Z,h2h,Alexander Bublik,2.4,,0.4166666666666667,0.393939393939394,0.2
2026-10-01T08:47:49.238138+00:00,2026-10-01T09:47:49.238138+01:00,8e1b1ccdaf9bc406f149cfba186e0337,tennis_atp_china_open,ATP China Open,2026-10-01T12:30:00+00:00,2026-10-01T13:30:00+01:00,Alexander Bublik,Jakub Mensik,grosvenor,Grosvenor,2026-10-01T08:47:30Z,h2h,Jakub Mensik,1.56,,0.641025641025641,0.606060606060606,0.2
2026-10-01T08:47:49.238138+00:00,2026-10-01T09:47:49.238138+01:00,8e1b1ccdaf9bc406f149cfba186e0337,tennis_atp_china_open,ATP China Open,2026-10-01T12:30:00+00:00,2026-10-01T13:30:00+01:00,Alexander Bublik,Jakub Mensik,grosvenor,Grosvenor,2026-10-01T08:47:30Z,spreads,Alexander Bublik,2.1,1.5,0.47619047619047616,0.4444444444444444,0.2
2026-10-01T08:47:49.238138+00:00,2026-10-01T09:47:49.238138+01:00,8e1b1ccdaf9bc406f149cfba186e0337,tennis_atp_china_open,ATP China Open,2026-10-01T12:30:00+00:00,2026-10-01T13:30:00+01:00,Alexander Bublik,Jakub Mensik,grosvenor,Grosvenor,2026-10-01T08:47:30Z,spreads,Jakub Mensik,1.68,-1.5,0.5952380952380952,0.5555555555555556,0.2
2026-10-01T08:47:49.238138+00:00,2026-10-01T09:47:49.238138+01:00,8e1b1ccdaf9bc406f149cfba186e0337,tennis_atp_china_open,ATP China Open,2026-10-01T12:30:00+00:00,2026-10-01T13:30:00+01:00,Alexander Bublik,Jakub Mensik,grosvenor,Grosvenor,2026-10-01T08:47:30Z,totals,Over,2.02,23.5,0.49504950495049505,0.46276595744680854,0.2
2026-10-01T08:47:49.238138+00:00,2026-10-01T09:47:49.238138+01:00,8e1b1ccdaf9bc406f149cfba186e0337,tennis_atp_china_open,ATP China Open,2026-10-01T12:30:00+00:00,2026-10-01T13:30:00+01:00,Alexander Bublik,Jakub Mensik,grosvenor,Grosvenor,2026-10-01T08:47:30Z,totals,Under,1.74,23.5,0.5747126436781609,0.5372340425531915,0.2
2026-10-01T08:47:49.238138+00:00,2026-10-01T09:47:49.238138+01:00,8e1b1ccdaf9bc406f149cfba186e0337,tennis_atp_china_open,ATP China Open,2026-10-01T12:30:00+00:00,2026-10-01T13:30:00+01:00,Alexander Bublik,Jakub Mensik,casumo,Casumo,2026-10-01T08:47:45Z,h2h,Alexander Bublik,2.4,,0.4166666666666667,0.393939393939394,0.2
2026-10-01T08:47:49.238138+00:00,2026-10-01T09:47:49.238138+01:00,8e1b1ccdaf9bc406f149cfba186e0337,tennis_atp_china_open,ATP China Open,2026-10-01T12:30:00+00:00,2026-10-01T13:30:00+01:00,Alexander Bublik,Jakub Mensik,casumo,Casumo,2026-10-01T08:47:45Z,h2h,Jakub Mensik,1.56,,0.641025641025641,0.606060606060606,0.2
2026-10-01T08:47:49.238138+00:00,2026-10-01T09:47:49.238138+01:00,8e1b1ccdaf9bc406f149cfba186e0337,tennis_atp_china_open,ATP China Open,2026-10-01T12:30:00+00:00,2026-10-01T13:30:00+01:00,Alexander Bublik,Jakub Mensik,casumo,Casumo,2026-10-01T08:47:45Z,spreads,Alexander Bublik,2.1,1.5,0.47619047619047616,0.4444444444444444,0.2
2026-10-01T08:47:49.238138+00:00,2026-10-01T09:47:49.238138+01:00,8e1b1ccdaf9bc406f149cfba186e0337,tennis_atp_china_open,ATP China Open,2026-10-01T12:30:00+00:00,2026-10-01T13:30:00+01:00,Alexander Bublik,Jakub Mensik,casumo,Casumo,2026-10-01T08:47:45Z,spreads,Jakub Mensik,1.68,-1.5,0.5952380952380952,0.5555555555555556,0.2
2026-10-01T08:47:49.238138+00:00,2026-10-01T09:47:49.238138+01:00,8e1b1ccdaf9bc406f149cfba186e0337,tennis_atp_china_open,ATP China Open,2026-10-01T12:30:00+00:00,2026-10-01T13:30:00+01:00,Alexander Bublik,Jakub Mensik,casumo,Casumo,2026-10-01T08:47:45Z,totals,Over,2.02,23.5,0.49504950495049505,0.46276595744680854,0.2
2026-10-01T08:47:49.238138+00:00,2026-10-01T09:47:49.238138+01:00,8e1b1ccdaf9bc406f149cfba186e0337,tennis_atp_china_open,ATP China Open,2026-10-01T12:30:00+00:00,2026-10-01T13:30:00+01:00,Alexander Bublik,Jakub Mensik,casumo,Casumo,2026-10-01T08:47:45Z,totals,Under,1.74,23.5,0.5747126436781609,0.5372340425531915,0.2
2026-10-01T08:47:49.238138+00:00,2026-10-01T09:47:49.238138+01:00,8e1b1ccdaf9bc406f149cfba186e0337,tennis_atp_china_open,ATP China Open,2026-10-01T12:30:00+00:00,2026-10-01T13:30:00+01:00,Alexander Bublik,Jakub Mensik,betvictor,Bet Victor,2026-10-01T08:47:12Z,h2h,Alexander Bublik,2.3,,0.4347826086956522,0.39947780678851175,0.2
2026-10-01T08:47:49.238138+00:00,2026-10-01T09:47:49.238138+01:00,8e1b1ccdaf9bc406f149cfba186e0337,tennis_atp_china_open,ATP China Open,2026-10-01T12:30:00+00:00,2026-10-01T13:30:00+01:00,Alexander Bublik,Jakub Mensik,betvictor,Bet Victor,2026-10-01T08:47:12Z,h2h,Jakub Mensik,1.53,,0.6535947712418301,0.6005221932114883,0.2
2026-10-01T08:47:49.238138+00:00,2026-10-01T09:47:49.238138+01:00,8e1b1ccdaf9bc406f149cfba186e0337,tennis_atp_china_open,ATP China Open,2026-10-01T12:30:00+00:00,2026-10-01T13:30:00+01:00,Alexander Bublik,Jakub Mensik,sport888,888sport,2026-10-01T08:47:31Z,h2h,Alexander Bublik,2.38,,0.42016806722689076,0.39746835443037976,0.2
2026-10-01T08:47:49.238138+00:00,2026-10-01T09:47:49.238138+01:00,8e1b1ccdaf9bc406f149cfba186e0337,tennis_atp_china_open,ATP China Open,2026-10-01T12:30:00+00:00,2026-10-01T13:30:00+01:00,Alexander Bublik,Jakub Mensik,sport888,888sport,2026-10-01T08:47:31Z,h2h,Jakub Mensik,1.57,,0.6369426751592356,0.6025316455696202,0.2
2026-10-01T08:47:49.238138+00:00,2026-10-01T09:47:49.238138+01:00,8e1b1ccdaf9bc406f149cfba186e0337,tennis_atp_china_open,ATP China Open,2026-10-01T12:30:00+00:00,2026-10-01T13:30:00+01:00,Alexander Bublik,Jakub Mensik,boylesports,BoyleSports,2026-10-01T08:47:47Z,h2h,Alexander Bublik,2.38,,0.42016806722689076,0.39746835443037976,0.2
2026-10-01T08:47:49.238138+00:00,2026-10-01T09:47:49.238138+01:00,8e1b1ccdaf9bc406f149cfba186e0337,tennis_atp_china_open,ATP China Open,2026-10-01T12:30:00+00:00,2026-10-01T13:30:00+01:00,Alexander Bublik,Jakub Mensik,boylesports,BoyleSports,2026-10-01T08:47:47Z,h2h,Jakub Mensik,1.57,,0.6369426751592356,0.6025316455696202,0.2
2026-10-01T08:47:49.238138+00:00,2026-10-01T09:47:49.238138+01:00,8e1b1ccdaf9bc406f149cfba186e0337,tennis_atp_china_open,ATP China Open,2026-10-01T12:30:00+00:00,2026-10-01T13:30:00+01:00,Alexander Bublik,Jakub Mensik,ladbrokes_uk,Ladbrokes,2026-10-01T08:47:31Z,h2h,Alexander Bublik,2.4,,0.4166666666666667,0.3893129770992367,0.2
2026-10-01T08:47:49.238138+00:00,2026-10-01T09:47:49.238138+01:00,8e1b1ccdaf9bc406f149cfba186e0337,tennis_atp_china_open,ATP China Open,2026-10-01T12:30:00+00:00,2026-10-01T13:30:00+01:00,Alexander Bublik,Jakub Mensik,ladbrokes_uk,Ladbrokes,2026-10-01T08:47:31Z,h2h,Jakub Mensik,1.53,,0.6535947712418301,0.6106870229007634,0.2
2026-10-01T08:47:49.238138+00:00,2026-10-01T09:47:49.238138+01:00,8e1b1ccdaf9bc406f149cfba186e0337,tennis_atp_china_open,ATP China Open,2026-10-01T12:30:00+00:00,2026-10-01T13:30:00+01:00,Alexander Bublik,Jakub Mensik,ladbrokes_uk,Ladbrokes,2026-10-01T08:47:31Z,spreads,Alexander Bublik,1.85,2.5,0.5405405405405405,0.5,0.2
2026-10-01T08:47:49.238138+00:00,2026-10-01T09:47:49.238138+01:00,8e1b1ccdaf9bc406f149cfba186e0337,tennis_atp_china_open,ATP China Open,2026-10-01T12:30:00+00:00,2026-10-01T13:30:00+01:00,Alexander Bublik,Jakub Mensik,ladbrokes_uk,Ladbrokes,2026-10-01T08:47:31Z,spreads,Jakub Mensik,1.85,-2.5,0.5405405405405405,0.5,0.2
2026-10-01T08:47:49.238138+00:00,2026-10-01T09:47:49.238138+01:00,8e1b1ccdaf9bc406f149cfba186e0337,tennis_atp_china_open,ATP China Open,2026-10-01T12:30:00+00:00,2026-10-01T13:30:00+01:00,Alexander Bublik,Jakub Mensik,ladbrokes_uk,Ladbrokes,2026-10-01T08:47:31Z,totals,Over,1.8,22.5,0.5555555555555556,0.5199999999999999,0.2
2026-10-01T08:47:49.238138+00:00,2026-10-01T09:47:49.238138+01:00,8e1b1ccdaf9bc406f149cfba186e0337,tennis_atp_china_open,ATP China Open,2026-10-01T12:30:00+00:00,2026-10-01T13:30:00+01:00,Alexander Bublik,Jakub Mensik,ladbrokes_uk,Ladbrokes,2026-10-01T08:47:31Z,totals,Under,1.95,22.5,0.5128205128205129,0.48,0.2
2026-10-01T08:47:49.238138+00:00,2026-10-01T09:47:49.238138+01:00,8e1b1ccdaf9bc406f149cfba186e0337,tennis_atp_china_open,ATP China Open,2026-10-01T12:30:00+00:00,2026-10-01T13:30:00+01:00,Alexander Bublik,Jakub Mensik,coral,Coral,2026-10-01T08:47:31Z,h2h,Alexander Bublik,2.4,,0.4166666666666667,0.3893129770992367,0.2
2026-10-01T08:47:49.238138+00:00,2026-10-01T09:47:49.238138+01:00,8e1b1ccdaf9bc406f149cfba186e0337,tennis_atp_china_open,ATP China Open,2026-10-01T12:30:00+00:00,2026-10-01T13:30:00+01:00,Alexander Bublik,Jakub Mensik,coral,Coral,2026-10-01T08:47:31Z,h2h,Jakub Mensik,1.53,,0.6535947712418301,0.6106870229007634,0.2
2026-10-01T08:47:49.238138+00:00,2026-10-01T09:47:49.238138+01:00,8e1b1ccdaf9bc406f149cfba186e0337,tennis_atp_china_open,ATP China Open,2026-10-01T12:30:00+00:00,2026-10-01T13:30:00+01:00,Alexander Bublik,Jakub Mensik,coral,Coral,2026-10-01T08:47:31Z,spreads,Alexander Bublik,1.85,2.5,0.5405405405405405,0.5,0.2
2026-10-01T08:47:49.238138+00:00,2026-10-01T09:47:49.238138+01:00,8e1b1ccdaf9bc406f149cfba186e0337,tennis_atp_china_open,ATP China Open,2026-10-01T12:30:00+00:00,2026-10-01T13:30:00+01:00,Alexander Bublik,Jakub Mensik,coral,Coral,2026-10-01T08:47:31Z,spreads,Jakub Mensik,1.85,-2.5,0.5405405405405405,0.5,0.2
2026-10-01T08:47:49.238138+00:00,2026-10-01T09:47:49.238138+01:00,8e1b1ccdaf9bc406f149cfba186e0337,tennis_atp_china_open,ATP China Open,2026-10-01T12:30:00+00:00,2026-10-01T13:30:00+01:00,Alexander Bublik,Jakub Mensik,coral,Coral,2026-10-01T08:47:31Z,totals,Over,1.8,22.5,0.5555555555555556,0.5199999999999999,0.2
2026-10-01T08:47:49.238138+00:00,2026-10-01T09:47:49.238138+01:00,8e1b1ccdaf9bc406f149cfba186e0337,tennis_atp_china_open,ATP China Open,2026-10-01T12:30:00+00:00,2026-10-01T13:30:00+01:00,Alexander Bublik,Jakub Mensik,coral,Coral,2026-10-01T08:47:31Z,totals,Under,1.95,22.5,0.5128205128205129,0.48,0.2
2026-10-01T08:47:49.238138+00:00,2026-10-01T09:47:49.238138+01:00,8e1b1ccdaf9bc406f149cfba186e0337,tennis_atp_china_open,ATP China Open,2026-10-01T12:30:00+00:00,2026-10-01T13:30:00+01:00,Alexander Bublik,Jakub Mensik,matchbook,Matchbook,2026-10-01T08:47:45Z,h2h,Alexander Bublik,2.6,,0.3846153846153846,0.38242280285035635,0.2
2026-10-01T08:47:49.238138+00:00,2026-10-01T09:47:49.238138+01:00,8e1b1ccdaf9bc406f149cfba186e0337,tennis_atp_china_open,ATP China Open,2026-10-01T12:30:00+00:00,2026-10-01T13:30:00+01:00,Alexander Bublik,Jakub Mensik,matchbook,Matchbook,2026-10-01T08:47:45Z,h2h,Jakub Mensik,1.61,,0.6211180124223602,0.6175771971496438,0.2
2026-10-01T08:47:49.238138+00:00,2026-10-01T09:47:49.238138+01:00,8e1b1ccdaf9bc406f149cfba186e0337,tennis_atp_china_open,ATP China Open,2026-10-01T12:30:00+00:00,2026-10-01T13:30:00+01:00,Alexander Bublik,Jakub Mensik,matchbook,Matchbook,2026-10-01T08:47:45Z,h2h_lay,Alexander Bublik,2.64,,0.3787878787878788,1.0,0.2
2026-10-01T08:47:49.238138+00:00,2026-10-01T09:47:49.238138+01:00,8e1b1ccdaf9bc406f149cfba186e0337,tennis_atp_china_open,ATP China Open,2026-10-01T12:30:00+00:00,2026-10-01T13:30:00+01:00,Alexander Bublik,Jakub Mensik,matchbook,Matchbook,2026-10-01T08:47:45Z,h2h_lay,Jakub Mensik,1.62,,0.6172839506172839,1.0,0.2
2026-10-01T08:47:49.238138+00:00,2026-10-01T09:47:49.238138+01:00,8e1b1ccdaf9bc406f149cfba186e0337,tennis_atp_china_open,ATP China Open,2026-10-01T12:30:00+00:00,2026-10-01T13:30:00+01:00,Alexander Bublik,Jakub Mensik,matchbook,Matchbook,2026-10-01T08:47:45Z,spreads,Alexander Bublik,1.87,2.5,0.53475935828877,0.5167958656330749,0.2
2026-10-01T08:47:49.238138+00:00,2026-10-01T09:47:49.238138+01:00,8e1b1ccdaf9bc406f149cfba186e0337,tennis_atp_china_open,ATP China Open,2026-10-01T12:30:00+00:00,2026-10-01T13:30:00+01:00,Alexander Bublik,Jakub Mensik,matchbook,Matchbook,2026-10-01T08:47:45Z,spreads,Jakub Mensik,2.0,-2.5,0.5,0.4832041343669251,0.2
2026-10-01T08:47:49.238138+00:00,2026-10-01T09:47:49.238138+01:00,8e1b1ccdaf9bc406f149cfba186e0337,tennis_atp_china_open,ATP China Open,2026-10-01T12:30:00+00:00,2026-10-01T13:30:00+01:00,Alexander Bublik,Jakub Mensik,matchbook,Matchbook,2026-10-01T08:47:45Z,totals,Over,1.97,23.0,0.5076142131979695,0.4883116883116883,0.2
2026-10-01T08:47:49.238138+00:00,2026-10-01T09:47:49.238138+01:00,8e1b1ccdaf9bc406f149cfba186e0337,tennis_atp_china_open,ATP China Open,2026-10-01T12:30:00+00:00,2026-10-01T13:30:00+01:00,Alexander Bublik,Jakub Mensik,matchbook,Matchbook,2026-10-01T08:47:45Z,totals,Under,1.88,23.0,0.5319148936170213,0.5116883116883117,0.2
2026-10-01T08:47:49.238138+00:00,2026-10-01T09:47:49.238138+01:00,8e1b1ccdaf9bc406f149cfba186e0337,tennis_atp_china_open,ATP China Open,2026-10-01T12:30:00+00:00,2026-10-01T13:30:00+01:00,Alexander Bublik,Jakub Mensik,paddypower,Paddy Power,2026-10-01T08:47:46Z,h2h,Alexander Bublik,2.5,,0.4,0.375,0.2
2026-10-01T08:47:49.238138+00:00,2026-10-01T09:47:49.238138+01:00,8e1b1ccdaf9bc406f149cfba186e0337,tennis_atp_china_open,ATP China Open,2026-10-01T12:30:00+00:00,2026-10-01T13:30:00+01:00,Alexander Bublik,Jakub Mensik,paddypower,Paddy Power,2026-10-01T08:47:46Z,h2h,Jakub Mensik,1.5,,0.6666666666666666,0.625,0.2
2026-10-01T08:47:49.238138+00:00,2026-10-01T09:47:49.238138+01:00,8e1b1ccdaf9bc406f149cfba186e0337,tennis_atp_china_open,ATP China Open,2026-10-01T12:30:00+00:00,2026-10-01T13:30:00+01:00,Alexander Bublik,Jakub Mensik,unibet_uk,Unibet (UK),2026-10-01T08:46:39Z,h2h,Alexander Bublik,2.43,,0.4115226337448559,0.3909774436090226,0.2
2026-10-01T08:47:49.238138+00:00,2026-10-01T09:47:49.238138+01:00,8e1b1ccdaf9bc406f149cfba186e0337,tennis_atp_china_open,ATP China Open,2026-10-01T12:30:00+00:00,2026-10-01T13:30:00+01:00,Alexander Bublik,Jakub Mensik,unibet_uk,Unibet (UK),2026-10-01T08:46:39Z,h2h,Jakub Mensik,1.56,,0.641025641025641,0.6090225563909775,0.2
2026-10-01T08:47:49.238138+00:00,2026-10-01T09:47:49.238138+01:00,8e1b1ccdaf9bc406f149cfba186e0337,tennis_atp_china_open,ATP China Open,2026-10-01T12:30:00+00:00,2026-10-01T13:30:00+01:00,Alexander Bublik,Jakub Mensik,leovegas,LeoVegas,2026-10-01T08:47:31Z,h2h,Alexander Bublik,2.4,,0.4166666666666667,0.3924050632911393,0.2
2026-10-01T08:47:49.238138+00:00,2026-10-01T09:47:49.238138+01:00,8e1b1ccdaf9bc406f149cfba186e0337,tennis_atp_china_open,ATP China Open,2026-10-01T12:30:00+00:00,2026-10-01T13:30:00+01:00,Alexander Bublik,Jakub Mensik,leovegas,LeoVegas,2026-10-01T08:47:31Z,h2h,Jakub Mensik,1.55,,0.6451612903225806,0.6075949367088608,0.2
2026-10-01T08:47:49.238138+00:00,2026-10-01T09:47:49.238138+01:00,8e1b1ccdaf9bc406f149cfba186e0337,tennis_atp_china_open,ATP China Open,2026-10-01T12:30:00+00:00,2026-10-01T13:30:00+01:00,Alexander Bublik,Jakub Mensik,leovegas,LeoVegas,2026-10-01T08:47:31Z,spreads,Alexander Bublik,1.8,2.5,0.5555555555555556,0.5199999999999999,0.2
2026-10-01T08:47:49.238138+00:00,2026-10-01T09:47:49.238138+01:00,8e1b1ccdaf9bc406f149cfba186e0337,tennis_atp_china_open,ATP China Open,2026-10-01T12:30:00+00:00,2026-10-01T13:30:00+01:00,Alexander Bublik,Jakub Mensik,leovegas,LeoVegas,2026-10-01T08:47:31Z,spreads,Jakub Mensik,1.95,-2.5,0.5128205128205129,0.48,0.2
2026-10-01T08:47:49.238138+00:00,2026-10-01T09:47:49.238138+01:00,8e1b1ccdaf9bc406f149cfba186e0337,tennis_atp_china_open,ATP China Open,2026-10-01T12:30:00+00:00,2026-10-01T13:30:00+01:00,Alexander Bublik,Jakub Mensik,leovegas,LeoVegas,2026-10-01T08:47:31Z,totals,Over,1.8,22.5,0.5555555555555556,0.5238095238095238,0.2
2026-10-01T08:47:49.238138+00:00,2026-10-01T09:47:49.238138+01:00,8e1b1ccdaf9bc406f149cfba186e0337,tennis_atp_china_open,ATP China Open,2026-10-01T12:30:00+00:00,2026-10-01T13:30:00+01:00,Alexander Bublik,Jakub Mensik,leovegas,LeoVegas,2026-10-01T08:47:31Z,totals,Under,1.98,22.5,0.5050505050505051,0.4761904761904762,0.2
2026-10-01T08:47:49.238138+00:00,2026-10-01T09:47:49.238138+01:00,8e1b1ccdaf9bc406f149cfba186e0337,tennis_atp_china_open,ATP China Open,2026-10-01T12:30:00+00:00,2026-10-01T13:30:00+01:00,Alexander Bublik,Jakub Mensik,betfair_sb_uk,Betfair Sportsbook,2026-10-01T08:47:45Z,h2h,Alexander Bublik,2.5,,0.4,0.3796526054590571,0.2
2026-10-01T08:47:49.238138+00:00,2026-10-01T09:47:49.238138+01:00,8e1b1ccdaf9bc406f149cfba186e0337,tennis_atp_china_open,ATP China Open,2026-10-01T12:30:00+00:00,2026-10-01T13:30:00+01:00,Alexander Bublik,Jakub Mensik,betfair_sb_uk,Betfair Sportsbook,2026-10-01T08:47:45Z,h2h,Jakub Mensik,1.53,,0.6535947712418301,0.6203473945409429,0.2
2026-10-01T08:47:49.238138+00:00,2026-10-01T09:47:49.238138+01:00,8e1b1ccdaf9bc406f149cfba186e0337,tennis_atp_china_open,ATP China Open,2026-10-01T12:30:00+00:00,2026-10-01T13:30:00+01:00,Alexander Bublik,Jakub Mensik,williamhill,William Hill,2026-10-01T08:47:31Z,h2h,Alexander Bublik,2.38,,0.42016806722689076,0.39746835443037976,0.2
2026-10-01T08:47:49.238138+00:00,2026-10-01T09:47:49.238138+01:00,8e1b1ccdaf9bc406f149cfba186e0337,tennis_atp_china_open,ATP China Open,2026-10-01T12:30:00+00:00,2026-10-01T13:30:00+01:00,Alexander Bublik,Jakub Mensik,williamhill,William Hill,2026-10-01T08:47:31Z,h2h,Jakub Mensik,1.57,,0.6369426751592356,0.6025316455696202,0.2
2026-10-01T08:47:49.238138+00:00,2026-10-01T09:47:49.238138+01:00,8e1b1ccdaf9bc406f149cfba186e0337,tennis_atp_china_open,ATP China Open,2026-10-01T12:30:00+00:00,2026-10-01T13:30:00+01:00,Alexander Bublik,Jakub Mensik,betfair_ex_uk,Betfair,2026-10-01T08:47:47Z,h2h,Alexander Bublik,2.6,,0.3846153846153846,0.38242280285035635,0.2
2026-10-01T08:47:49.238138+00:00,2026-10-01T09:47:49.238138+01:00,8e1b1ccdaf9bc406f149cfba186e0337,tennis_atp_china_open,ATP China Open,2026-10-01T12:30:00+00:00,2026-10-01T13:30:00+01:00,Alexander Bublik,Jakub Mensik,betfair_ex_uk,Betfair,2026-10-01T08:47:47Z,h2h,Jakub Mensik,1.61,,0.6211180124223602,0.6175771971496438,0.2
2026-10-01T08:47:49.238138+00:00,2026-10-01T09:47:49.238138+01:00,8e1b1ccdaf9bc406f149cfba186e0337,tennis_atp_china_open,ATP China Open,2026-10-01T12:30:00+00:00,2026-10-01T13:30:00+01:00,Alexander Bublik,Jakub Mensik,betfair_ex_uk,Betfair,2026-10-01T08:47:47Z,h2h_lay,Alexander Bublik,2.64,,0.3787878787878788,1.0,0.2
2026-10-01T08:47:49.238138+00:00,2026-10-01T09:47:49.238138+01:00,8e1b1ccdaf9bc406f149cfba186e0337,tennis_atp_china_open,ATP China Open,2026-10-01T12:30:00+00:00,2026-10-01T13:30:00+01:00,Alexander Bublik,Jakub Mensik,betfair_ex_uk,Betfair,2026-10-01T08:47:47Z,h2h_lay,Jakub Mensik,1.62,,0.6172839506172839,1.0,0.2
2026-10-01T08:47:49.238138+00:00,2026-10-01T09:47:49.238138+01:00,8e1b1ccdaf9bc406f149cfba186e0337,tennis_atp_china_open,ATP China Open,2026-10-01T12:30:00+00:00,2026-10-01T13:30:00+01:00,Alexander Bublik,Jakub Mensik,skybet,Sky Bet,2026-10-01T08:47:45Z,h2h,Alexander Bublik,2.5,,0.4,0.375,0.2
2026-10-01T08:47:49.238138+00:00,2026-10-01T09:47:49.238138+01:00,8e1b1ccdaf9bc406f149cfba186e0337,tennis_atp_china_open,ATP China Open,2026-10-01T12:30:00+00:00,2026-10-01T13:30:00+01:00,Alexander Bublik,Jakub Mensik,skybet,Sky Bet,2026-10-01T08:47:45Z,h2h,Jakub Mensik,1.5,,0.6666666666666666,0.625,0.2
2026-10-01T08:47:49.238138+00:00,2026-10-01T09:47:49.238138+01:00,c768c4868b4560919153aa8e1fe365d5,tennis_atp_china_open,ATP China Open,2026-10-02T03:00:00+00:00,2026-10-02T04:00:00+01:00,Alex Molcan,Karen Khachanov,betfair_ex_uk,Betfair,2026-10-01T08:47:47Z,h2h,Alex Molcan,4.4,,0.22727272727272727,0.22261484098939932,0.2
2026-10-01T08:47:49.238138+00:00,2026-10-01T09:47:49.238138+01:00,c768c4868b4560919153aa8e1fe365d5,tennis_atp_china_open,ATP China Open,2026-10-02T03:00:00+00:00,2026-10-02T04:00:00+01:00,Alex Molcan,Karen Khachanov,betfair_ex_uk,Betfair,2026-10-01T08:47:47Z,h2h,Karen Khachanov,1.26,,0.7936507936507936,0.7773851590106008,0.2
2026-10-01T08:47:49.238138+00:00,2026-10-01T09:47:49.238138+01:00,c768c4868b4560919153aa8e1fe365d5,tennis_atp_china_open,ATP China Open,2026-10-02T03:00:00+00:00,2026-10-02T04:00:00+01:00,Alex Molcan,Karen Khachanov,betfair_ex_uk,Betfair,2026-10-01T08:47:47Z,h2h_lay,Alex Molcan,4.8,,0.20833333333333334,1.0,0.2
2026-10-01T08:47:49.238138+00:00,2026-10-01T09:47:49.238138+01:00,c768c4868b4560919153aa8e1fe365d5,tennis_atp_china_open,ATP China Open,2026-10-02T03:00:00+00:00,2026-10-02T04:00:00+01:00,Alex Molcan,Karen Khachanov,betfair_ex_uk,Betfair,2026-10-01T08:47:47Z,h2h_lay,Karen Khachanov,1.29,,0.7751937984496123,1.0,0.2
2026-10-01T08:47:49.238138+00:00,2026-10-01T09:47:49.238138+01:00,c768c4868b4560919153aa8e1fe365d5,tennis_atp_china_open,ATP China Open,2026-10-02T03:00:00+00:00,2026-10-02T04:00:00+01:00,Alex Molcan,Karen Khachanov,matchbook,Matchbook,2026-10-01T08:47:45Z,h2h,Alex Molcan,4.3,,0.23255813953488372,0.22522522522522523,0.2
2026-10-01T08:47:49.238138+00:00,2026-10-01T09:47:49.238138+01:00,c768c4868b4560919153aa8e1fe365d5,tennis_atp_china_open,ATP China Open,2026-10-02T03:00:00+00:00,2026-10-02T04:00:00+01:00,Alex Molcan,Karen Khachanov,matchbook,Matchbook,2026-10-01T08:47:45Z,h2h,Karen Khachanov,1.25,,0.8,0.7747747747747749,0.2
2026-10-01T08:47:49.238138+00:00,2026-10-01T09:47:49.238138+01:00,c768c4868b4560919153aa8e1fe365d5,tennis_atp_china_open,ATP China Open,2026-10-02T03:00:00+00:00,2026-10-02T04:00:00+01:00,Alex Molcan,Karen Khachanov,matchbook,Matchbook,2026-10-01T08:47:45Z,h2h_lay,Alex Molcan,4.9,,0.2040816326530612,1.0,0.2
2026-10-01T08:47:49.238138+00:00,2026-10-01T09:47:49.238138+01:00,c768c4868b4560919153aa8e1fe365d5,tennis_atp_china_open,ATP China Open,2026-10-02T03:00:00+00:00,2026-10-02T04:00:00+01:00,Alex Molcan,Karen Khachanov,matchbook,Matchbook,2026-10-01T08:47:45Z,h2h_lay,Karen Khachanov,1.3,,0.7692307692307692,1.0,0.2
2026-10-01T08:47:49.238138+00:00,2026-10-01T09:47:49.238138+01:00,c768c4868b4560919153aa8e1fe365d5,tennis_atp_china_open,ATP China Open,2026-10-02T03:00:00+00:00,2026-10-02T04:00:00+01:00,Alex Molcan,Karen Khachanov,matchbook,Matchbook,2026-10-01T08:47:45Z,spreads,Alex Molcan,1.82,4.5,0.5494505494505494,0.5284974093264249,0.2
2026-10-01T08:47:49.238138+00:00,2026-10-01T09:47:49.238138+01:00,c768c4868b4560919153aa8e1fe365d5,tennis_atp_china_open,ATP China Open,2026-10-02T03:00:00+00:00,2026-10-02T04:00:00+01:00,Alex Molcan,Karen Khachanov,matchbook,Matchbook,2026-10-01T08:47:45Z,spreads,Karen Khachanov,2.04,-4.5,0.49019607843137253,0.4715025906735752,0.2
2026-10-01T08:47:49.238138+00:00,2026-10-01T09:47:49.238138+01:00,c768c4868b4560919153aa8e1fe365d5,tennis_atp_china_open,ATP China Open,2026-10-02T03:00:00+00:00,2026-10-02T04:00:00+01:00,Alex Molcan,Karen Khachanov,matchbook,Matchbook,2026-10-01T08:47:45Z,totals,Over,1.99,21.5,0.5025125628140703,0.4817708333333334,0.2
2026-10-01T08:47:49.238138+00:00,2026-10-01T09:47:49.238138+01:00,c768c4868b4560919153aa8e1fe365d5,tennis_atp_china_open,ATP China Open,2026-10-02T03:00:00+00:00,2026-10-02T04:00:00+01:00,Alex Molcan,Karen Khachanov,matchbook,Matchbook,2026-10-01T08:47:45Z,totals,Under,1.85,21.5,0.5405405405405405,0.5182291666666667,0.2
2026-10-01T08:47:49.238138+00:00,2026-10-01T09:47:49.238138+01:00,c768c4868b4560919153aa8e1fe365d5,tennis_atp_china_open,ATP China Open,2026-10-02T03:00:00+00:00,2026-10-02T04:00:00+01:00,Alex Molcan,Karen Khachanov,unibet_uk,Unibet (UK),2026-10-01T08:46:39Z,h2h,Alex Molcan,4.2,,0.23809523809523808,0.2222222222222222,0.2
2026-10-01T08:47:49.238138+00:00,2026-10-01T09:47:49.238138+01:00,c768c4868b4560919153aa8e1fe365d5,tennis_atp_china_open,ATP China Open,2026-10-02T03:00:00+00:00,2026-10-02T04:00:00+01:00,Alex Molcan,Karen Khachanov,unibet_uk,Unibet (UK),2026-10-01T08:46:39Z,h2h,Karen Khachanov,1.2,,0.8333333333333334,0.7777777777777778,0.2
2026-10-01T08:47:49.238138+00:00,2026-10-01T09:47:49.238138+01:00,c768c4868b4560919153aa8e1fe365d5,tennis_atp_china_open,ATP China Open,2026-10-02T03:00:00+00:00,2026-10-02T04:00:00+01:00,Alex Molcan,Karen Khachanov,smarkets,Smarkets,2026-10-01T08:47:45Z,h2h,Alex Molcan,2.16,,0.4629629629629629,0.36470588235294116,0.2
2026-10-01T08:47:49.238138+00:00,2026-10-01T09:47:49.238138+01:00,c768c4868b4560919153aa8e1fe365d5,tennis_atp_china_open,ATP China Open,2026-10-02T03:00:00+00:00,2026-10-02T04:00:00+01:00,Alex Molcan,Karen Khachanov,smarkets,Smarkets,2026-10-01T08:47:45Z,h2h,Karen Khachanov,1.24,,0.8064516129032259,0.6352941176470589,0.2
2026-10-01T08:47:49.238138+00:00,2026-10-01T09:47:49.238138+01:00,c768c4868b4560919153aa8e1fe365d5,tennis_atp_china_open,ATP China Open,2026-10-02T03:00:00+00:00,2026-10-02T04:00:00+01:00,Alex Molcan,Karen Khachanov,smarkets,Smarkets,2026-10-01T08:47:45Z,h2h_lay,Alex Molcan,5.7,,0.17543859649122806,1.0,0.2
2026-10-01T08:47:49.238138+00:00,2026-10-01T09:47:49.238138+01:00,c768c4868b4560919153aa8e1fe365d5,tennis_atp_china_open,ATP China Open,2026-10-02T03:00:00+00:00,2026-10-02T04:00:00+01:00,Alex Molcan,Karen Khachanov,smarkets,Smarkets,2026-10-01T08:47:45Z,h2h_lay,Karen Khachanov,1.32,,0.7575757575757576,1.0,0.2
2026-10-01T08:47:49.238138+00:00,2026-10-01T09:47:49.238138+01:00,c768c4868b4560919153aa8e1fe365d5,tennis_atp_china_open,ATP China Open,2026-10-02T03:00:00+00:00,2026-10-02T04:00:00+01:00,Alex Molcan,Karen Khachanov,leovegas,LeoVegas,2026-10-01T08:47:31Z,h2h,Alex Molcan,4.1,,0.24390243902439027,0.22641509433962262,0.2
2026-10-01T08:47:49.238138+00:00,2026-10-01T09:47:49.238138+01:00,c768c4868b4560919153aa8e1fe365d5,tennis_atp_china_open,ATP China Open,2026-10-02T03:00:00+00:00,2026-10-02T04:00:00+01:00,Alex Molcan,Karen Khachanov,leovegas,LeoVegas,2026-10-01T08:47:31Z,h2h,Karen Khachanov,1.2,,0.8333333333333334,0.7735849056603773,0.2
2026-10-01T08:47:49.238138+00:00,2026-10-01T09:47:49.238138+01:00,c768c4868b4560919153aa8e1fe365d5,tennis_atp_china_open,ATP China Open,2026-10-02T03:00:00+00:00,2026-10-02T04:00:00+01:00,Alex Molcan,Karen Khachanov,leovegas,LeoVegas,2026-10-01T08:47:31Z,spreads,Alex Molcan,1.8,4.5,0.5555555555555556,0.5161290322580646,0.2
2026-10-01T08:47:49.238138+00:00,2026-10-01T09:47:49.238138+01:00,c768c4868b4560919153aa8e1fe365d5,tennis_atp_china_open,ATP China Open,2026-10-02T03:00:00+00:00,2026-10-02T04:00:00+01:00,Alex Molcan,Karen Khachanov,leovegas,LeoVegas,2026-10-01T08:47:31Z,spreads,Karen Khachanov,1.92,-4.5,0.5208333333333334,0.48387096774193555,0.2
2026-10-01T08:47:49.238138+00:00,2026-10-01T09:47:49.238138+01:00,c768c4868b4560919153aa8e1fe365d5,tennis_atp_china_open,ATP China Open,2026-10-02T03:00:00+00:00,2026-10-02T04:00:00+01:00,Alex Molcan,Karen Khachanov,leovegas,LeoVegas,2026-10-01T08:47:31Z,totals,Over,1.88,21.5,0.5319148936170213,0.4932614555256065,0.2
2026-10-01T08:47:49.238138+00:00,2026-10-01T09:47:49.238138+01:00,c768c4868b4560919153aa8e1fe365d5,tennis_atp_china_open,ATP China Open,2026-10-02T03:00:00+00:00,2026-10-02T04:00:00+01:00,Alex Molcan,Karen Khachanov,leovegas,LeoVegas,2026-10-01T08:47:31Z,totals,Under,1.83,21.5,0.5464480874316939,0.5067385444743935,0.2
2026-10-01T08:47:49.238138+00:00,2026-10-01T09:47:49.238138+01:00,c768c4868b4560919153aa8e1fe365d5,tennis_atp_china_open,ATP China Open,2026-10-02T03:00:00+00:00,2026-10-02T04:00:00+01:00,Alex Molcan,Karen Khachanov,betano_uk,Betano (UK),2026-10-01T08:47:43Z,h2h,Alex Molcan,4.0,,0.25,0.23076923076923073,0.2
2026-10-01T08:47:49.238138+00:00,2026-10-01T09:47:49.238138+01:00,c768c4868b4560919153aa8e1fe365d5,tennis_atp_china_open,ATP China Open,2026-10-02T03:00:00+00:00,2026-10-02T04:00:00+01:00,Alex Molcan,Karen Khachanov,betano_uk,Betano (UK),2026-10-01T08:47:43Z,h2h,Karen Khachanov,1.2,,0.8333333333333334,0.7692307692307692,0.2
2026-10-01T08:47:49.238138+00:00,2026-10-01T09:47:49.238138+01:00,c768c4868b4560919153aa8e1fe365d5,tennis_atp_china_open,ATP China Open,2026-10-02T03:00:00+00:00,2026-10-02T04:00:00+01:00,Alex Molcan,Karen Khachanov,betvictor,Bet Victor,2026-10-01T08:47:12Z,h2h,Alex Molcan,4.0,,0.25,0.23076923076923073,0.2
2026-10-01T08:47:49.238138+00:00,2026-10-01T09:47:49.238138+01:00,c768c4868b4560919153aa8e1fe365d5,tennis_atp_china_open,ATP China Open,2026-10-02T03:00:00+00:00,2026-10-02T04:00:00+01:00,Alex Molcan,Karen Khachanov,betvictor,Bet Victor,2026-10-01T08:47:12Z,h2h,Karen Khachanov,1.2,,0.8333333333333334,0.7692307692307692,0.2
2026-10-01T08:47:49.238138+00:00,2026-10-01T09:47:49.238138+01:00,c768c4868b4560919153aa8e1fe365d5,tennis_atp_china_open,ATP China Open,2026-10-02T03:00:00+00:00,2026-10-02T04:00:00+01:00,Alex Molcan,Karen Khachanov,paddypower,Paddy Power,2026-10-01T08:47:46Z,h2h,Alex Molcan,4.5,,0.2222222222222222,0.2063492063492063,0.2
2026-10-01T08:47:49.238138+00:00,2026-10-01T09:47:49.238138+01:00,c768c4868b4560919153aa8e1fe365d5,tennis_atp_china_open,ATP China Open,2026-10-02T03:00:00+00:00,2026-10-02T04:00:00+01:00,Alex Molcan,Karen Khachanov,paddypower,Paddy Power,2026-10-01T08:47:46Z,h2h,Karen Khachanov,1.17,,0.8547008547008548,0.7936507936507936,0.2
2026-10-01T08:47:49.238138+00:00,2026-10-01T09:47:49.238138+01:00,c768c4868b4560919153aa8e1fe365d5,tennis_atp_china_open,ATP China Open,2026-10-02T03:00:00+00:00,2026-10-02T04:00:00+01:00,Alex Molcan,Karen Khachanov,skybet,Sky Bet,2026-10-01T08:47:45Z,h2h,Alex Molcan,4.5,,0.2222222222222222,0.2063492063492063,0.2
2026-10-01T08:47:49.238138+00:00,2026-10-01T09:47:49.238138+01:00,c768c4868b4560919153aa8e1fe365d5,tennis_atp_china_open,ATP China Open,2026-10-02T03:00:00+00:00,2026-10-02T04:00:00+01:00,Alex Molcan,Karen Khachanov,skybet,Sky Bet,2026-10-01T08:47:45Z,h2h,Karen Khachanov,1.17,,0.8547008547008548,0.7936507936507936,0.2
2026-10-01T08:47:49.238138+00:00,2026-10-01T09:47:49.238138+01:00,c768c4868b4560919153aa8e1fe365d5,tennis_atp_china_open,ATP China Open,2026-10-02T03:00:00+00:00,2026-10-02T04:00:00+01:00,Alex Molcan,Karen Khachanov,betway,Betway,2026-10-01T08:47:47Z,h2h,Alex Molcan,4.0,,0.25,0.23809523809523808,0.2
2026-10-01T08:47:49.238138+00:00,2026-10-01T09:47:49.238138+01:00,c768c4868b4560919153aa8e1fe365d5,tennis_atp_china_open,ATP China Open,2026-10-02T03:00:00+00:00,2026-10-02T04:00:00+01:00,Alex Molcan,Karen Khachanov,betway,Betway,2026-10-01T08:47:47Z,h2h,Karen Khachanov,1.25,,0.8,0.7619047619047619,0.2
2026-10-01T08:47:49.238138+00:00,2026-10-01T09:47:49.238138+01:00,c768c4868b4560919153aa8e1fe365d5,tennis_atp_china_open,ATP China Open,2026-10-02T03:00:00+00:00,2026-10-02T04:00:00+01:00,Alex Molcan,Karen Khachanov,williamhill,William Hill,2026-10-01T08:47:31Z,h2h,Alex Molcan,4.0,,0.25,0.23809523809523808,0.2
2026-10-01T08:47:49.238138+00:00,2026-10-01T09:47:49.238138+01:00,c768c4868b4560919153aa8e1fe365d5,tennis_atp_china_open,ATP China Open,2026-10-02T03:00:00+00:00,2026-10-02T04:00:00+01:00,Alex Molcan,Karen Khachanov,williamhill,William Hill,2026-10-01T08:47:31Z,h2h,Karen Khachanov,1.25,,0.8,0.7619047619047619,0.2
2026-10-01T08:47:49.238138+00:00,2026-10-01T09:47:49.238138+01:00,c768c4868b4560919153aa8e1fe365d5,tennis_atp_china_open,ATP China Open,2026-10-02T03:00:00+00:00,2026-10-02T04:00:00+01:00,Alex Molcan,Karen Khachanov,sport888,888sport,2026-10-01T08:47:31Z,h2h,Alex Molcan,4.0,,0.25,0.23809523809523808,0.2
2026-10-01T08:47:49.238138+00:00,2026-10-01T09:47:49.238138+01:00,c768c4868b4560919153aa8e1fe365d5,tennis_atp_china_open,ATP China Open,2026-10-02T03:00:00+00:00,2026-10-02T04:00:00+01:00,Alex Molcan,Karen Khachanov,sport888,888sport,2026-10-01T08:47:31Z,h2h,Karen Khachanov,1.25,,0.8,0.7619047619047619,0.2
2026-10-01T08:47:49.238138+00:00,2026-10-01T09:47:49.238138+01:00,c768c4868b4560919153aa8e1fe365d5,tennis_atp_china_open,ATP China Open,2026-10-02T03:00:00+00:00,2026-10-02T04:00:00+01:00,Alex Molcan,Karen Khachanov,boylesports,BoyleSports,2026-10-01T08:47:47Z,h2h,Alex Molcan,4.2,,0.23809523809523808,0.2222222222222222,0.2
2026-10-01T08:47:49.238138+00:00,2026-10-01T09:47:49.238138+01:00,c768c4868b4560919153aa8e1fe365d5,tennis_atp_china_open,ATP China Open,2026-10-02T03:00:00+00:00,2026-10-02T04:00:00+01:00,Alex Molcan,Karen Khachanov,boylesports,BoyleSports,2026-10-01T08:47:47Z,h2h,Karen Khachanov,1.2,,0.8333333333333334,0.7777777777777778,0.2
2026-10-01T08:47:49.238138+00:00,2026-10-01T09:47:49.238138+01:00,5f4504b72130e8d059ce2358912bc609,tennis_atp_china_open,ATP China Open,2026-10-02T03:00:00+00:00,2026-10-02T04:00:00+01:00,Alex de Minaur,Quentin Halys,betway,Betway,2026-10-01T08:47:47Z,h2h,Alex de Minaur,1.29,,0.7751937984496123,0.744047619047619,0.2
2026-10-01T08:47:49.238138+00:00,2026-10-01T09:47:49.238138+01:00,5f4504b72130e8d059ce2358912bc609,tennis_atp_china_open,ATP China Open,2026-10-02T03:00:00+00:00,2026-10-02T04:00:00+01:00,Alex de Minaur,Quentin Halys,betway,Betway,2026-10-01T08:47:47Z,h2h,Quentin Halys,3.75,,0.26666666666666666,0.25595238095238093,0.2
2026-10-01T08:47:49.238138+00:00,2026-10-01T09:47:49.238138+01:00,5f4504b72130e8d059ce2358912bc609,tennis_atp_china_open,ATP China Open,2026-10-02T03:00:00+00:00,2026-10-02T04:00:00+01:00,Alex de Minaur,Quentin Halys,betano_uk,Betano (UK),2026-10-01T08:47:43Z,h2h,Alex de Minaur,1.25,,0.8,0.7422680412371133,0.2
2026-10-01T08:47:49.238138+00:00,2026-10-01T09:47:49.238138+01:00,5f4504b72130e8d059ce2358912bc609,tennis_atp_china_open,ATP China Open,2026-10-02T03:00:00+00:00,2026-10-02T04:00:00+01:00,Alex de Minaur,Quentin Halys,betano_uk,Betano (UK),2026-10-01T08:47:43Z,h2h,Quentin Halys,3.6,,0.2777777777777778,0.25773195876288657,0.2
2026-10-01T08:47:49.238138+00:00,2026-10-01T09:47:49.238138+01:00,5f4504b72130e8d059ce2358912bc609,tennis_atp_china_open,ATP China Open,2026-10-02T03:00:00+00:00,2026-10-02T04:00:00+01:00,Alex de Minaur,Quentin Halys,betfair_ex_uk,Betfair,2026-10-01T08:47:47Z,h2h,Alex de Minaur,1.2,,0.8333333333333334,0.7209302325581395,0.2
2026-10-01T08:47:49.238138+00:00,2026-10-01T09:47:49.238138+01:00,5f4504b72130e8d059ce2358912bc609,tennis_atp_china_open,ATP China Open,2026-10-02T03:00:00+00:00,2026-10-02T04:00:00+01:00,Alex de Minaur,Quentin Halys,betfair_ex_uk,Betfair,2026-10-01T08:47:47Z,h2h,Quentin Halys,3.1,,0.3225806451612903,0.27906976744186046,0.2
2026-10-01T08:47:49.238138+00:00,2026-10-01T09:47:49.238138+01:00,5f4504b72130e8d059ce2358912bc609,tennis_atp_china_open,ATP China Open,2026-10-02T03:00:00+00:00,2026-10-02T04:00:00+01:00,Alex de Minaur,Quentin Halys,betfair_ex_uk,Betfair,2026-10-01T08:47:47Z,h2h_lay,Alex de Minaur,1.47,,0.6802721088435374,1.0,0.2
2026-10-01T08:47:49.238138+00:00,2026-10-01T09:47:49.238138+01:00,5f4504b72130e8d059ce2358912bc609,tennis_atp_china_open,ATP China Open,2026-10-02T03:00:00+00:00,2026-10-02T04:00:00+01:00,Alex de Minaur,Quentin Halys,betfair_ex_uk,Betfair,2026-10-01T08:47:47Z,h2h_lay,Quentin Halys,5.9,,0.1694915254237288,1.0,0.2
2026-10-01T08:47:49.238138+00:00,2026-10-01T09:47:49.238138+01:00,5f4504b72130e8d059ce2358912bc609,tennis_atp_china_open,ATP China Open,2026-10-02T03:00:00+00:00,2026-10-02T04:00:00+01:00,Alex de Minaur,Quentin Halys,smarkets,Smarkets,2026-10-01T08:47:45Z,h2h,Alex de Minaur,1.23,,0.8130081300813008,0.7371794871794872,0.2
2026-10-01T08:47:49.238138+00:00,2026-10-01T09:47:49.238138+01:00,5f4504b72130e8d059ce2358912bc609,tennis_atp_china_open,ATP China Open,2026-10-02T03:00:00+00:00,2026-10-02T04:00:00+01:00,Alex de Minaur,Quentin Halys,smarkets,Smarkets,2026-10-01T08:47:45Z,h2h,Quentin Halys,3.45,,0.2898550724637681,0.26282051282051283,0.2
2026-10-01T08:47:49.238138+00:00,2026-10-01T09:47:49.238138+01:00,5f4504b72130e8d059ce2358912bc609,tennis_atp_china_open,ATP China Open,2026-10-02T03:00:00+00:00,2026-10-02T04:00:00+01:00,Alex de Minaur,Quentin Halys,smarkets,Smarkets,2026-10-01T08:47:45Z,h2h_lay,Alex de Minaur,1.41,,0.7092198581560284,1.0,0.2
2026-10-01T08:47:49.238138+00:00,2026-10-01T09:47:49.238138+01:00,5f4504b72130e8d059ce2358912bc609,tennis_atp_china_open,ATP China Open,2026-10-02T03:00:00+00:00,2026-10-02T04:00:00+01:00,Alex de Minaur,Quentin Halys,smarkets,Smarkets,2026-10-01T08:47:45Z,h2h_lay,Quentin Halys,5.3,,0.18867924528301888,1.0,0.2
2026-10-01T08:47:49.238138+00:00,2026-10-01T09:47:49.238138+01:00,5f4504b72130e8d059ce2358912bc609,tennis_atp_china_open,ATP China Open,2026-10-02T03:00:00+00:00,2026-10-02T04:00:00+01:00,Alex de Minaur,Quentin Halys,matchbook,Matchbook,2026-10-01T08:47:45Z,h2h,Alex de Minaur,1.2,,0.8333333333333334,0.7209302325581395,0.2
2026-10-01T08:47:49.238138+00:00,2026-10-01T09:47:49.238138+01:00,5f4504b72130e8d059ce2358912bc609,tennis_atp_china_open,ATP China Open,2026-10-02T03:00:00+00:00,2026-10-02T04:00:00+01:00,Alex de Minaur,Quentin Halys,matchbook,Matchbook,2026-10-01T08:47:45Z,h2h,Quentin Halys,3.1,,0.3225806451612903,0.27906976744186046,0.2
2026-10-01T08:47:49.238138+00:00,2026-10-01T09:47:49.238138+01:00,5f4504b72130e8d059ce2358912bc609,tennis_atp_china_open,ATP China Open,2026-10-02T03:00:00+00:00,2026-10-02T04:00:00+01:00,Alex de Minaur,Quentin Halys,matchbook,Matchbook,2026-10-01T08:47:45Z,h2h_lay,Alex de Minaur,1.47,,0.6802721088435374,1.0,0.2
2026-10-01T08:47:49.238138+00:00,2026-10-01T09:47:49.238138+01:00,5f4504b72130e8d059ce2358912bc609,tennis_atp_china_open,ATP China Open,2026-10-02T03:00:00+00:00,2026-10-02T04:00:00+01:00,Alex de Minaur,Quentin Halys,matchbook,Matchbook,2026-10-01T08:47:45Z,h2h_lay,Quentin Halys,5.9,,0.1694915254237288,1.0,0.2
2026-10-01T08:47:49.238138+00:00,2026-10-01T09:47:49.238138+01:00,5f4504b72130e8d059ce2358912bc609,tennis_atp_china_open,ATP China Open,2026-10-02T03:00:00+00:00,2026-10-02T04:00:00+01:00,Alex de Minaur,Quentin Halys,williamhill,William Hill,2026-10-01T08:47:31Z,h2h,Alex de Minaur,1.29,,0.7751937984496123,0.7361963190184049,0.2
2026-10-01T08:47:49.238138+00:00,2026-10-01T09:47:49.238138+01:00,5f4504b72130e8d059ce2358912bc609,tennis_atp_china_open,ATP China Open,2026-10-02T03:00:00+00:00,2026-10-02T04:00:00+01:00,Alex de Minaur,Quentin Halys,williamhill,William Hill,2026-10-01T08:47:31Z,h2h,Quentin Halys,3.6,,0.2777777777777778,0.2638036809815951,0.2
2026-10-01T08:47:49.238138+00:00,2026-10-01T09:47:49.238138+01:00,5f4504b72130e8d059ce2358912bc609,tennis_atp_china_open,ATP China Open,2026-10-02T03:00:00+00:00,2026-10-02T04:00:00+01:00,Alex de Minaur,Quentin Halys,sport888,888sport,2026-10-01T08:47:31Z,h2h,Alex de Minaur,1.29,,0.7751937984496123,0.7361963190184049,0.2
2026-10-01T08:47:49.238138+00:00,2026-10-01T09:47:49.238138+01:00,5f4504b72130e8d059ce2358912bc609,tennis_atp_china_open,ATP China Open,2026-10-02T03:00:00+00:00,2026-10-02T04:00:00+01:00,Alex de Minaur,Quentin Halys,sport888,888sport,2026-10-01T08:47:31Z,h2h,Quentin Halys,3.6,,0.2777777777777778,0.2638036809815951,0.2
2026-10-01T08:47:49.238138+00:00,2026-10-01T09:47:49.238138+01:00,5f4504b72130e8d059ce2358912bc609,tennis_atp_china_open,ATP China Open,2026-10-02T03:00:00+00:00,2026-10-02T04:00:00+01:00,Alex de Minaur,Quentin Halys,leovegas,LeoVegas,2026-10-01T08:47:31Z,h2h,Alex de Minaur,1.24,,0.8064516129032259,0.743801652892562,0.2
2026-10-01T08:47:49.238138+00:00,2026-10-01T09:47:49.238138+01:00,5f4504b72130e8d059ce2358912bc609,tennis_atp_china_open,ATP China Open,2026-10-02T03:00:00+00:00,2026-10-02T04:00:00+01:00,Alex de Minaur,Quentin Halys,leovegas,LeoVegas,2026-10-01T08:47:31Z,h2h,Quentin Halys,3.6,,0.2777777777777778,0.256198347107438,0.2
2026-10-01T08:47:49.238138+00:00,2026-10-01T09:47:49.238138+01:00,5f4504b72130e8d059ce2358912bc609,tennis_atp_china_open,ATP China Open,2026-10-02T03:00:00+00:00,2026-10-02T04:00:00+01:00,Alex de Minaur,Quentin Halys,paddypower,Paddy Power,2026-10-01T08:47:46Z,h2h,Alex de Minaur,1.22,,0.819672131147541,0.7545271629778673,0.2
2026-10-01T08:47:49.238138+00:00,2026-10-01T09:47:49.238138+01:00,5f4504b72130e8d059ce2358912bc609,tennis_atp_china_open,ATP China Open,2026-10-02T03:00:00+00:00,2026-10-02T04:00:00+01:00,Alex de Minaur,Quentin Halys,paddypower,Paddy Power,2026-10-01T08:47:46Z,h2h,Quentin Halys,3.75,,0.26666666666666666,0.2454728370221328,0.2
2026-10-01T08:47:49.238138+00:00,2026-10-01T09:47:49.238138+01:00,5f4504b72130e8d059ce2358912bc609,tennis_atp_china_open,ATP China Open,2026-10-02T03:00:00+00:00,2026-10-02T04:00:00+01:00,Alex de Minaur,Quentin Halys,skybet,Sky Bet,2026-10-01T08:47:45Z,h2h,Alex de Minaur,1.22,,0.819672131147541,0.7545271629778673,0.2
2026-10-01T08:47:49.238138+00:00,2026-10-01T09:47:49.238138+01:00,5f4504b72130e8d059ce2358912bc609,tennis_atp_china_open,ATP China Open,2026-10-02T03:00:00+00:00,2026-10-02T04:00:00+01:00,Alex de Minaur,Quentin Halys,skybet,Sky Bet,2026-10-01T08:47:45Z,h2h,Quentin Halys,3.75,,0.26666666666666666,0.2454728370221328,0.2
2026-10-01T08:47:49.238138+00:00,2026-10-01T09:47:49.238138+01:00,5f4504b72130e8d059ce2358912bc609,tennis_atp_china_open,ATP China Open,2026-10-02T03:00:00+00:00,2026-10-02T04:00:00+01:00,Alex de Minaur,Quentin Halys,betvictor,Bet Victor,2026-10-01T08:47:12Z,h2h,Alex de Minaur,1.25,,0.8,0.7422680412371133,0.2
2026-10-01T08:47:49.238138+00:00,2026-10-01T09:47:49.238138+01:00,5f4504b72130e8d059ce2358912bc609,tennis_atp_china_open,ATP China Open,2026-10-02T03:00:00+00:00,2026-10-02T04:00:00+01:00,Alex de Minaur,Quentin Halys,betvictor,Bet Victor,2026-10-01T08:47:12Z,h2h,Quentin Halys,3.6,,0.2777777777777778,0.25773195876288657,0.2
2026-10-01T08:47:49.238138+00:00,2026-10-01T09:47:49.238138+01:00,d66f1937da5272c6644a583eaa98d7ce,tennis_atp_china_open,ATP China Open,2026-10-02T07:00:00+00:00,2026-10-02T08:00:00+01:00,Daniil Medvedev,Pablo Carreno Busta,smarkets,Smarkets,2026-10-01T08:47:45Z,h2h,Daniil Medvedev,1.23,,0.8130081300813008,0.7890222984562607,0.2
2026-10-01T08:47:49.238138+00:00,2026-10-01T09:47:49.238138+01:00,d66f1937da5272c6644a583eaa98d7ce,tennis_atp_china_open,ATP China Open,2026-10-02T07:00:00+00:00,2026-10-02T08:00:00+01:00,Daniil Medvedev,Pablo Carreno Busta,smarkets,Smarkets,2026-10-01T08:47:45Z,h2h,Pablo Carreno Busta,4.6,,0.2173913043478261,0.2109777015437393,0.2
2026-10-01T08:47:49.238138+00:00,2026-10-01T09:47:49.238138+01:00,d66f1937da5272c6644a583eaa98d7ce,tennis_atp_china_open,ATP China Open,2026-10-02T07:00:00+00:00,2026-10-02T08:00:00+01:00,Daniil Medvedev,Pablo Carreno Busta,smarkets,Smarkets,2026-10-01T08:47:45Z,h2h_lay,Daniil Medvedev,1.29,,0.7751937984496123,1.0,0.2
2026-10-01T08:47:49.238138+00:00,2026-10-01T09:47:49.238138+01:00,d66f1937da5272c6644a583eaa98d7ce,tennis_atp_china_open,ATP China Open,2026-10-02T07:00:00+00:00,2026-10-02T08:00:00+01:00,Daniil Medvedev,Pablo Carreno Busta,smarkets,Smarkets,2026-10-01T08:47:45Z,h2h_lay,Pablo Carreno Busta,4.9,,0.2040816326530612,1.0,0.2
2026-10-01T08:47:49.238138+00:00,2026-10-01T09:47:49.238138+01:00,d66f1937da5272c6644a583eaa98d7ce,tennis_atp_china_open,ATP China Open,2026-10-02T07:00:00+00:00,2026-10-02T08:00:00+01:00,Daniil Medvedev,Pablo Carreno Busta,leovegas,LeoVegas,2026-10-01T08:47:31Z,h2h,Daniil Medvedev,1.22,,0.819672131147541,0.76171875,0.2
2026-10-01T08:47:49.238138+00:00,2026-10-01T09:47:49.238138+01:00,d66f1937da5272c6644a583eaa98d7ce,tennis_atp_china_open,ATP China Open,2026-10-02T07:00:00+00:00,2026-10-02T08:00:00+01:00,Daniil Medvedev,Pablo Carreno Busta,leovegas,LeoVegas,2026-10-01T08:47:31Z,h2h,Pablo Carreno Busta,3.9,,0.25641025641025644,0.23828125000000003,0.2
2026-10-01T08:47:49.238138+00:00,2026-10-01T09:47:49.238138+01:00,d66f1937da5272c6644a583eaa98d7ce,tennis_atp_china_open,ATP China Open,2026-10-02T07:00:00+00:00,2026-10-02T08:00:00+01:00,Daniil Medvedev,Pablo Carreno Busta,leovegas,LeoVegas,2026-10-01T08:47:31Z,spreads,Daniil Medvedev,1.93,-4.5,0.5181347150259068,0.482573726541555,0.2
2026-10-01T08:47:49.238138+00:00,2026-10-01T09:47:49.238138+01:00,d66f1937da5272c6644a583eaa98d7ce,tennis_atp_china_open,ATP China Open,2026-10-02T07:00:00+00:00,2026-10-02T08:00:00+01:00,Daniil Medvedev,Pablo Carreno Busta,leovegas,LeoVegas,2026-10-01T08:47:31Z,spreads,Pablo Carreno Busta,1.8,4.5,0.5555555555555556,0.517426273458445,0.2
2026-10-01T08:47:49.238138+00:00,2026-10-01T09:47:49.238138+01:00,d66f1937da5272c6644a583eaa98d7ce,tennis_atp_china_open,ATP China Open,2026-10-02T07:00:00+00:00,2026-10-02T08:00:00+01:00,Daniil Medvedev,Pablo Carreno Busta,leovegas,LeoVegas,2026-10-01T08:47:31Z,totals,Over,1.9,21.5,0.5263157894736842,0.4864864864864864,0.2
2026-10-01T08:47:49.238138+00:00,2026-10-01T09:47:49.238138+01:00,d66f1937da5272c6644a583eaa98d7ce,tennis_atp_china_open,ATP China Open,2026-10-02T07:00:00+00:00,2026-10-02T08:00:00+01:00,Daniil Medvedev,Pablo Carreno Busta,leovegas,LeoVegas,2026-10-01T08:47:31Z,totals,Under,1.8,21.5,0.5555555555555556,0.5135135135135135,0.2
2026-10-01T08:47:49.238138+00:00,2026-10-01T09:47:49.238138+01:00,d66f1937da5272c6644a583eaa98d7ce,tennis_atp_china_open,ATP China Open,2026-10-02T07:00:00+00:00,2026-10-02T08:00:00+01:00,Daniil Medvedev,Pablo Carreno Busta,unibet_uk,Unibet (UK),2026-10-01T08:46:39Z,h2h,Daniil Medvedev,1.22,,0.819672131147541,0.7662835249042146,0.2
2026-10-01T08:47:49.238138+00:00,2026-10-01T09:47:49.238138+01:00,d66f1937da5272c6644a583eaa98d7ce,tennis_atp_china_open,ATP China Open,2026-10-02T07:00:00+00:00,2026-10-02T08:00:00+01:00,Daniil Medvedev,Pablo Carreno Busta,unibet_uk,Unibet (UK),2026-10-01T08:46:39Z,h2h,Pablo Carreno Busta,4.0,,0.25,0.23371647509578544,0.2
2026-10-01T08:47:49.238138+00:00,2026-10-01T09:47:49.238138+01:00,d66f1937da5272c6644a583eaa98d7ce,tennis_atp_china_open,ATP China Open,2026-10-02T07:00:00+00:00,2026-10-02T08:00:00+01:00,Daniil Medvedev,Pablo Carreno Busta,sport888,888sport,2026-10-01T08:47:31Z,h2h,Daniil Medvedev,1.25,,0.8,0.7619047619047619,0.2
2026-10-01T08:47:49.238138+00:00,2026-10-01T09:47:49.238138+01:00,d66f1937da5272c6644a583eaa98d7ce,tennis_atp_china_open,ATP China Open,2026-10-02T07:00:00+00:00,2026-10-02T08:00:00+01:00,Daniil Medvedev,Pablo Carreno Busta,sport888,888sport,2026-10-01T08:47:31Z,h2h,Pablo Carreno Busta,4.0,,0.25,0.23809523809523808,0.2
2026-10-01T08:47:49.238138+00:00,2026-10-01T09:47:49.238138+01:00,d66f1937da5272c6644a583eaa98d7ce,tennis_atp_china_open,ATP China Open,2026-10-02T07:00:00+00:00,2026-10-02T08:00:00+01:00,Daniil Medvedev,Pablo Carreno Busta,paddypower,Paddy Power,2026-10-01T08:47:46Z,h2h,Daniil Medvedev,1.2,,0.8333333333333334,0.7692307692307692,0.2
2026-10-01T08:47:49.238138+00:00,2026-10-01T09:47:49.238138+01:00,d66f1937da5272c6644a583eaa98d7ce,tennis_atp_china_open,ATP China Open,2026-10-02T07:00:00+00:00,2026-10-02T08:00:00+01:00,Daniil Medvedev,Pablo Carreno Busta,paddypower,Paddy Power,2026-10-01T08:47:46Z,h2h,Pablo Carreno Busta,4.0,,0.25,0.23076923076923073,0.2
2026-10-01T08:47:49.238138+00:00,2026-10-01T09:47:49.238138+01:00,d66f1937da5272c6644a583eaa98d7ce,tennis_atp_china_open,ATP China Open,2026-10-02T07:00:00+00:00,2026-10-02T08:00:00+01:00,Daniil Medvedev,Pablo Carreno Busta,betano_uk,Betano (UK),2026-10-01T08:47:43Z,h2h,Daniil Medvedev,1.22,,0.819672131147541,0.7545271629778673,0.2
2026-10-01T08:47:49.238138+00:00,2026-10-01T09:47:49.238138+01:00,d66f1937da5272c6644a583eaa98d7ce,tennis_atp_china_open,ATP China Open,2026-10-02T07:00:00+00:00,2026-10-02T08:00:00+01:00,Daniil Medvedev,Pablo Carreno Busta,betano_uk,Betano (UK),2026-10-01T08:47:43Z,h2h,Pablo Carreno Busta,3.75,,0.26666666666666666,0.2454728370221328,0.2
2026-10-01T08:47:49.238138+00:00,2026-10-01T09:47:49.238138+01:00,d66f1937da5272c6644a583eaa98d7ce,tennis_atp_china_open,ATP China Open,2026-10-02T07:00:00+00:00,2026-10-02T08:00:00+01:00,Daniil Medvedev,Pablo Carreno Busta,betvictor,Bet Victor,2026-10-01T08:47:12Z,h2h,Daniil Medvedev,1.22,,0.819672131147541,0.7545271629778673,0.2
2026-10-01T08:47:49.238138+00:00,2026-10-01T09:47:49.238138+01:00,d66f1937da5272c6644a583eaa98d7ce,tennis_atp_china_open,ATP China Open,2026-10-02T07:00:00+00:00,2026-10-02T08:00:00+01:00,Daniil Medvedev,Pablo Carreno Busta,betvictor,Bet Victor,2026-10-01T08:47:12Z,h2h,Pablo Carreno Busta,3.75,,0.26666666666666666,0.2454728370221328,0.2
2026-10-01T08:47:49.238138+00:00,2026-10-01T09:47:49.238138+01:00,d66f1937da5272c6644a583eaa98d7ce,tennis_atp_china_open,ATP China Open,2026-10-02T07:00:00+00:00,2026-10-02T08:00:00+01:00,Daniil Medvedev,Pablo Carreno Busta,livescorebet,LiveScore Bet,2026-10-01T08:47:32Z,h2h,Daniil Medvedev,1.24,,0.8064516129032259,0.7677902621722846,0.2
2026-10-01T08:47:49.238138+00:00,2026-10-01T09:47:49.238138+01:00,d66f1937da5272c6644a583eaa98d7ce,tennis_atp_china_open,ATP China Open,2026-10-02T07:00:00+00:00,2026-10-02T08:00:00+01:00,Daniil Medvedev,Pablo Carreno Busta,livescorebet,LiveScore Bet,2026-10-01T08:47:32Z,h2h,Pablo Carreno Busta,4.1,,0.24390243902439027,0.23220973782771534,0.2
2026-10-01T08:47:49.238138+00:00,2026-10-01T09:47:49.238138+01:00,d66f1937da5272c6644a583eaa98d7ce,tennis_atp_china_open,ATP China Open,2026-10-02T07:00:00+00:00,2026-10-02T08:00:00+01:00,Daniil Medvedev,Pablo Carreno Busta,virginbet,Virgin Bet,2026-10-01T08:47:31Z,h2h,Daniil Medvedev,1.24,,0.8064516129032259,0.7677902621722846,0.2
2026-10-01T08:47:49.238138+00:00,2026-10-01T09:47:49.238138+01:00,d66f1937da5272c6644a583eaa98d7ce,tennis_atp_china_open,ATP China Open,2026-10-02T07:00:00+00:00,2026-10-02T08:00:00+01:00,Daniil Medvedev,Pablo Carreno Busta,virginbet,Virgin Bet,2026-10-01T08:47:31Z,h2h,Pablo Carreno Busta,4.1,,0.24390243902439027,0.23220973782771534,0.2
2026-10-01T08:47:49.238138+00:00,2026-10-01T09:47:49.238138+01:00,d66f1937da5272c6644a583eaa98d7ce,tennis_atp_china_open,ATP China Open,2026-10-02T07:00:00+00:00,2026-10-02T08:00:00+01:00,Daniil Medvedev,Pablo Carreno Busta,casumo,Casumo,2026-10-01T08:47:45Z,h2h,Daniil Medvedev,1.24,,0.8064516129032259,0.7677902621722846,0.2
2026-10-01T08:47:49.238138+00:00,2026-10-01T09:47:49.238138+01:00,d66f1937da5272c6644a583eaa98d7ce,tennis_atp_china_open,ATP China Open,2026-10-02T07:00:00+00:00,2026-10-02T08:00:00+01:00,Daniil Medvedev,Pablo Carreno Busta,casumo,Casumo,2026-10-01T08:47:45Z,h2h,Pablo Carreno Busta,4.1,,0.24390243902439027,0.23220973782771534,0.2
2026-10-01T08:47:49.238138+00:00,2026-10-01T09:47:49.238138+01:00,d66f1937da5272c6644a583eaa98d7ce,tennis_atp_china_open,ATP China Open,2026-10-02T07:00:00+00:00,2026-10-02T08:00:00+01:00,Daniil Medvedev,Pablo Carreno Busta,casumo,Casumo,2026-10-01T08:47:45Z,spreads,Daniil Medvedev,1.54,-3.5,0.6493506493506493,0.6071428571428571,0.2
2026-10-01T08:47:49.238138+00:00,2026-10-01T09:47:49.238138+01:00,d66f1937da5272c6644a583eaa98d7ce,tennis_atp_china_open,ATP China Open,2026-10-02T07:00:00+00:00,2026-10-02T08:00:00+01:00,Daniil Medvedev,Pablo Carreno Busta,casumo,Casumo,2026-10-01T08:47:45Z,spreads,Pablo Carreno Busta,2.38,3.5,0.42016806722689076,0.39285714285714285,0.2
2026-10-01T08:47:49.238138+00:00,2026-10-01T09:47:49.238138+01:00,d66f1937da5272c6644a583eaa98d7ce,tennis_atp_china_open,ATP China Open,2026-10-02T07:00:00+00:00,2026-10-02T08:00:00+01:00,Daniil Medvedev,Pablo Carreno Busta,casumo,Casumo,2026-10-01T08:47:45Z,totals,Over,1.93,21.5,0.5181347150259068,0.48395721925133695,0.2
2026-10-01T08:47:49.238138+00:00,2026-10-01T09:47:49.238138+01:00,d66f1937da5272c6644a583eaa98d7ce,tennis_atp_china_open,ATP China Open,2026-10-02T07:00:00+00:00,2026-10-02T08:00:00+01:00,Daniil Medvedev,Pablo Carreno Busta,casumo,Casumo,2026-10-01T08:47:45Z,totals,Under,1.81,21.5,0.5524861878453039,0.5160427807486632,0.2
2026-10-01T08:47:49.238138+00:00,2026-10-01T09:47:49.238138+01:00,d66f1937da5272c6644a583eaa98d7ce,tennis_atp_china_open,ATP China Open,2026-10-02T07:00:00+00:00,2026-10-02T08:00:00+01:00,Daniil Medvedev,Pablo Carreno Busta,grosvenor,Grosvenor,2026-10-01T08:47:30Z,h2h,Daniil Medvedev,1.24,,0.8064516129032259,0.7677902621722846,0.2
2026-10-01T08:47:49.238138+00:00,2026-10-01T09:47:49.238138+01:00,d66f1937da5272c6644a583eaa98d7ce,tennis_atp_china_open,ATP China Open,2026-10-02T07:00:00+00:00,2026-10-02T08:00:00+01:00,Daniil Medvedev,Pablo Carreno Busta,grosvenor,Grosvenor,2026-10-01T08:47:30Z,h2h,Pablo Carreno Busta,4.1,,0.24390243902439027,0.23220973782771534,0.2
2026-10-01T08:47:49.238138+00:00,2026-10-01T09:47:49.238138+01:00,d66f1937da5272c6644a583eaa98d7ce,tennis_atp_china_open,ATP China Open,2026-10-02T07:00:00+00:00,2026-10-02T08:00:00+01:00,Daniil Medvedev,Pablo Carreno Busta,grosvenor,Grosvenor,2026-10-01T08:47:30Z,spreads,Daniil Medvedev,1.54,-3.5,0.6493506493506493,0.6071428571428571,0.2
2026-10-01T08:47:49.238138+00:00,2026-10-01T09:47:49.238138+01:00,d66f1937da5272c6644a583eaa98d7ce,tennis_atp_china_open,ATP China Open,2026-10-02T07:00:00+00:00,2026-10-02T08:00:00+01:00,Daniil Medvedev,Pablo Carreno Busta,grosvenor,Grosvenor,2026-10-01T08:47:30Z,spreads,Pablo Carreno Busta,2.38,3.5,0.42016806722689076,0.39285714285714285,0.2
2026-10-01T08:47:49.238138+00:00,2026-10-01T09:47:49.238138+01:00,d66f1937da5272c6644a583eaa98d7ce,tennis_atp_china_open,ATP China Open,2026-10-02T07:00:00+00:00,2026-10-02T08:00:00+01:00,Daniil Medvedev,Pablo Carreno Busta,grosvenor,Grosvenor,2026-10-01T08:47:30Z,totals,Over,1.93,21.5,0.5181347150259068,0.48395721925133695,0.2
2026-10-01T08:47:49.238138+00:00,2026-10-01T09:47:49.238138+01:00,d66f1937da5272c6644a583eaa98d7ce,tennis_atp_china_open,ATP China Open,2026-10-02T07:00:00+00:00,2026-10-02T08:00:00+01:00,Daniil Medvedev,Pablo Carreno Busta,grosvenor,Grosvenor,2026-10-01T08:47:30Z,totals,Under,1.81,21.5,0.5524861878453039,0.5160427807486632,0.2
2026-10-01T08:47:49.238138+00:00,2026-10-01T09:47:49.238138+01:00,d66f1937da5272c6644a583eaa98d7ce,tennis_atp_china_open,ATP China Open,2026-10-02T07:00:00+00:00,2026-10-02T08:00:00+01:00,Daniil Medvedev,Pablo Carreno Busta,williamhill,William Hill,2026-10-01T08:47:31Z,h2h,Daniil Medvedev,1.25,,0.8,0.7619047619047619,0.2
2026-10-01T08:47:49.238138+00:00,2026-10-01T09:47:49.238138+01:00,d66f1937da5272c6644a583eaa98d7ce,tennis_atp_china_open,ATP China Open,2026-10-02T07:00:00+00:00,2026-10-02T08:00:00+01:00,Daniil Medvedev,Pablo Carreno Busta,williamhill,William Hill,2026-10-01T08:47:31Z,h2h,Pablo Carreno Busta,4.0,,0.25,0.23809523809523808,0.2
2026-10-01T08:47:49.238138+00:00,2026-10-01T09:47:49.238138+01:00,d66f1937da5272c6644a583eaa98d7ce,tennis_atp_china_open,ATP China Open,2026-10-02T07:00:00+00:00,2026-10-02T08:00:00+01:00,Daniil Medvedev,Pablo Carreno Busta,boylesports,BoyleSports,2026-10-01T08:47:47Z,h2h,Daniil Medvedev,1.22,,0.819672131147541,0.7749077490774907,0.2
2026-10-01T08:47:49.238138+00:00,2026-10-01T09:47:49.238138+01:00,d66f1937da5272c6644a583eaa98d7ce,tennis_atp_china_open,ATP China Open,2026-10-02T07:00:00+00:00,2026-10-02T08:00:00+01:00,Daniil Medvedev,Pablo Carreno Busta,boylesports,BoyleSports,2026-10-01T08:47:47Z,h2h,Pablo Carreno Busta,4.2,,0.23809523809523808,0.2250922509225092,0.2
2026-10-01T08:47:49.238138+00:00,2026-10-01T09:47:49.238138+01:00,d66f1937da5272c6644a583eaa98d7ce,tennis_atp_china_open,ATP China Open,2026-10-02T07:00:00+00:00,2026-10-02T08:00:00+01:00,Daniil Medvedev,Pablo Carreno Busta,betfair_ex_uk,Betfair,2026-10-01T08:47:47Z,h2h,Daniil Medvedev,1.25,,0.8,0.7899159663865546,0.2
2026-10-01T08:47:49.238138+00:00,2026-10-01T09:47:49.238138+01:00,d66f1937da5272c6644a583eaa98d7ce,tennis_atp_china_open,ATP China Open,2026-10-02T07:00:00+00:00,2026-10-02T08:00:00+01:00,Daniil Medvedev,Pablo Carreno Busta,betfair_ex_uk,Betfair,2026-10-01T08:47:47Z,h2h,Pablo Carreno Busta,4.7,,0.2127659574468085,0.21008403361344535,0.2
2026-10-01T08:47:49.238138+00:00,2026-10-01T09:47:49.238138+01:00,d66f1937da5272c6644a583eaa98d7ce,tennis_atp_china_open,ATP China Open,2026-10-02T07:00:00+00:00,2026-10-02T08:00:00+01:00,Daniil Medvedev,Pablo Carreno Busta,betfair_ex_uk,Betfair,2026-10-01T08:47:47Z,h2h_lay,Daniil Medvedev,1.27,,0.7874015748031495,1.0,0.2
2026-10-01T08:47:49.238138+00:00,2026-10-01T09:47:49.238138+01:00,d66f1937da5272c6644a583eaa98d7ce,tennis_atp_china_open,ATP China Open,2026-10-02T07:00:00+00:00,2026-10-02T08:00:00+01:00,Daniil Medvedev,Pablo Carreno Busta,betfair_ex_uk,Betfair,2026-10-01T08:47:47Z,h2h_lay,Pablo Carreno Busta,4.9,,0.2040816326530612,1.0,0.2
2026-10-01T08:47:49.238138+00:00,2026-10-01T09:47:49.238138+01:00,d66f1937da5272c6644a583eaa98d7ce,tennis_atp_china_open,ATP China Open,2026-10-02T07:00:00+00:00,2026-10-02T08:00:00+01:00,Daniil Medvedev,Pablo Carreno Busta,skybet,Sky Bet,2026-10-01T08:47:45Z,h2h,Daniil Medvedev,1.2,,0.8333333333333334,0.7692307692307692,0.2
2026-10-01T08:47:49.238138+00:00,2026-10-01T09:47:49.238138+01:00,d66f1937da5272c6644a583eaa98d7ce,tennis_atp_china_open,ATP China Open,2026-10-02T07:00:00+00:00,2026-10-02T08:00:00+01:00,Daniil Medvedev,Pablo Carreno Busta,skybet,Sky Bet,2026-10-01T08:47:45Z,h2h,Pablo Carreno Busta,4.0,,0.25,0.23076923076923073,0.2
2026-10-01T08:47:49.238138+00:00,2026-10-01T09:47:49.238138+01:00,d66f1937da5272c6644a583eaa98d7ce,tennis_atp_china_open,ATP China Open,2026-10-02T07:00:00+00:00,2026-10-02T08:00:00+01:00,Daniil Medvedev,Pablo Carreno Busta,betway,Betway,2026-10-01T08:47:47Z,h2h,Daniil Medvedev,1.25,,0.8,0.7619047619047619,0.2
2026-10-01T08:47:49.238138+00:00,2026-10-01T09:47:49.238138+01:00,d66f1937da5272c6644a583eaa98d7ce,tennis_atp_china_open,ATP China Open,2026-10-02T07:00:00+00:00,2026-10-02T08:00:00+01:00,Daniil Medvedev,Pablo Carreno Busta,betway,Betway,2026-10-01T08:47:47Z,h2h,Pablo Carreno Busta,4.0,,0.25,0.23809523809523808,0.2
2026-10-01T08:47:49.238138+00:00,2026-10-01T09:47:49.238138+01:00,d66f1937da5272c6644a583eaa98d7ce,tennis_atp_china_open,ATP China Open,2026-10-02T07:00:00+00:00,2026-10-02T08:00:00+01:00,Daniil Medvedev,Pablo Carreno Busta,matchbook,Matchbook,2026-10-01T08:47:45Z,h2h,Daniil Medvedev,1.25,,0.8,0.7899159663865546,0.2
2026-10-01T08:47:49.238138+00:00,2026-10-01T09:47:49.238138+01:00,d66f1937da5272c6644a583eaa98d7ce,tennis_atp_china_open,ATP China Open,2026-10-02T07:00:00+00:00,2026-10-02T08:00:00+01:00,Daniil Medvedev,Pablo Carreno Busta,matchbook,Matchbook,2026-10-01T08:47:45Z,h2h,Pablo Carreno Busta,4.7,,0.2127659574468085,0.21008403361344535,0.2
2026-10-01T08:47:49.238138+00:00,2026-10-01T09:47:49.238138+01:00,d66f1937da5272c6644a583eaa98d7ce,tennis_atp_china_open,ATP China Open,2026-10-02T07:00:00+00:00,2026-10-02T08:00:00+01:00,Daniil Medvedev,Pablo Carreno Busta,matchbook,Matchbook,2026-10-01T08:47:45Z,h2h_lay,Daniil Medvedev,1.27,,0.7874015748031495,1.0,0.2
2026-10-01T08:47:49.238138+00:00,2026-10-01T09:47:49.238138+01:00,d66f1937da5272c6644a583eaa98d7ce,tennis_atp_china_open,ATP China Open,2026-10-02T07:00:00+00:00,2026-10-02T08:00:00+01:00,Daniil Medvedev,Pablo Carreno Busta,matchbook,Matchbook,2026-10-01T08:47:45Z,h2h_lay,Pablo Carreno Busta,4.9,,0.2040816326530612,1.0,0.2
2026-10-01T08:47:49.238138+00:00,2026-10-01T09:47:49.238138+01:00,d66f1937da5272c6644a583eaa98d7ce,tennis_atp_china_open,ATP China Open,2026-10-02T07:00:00+00:00,2026-10-02T08:00:00+01:00,Daniil Medvedev,Pablo Carreno Busta,matchbook,Matchbook,2026-10-01T08:47:45Z,spreads,Daniil Medvedev,2.02,-4.5,0.49504950495049505,0.4766839378238342,0.2
2026-10-01T08:47:49.238138+00:00,2026-10-01T09:47:49.238138+01:00,d66f1937da5272c6644a583eaa98d7ce,tennis_atp_china_open,ATP China Open,2026-10-02T07:00:00+00:00,2026-10-02T08:00:00+01:00,Daniil Medvedev,Pablo Carreno Busta,matchbook,Matchbook,2026-10-01T08:47:45Z,spreads,Pablo Carreno Busta,1.84,4.5,0.5434782608695652,0.5233160621761658,0.2
2026-10-01T08:47:49.238138+00:00,2026-10-01T09:47:49.238138+01:00,d66f1937da5272c6644a583eaa98d7ce,tennis_atp_china_open,ATP China Open,2026-10-02T07:00:00+00:00,2026-10-02T08:00:00+01:00,Daniil Medvedev,Pablo Carreno Busta,matchbook,Matchbook,2026-10-01T08:47:45Z,totals,Over,1.87,21.0,0.53475935828877,0.5130208333333333,0.2
2026-10-01T08:47:49.238138+00:00,2026-10-01T09:47:49.238138+01:00,d66f1937da5272c6644a583eaa98d7ce,tennis_atp_china_open,ATP China Open,2026-10-02T07:00:00+00:00,2026-10-02T08:00:00+01:00,Daniil Medvedev,Pablo Carreno Busta,matchbook,Matchbook,2026-10-01T08:47:45Z,totals,Under,1.97,21.0,0.5076142131979695,0.4869791666666667,0.2
2026-10-01T08:47:49.238138+00:00,2026-10-01T09:47:49.238138+01:00,d66f1937da5272c6644a583eaa98d7ce,tennis_atp_china_open,ATP China Open,2026-10-02T07:00:00+00:00,2026-10-02T08:00:00+01:00,Daniil Medvedev,Pablo Carreno Busta,ladbrokes_uk,Ladbrokes,2026-10-01T08:47:31Z,h2h,Daniil Medvedev,1.22,,0.819672131147541,0.7662835249042146,0.2
2026-10-01T08:47:49.238138+00:00,2026-10-01T09:47:49.238138+01:00,d66f1937da5272c6644a583eaa98d7ce,tennis_atp_china_open,ATP China Open,2026-10-02T07:00:00+00:00,2026-10-02T08:00:00+01:00,Daniil Medvedev,Pablo Carreno Busta,ladbrokes_uk,Ladbrokes,2026-10-01T08:47:31Z,h2h,Pablo Carreno Busta,4.0,,0.25,0.23371647509578544,0.2
2026-10-01T08:47:49.238138+00:00,2026-10-01T09:47:49.238138+01:00,d66f1937da5272c6644a583eaa98d7ce,tennis_atp_china_open,ATP China Open,2026-10-02T07:00:00+00:00,2026-10-02T08:00:00+01:00,Daniil Medvedev,Pablo Carreno Busta,ladbrokes_uk,Ladbrokes,2026-10-01T08:47:31Z,spreads,Daniil Medvedev,1.95,-4.5,0.5128205128205129,0.48,0.2
2026-10-01T08:47:49.238138+00:00,2026-10-01T09:47:49.238138+01:00,d66f1937da5272c6644a583eaa98d7ce,tennis_atp_china_open,ATP China Open,2026-10-02T07:00:00+00:00,2026-10-02T08:00:00+01:00,Daniil Medvedev,Pablo Carreno Busta,ladbrokes_uk,Ladbrokes,2026-10-01T08:47:31Z,spreads,Pablo Carreno Busta,1.8,4.5,0.5555555555555556,0.5199999999999999,0.2
2026-10-01T08:47:49.238138+00:00,2026-10-01T09:47:49.238138+01:00,d66f1937da5272c6644a583eaa98d7ce,tennis_atp_china_open,ATP China Open,2026-10-02T07:00:00+00:00,2026-10-02T08:00:00+01:00,Daniil Medvedev,Pablo Carreno Busta,ladbrokes_uk,Ladbrokes,2026-10-01T08:47:31Z,totals,Over,1.91,21.5,0.5235602094240838,0.4851752021563342,0.2
2026-10-01T08:47:49.238138+00:00,2026-10-01T09:47:49.238138+01:00,d66f1937da5272c6644a583eaa98d7ce,tennis_atp_china_open,ATP China Open,2026-10-02T07:00:00+00:00,2026-10-02T08:00:00+01:00,Daniil Medvedev,Pablo Carreno Busta,ladbrokes_uk,Ladbrokes,2026-10-01T08:47:31Z,totals,Under,1.8,21.5,0.5555555555555556,0.5148247978436657,0.2
2026-10-01T08:47:49.238138+00:00,2026-10-01T09:47:49.238138+01:00,d66f1937da5272c6644a583eaa98d7ce,tennis_atp_china_open,ATP China Open,2026-10-02T07:00:00+00:00,2026-10-02T08:00:00+01:00,Daniil Medvedev,Pablo Carreno Busta,coral,Coral,2026-10-01T08:47:31Z,h2h,Daniil Medvedev,1.22,,0.819672131147541,0.7662835249042146,0.2
2026-10-01T08:47:49.238138+00:00,2026-10-01T09:47:49.238138+01:00,d66f1937da5272c6644a583eaa98d7ce,tennis_atp_china_open,ATP China Open,2026-10-02T07:00:00+00:00,2026-10-02T08:00:00+01:00,Daniil Medvedev,Pablo Carreno Busta,coral,Coral,2026-10-01T08:47:31Z,h2h,Pablo Carreno Busta,4.0,,0.25,0.23371647509578544,0.2
2026-10-01T08:47:49.238138+00:00,2026-10-01T09:47:49.238138+01:00,d66f1937da5272c6644a583eaa98d7ce,tennis_atp_china_open,ATP China Open,2026-10-02T07:00:00+00:00,2026-10-02T08:00:00+01:00,Daniil Medvedev,Pablo Carreno Busta,coral,Coral,2026-10-01T08:47:31Z,spreads,Daniil Medvedev,1.95,-4.5,0.5128205128205129,0.48,0.2
2026-10-01T08:47:49.238138+00:00,2026-10-01T09:47:49.238138+01:00,d66f1937da5272c6644a583eaa98d7ce,tennis_atp_china_open,ATP China Open,2026-10-02T07:00:00+00:00,2026-10-02T08:00:00+01:00,Daniil Medvedev,Pablo Carreno Busta,coral,Coral,2026-10-01T08:47:31Z,spreads,Pablo Carreno Busta,1.8,4.5,0.5555555555555556,0.5199999999999999,0.2
2026-10-01T08:47:49.238138+00:00,2026-10-01T09:47:49.238138+01:00,d66f1937da5272c6644a583eaa98d7ce,tennis_atp_china_open,ATP China Open,2026-10-02T07:00:00+00:00,2026-10-02T08:00:00+01:00,Daniil Medvedev,Pablo Carreno Busta,coral,Coral,2026-10-01T08:47:31Z,totals,Over,1.91,21.5,0.5235602094240838,0.4851752021563342,0.2
2026-10-01T08:47:49.238138+00:00,2026-10-01T09:47:49.238138+01:00,d66f1937da5272c6644a583eaa98d7ce,tennis_atp_china_open,ATP China Open,2026-10-02T07:00:00+00:00,2026-10-02T08:00:00+01:00,Daniil Medvedev,Pablo Carreno Busta,coral,Coral,2026-10-01T08:47:31Z,totals,Under,1.8,21.5,0.5555555555555556,0.5148247978436657,0.2
2026-10-01T08:47:49.238138+00:00,2026-10-01T09:47:49.238138+01:00,7583f2e5f52107921d6e38a7c1961dab,basketball_euroleague,Basketball Euroleague,2026-10-01T16:00:00+00:00,2026-10-01T17:00:00+01:00,Hapoel Tel Aviv,Real Madrid,unibet_uk,Unibet (UK),2026-10-01T08:47:27Z,h2h,Hapoel Tel Aviv,2.14,,0.4672897196261682,0.4470284237726098,0.2
2026-10-01T08:47:49.238138+00:00,2026-10-01T09:47:49.238138+01:00,7583f2e5f52107921d6e38a7c1961dab,basketball_euroleague,Basketball Euroleague,2026-10-01T16:00:00+00:00,2026-10-01T17:00:00+01:00,Hapoel Tel Aviv,Real Madrid,unibet_uk,Unibet (UK),2026-10-01T08:47:27Z,h2h,Real Madrid,1.73,,0.5780346820809249,0.5529715762273902,0.2
2026-10-01T08:47:49.238138+00:00,2026-10-01T09:47:49.238138+01:00,7583f2e5f52107921d6e38a7c1961dab,basketball_euroleague,Basketball Euroleague,2026-10-01T16:00:00+00:00,2026-10-01T17:00:00+01:00,Hapoel Tel Aviv,Real Madrid,paddypower,Paddy Power,2026-10-01T08:46:23Z,h2h,Hapoel Tel Aviv,2.1,,0.47619047619047616,0.44297082228116713,0.2
2026-10-01T08:47:49.238138+00:00,2026-10-01T09:47:49.238138+01:00,7583f2e5f52107921d6e38a7c1961dab,basketball_euroleague,Basketball Euroleague,2026-10-01T16:00:00+00:00,2026-10-01T17:00:00+01:00,Hapoel Tel Aviv,Real Madrid,paddypower,Paddy Power,2026-10-01T08:46:23Z,h2h,Real Madrid,1.67,,0.5988023952095809,0.557029177718833,0.2
2026-10-01T08:47:49.238138+00:00,2026-10-01T09:47:49.238138+01:00,7583f2e5f52107921d6e38a7c1961dab,basketball_euroleague,Basketball Euroleague,2026-10-01T16:00:00+00:00,2026-10-01T17:00:00+01:00,Hapoel Tel Aviv,Real Madrid,boylesports,BoyleSports,2026-10-01T08:46:52Z,h2h,Hapoel Tel Aviv,2.1,,0.47619047619047616,0.44297082228116713,0.2
2026-10-01T08:47:49.238138+00:00,2026-10-01T09:47:49.238138+01:00,7583f2e5f52107921d6e38a7c1961dab,basketball_euroleague,Basketball Euroleague,2026-10-01T16:00:00+00:00,2026-10-01T17:00:00+01:00,Hapoel Tel Aviv,Real Madrid,boylesports,BoyleSports,2026-10-01T08:46:52Z,h2h,Real Madrid,1.67,,0.5988023952095809,0.557029177718833,0.2
2026-10-01T08:47:49.238138+00:00,2026-10-01T09:47:49.238138+01:00,7583f2e5f52107921d6e38a7c1961dab,basketball_euroleague,Basketball Euroleague,2026-10-01T16:00:00+00:00,2026-10-01T17:00:00+01:00,Hapoel Tel Aviv,Real Madrid,betfair_ex_uk,Betfair,2026-10-01T08:47:42Z,h2h,Hapoel Tel Aviv,2.3,,0.4347826086956522,0.43209876543209885,0.2
2026-10-01T08:47:49.238138+00:00,2026-10-01T09:47:49.238138+01:00,7583f2e5f52107921d6e38a7c1961dab,basketball_euroleague,Basketball Euroleague,2026-10-01T16:00:00+00:00,2026-10-01T17:00:00+01:00,Hapoel Tel Aviv,Real Madrid,betfair_ex_uk,Betfair,2026-10-01T08:47:42Z,h2h,Real Madrid,1.75,,0.5714285714285714,0.5679012345679013,0.2
2026-10-01T08:47:49.238138+00:00,2026-10-01T09:47:49.238138+01:00,7583f2e5f52107921d6e38a7c1961dab,basketball_euroleague,Basketball Euroleague,2026-10-01T16:00:00+00:00,2026-10-01T17:00:00+01:00,Hapoel Tel Aviv,Real Madrid,betfair_ex_uk,Betfair,2026-10-01T08:47:42Z,h2h_lay,Hapoel Tel Aviv,2.34,,0.4273504273504274,1.0,0.2
2026-10-01T08:47:49.238138+00:00,2026-10-01T09:47:49.238138+01:00,7583f2e5f52107921d6e38a7c1961dab,basketball_euroleague,Basketball Euroleague,2026-10-01T16:00:00+00:00,2026-10-01T17:00:00+01:00,Hapoel Tel Aviv,Real Madrid,betfair_ex_uk,Betfair,2026-10-01T08:47:42Z,h2h_lay,Real Madrid,1.77,,0.5649717514124294,1.0,0.2
2026-10-01T08:47:49.238138+00:00,2026-10-01T09:47:49.238138+01:00,7583f2e5f52107921d6e38a7c1961dab,basketball_euroleague,Basketball Euroleague,2026-10-01T16:00:00+00:00,2026-10-01T17:00:00+01:00,Hapoel Tel Aviv,Real Madrid,sport888,888sport,2026-10-01T08:47:07Z,h2h,Hapoel Tel Aviv,2.0,,0.5,0.47368421052631576,0.2
2026-10-01T08:47:49.238138+00:00,2026-10-01T09:47:49.238138+01:00,7583f2e5f52107921d6e38a7c1961dab,basketball_euroleague,Basketball Euroleague,2026-10-01T16:00:00+00:00,2026-10-01T17:00:00+01:00,Hapoel Tel Aviv,Real Madrid,sport888,888sport,2026-10-01T08:47:07Z,h2h,Real Madrid,1.8,,0.5555555555555556,0.5263157894736842,0.2
2026-10-01T08:47:49.238138+00:00,2026-10-01T09:47:49.238138+01:00,7583f2e5f52107921d6e38a7c1961dab,basketball_euroleague,Basketball Euroleague,2026-10-01T16:00:00+00:00,2026-10-01T17:00:00+01:00,Hapoel Tel Aviv,Real Madrid,smarkets,Smarkets,2026-10-01T08:47:43Z,h2h,Hapoel Tel Aviv,2.28,,0.4385964912280702,0.4328358208955224,0.2
2026-10-01T08:47:49.238138+00:00,2026-10-01T09:47:49.238138+01:00,7583f2e5f52107921d6e38a7c1961dab,basketball_euroleague,Basketball Euroleague,2026-10-01T16:00:00+00:00,2026-10-01T17:00:00+01:00,Hapoel Tel Aviv,Real Madrid,smarkets,Smarkets,2026-10-01T08:47:43Z,h2h,Real Madrid,1.74,,0.5747126436781609,0.5671641791044776,0.2
2026-10-01T08:47:49.238138+00:00,2026-10-01T09:47:49.238138+01:00,7583f2e5f52107921d6e38a7c1961dab,basketball_euroleague,Basketball Euroleague,2026-10-01T16:00:00+00:00,2026-10-01T17:00:00+01:00,Hapoel Tel Aviv,Real Madrid,smarkets,Smarkets,2026-10-01T08:47:43Z,h2h_lay,Hapoel Tel Aviv,2.36,,0.42372881355932207,1.0,0.2
2026-10-01T08:47:49.238138+00:00,2026-10-01T09:47:49.238138+01:00,7583f2e5f52107921d6e38a7c1961dab,basketball_euroleague,Basketball Euroleague,2026-10-01T16:00:00+00:00,2026-10-01T17:00:00+01:00,Hapoel Tel Aviv,Real Madrid,smarkets,Smarkets,2026-10-01T08:47:43Z,h2h_lay,Real Madrid,1.79,,0.5586592178770949,1.0,0.2
2026-10-01T08:47:49.238138+00:00,2026-10-01T09:47:49.238138+01:00,7583f2e5f52107921d6e38a7c1961dab,basketball_euroleague,Basketball Euroleague,2026-10-01T16:00:00+00:00,2026-10-01T17:00:00+01:00,Hapoel Tel Aviv,Real Madrid,betway,Betway,2026-10-01T08:47:26Z,h2h,Hapoel Tel Aviv,2.2,,0.45454545454545453,0.4358974358974359,0.2
2026-10-01T08:47:49.238138+00:00,2026-10-01T09:47:49.238138+01:00,7583f2e5f52107921d6e38a7c1961dab,basketball_euroleague,Basketball Euroleague,2026-10-01T16:00:00+00:00,2026-10-01T17:00:00+01:00,Hapoel Tel Aviv,Real Madrid,betway,Betway,2026-10-01T08:47:26Z,h2h,Real Madrid,1.7,,0.5882352941176471,0.5641025641025641,0.2
2026-10-01T08:47:49.238138+00:00,2026-10-01T09:47:49.238138+01:00,7583f2e5f52107921d6e38a7c1961dab,basketball_euroleague,Basketball Euroleague,2026-10-01T16:00:00+00:00,2026-10-01T17:00:00+01:00,Hapoel Tel Aviv,Real Madrid,coral,Coral,2026-10-01T08:46:51Z,h2h,Hapoel Tel Aviv,2.0,,0.5,0.45945945945945943,0.2
2026-10-01T08:47:49.238138+00:00,2026-10-01T09:47:49.238138+01:00,7583f2e5f52107921d6e38a7c1961dab,basketball_euroleague,Basketball Euroleague,2026-10-01T16:00:00+00:00,2026-10-01T17:00:00+01:00,Hapoel Tel Aviv,Real Madrid,coral,Coral,2026-10-01T08:46:51Z,h2h,Real Madrid,1.7,,0.5882352941176471,0.5405405405405405,0.2
2026-10-01T08:47:49.238138+00:00,2026-10-01T09:47:49.238138+01:00,7583f2e5f52107921d6e38a7c1961dab,basketball_euroleague,Basketball Euroleague,2026-10-01T16:00:00+00:00,2026-10-01T17:00:00+01:00,Hapoel Tel Aviv,Real Madrid,ladbrokes_uk,Ladbrokes,2026-10-01T08:47:08Z,h2h,Hapoel Tel Aviv,2.15,,0.46511627906976744,0.41842772612003376,0.2
2026-10-01T08:47:49.238138+00:00,2026-10-01T09:47:49.238138+01:00,7583f2e5f52107921d6e38a7c1961dab,basketball_euroleague,Basketball Euroleague,2026-10-01T16:00:00+00:00,2026-10-01T17:00:00+01:00,Hapoel Tel Aviv,Real Madrid,ladbrokes_uk,Ladbrokes,2026-10-01T08:47:08Z,h2h,Real Madrid,1.8,,0.5555555555555556,0.4997886728655959,0.2
2026-10-01T08:47:49.238138+00:00,2026-10-01T09:47:49.238138+01:00,7583f2e5f52107921d6e38a7c1961dab,basketball_euroleague,Basketball Euroleague,2026-10-01T16:00:00+00:00,2026-10-01T17:00:00+01:00,Hapoel Tel Aviv,Real Madrid,ladbrokes_uk,Ladbrokes,2026-10-01T08:47:08Z,h2h,Draw,11.0,,0.09090909090909091,0.08178360101437024,0.2
2026-10-01T08:47:49.238138+00:00,2026-10-01T09:47:49.238138+01:00,7583f2e5f52107921d6e38a7c1961dab,basketball_euroleague,Basketball Euroleague,2026-10-01T16:00:00+00:00,2026-10-01T17:00:00+01:00,Hapoel Tel Aviv,Real Madrid,livescorebet,LiveScore Bet,2026-10-01T08:47:25Z,h2h,Hapoel Tel Aviv,2.18,,0.4587155963302752,0.4352331606217616,0.2
2026-10-01T08:47:49.238138+00:00,2026-10-01T09:47:49.238138+01:00,7583f2e5f52107921d6e38a7c1961dab,basketball_euroleague,Basketball Euroleague,2026-10-01T16:00:00+00:00,2026-10-01T17:00:00+01:00,Hapoel Tel Aviv,Real Madrid,livescorebet,LiveScore Bet,2026-10-01T08:47:25Z,h2h,Real Madrid,1.68,,0.5952380952380952,0.5647668393782384,0.2
2026-10-01T08:47:49.238138+00:00,2026-10-01T09:47:49.238138+01:00,7583f2e5f52107921d6e38a7c1961dab,basketball_euroleague,Basketball Euroleague,2026-10-01T16:00:00+00:00,2026-10-01T17:00:00+01:00,Hapoel Tel Aviv,Real Madrid,matchbook,Matchbook,2026-10-01T08:47:42Z,h2h,Hapoel Tel Aviv,2.22,,0.4504504504504504,0.4365482233502538,0.2
2026-10-01T08:47:49.238138+00:00,2026-10-01T09:47:49.238138+01:00,7583f2e5f52107921d6e38a7c1961dab,basketball_euroleague,Basketball Euroleague,2026-10-01T16:00:00+00:00,2026-10-01T17:00:00+01:00,Hapoel Tel Aviv,Real Madrid,matchbook,Matchbook,2026-10-01T08:47:42Z,h2h,Real Madrid,1.72,,0.5813953488372093,0.5634517766497462,0.2
2026-10-01T08:47:49.238138+00:00,2026-10-01T09:47:49.238138+01:00,7583f2e5f52107921d6e38a7c1961dab,basketball_euroleague,Basketball Euroleague,2026-10-01T16:00:00+00:00,2026-10-01T17:00:00+01:00,Hapoel Tel Aviv,Real Madrid,matchbook,Matchbook,2026-10-01T08:47:42Z,h2h_lay,Hapoel Tel Aviv,2.4,,0.4166666666666667,1.0,0.2
2026-10-01T08:47:49.238138+00:00,2026-10-01T09:47:49.238138+01:00,7583f2e5f52107921d6e38a7c1961dab,basketball_euroleague,Basketball Euroleague,2026-10-01T16:00:00+00:00,2026-10-01T17:00:00+01:00,Hapoel Tel Aviv,Real Madrid,matchbook,Matchbook,2026-10-01T08:47:42Z,h2h_lay,Real Madrid,1.82,,0.5494505494505494,1.0,0.2
2026-10-01T08:47:49.238138+00:00,2026-10-01T09:47:49.238138+01:00,392a93eaf1ea0b908993ca97f7805539,basketball_euroleague,Basketball Euroleague,2026-10-01T18:00:00+00:00,2026-10-01T19:00:00+01:00,KK Crvena zvezda,Anadolu Efes,smarkets,Smarkets,2026-10-01T08:47:43Z,h2h,Anadolu Efes,2.24,,0.4464285714285714,0.4371859296482412,0.2
2026-10-01T08:47:49.238138+00:00,2026-10-01T09:47:49.238138+01:00,392a93eaf1ea0b908993ca97f7805539,basketball_euroleague,Basketball Euroleague,2026-10-01T18:00:00+00:00,2026-10-01T19:00:00+01:00,KK Crvena zvezda,Anadolu Efes,smarkets,Smarkets,2026-10-01T08:47:43Z,h2h,KK Crvena zvezda,1.74,,0.5747126436781609,0.5628140703517588,0.2
2026-10-01T08:47:49.238138+00:00,2026-10-01T09:47:49.238138+01:00,392a93eaf1ea0b908993ca97f7805539,basketball_euroleague,Basketball Euroleague,2026-10-01T18:00:00+00:00,2026-10-01T19:00:00+01:00,KK Crvena zvezda,Anadolu Efes,smarkets,Smarkets,2026-10-01T08:47:43Z,h2h_lay,Anadolu Efes,2.36,,0.42372881355932207,1.0,0.2
2026-10-01T08:47:49.238138+00:00,2026-10-01T09:47:49.238138+01:00,392a93eaf1ea0b908993ca97f7805539,basketball_euroleague,Basketball Euroleague,2026-10-01T18:00:00+00:00,2026-10-01T19:00:00+01:00,KK Crvena zvezda,Anadolu Efes,smarkets,Smarkets,2026-10-01T08:47:43Z,h2h_lay,KK Crvena zvezda,1.8,,0.5555555555555556,1.0,0.2
2026-10-01T08:47:49.238138+00:00,2026-10-01T09:47:49.238138+01:00,392a93eaf1ea0b908993ca97f7805539,basketball_euroleague,Basketball Euroleague,2026-10-01T18:00:00+00:00,2026-10-01T19:00:00+01:00,KK Crvena zvezda,Anadolu Efes,sport888,888sport,2026-10-01T08:47:07Z,h2h,Anadolu Efes,2.38,,0.42016806722689076,0.39746835443037976,0.2
2026-10-01T08:47:49.238138+00:00,2026-10-01T09:47:49.238138+01:00,392a93eaf1ea0b908993ca97f7805539,basketball_euroleague,Basketball Euroleague,2026-10-01T18:00:00+00:00,2026-10-01T19:00:00+01:00,KK Crvena zvezda,Anadolu Efes,sport888,888sport,2026-10-01T08:47:07Z,h2h,KK Crvena zvezda,1.57,,0.6369426751592356,0.6025316455696202,0.2
2026-10-01T08:47:49.238138+00:00,2026-10-01T09:47:49.238138+01:00,392a93eaf1ea0b908993ca97f7805539,basketball_euroleague,Basketball Euroleague,2026-10-01T18:00:00+00:00,2026-10-01T19:00:00+01:00,KK Crvena zvezda,Anadolu Efes,unibet_uk,Unibet (UK),2026-10-01T08:47:27Z,h2h,Anadolu Efes,2.14,,0.4672897196261682,0.4470284237726098,0.2
2026-10-01T08:47:49.238138+00:00,2026-10-01T09:47:49.238138+01:00,392a93eaf1ea0b908993ca97f7805539,basketball_euroleague,Basketball Euroleague,2026-10-01T18:00:00+00:00,2026-10-01T19:00:00+01:00,KK Crvena zvezda,Anadolu Efes,unibet_uk,Unibet (UK),2026-10-01T08:47:27Z,h2h,KK Crvena zvezda,1.73,,0.5780346820809249,0.5529715762273902,0.2
2026-10-01T08:47:49.238138+00:00,2026-10-01T09:47:49.238138+01:00,392a93eaf1ea0b908993ca97f7805539,basketball_euroleague,Basketball Euroleague,2026-10-01T18:00:00+00:00,2026-10-01T19:00:00+01:00,KK Crvena zvezda,Anadolu Efes,boylesports,BoyleSports,2026-10-01T08:46:52Z,h2h,Anadolu Efes,2.1,,0.47619047619047616,0.4516971279373368,0.2
2026-10-01T08:47:49.238138+00:00,2026-10-01T09:47:49.238138+01:00,392a93eaf1ea0b908993ca97f7805539,basketball_euroleague,Basketball Euroleague,2026-10-01T18:00:00+00:00,2026-10-01T19:00:00+01:00,KK Crvena zvezda,Anadolu Efes,boylesports,BoyleSports,2026-10-01T08:46:52Z,h2h,KK Crvena zvezda,1.73,,0.5780346820809249,0.5483028720626633,0.2
2026-10-01T08:47:49.238138+00:00,2026-10-01T09:47:49.238138+01:00,392a93eaf1ea0b908993ca97f7805539,basketball_euroleague,Basketball Euroleague,2026-10-01T18:00:00+00:00,2026-10-01T19:00:00+01:00,KK Crvena zvezda,Anadolu Efes,paddypower,Paddy Power,2026-10-01T08:46:23Z,h2h,Anadolu Efes,2.1,,0.47619047619047616,0.44297082228116713,0.2
2026-10-01T08:47:49.238138+00:00,2026-10-01T09:47:49.238138+01:00,392a93eaf1ea0b908993ca97f7805539,basketball_euroleague,Basketball Euroleague,2026-10-01T18:00:00+00:00,2026-10-01T19:00:00+01:00,KK Crvena zvezda,Anadolu Efes,paddypower,Paddy Power,2026-10-01T08:46:23Z,h2h,KK Crvena zvezda,1.67,,0.5988023952095809,0.557029177718833,0.2
2026-10-01T08:47:49.238138+00:00,2026-10-01T09:47:49.238138+01:00,392a93eaf1ea0b908993ca97f7805539,basketball_euroleague,Basketball Euroleague,2026-10-01T18:00:00+00:00,2026-10-01T19:00:00+01:00,KK Crvena zvezda,Anadolu Efes,betway,Betway,2026-10-01T08:47:26Z,h2h,Anadolu Efes,2.2,,0.45454545454545453,0.4358974358974359,0.2
2026-10-01T08:47:49.238138+00:00,2026-10-01T09:47:49.238138+01:00,392a93eaf1ea0b908993ca97f7805539,basketball_euroleague,Basketball Euroleague,2026-10-01T18:00:00+00:00,2026-10-01T19:00:00+01:00,KK Crvena zvezda,Anadolu Efes,betway,Betway,2026-10-01T08:47:26Z,h2h,KK Crvena zvezda,1.7,,0.5882352941176471,0.5641025641025641,0.2
2026-10-01T08:47:49.238138+00:00,2026-10-01T09:47:49.238138+01:00,392a93eaf1ea0b908993ca97f7805539,basketball_euroleague,Basketball Euroleague,2026-10-01T18:00:00+00:00,2026-10-01T19:00:00+01:00,KK Crvena zvezda,Anadolu Efes,coral,Coral,2026-10-01T08:46:51Z,h2h,Anadolu Efes,2.15,,0.46511627906976744,0.4266666666666667,0.2
2026-10-01T08:47:49.238138+00:00,2026-10-01T09:47:49.238138+01:00,392a93eaf1ea0b908993ca97f7805539,basketball_euroleague,Basketball Euroleague,2026-10-01T18:00:00+00:00,2026-10-01T19:00:00+01:00,KK Crvena zvezda,Anadolu Efes,coral,Coral,2026-10-01T08:46:51Z,h2h,KK Crvena zvezda,1.6,,0.625,0.5733333333333334,0.2
2026-10-01T08:47:49.238138+00:00,2026-10-01T09:47:49.238138+01:00,392a93eaf1ea0b908993ca97f7805539,basketball_euroleague,Basketball Euroleague,2026-10-01T18:00:00+00:00,2026-10-01T19:00:00+01:00,KK Crvena zvezda,Anadolu Efes,ladbrokes_uk,Ladbrokes,2026-10-01T08:47:08Z,h2h,Anadolu Efes,2.3,,0.4347826086956522,0.3866473027298941,0.2
2026-10-01T08:47:49.238138+00:00,2026-10-01T09:47:49.238138+01:00,392a93eaf1ea0b908993ca97f7805539,basketball_euroleague,Basketball Euroleague,2026-10-01T18:00:00+00:00,2026-10-01T19:00:00+01:00,KK Crvena zvezda,Anadolu Efes,ladbrokes_uk,Ladbrokes,2026-10-01T08:47:08Z,h2h,KK Crvena zvezda,1.67,,0.5988023952095809,0.5325082612447644,0.2
2026-10-01T08:47:49.238138+00:00,2026-10-01T09:47:49.238138+01:00,392a93eaf1ea0b908993ca97f7805539,basketball_euroleague,Basketball Euroleague,2026-10-01T18:00:00+00:00,2026-10-01T19:00:00+01:00,KK Crvena zvezda,Anadolu Efes,ladbrokes_uk,Ladbrokes,2026-10-01T08:47:08Z,h2h,Draw,11.0,,0.09090909090909091,0.0808444360253415,0.2
2026-10-01T08:47:49.238138+00:00,2026-10-01T09:47:49.238138+01:00,392a93eaf1ea0b908993ca97f7805539,basketball_euroleague,Basketball Euroleague,2026-10-01T18:00:00+00:00,2026-10-01T19:00:00+01:00,KK Crvena zvezda,Anadolu Efes,betfair_ex_uk,Betfair,2026-10-01T08:47:42Z,h2h,Anadolu Efes,2.26,,0.4424778761061947,0.43640897755610975,0.2
2026-10-01T08:47:49.238138+00:00,2026-10-01T09:47:49.238138+01:00,392a93eaf1ea0b908993ca97f7805539,basketball_euroleague,Basketball Euroleague,2026-10-01T18:00:00+00:00,2026-10-01T19:00:00+01:00,KK Crvena zvezda,Anadolu Efes,betfair_ex_uk,Betfair,2026-10-01T08:47:42Z,h2h,KK Crvena zvezda,1.75,,0.5714285714285714,0.5635910224438903,0.2
2026-10-01T08:47:49.238138+00:00,2026-10-01T09:47:49.238138+01:00,392a93eaf1ea0b908993ca97f7805539,basketball_euroleague,Basketball Euroleague,2026-10-01T18:00:00+00:00,2026-10-01T19:00:00+01:00,KK Crvena zvezda,Anadolu Efes,betfair_ex_uk,Betfair,2026-10-01T08:47:42Z,h2h_lay,Anadolu Efes,2.34,,0.4273504273504274,1.0,0.2
2026-10-01T08:47:49.238138+00:00,2026-10-01T09:47:49.238138+01:00,392a93eaf1ea0b908993ca97f7805539,basketball_euroleague,Basketball Euroleague,2026-10-01T18:00:00+00:00,2026-10-01T19:00:00+01:00,KK Crvena zvezda,Anadolu Efes,betfair_ex_uk,Betfair,2026-10-01T08:47:42Z,h2h_lay,KK Crvena zvezda,1.8,,0.5555555555555556,1.0,0.2
2026-10-01T08:47:49.238138+00:00,2026-10-01T09:47:49.238138+01:00,392a93eaf1ea0b908993ca97f7805539,basketball_euroleague,Basketball Euroleague,2026-10-01T18:00:00+00:00,2026-10-01T19:00:00+01:00,KK Crvena zvezda,Anadolu Efes,livescorebet,LiveScore Bet,2026-10-01T08:47:25Z,h2h,Anadolu Efes,2.12,,0.4716981132075471,0.44791666666666663,0.2
2026-10-01T08:47:49.238138+00:00,2026-10-01T09:47:49.238138+01:00,392a93eaf1ea0b908993ca97f7805539,basketball_euroleague,Basketball Euroleague,2026-10-01T18:00:00+00:00,2026-10-01T19:00:00+01:00,KK Crvena zvezda,Anadolu Efes,livescorebet,LiveScore Bet,2026-10-01T08:47:25Z,h2h,KK Crvena zvezda,1.72,,0.5813953488372093,0.5520833333333334,0.2
2026-10-01T08:47:49.238138+00:00,2026-10-01T09:47:49.238138+01:00,392a93eaf1ea0b908993ca97f7805539,basketball_euroleague,Basketball Euroleague,2026-10-01T18:00:00+00:00,2026-10-01T19:00:00+01:00,KK Crvena zvezda,Anadolu Efes,matchbook,Matchbook,2026-10-01T08:47:42Z,h2h,Anadolu Efes,2.16,,0.4629629629629629,0.441860465116279,0.2
2026-10-01T08:47:49.238138+00:00,2026-10-01T09:47:49.238138+01:00,392a93eaf1ea0b908993ca97f7805539,basketball_euroleague,Basketball Euroleague,2026-10-01T18:00:00+00:00,2026-10-01T19:00:00+01:00,KK Crvena zvezda,Anadolu Efes,matchbook,Matchbook,2026-10-01T08:47:42Z,h2h,KK Crvena zvezda,1.71,,0.5847953216374269,0.5581395348837209,0.2
2026-10-01T08:47:49.238138+00:00,2026-10-01T09:47:49.238138+01:00,392a93eaf1ea0b908993ca97f7805539,basketball_euroleague,Basketball Euroleague,2026-10-01T18:00:00+00:00,2026-10-01T19:00:00+01:00,KK Crvena zvezda,Anadolu Efes,matchbook,Matchbook,2026-10-01T08:47:42Z,h2h_lay,Anadolu Efes,2.42,,0.4132231404958678,1.0,0.2
2026-10-01T08:47:49.238138+00:00,2026-10-01T09:47:49.238138+01:00,392a93eaf1ea0b908993ca97f7805539,basketball_euroleague,Basketball Euroleague,2026-10-01T18:00:00+00:00,2026-10-01T19:00:00+01:00,KK Crvena zvezda,Anadolu Efes,matchbook,Matchbook,2026-10-01T08:47:42Z,h2h_lay,KK Crvena zvezda,1.87,,0.53475935828877,1.0,0.2
2026-10-01T08:47:49.238138+00:00,2026-10-01T09:47:49.238138+01:00,b317d475532739fa45af483e4a6b017f,basketball_euroleague,Basketball Euroleague,2026-10-01T18:30:00+00:00,2026-10-01T19:30:00+01:00,Virtus Segafredo Bologna,Olympiacos,unibet_uk,Unibet (UK),2026-10-01T08:47:27Z,h2h,Olympiacos,1.24,,0.8064516129032259,0.7720588235294118,0.2
2026-10-01T08:47:49.238138+00:00,2026-10-01T09:47:49.238138+01:00,b317d475532739fa45af483e4a6b017f,basketball_euroleague,Basketball Euroleague,2026-10-01T18:30:00+00:00,2026-10-01T19:30:00+01:00,Virtus Segafredo Bologna,Olympiacos,unibet_uk,Unibet (UK),2026-10-01T08:47:27Z,h2h,Virtus Segafredo Bologna,4.2,,0.23809523809523808,0.22794117647058823,0.2
2026-10-01T08:47:49.238138+00:00,2026-10-01T09:47:49.238138+01:00,b317d475532739fa45af483e4a6b017f,basketball_euroleague,Basketball Euroleague,2026-10-01T18:30:00+00:00,2026-10-01T19:30:00+01:00,Virtus Segafredo Bologna,Olympiacos,paddypower,Paddy Power,2026-10-01T08:46:23Z,h2h,Olympiacos,1.2,,0.8333333333333334,0.7692307692307692,0.2
2026-10-01T08:47:49.238138+00:00,2026-10-01T09:47:49.238138+01:00,b317d475532739fa45af483e4a6b017f,basketball_euroleague,Basketball Euroleague,2026-10-01T18:30:00+00:00,2026-10-01T19:30:00+01:00,Virtus Segafredo Bologna,Olympiacos,paddypower,Paddy Power,2026-10-01T08:46:23Z,h2h,Virtus Segafredo Bologna,4.0,,0.25,0.23076923076923073,0.2
2026-10-01T08:47:49.238138+00:00,2026-10-01T09:47:49.238138+01:00,b317d475532739fa45af483e4a6b017f,basketball_euroleague,Basketball Euroleague,2026-10-01T18:30:00+00:00,2026-10-01T19:30:00+01:00,Virtus Segafredo Bologna,Olympiacos,boylesports,BoyleSports,2026-10-01T08:46:52Z,h2h,Olympiacos,1.22,,0.819672131147541,0.7706766917293233,0.2
2026-10-01T08:47:49.238138+00:00,2026-10-01T09:47:49.238138+01:00,b317d475532739fa45af483e4a6b017f,basketball_euroleague,Basketball Euroleague,2026-10-01T18:30:00+00:00,2026-10-01T19:30:00+01:00,Virtus Segafredo Bologna,Olympiacos,boylesports,BoyleSports,2026-10-01T08:46:52Z,h2h,Virtus Segafredo Bologna,4.1,,0.24390243902439027,0.2293233082706767,0.2
2026-10-01T08:47:49.238138+00:00,2026-10-01T09:47:49.238138+01:00,b317d475532739fa45af483e4a6b017f,basketball_euroleague,Basketball Euroleague,2026-10-01T18:30:00+00:00,2026-10-01T19:30:00+01:00,Virtus Segafredo Bologna,Olympiacos,betfair_ex_uk,Betfair,2026-10-01T08:47:42Z,h2h,Olympiacos,1.27,,0.7874015748031495,0.7760141093474426,0.2
2026-10-01T08:47:49.238138+00:00,2026-10-01T09:47:49.238138+01:00,b317d475532739fa45af483e4a6b017f,basketball_euroleague,Basketball Euroleague,2026-10-01T18:30:00+00:00,2026-10-01T19:30:00+01:00,Virtus Segafredo Bologna,Olympiacos,betfair_ex_uk,Betfair,2026-10-01T08:47:42Z,h2h,Virtus Segafredo Bologna,4.4,,0.22727272727272727,0.22398589065255733,0.2
2026-10-01T08:47:49.238138+00:00,2026-10-01T09:47:49.238138+01:00,b317d475532739fa45af483e4a6b017f,basketball_euroleague,Basketball Euroleague,2026-10-01T18:30:00+00:00,2026-10-01T19:30:00+01:00,Virtus Segafredo Bologna,Olympiacos,betfair_ex_uk,Betfair,2026-10-01T08:47:42Z,h2h_lay,Olympiacos,1.29,,0.7751937984496123,1.0,0.2
2026-10-01T08:47:49.238138+00:00,2026-10-01T09:47:49.238138+01:00,b317d475532739fa45af483e4a6b017f,basketball_euroleague,Basketball Euroleague,2026-10-01T18:30:00+00:00,2026-10-01T19:30:00+01:00,Virtus Segafredo Bologna,Olympiacos,betfair_ex_uk,Betfair,2026-10-01T08:47:42Z,h2h_lay,Virtus Segafredo Bologna,4.7,,0.2127659574468085,1.0,0.2
2026-10-01T08:47:49.238138+00:00,2026-10-01T09:47:49.238138+01:00,b317d475532739fa45af483e4a6b017f,basketball_euroleague,Basketball Euroleague,2026-10-01T18:30:00+00:00,2026-10-01T19:30:00+01:00,Virtus Segafredo Bologna,Olympiacos,sport888,888sport,2026-10-01T08:47:07Z,h2h,Olympiacos,1.22,,0.819672131147541,0.7749077490774907,0.2
2026-10-01T08:47:49.238138+00:00,2026-10-01T09:47:49.238138+01:00,b317d475532739fa45af483e4a6b017f,basketball_euroleague,Basketball Euroleague,2026-10-01T18:30:00+00:00,2026-10-01T19:30:00+01:00,Virtus Segafredo Bologna,Olympiacos,sport888,888sport,2026-10-01T08:47:07Z,h2h,Virtus Segafredo Bologna,4.2,,0.23809523809523808,0.2250922509225092,0.2
2026-10-01T08:47:49.238138+00:00,2026-10-01T09:47:49.238138+01:00,b317d475532739fa45af483e4a6b017f,basketball_euroleague,Basketball Euroleague,2026-10-01T18:30:00+00:00,2026-10-01T19:30:00+01:00,Virtus Segafredo Bologna,Olympiacos,smarkets,Smarkets,2026-10-01T08:47:43Z,h2h,Olympiacos,1.26,,0.7936507936507936,0.7733812949640287,0.2
2026-10-01T08:47:49.238138+00:00,2026-10-01T09:47:49.238138+01:00,b317d475532739fa45af483e4a6b017f,basketball_euroleague,Basketball Euroleague,2026-10-01T18:30:00+00:00,2026-10-01T19:30:00+01:00,Virtus Segafredo Bologna,Olympiacos,smarkets,Smarkets,2026-10-01T08:47:43Z,h2h,Virtus Segafredo Bologna,4.3,,0.23255813953488372,0.2266187050359712,0.2
2026-10-01T08:47:49.238138+00:00,2026-10-01T09:47:49.238138+01:00,b317d475532739fa45af483e4a6b017f,basketball_euroleague,Basketball Euroleague,2026-10-01T18:30:00+00:00,2026-10-01T19:30:00+01:00,Virtus Segafredo Bologna,Olympiacos,smarkets,Smarkets,2026-10-01T08:47:43Z,h2h_lay,Olympiacos,1.29,,0.7751937984496123,1.0,0.2
2026-10-01T08:47:49.238138+00:00,2026-10-01T09:47:49.238138+01:00,b317d475532739fa45af483e4a6b017f,basketball_euroleague,Basketball Euroleague,2026-10-01T18:30:00+00:00,2026-10-01T19:30:00+01:00,Virtus Segafredo Bologna,Olympiacos,smarkets,Smarkets,2026-10-01T08:47:43Z,h2h_lay,Virtus Segafredo Bologna,4.7,,0.2127659574468085,1.0,0.2
2026-10-01T08:47:49.238138+00:00,2026-10-01T09:47:49.238138+01:00,b317d475532739fa45af483e4a6b017f,basketball_euroleague,Basketball Euroleague,2026-10-01T18:30:00+00:00,2026-10-01T19:30:00+01:00,Virtus Segafredo Bologna,Olympiacos,betway,Betway,2026-10-01T08:47:26Z,h2h,Olympiacos,1.25,,0.8,0.7619047619047619,0.2
2026-10-01T08:47:49.238138+00:00,2026-10-01T09:47:49.238138+01:00,b317d475532739fa45af483e4a6b017f,basketball_euroleague,Basketball Euroleague,2026-10-01T18:30:00+00:00,2026-10-01T19:30:00+01:00,Virtus Segafredo Bologna,Olympiacos,betway,Betway,2026-10-01T08:47:26Z,h2h,Virtus Segafredo Bologna,4.0,,0.25,0.23809523809523808,0.2
2026-10-01T08:47:49.238138+00:00,2026-10-01T09:47:49.238138+01:00,b317d475532739fa45af483e4a6b017f,basketball_euroleague,Basketball Euroleague,2026-10-01T18:30:00+00:00,2026-10-01T19:30:00+01:00,Virtus Segafredo Bologna,Olympiacos,coral,Coral,2026-10-01T08:46:51Z,h2h,Olympiacos,1.22,,0.819672131147541,0.7545271629778673,0.2
2026-10-01T08:47:49.238138+00:00,2026-10-01T09:47:49.238138+01:00,b317d475532739fa45af483e4a6b017f,basketball_euroleague,Basketball Euroleague,2026-10-01T18:30:00+00:00,2026-10-01T19:30:00+01:00,Virtus Segafredo Bologna,Olympiacos,coral,Coral,2026-10-01T08:46:51Z,h2h,Virtus Segafredo Bologna,3.75,,0.26666666666666666,0.2454728370221328,0.2
2026-10-01T08:47:49.238138+00:00,2026-10-01T09:47:49.238138+01:00,b317d475532739fa45af483e4a6b017f,basketball_euroleague,Basketball Euroleague,2026-10-01T18:30:00+00:00,2026-10-01T19:30:00+01:00,Virtus Segafredo Bologna,Olympiacos,ladbrokes_uk,Ladbrokes,2026-10-01T08:47:08Z,h2h,Olympiacos,1.25,,0.8,0.7214854111405835,0.2
2026-10-01T08:47:49.238138+00:00,2026-10-01T09:47:49.238138+01:00,b317d475532739fa45af483e4a6b017f,basketball_euroleague,Basketball Euroleague,2026-10-01T18:30:00+00:00,2026-10-01T19:30:00+01:00,Virtus Segafredo Bologna,Olympiacos,ladbrokes_uk,Ladbrokes,2026-10-01T08:47:08Z,h2h,Virtus Segafredo Bologna,4.0,,0.25,0.22546419098143236,0.2
2026-10-01T08:47:49.238138+00:00,2026-10-01T09:47:49.238138+01:00,b317d475532739fa45af483e4a6b017f,basketball_euroleague,Basketball Euroleague,2026-10-01T18:30:00+00:00,2026-10-01T19:30:00+01:00,Virtus Segafredo Bologna,Olympiacos,ladbrokes_uk,Ladbrokes,2026-10-01T08:47:08Z,h2h,Draw,17.0,,0.058823529411764705,0.05305039787798408,0.2
2026-10-01T08:47:49.238138+00:00,2026-10-01T09:47:49.238138+01:00,b317d475532739fa45af483e4a6b017f,basketball_euroleague,Basketball Euroleague,2026-10-01T18:30:00+00:00,2026-10-01T19:30:00+01:00,Virtus Segafredo Bologna,Olympiacos,livescorebet,LiveScore Bet,2026-10-01T08:47:25Z,h2h,Olympiacos,1.22,,0.819672131147541,0.7769652650822669,0.2
2026-10-01T08:47:49.238138+00:00,2026-10-01T09:47:49.238138+01:00,b317d475532739fa45af483e4a6b017f,basketball_euroleague,Basketball Euroleague,2026-10-01T18:30:00+00:00,2026-10-01T19:30:00+01:00,Virtus Segafredo Bologna,Olympiacos,livescorebet,LiveScore Bet,2026-10-01T08:47:25Z,h2h,Virtus Segafredo Bologna,4.25,,0.23529411764705882,0.22303473491773307,0.2
2026-10-01T08:47:49.238138+00:00,2026-10-01T09:47:49.238138+01:00,b317d475532739fa45af483e4a6b017f,basketball_euroleague,Basketball Euroleague,2026-10-01T18:30:00+00:00,2026-10-01T19:30:00+01:00,Virtus Segafredo Bologna,Olympiacos,matchbook,Matchbook,2026-10-01T08:47:42Z,h2h,Olympiacos,1.25,,0.8,0.7706422018348623,0.2
2026-10-01T08:47:49.238138+00:00,2026-10-01T09:47:49.238138+01:00,b317d475532739fa45af483e4a6b017f,basketball_euroleague,Basketball Euroleague,2026-10-01T18:30:00+00:00,2026-10-01T19:30:00+01:00,Virtus Segafredo Bologna,Olympiacos,matchbook,Matchbook,2026-10-01T08:47:42Z,h2h,Virtus Segafredo Bologna,4.2,,0.23809523809523808,0.22935779816513757,0.2
2026-10-01T08:47:49.238138+00:00,2026-10-01T09:47:49.238138+01:00,b317d475532739fa45af483e4a6b017f,basketball_euroleague,Basketball Euroleague,2026-10-01T18:30:00+00:00,2026-10-01T19:30:00+01:00,Virtus Segafredo Bologna,Olympiacos,matchbook,Matchbook,2026-10-01T08:47:42Z,h2h_lay,Olympiacos,1.31,,0.7633587786259541,1.0,0.2
2026-10-01T08:47:49.238138+00:00,2026-10-01T09:47:49.238138+01:00,b317d475532739fa45af483e4a6b017f,basketball_euroleague,Basketball Euroleague,2026-10-01T18:30:00+00:00,2026-10-01T19:30:00+01:00,Virtus Segafredo Bologna,Olympiacos,matchbook,Matchbook,2026-10-01T08:47:42Z,h2h_lay,Virtus Segafredo Bologna,4.9,,0.2040816326530612,1.0,0.2
2026-10-01T08:47:49.238138+00:00,2026-10-01T09:47:49.238138+01:00,bc61cf4b9f34c324c42c6e9b6b3082a6,basketball_euroleague,Basketball Euroleague,2026-10-01T18:45:00+00:00,2026-10-01T19:45:00+01:00,Paris Basketball,Žalgiris,unibet_uk,Unibet (UK),2026-10-01T08:47:27Z,h2h,Paris Basketball,2.4,,0.4166666666666667,0.39698492462311563,0.2
2026-10-01T08:47:49.238138+00:00,2026-10-01T09:47:49.238138+01:00,bc61cf4b9f34c324c42c6e9b6b3082a6,basketball_euroleague,Basketball Euroleague,2026-10-01T18:45:00+00:00,2026-10-01T19:45:00+01:00,Paris Basketball,Žalgiris,unibet_uk,Unibet (UK),2026-10-01T08:47:27Z,h2h,Žalgiris,1.58,,0.6329113924050632,0.6030150753768844,0.2
2026-10-01T08:47:49.238138+00:00,2026-10-01T09:47:49.238138+01:00,bc61cf4b9f34c324c42c6e9b6b3082a6,basketball_euroleague,Basketball Euroleague,2026-10-01T18:45:00+00:00,2026-10-01T19:45:00+01:00,Paris Basketball,Žalgiris,paddypower,Paddy Power,2026-10-01T08:46:23Z,h2h,Paris Basketball,2.38,,0.42016806722689076,0.391304347826087,0.2
2026-10-01T08:47:49.238138+00:00,2026-10-01T09:47:49.238138+01:00,bc61cf4b9f34c324c42c6e9b6b3082a6,basketball_euroleague,Basketball Euroleague,2026-10-01T18:45:00+00:00,2026-10-01T19:45:00+01:00,Paris Basketball,Žalgiris,paddypower,Paddy Power,2026-10-01T08:46:23Z,h2h,Žalgiris,1.53,,0.6535947712418301,0.6086956521739131,0.2
2026-10-01T08:47:49.238138+00:00,2026-10-01T09:47:49.238138+01:00,bc61cf4b9f34c324c42c6e9b6b3082a6,basketball_euroleague,Basketball Euroleague,2026-10-01T18:45:00+00:00,2026-10-01T19:45:00+01:00,Paris Basketball,Žalgiris,boylesports,BoyleSports,2026-10-01T08:46:52Z,h2h,Paris Basketball,2.38,,0.42016806722689076,0.39746835443037976,0.2
2026-10-01T08:47:49.238138+00:00,2026-10-01T09:47:49.238138+01:00,bc61cf4b9f34c324c42c6e9b6b3082a6,basketball_euroleague,Basketball Euroleague,2026-10-01T18:45:00+00:00,2026-10-01T19:45:00+01:00,Paris Basketball,Žalgiris,boylesports,BoyleSports,2026-10-01T08:46:52Z,h2h,Žalgiris,1.57,,0.6369426751592356,0.6025316455696202,0.2
2026-10-01T08:47:49.238138+00:00,2026-10-01T09:47:49.238138+01:00,bc61cf4b9f34c324c42c6e9b6b3082a6,basketball_euroleague,Basketball Euroleague,2026-10-01T18:45:00+00:00,2026-10-01T19:45:00+01:00,Paris Basketball,Žalgiris,betfair_ex_uk,Betfair,2026-10-01T08:47:42Z,h2h,Paris Basketball,2.6,,0.3846153846153846,0.38242280285035635,0.2
2026-10-01T08:47:49.238138+00:00,2026-10-01T09:47:49.238138+01:00,bc61cf4b9f34c324c42c6e9b6b3082a6,basketball_euroleague,Basketball Euroleague,2026-10-01T18:45:00+00:00,2026-10-01T19:45:00+01:00,Paris Basketball,Žalgiris,betfair_ex_uk,Betfair,2026-10-01T08:47:42Z,h2h,Žalgiris,1.61,,0.6211180124223602,0.6175771971496438,0.2
2026-10-01T08:47:49.238138+00:00,2026-10-01T09:47:49.238138+01:00,bc61cf4b9f34c324c42c6e9b6b3082a6,basketball_euroleague,Basketball Euroleague,2026-10-01T18:45:00+00:00,2026-10-01T19:45:00+01:00,Paris Basketball,Žalgiris,betfair_ex_uk,Betfair,2026-10-01T08:47:42Z,h2h_lay,Paris Basketball,2.62,,0.38167938931297707,1.0,0.2
2026-10-01T08:47:49.238138+00:00,2026-10-01T09:47:49.238138+01:00,bc61cf4b9f34c324c42c6e9b6b3082a6,basketball_euroleague,Basketball Euroleague,2026-10-01T18:45:00+00:00,2026-10-01T19:45:00+01:00,Paris Basketball,Žalgiris,betfair_ex_uk,Betfair,2026-10-01T08:47:42Z,h2h_lay,Žalgiris,1.63,,0.6134969325153374,1.0,0.2
2026-10-01T08:47:49.238138+00:00,2026-10-01T09:47:49.238138+01:00,bc61cf4b9f34c324c42c6e9b6b3082a6,basketball_euroleague,Basketball Euroleague,2026-10-01T18:45:00+00:00,2026-10-01T19:45:00+01:00,Paris Basketball,Žalgiris,sport888,888sport,2026-10-01T08:47:07Z,h2h,Paris Basketball,2.5,,0.4,0.3796526054590571,0.2
2026-10-01T08:47:49.238138+00:00,2026-10-01T09:47:49.238138+01:00,bc61cf4b9f34c324c42c6e9b6b3082a6,basketball_euroleague,Basketball Euroleague,2026-10-01T18:45:00+00:00,2026-10-01T19:45:00+01:00,Paris Basketball,Žalgiris,sport888,888sport,2026-10-01T08:47:07Z,h2h,Žalgiris,1.53,,0.6535947712418301,0.6203473945409429,0.2
2026-10-01T08:47:49.238138+00:00,2026-10-01T09:47:49.238138+01:00,bc61cf4b9f34c324c42c6e9b6b3082a6,basketball_euroleague,Basketball Euroleague,2026-10-01T18:45:00+00:00,2026-10-01T19:45:00+01:00,Paris Basketball,Žalgiris,smarkets,Smarkets,2026-10-01T08:47:43Z,h2h,Paris Basketball,2.56,,0.390625,0.38461538461538464,0.2
2026-10-01T08:47:49.238138+00:00,2026-10-01T09:47:49.238138+01:00,bc61cf4b9f34c324c42c6e9b6b3082a6,basketball_euroleague,Basketball Euroleague,2026-10-01T18:45:00+00:00,2026-10-01T19:45:00+01:00,Paris Basketball,Žalgiris,smarkets,Smarkets,2026-10-01T08:47:43Z,h2h,Žalgiris,1.6,,0.625,0.6153846153846154,0.2
2026-10-01T08:47:49.238138+00:00,2026-10-01T09:47:49.238138+01:00,bc61cf4b9f34c324c42c6e9b6b3082a6,basketball_euroleague,Basketball Euroleague,2026-10-01T18:45:00+00:00,2026-10-01T19:45:00+01:00,Paris Basketball,Žalgiris,smarkets,Smarkets,2026-10-01T08:47:43Z,h2h_lay,Paris Basketball,2.62,,0.38167938931297707,1.0,0.2
2026-10-01T08:47:49.238138+00:00,2026-10-01T09:47:49.238138+01:00,bc61cf4b9f34c324c42c6e9b6b3082a6,basketball_euroleague,Basketball Euroleague,2026-10-01T18:45:00+00:00,2026-10-01T19:45:00+01:00,Paris Basketball,Žalgiris,smarkets,Smarkets,2026-10-01T08:47:43Z,h2h_lay,Žalgiris,1.63,,0.6134969325153374,1.0,0.2
2026-10-01T08:47:49.238138+00:00,2026-10-01T09:47:49.238138+01:00,bc61cf4b9f34c324c42c6e9b6b3082a6,basketball_euroleague,Basketball Euroleague,2026-10-01T18:45:00+00:00,2026-10-01T19:45:00+01:00,Paris Basketball,Žalgiris,betway,Betway,2026-10-01T08:47:26Z,h2h,Paris Basketball,2.4,,0.4166666666666667,0.39999999999999997,0.2
2026-10-01T08:47:49.238138+00:00,2026-10-01T09:47:49.238138+01:00,bc61cf4b9f34c324c42c6e9b6b3082a6,basketball_euroleague,Basketball Euroleague,2026-10-01T18:45:00+00:00,2026-10-01T19:45:00+01:00,Paris Basketball,Žalgiris,betway,Betway,2026-10-01T08:47:26Z,h2h,Žalgiris,1.6,,0.625,0.6,0.2
2026-10-01T08:47:49.238138+00:00,2026-10-01T09:47:49.238138+01:00,bc61cf4b9f34c324c42c6e9b6b3082a6,basketball_euroleague,Basketball Euroleague,2026-10-01T18:45:00+00:00,2026-10-01T19:45:00+01:00,Paris Basketball,Žalgiris,coral,Coral,2026-10-01T08:46:51Z,h2h,Paris Basketball,2.3,,0.4347826086956522,0.39947780678851175,0.2
2026-10-01T08:47:49.238138+00:00,2026-10-01T09:47:49.238138+01:00,bc61cf4b9f34c324c42c6e9b6b3082a6,basketball_euroleague,Basketball Euroleague,2026-10-01T18:45:00+00:00,2026-10-01T19:45:00+01:00,Paris Basketball,Žalgiris,coral,Coral,2026-10-01T08:46:51Z,h2h,Žalgiris,1.53,,0.6535947712418301,0.6005221932114883,0.2
2026-10-01T08:47:49.238138+00:00,2026-10-01T09:47:49.238138+01:00,bc61cf4b9f34c324c42c6e9b6b3082a6,basketball_euroleague,Basketball Euroleague,2026-10-01T18:45:00+00:00,2026-10-01T19:45:00+01:00,Paris Basketball,Žalgiris,ladbrokes_uk,Ladbrokes,2026-10-01T08:47:08Z,h2h,Paris Basketball,2.45,,0.4081632653061224,0.3637724684305739,0.2
2026-10-01T08:47:49.238138+00:00,2026-10-01T09:47:49.238138+01:00,bc61cf4b9f34c324c42c6e9b6b3082a6,basketball_euroleague,Basketball Euroleague,2026-10-01T18:45:00+00:00,2026-10-01T19:45:00+01:00,Paris Basketball,Žalgiris,ladbrokes_uk,Ladbrokes,2026-10-01T08:47:08Z,h2h,Žalgiris,1.57,,0.6369426751592356,0.5676704125190486,0.2
2026-10-01T08:47:49.238138+00:00,2026-10-01T09:47:49.238138+01:00,bc61cf4b9f34c324c42c6e9b6b3082a6,basketball_euroleague,Basketball Euroleague,2026-10-01T18:45:00+00:00,2026-10-01T19:45:00+01:00,Paris Basketball,Žalgiris,ladbrokes_uk,Ladbrokes,2026-10-01T08:47:08Z,h2h,Draw,13.0,,0.07692307692307693,0.06855711905037741,0.2
2026-10-01T08:47:49.238138+00:00,2026-10-01T09:47:49.238138+01:00,bc61cf4b9f34c324c42c6e9b6b3082a6,basketball_euroleague,Basketball Euroleague,2026-10-01T18:45:00+00:00,2026-10-01T19:45:00+01:00,Paris Basketball,Žalgiris,livescorebet,LiveScore Bet,2026-10-01T08:47:25Z,h2h,Paris Basketball,2.43,,0.4115226337448559,0.3909774436090226,0.2
2026-10-01T08:47:49.238138+00:00,2026-10-01T09:47:49.238138+01:00,bc61cf4b9f34c324c42c6e9b6b3082a6,basketball_euroleague,Basketball Euroleague,2026-10-01T18:45:00+00:00,2026-10-01T19:45:00+01:00,Paris Basketball,Žalgiris,livescorebet,LiveScore Bet,2026-10-01T08:47:25Z,h2h,Žalgiris,1.56,,0.641025641025641,0.6090225563909775,0.2
2026-10-01T08:47:49.238138+00:00,2026-10-01T09:47:49.238138+01:00,bc61cf4b9f34c324c42c6e9b6b3082a6,basketball_euroleague,Basketball Euroleague,2026-10-01T18:45:00+00:00,2026-10-01T19:45:00+01:00,Paris Basketball,Žalgiris,matchbook,Matchbook,2026-10-01T08:47:42Z,h2h,Paris Basketball,2.5,,0.4,0.39024390243902446,0.2
2026-10-01T08:47:49.238138+00:00,2026-10-01T09:47:49.238138+01:00,bc61cf4b9f34c324c42c6e9b6b3082a6,basketball_euroleague,Basketball Euroleague,2026-10-01T18:45:00+00:00,2026-10-01T19:45:00+01:00,Paris Basketball,Žalgiris,matchbook,Matchbook,2026-10-01T08:47:42Z,h2h,Žalgiris,1.6,,0.625,0.6097560975609757,0.2
2026-10-01T08:47:49.238138+00:00,2026-10-01T09:47:49.238138+01:00,bc61cf4b9f34c324c42c6e9b6b3082a6,basketball_euroleague,Basketball Euroleague,2026-10-01T18:45:00+00:00,2026-10-01T19:45:00+01:00,Paris Basketball,Žalgiris,matchbook,Matchbook,2026-10-01T08:47:42Z,h2h_lay,Paris Basketball,2.68,,0.3731343283582089,1.0,0.2
2026-10-01T08:47:49.238138+00:00,2026-10-01T09:47:49.238138+01:00,bc61cf4b9f34c324c42c6e9b6b3082a6,basketball_euroleague,Basketball Euroleague,2026-10-01T18:45:00+00:00,2026-10-01T19:45:00+01:00,Paris Basketball,Žalgiris,matchbook,Matchbook,2026-10-01T08:47:42Z,h2h_lay,Žalgiris,1.67,,0.5988023952095809,1.0,0.2
2026-10-01T08:47:49.238138+00:00,2026-10-01T09:47:49.238138+01:00,c3dd2e1cffcaffac212e018523108e96,baseball_kbo,KBO,2026-10-01T09:30:00+00:00,2026-10-01T10:30:00+01:00,Doosan Bears,NC Dinos,leovegas,LeoVegas,2026-10-01T08:47:36Z,h2h,Doosan Bears,1.5,,0.6666666666666666,0.625,0.2
2026-10-01T08:47:49.238138+00:00,2026-10-01T09:47:49.238138+01:00,c3dd2e1cffcaffac212e018523108e96,baseball_kbo,KBO,2026-10-01T09:30:00+00:00,2026-10-01T10:30:00+01:00,Doosan Bears,NC Dinos,leovegas,LeoVegas,2026-10-01T08:47:36Z,h2h,NC Dinos,2.5,,0.4,0.375,0.2
2026-10-01T08:47:49.238138+00:00,2026-10-01T09:47:49.238138+01:00,c3dd2e1cffcaffac212e018523108e96,baseball_kbo,KBO,2026-10-01T09:30:00+00:00,2026-10-01T10:30:00+01:00,Doosan Bears,NC Dinos,boylesports,BoyleSports,2026-10-01T08:47:19Z,h2h,Doosan Bears,1.5,,0.6666666666666666,0.625,0.2
2026-10-01T08:47:49.238138+00:00,2026-10-01T09:47:49.238138+01:00,c3dd2e1cffcaffac212e018523108e96,baseball_kbo,KBO,2026-10-01T09:30:00+00:00,2026-10-01T10:30:00+01:00,Doosan Bears,NC Dinos,boylesports,BoyleSports,2026-10-01T08:47:19Z,h2h,NC Dinos,2.5,,0.4,0.375,0.2
2026-10-01T08:47:49.238138+00:00,2026-10-01T09:47:49.238138+01:00,c3dd2e1cffcaffac212e018523108e96,baseball_kbo,KBO,2026-10-01T09:30:00+00:00,2026-10-01T10:30:00+01:00,Doosan Bears,NC Dinos,betway,Betway,2026-10-01T08:47:36Z,h2h,Doosan Bears,1.48,,0.6756756756756757,0.6281407035175879,0.2
2026-10-01T08:47:49.238138+00:00,2026-10-01T09:47:49.238138+01:00,c3dd2e1cffcaffac212e018523108e96,baseball_kbo,KBO,2026-10-01T09:30:00+00:00,2026-10-01T10:30:00+01:00,Doosan Bears,NC Dinos,betway,Betway,2026-10-01T08:47:36Z,h2h,NC Dinos,2.5,,0.4,0.37185929648241206,0.2
2026-10-01T08:47:49.238138+00:00,2026-10-01T09:47:49.238138+01:00,c3dd2e1cffcaffac212e018523108e96,baseball_kbo,KBO,2026-10-01T09:30:00+00:00,2026-10-01T10:30:00+01:00,Doosan Bears,NC Dinos,coral,Coral,2026-10-01T08:47:36Z,h2h,Doosan Bears,1.48,,0.6756756756756757,0.6234096692111959,0.2
2026-10-01T08:47:49.238138+00:00,2026-10-01T09:47:49.238138+01:00,c3dd2e1cffcaffac212e018523108e96,baseball_kbo,KBO,2026-10-01T09:30:00+00:00,2026-10-01T10:30:00+01:00,Doosan Bears,NC Dinos,coral,Coral,2026-10-01T08:47:36Z,h2h,NC Dinos,2.45,,0.4081632653061224,0.37659033078880405,0.2
2026-10-01T08:47:49.238138+00:00,2026-10-01T09:47:49.238138+01:00,c39470c240a209814e9a0e48d02342e0,baseball_kbo,KBO,2026-10-01T09:30:00+00:00,2026-10-01T10:30:00+01:00,Samsung Lions,Hanwha Eagles,leovegas,LeoVegas,2026-10-01T08:47:36Z,h2h,Hanwha Eagles,2.8,,0.35714285714285715,0.33333333333333337,0.2
2026-10-01T08:47:49.238138+00:00,2026-10-01T09:47:49.238138+01:00,c39470c240a209814e9a0e48d02342e0,baseball_kbo,KBO,2026-10-01T09:30:00+00:00,2026-10-01T10:30:00+01:00,Samsung Lions,Hanwha Eagles,leovegas,LeoVegas,2026-10-01T08:47:36Z,h2h,Samsung Lions,1.4,,0.7142857142857143,0.6666666666666667,0.2
2026-10-01T08:47:49.238138+00:00,2026-10-01T09:47:49.238138+01:00,c39470c240a209814e9a0e48d02342e0,baseball_kbo,KBO,2026-10-01T09:30:00+00:00,2026-10-01T10:30:00+01:00,Samsung Lions,Hanwha Eagles,boylesports,BoyleSports,2026-10-01T08:47:19Z,h2h,Hanwha Eagles,2.8,,0.35714285714285715,0.33333333333333337,0.2
2026-10-01T08:47:49.238138+00:00,2026-10-01T09:47:49.238138+01:00,c39470c240a209814e9a0e48d02342e0,baseball_kbo,KBO,2026-10-01T09:30:00+00:00,2026-10-01T10:30:00+01:00,Samsung Lions,Hanwha Eagles,boylesports,BoyleSports,2026-10-01T08:47:19Z,h2h,Samsung Lions,1.4,,0.7142857142857143,0.6666666666666667,0.2
2026-10-01T08:47:49.238138+00:00,2026-10-01T09:47:49.238138+01:00,c39470c240a209814e9a0e48d02342e0,baseball_kbo,KBO,2026-10-01T09:30:00+00:00,2026-10-01T10:30:00+01:00,Samsung Lions,Hanwha Eagles,betway,Betway,2026-10-01T08:47:36Z,h2h,Hanwha Eagles,2.75,,0.36363636363636365,0.3373493975903614,0.2
2026-10-01T08:47:49.238138+00:00,2026-10-01T09:47:49.238138+01:00,c39470c240a209814e9a0e48d02342e0,baseball_kbo,KBO,2026-10-01T09:30:00+00:00,2026-10-01T10:30:00+01:00,Samsung Lions,Hanwha Eagles,betway,Betway,2026-10-01T08:47:36Z,h2h,Samsung Lions,1.4,,0.7142857142857143,0.6626506024096386,0.2
2026-10-01T08:47:49.238138+00:00,2026-10-01T09:47:49.238138+01:00,c39470c240a209814e9a0e48d02342e0,baseball_kbo,KBO,2026-10-01T09:30:00+00:00,2026-10-01T10:30:00+01:00,Samsung Lions,Hanwha Eagles,coral,Coral,2026-10-01T08:47:36Z,h2h,Hanwha Eagles,2.75,,0.36363636363636365,0.3373493975903614,0.2
2026-10-01T08:47:49.238138+00:00,2026-10-01T09:47:49.238138+01:00,c39470c240a209814e9a0e48d02342e0,baseball_kbo,KBO,2026-10-01T09:30:00+00:00,2026-10-01T10:30:00+01:00,Samsung Lions,Hanwha Eagles,coral,Coral,2026-10-01T08:47:36Z,h2h,Samsung Lions,1.4,,0.7142857142857143,0.6626506024096386,0.2
2026-10-01T08:47:49.238138+00:00,2026-10-01T09:47:49.238138+01:00,e95c8bced62ea5391e601c1f6db83a26,baseball_kbo,KBO,2026-10-01T09:30:00+00:00,2026-10-01T10:30:00+01:00,Kia Tigers,KT Wiz,leovegas,LeoVegas,2026-10-01T08:47:36Z,h2h,Kia Tigers,2.05,,0.48780487804878053,0.4562334217506631,0.2
2026-10-01T08:47:49.238138+00:00,2026-10-01T09:47:49.238138+01:00,e95c8bced62ea5391e601c1f6db83a26,baseball_kbo,KBO,2026-10-01T09:30:00+00:00,2026-10-01T10:30:00+01:00,Kia Tigers,KT Wiz,leovegas,LeoVegas,2026-10-01T08:47:36Z,h2h,KT Wiz,1.72,,0.5813953488372093,0.5437665782493368,0.2
2026-10-01T08:47:49.238138+00:00,2026-10-01T09:47:49.238138+01:00,e95c8bced62ea5391e601c1f6db83a26,baseball_kbo,KBO,2026-10-01T09:30:00+00:00,2026-10-01T10:30:00+01:00,Kia Tigers,KT Wiz,boylesports,BoyleSports,2026-10-01T08:47:19Z,h2h,Kia Tigers,2.05,,0.48780487804878053,0.4576719576719577,0.2
2026-10-01T08:47:49.238138+00:00,2026-10-01T09:47:49.238138+01:00,e95c8bced62ea5391e601c1f6db83a26,baseball_kbo,KBO,2026-10-01T09:30:00+00:00,2026-10-01T10:30:00+01:00,Kia Tigers,KT Wiz,boylesports,BoyleSports,2026-10-01T08:47:19Z,h2h,KT Wiz,1.73,,0.5780346820809249,0.5423280423280423,0.2
2026-10-01T08:47:49.238138+00:00,2026-10-01T09:47:49.238138+01:00,e95c8bced62ea5391e601c1f6db83a26,baseball_kbo,KBO,2026-10-01T09:30:00+00:00,2026-10-01T10:30:00+01:00,Kia Tigers,KT Wiz,betway,Betway,2026-10-01T08:47:36Z,h2h,Kia Tigers,2.0,,0.5,0.46091644204851756,0.2
2026-10-01T08:47:49.238138+00:00,2026-10-01T09:47:49.238138+01:00,e95c8bced62ea5391e601c1f6db83a26,baseball_kbo,KBO,2026-10-01T09:30:00+00:00,2026-10-01T10:30:00+01:00,Kia Tigers,KT Wiz,betway,Betway,2026-10-01T08:47:36Z,h2h,KT Wiz,1.71,,0.5847953216374269,0.5390835579514824,0.2
2026-10-01T08:47:49.238138+00:00,2026-10-01T09:47:49.238138+01:00,e95c8bced62ea5391e601c1f6db83a26,baseball_kbo,KBO,2026-10-01T09:30:00+00:00,2026-10-01T10:30:00+01:00,Kia Tigers,KT Wiz,coral,Coral,2026-10-01T08:47:36Z,h2h,Kia Tigers,2.05,,0.48780487804878053,0.4533333333333333,0.2
2026-10-01T08:47:49.238138+00:00,2026-10-01T09:47:49.238138+01:00,e95c8bced62ea5391e601c1f6db83a26,baseball_kbo,KBO,2026-10-01T09:30:00+00:00,2026-10-01T10:30:00+01:00,Kia Tigers,KT Wiz,coral,Coral,2026-10-01T08:47:36Z,h2h,KT Wiz,1.7,,0.5882352941176471,0.5466666666666666,0.2
2026-10-01T08:47:49.238138+00:00,2026-10-01T09:47:49.238138+01:00,47ede2b960a98e67b870f6e883d26587,baseball_kbo,KBO,2026-10-01T09:30:00+00:00,2026-10-01T10:30:00+01:00,SSG Landers,LG Twins,leovegas,LeoVegas,2026-10-01T08:47:36Z,h2h,LG Twins,1.55,,0.6451612903225806,0.6025641025641025,0.2
2026-10-01T08:47:49.238138+00:00,2026-10-01T09:47:49.238138+01:00,47ede2b960a98e67b870f6e883d26587,baseball_kbo,KBO,2026-10-01T09:30:00+00:00,2026-10-01T10:30:00+01:00,SSG Landers,LG Twins,leovegas,LeoVegas,2026-10-01T08:47:36Z,h2h,SSG Landers,2.35,,0.425531914893617,0.3974358974358974,0.2
2026-10-01T08:47:49.238138+00:00,2026-10-01T09:47:49.238138+01:00,47ede2b960a98e67b870f6e883d26587,baseball_kbo,KBO,2026-10-01T09:30:00+00:00,2026-10-01T10:30:00+01:00,SSG Landers,LG Twins,boylesports,BoyleSports,2026-10-01T08:47:19Z,h2h,LG Twins,1.53,,0.6535947712418301,0.6086956521739131,0.2
2026-10-01T08:47:49.238138+00:00,2026-10-01T09:47:49.238138+01:00,47ede2b960a98e67b870f6e883d26587,baseball_kbo,KBO,2026-10-01T09:30:00+00:00,2026-10-01T10:30:00+01:00,SSG Landers,LG Twins,boylesports,BoyleSports,2026-10-01T08:47:19Z,h2h,SSG Landers,2.38,,0.42016806722689076,0.391304347826087,0.2
2026-10-01T08:47:49.238138+00:00,2026-10-01T09:47:49.238138+01:00,47ede2b960a98e67b870f6e883d26587,baseball_kbo,KBO,2026-10-01T09:30:00+00:00,2026-10-01T10:30:00+01:00,SSG Landers,LG Twins,betway,Betway,2026-10-01T08:47:36Z,h2h,LG Twins,1.53,,0.6535947712418301,0.6056701030927835,0.2
2026-10-01T08:47:49.238138+00:00,2026-10-01T09:47:49.238138+01:00,47ede2b960a98e67b870f6e883d26587,baseball_kbo,KBO,2026-10-01T09:30:00+00:00,2026-10-01T10:30:00+01:00,SSG Landers,LG Twins,betway,Betway,2026-10-01T08:47:36Z,h2h,SSG Landers,2.35,,0.425531914893617,0.3943298969072165,0.2
2026-10-01T08:47:49.238138+00:00,2026-10-01T09:47:49.238138+01:00,47ede2b960a98e67b870f6e883d26587,baseball_kbo,KBO,2026-10-01T09:30:00+00:00,2026-10-01T10:30:00+01:00,SSG Landers,LG Twins,coral,Coral,2026-10-01T08:47:36Z,h2h,LG Twins,1.53,,0.6535947712418301,0.6076923076923076,0.2
2026-10-01T08:47:49.238138+00:00,2026-10-01T09:47:49.238138+01:00,47ede2b960a98e67b870f6e883d26587,baseball_kbo,KBO,2026-10-01T09:30:00+00:00,2026-10-01T10:30:00+01:00,SSG Landers,LG Twins,coral,Coral,2026-10-01T08:47:36Z,h2h,SSG Landers,2.37,,0.42194092827004215,0.39230769230769225,0.2
2026-10-01T08:47:49.238138+00:00,2026-10-01T09:47:49.238138+01:00,e213f5e85eeab702dea9daa829698b6d,soccer_brazil_serie_b,Brazil Série B,2026-10-01T23:30:00+00:00,2026-10-02T00:30:00+01:00,Athletic Club (MG),Sport Recife,livescorebet,LiveScore Bet,2026-10-01T08:46:59Z,h2h,Athletic Club (MG),2.35,,0.425531914893617,0.3812982296867908,0.2
2026-10-01T08:47:49.238138+00:00,2026-10-01T09:47:49.238138+01:00,e213f5e85eeab702dea9daa829698b6d,soccer_brazil_serie_b,Brazil Série B,2026-10-01T23:30:00+00:00,2026-10-02T00:30:00+01:00,Athletic Club (MG),Sport Recife,livescorebet,LiveScore Bet,2026-10-01T08:46:59Z,h2h,Sport Recife,2.8,,0.35714285714285715,0.3200181570585565,0.2
2026-10-01T08:47:49.238138+00:00,2026-10-01T09:47:49.238138+01:00,e213f5e85eeab702dea9daa829698b6d,soccer_brazil_serie_b,Brazil Série B,2026-10-01T23:30:00+00:00,2026-10-02T00:30:00+01:00,Athletic Club (MG),Sport Recife,livescorebet,LiveScore Bet,2026-10-01T08:46:59Z,h2h,Draw,3.0,,0.3333333333333333,0.29868361325465276,0.2
2026-10-01T08:47:49.238138+00:00,2026-10-01T09:47:49.238138+01:00,e213f5e85eeab702dea9daa829698b6d,soccer_brazil_serie_b,Brazil Série B,2026-10-01T23:30:00+00:00,2026-10-02T00:30:00+01:00,Athletic Club (MG),Sport Recife,virginbet,Virgin Bet,2026-10-01T08:47:00Z,h2h,Athletic Club (MG),2.35,,0.425531914893617,0.3812982296867908,0.2
2026-10-01T08:47:49.238138+00:00,2026-10-01T09:47:49.238138+01:00,e213f5e85eeab702dea9daa829698b6d,soccer_brazil_serie_b,Brazil Série B,2026-10-01T23:30:00+00:00,2026-10-02T00:30:00+01:00,Athletic Club (MG),Sport Recife,virginbet,Virgin Bet,2026-10-01T08:47:00Z,h2h,Sport Recife,2.8,,0.35714285714285715,0.3200181570585565,0.2
2026-10-01T08:47:49.238138+00:00,2026-10-01T09:47:49.238138+01:00,e213f5e85eeab702dea9daa829698b6d,soccer_brazil_serie_b,Brazil Série B,2026-10-01T23:30:00+00:00,2026-10-02T00:30:00+01:00,Athletic Club (MG),Sport Recife,virginbet,Virgin Bet,2026-10-01T08:47:00Z,h2h,Draw,3.0,,0.3333333333333333,0.29868361325465276,0.2
2026-10-01T08:47:49.238138+00:00,2026-10-01T09:47:49.238138+01:00,e213f5e85eeab702dea9daa829698b6d,soccer_brazil_serie_b,Brazil Série B,2026-10-01T23:30:00+00:00,2026-10-02T00:30:00+01:00,Athletic Club (MG),Sport Recife,casumo,Casumo,2026-10-01T08:47:18Z,h2h,Athletic Club (MG),2.45,,0.4081632653061224,0.3794850147741663,0.2
2026-10-01T08:47:49.238138+00:00,2026-10-01T09:47:49.238138+01:00,e213f5e85eeab702dea9daa829698b6d,soccer_brazil_serie_b,Brazil Série B,2026-10-01T23:30:00+00:00,2026-10-02T00:30:00+01:00,Athletic Club (MG),Sport Recife,casumo,Casumo,2026-10-01T08:47:18Z,h2h,Sport Recife,2.9,,0.3448275862068966,0.32059940903334744,0.2
2026-10-01T08:47:49.238138+00:00,2026-10-01T09:47:49.238138+01:00,e213f5e85eeab702dea9daa829698b6d,soccer_brazil_serie_b,Brazil Série B,2026-10-01T23:30:00+00:00,2026-10-02T00:30:00+01:00,Athletic Club (MG),Sport Recife,casumo,Casumo,2026-10-01T08:47:18Z,h2h,Draw,3.1,,0.3225806451612903,0.29991557619248627,0.2
2026-10-01T08:47:49.238138+00:00,2026-10-01T09:47:49.238138+01:00,e213f5e85eeab702dea9daa829698b6d,soccer_brazil_serie_b,Brazil Série B,2026-10-01T23:30:00+00:00,2026-10-02T00:30:00+01:00,Athletic Club (MG),Sport Recife,grosvenor,Grosvenor,2026-10-01T08:46:59Z,h2h,Athletic Club (MG),2.35,,0.425531914893617,0.3812982296867908,0.2
2026-10-01T08:47:49.238138+00:00,2026-10-01T09:47:49.238138+01:00,e213f5e85eeab702dea9daa829698b6d,soccer_brazil_serie_b,Brazil Série B,2026-10-01T23:30:00+00:00,2026-10-02T00:30:00+01:00,Athletic Club (MG),Sport Recife,grosvenor,Grosvenor,2026-10-01T08:46:59Z,h2h,Sport Recife,2.8,,0.35714285714285715,0.3200181570585565,0.2
2026-10-01T08:47:49.238138+00:00,2026-10-01T09:47:49.238138+01:00,e213f5e85eeab702dea9daa829698b6d,soccer_brazil_serie_b,Brazil Série B,2026-10-01T23:30:00+00:00,2026-10-02T00:30:00+01:00,Athletic Club (MG),Sport Recife,grosvenor,Grosvenor,2026-10-01T08:46:59Z,h2h,Draw,3.0,,0.3333333333333333,0.29868361325465276,0.2
2026-10-01T08:47:49.238138+00:00,2026-10-01T09:47:49.238138+01:00,e213f5e85eeab702dea9daa829698b6d,soccer_brazil_serie_b,Brazil Série B,2026-10-01T23:30:00+00:00,2026-10-02T00:30:00+01:00,Athletic Club (MG),Sport Recife,leovegas,LeoVegas,2026-10-01T08:47:18Z,h2h,Athletic Club (MG),2.6,,0.3846153846153846,0.35863377609108155,0.2
2026-10-01T08:47:49.238138+00:00,2026-10-01T09:47:49.238138+01:00,e213f5e85eeab702dea9daa829698b6d,soccer_brazil_serie_b,Brazil Série B,2026-10-01T23:30:00+00:00,2026-10-02T00:30:00+01:00,Athletic Club (MG),Sport Recife,leovegas,LeoVegas,2026-10-01T08:47:18Z,h2h,Sport Recife,2.7,,0.37037037037037035,0.34535104364326374,0.2
2026-10-01T08:47:49.238138+00:00,2026-10-01T09:47:49.238138+01:00,e213f5e85eeab702dea9daa829698b6d,soccer_brazil_serie_b,Brazil Série B,2026-10-01T23:30:00+00:00,2026-10-02T00:30:00+01:00,Athletic Club (MG),Sport Recife,leovegas,LeoVegas,2026-10-01T08:47:18Z,h2h,Draw,3.15,,0.31746031746031744,0.2960151802656546,0.2
2026-10-01T08:47:49.238138+00:00,2026-10-01T09:47:49.238138+01:00,e213f5e85eeab702dea9daa829698b6d,soccer_brazil_serie_b,Brazil Série B,2026-10-01T23:30:00+00:00,2026-10-02T00:30:00+01:00,Athletic Club (MG),Sport Recife,betfred_uk,Betfred (UK),2026-10-01T08:47:35Z,h2h,Athletic Club (MG),2.5,,0.4,0.35874030123231404,0.2
2026-10-01T08:47:49.238138+00:00,2026-10-01T09:47:49.238138+01:00,e213f5e85eeab702dea9daa829698b6d,soccer_brazil_serie_b,Brazil Série B,2026-10-01T23:30:00+00:00,2026-10-02T00:30:00+01:00,Athletic Club (MG),Sport Recife,betfred_uk,Betfred (UK),2026-10-01T08:47:35Z,h2h,Sport Recife,2.62,,0.38167938931297707,0.3423094477407576,0.2
2026-10-01T08:47:49.238138+00:00,2026-10-01T09:47:49.238138+01:00,e213f5e85eeab702dea9daa829698b6d,soccer_brazil_serie_b,Brazil Série B,2026-10-01T23:30:00+00:00,2026-10-02T00:30:00+01:00,Athletic Club (MG),Sport Recife,betfred_uk,Betfred (UK),2026-10-01T08:47:35Z,h2h,Draw,3.0,,0.3333333333333333,0.2989502510269283,0.2
2026-10-01T08:47:49.238138+00:00,2026-10-01T09:47:49.238138+01:00,e213f5e85eeab702dea9daa829698b6d,soccer_brazil_serie_b,Brazil Série B,2026-10-01T23:30:00+00:00,2026-10-02T00:30:00+01:00,Athletic Club (MG),Sport Recife,unibet_uk,Unibet (UK),2026-10-01T08:47:50Z,h2h,Athletic Club (MG),2.6,,0.3846153846153846,0.3569296375266524,0.2
2026-10-01T08:47:49.238138+00:00,2026-10-01T09:47:49.238138+01:00,e213f5e85eeab702dea9daa829698b6d,soccer_brazil_serie_b,Brazil Série B,2026-10-01T23:30:00+00:00,2026-10-02T00:30:00+01:00,Athletic Club (MG),Sport Recife,unibet_uk,Unibet (UK),2026-10-01T08:47:50Z,h2h,Sport Recife,2.7,,0.37037037037037035,0.3437100213219616,0.2
2026-10-01T08:47:49.238138+00:00,2026-10-01T09:47:49.238138+01:00,e213f5e85eeab702dea9daa829698b6d,soccer_brazil_serie_b,Brazil Série B,2026-10-01T23:30:00+00:00,2026-10-02T00:30:00+01:00,Athletic Club (MG),Sport Recife,unibet_uk,Unibet (UK),2026-10-01T08:47:50Z,h2h,Draw,3.1,,0.3225806451612903,0.29936034115138593,0.2
2026-10-01T08:47:49.238138+00:00,2026-10-01T09:47:49.238138+01:00,e213f5e85eeab702dea9daa829698b6d,soccer_brazil_serie_b,Brazil Série B,2026-10-01T23:30:00+00:00,2026-10-02T00:30:00+01:00,Athletic Club (MG),Sport Recife,paddypower,Paddy Power,2026-10-01T08:46:29Z,h2h,Athletic Club (MG),2.5,,0.4,0.36223352064936226,0.2
2026-10-01T08:47:49.238138+00:00,2026-10-01T09:47:49.238138+01:00,e213f5e85eeab702dea9daa829698b6d,soccer_brazil_serie_b,Brazil Série B,2026-10-01T23:30:00+00:00,2026-10-02T00:30:00+01:00,Athletic Club (MG),Sport Recife,paddypower,Paddy Power,2026-10-01T08:46:29Z,h2h,Sport Recife,2.62,,0.38167938931297707,0.3456426723753456,0.2
2026-10-01T08:47:49.238138+00:00,2026-10-01T09:47:49.238138+01:00,e213f5e85eeab702dea9daa829698b6d,soccer_brazil_serie_b,Brazil Série B,2026-10-01T23:30:00+00:00,2026-10-02T00:30:00+01:00,Athletic Club (MG),Sport Recife,paddypower,Paddy Power,2026-10-01T08:46:29Z,h2h,Draw,3.1,,0.3225806451612903,0.2921238069752921,0.2
2026-10-01T08:47:49.238138+00:00,2026-10-01T09:47:49.238138+01:00,e213f5e85eeab702dea9daa829698b6d,soccer_brazil_serie_b,Brazil Série B,2026-10-01T23:30:00+00:00,2026-10-02T00:30:00+01:00,Athletic Club (MG),Sport Recife,betfair_sb_uk,Betfair Sportsbook,2026-10-01T08:47:00Z,h2h,Athletic Club (MG),2.55,,0.3921568627450981,0.36139896373057,0.2
2026-10-01T08:47:49.238138+00:00,2026-10-01T09:47:49.238138+01:00,e213f5e85eeab702dea9daa829698b6d,soccer_brazil_serie_b,Brazil Série B,2026-10-01T23:30:00+00:00,2026-10-02T00:30:00+01:00,Athletic Club (MG),Sport Recife,betfair_sb_uk,Betfair Sportsbook,2026-10-01T08:47:00Z,h2h,Sport Recife,2.7,,0.37037037037037035,0.34132124352331605,0.2
2026-10-01T08:47:49.238138+00:00,2026-10-01T09:47:49.238138+01:00,e213f5e85eeab702dea9daa829698b6d,soccer_brazil_serie_b,Brazil Série B,2026-10-01T23:30:00+00:00,2026-10-02T00:30:00+01:00,Athletic Club (MG),Sport Recife,betfair_sb_uk,Betfair Sportsbook,2026-10-01T08:47:00Z,h2h,Draw,3.1,,0.3225806451612903,0.297279792746114,0.2
2026-10-01T08:47:49.238138+00:00,2026-10-01T09:47:49.238138+01:00,e213f5e85eeab702dea9daa829698b6d,soccer_brazil_serie_b,Brazil Série B,2026-10-01T23:30:00+00:00,2026-10-02T00:30:00+01:00,Athletic Club (MG),Sport Recife,betway,Betway,2026-10-01T08:47:35Z,h2h,Athletic Club (MG),2.62,,0.38167938931297707,0.35741237632064393,0.2
2026-10-01T08:47:49.238138+00:00,2026-10-01T09:47:49.238138+01:00,e213f5e85eeab702dea9daa829698b6d,soccer_brazil_serie_b,Brazil Série B,2026-10-01T23:30:00+00:00,2026-10-02T00:30:00+01:00,Athletic Club (MG),Sport Recife,betway,Betway,2026-10-01T08:47:35Z,h2h,Sport Recife,2.75,,0.36363636363636365,0.3405165185309408,0.2
2026-10-01T08:47:49.238138+00:00,2026-10-01T09:47:49.238138+01:00,e213f5e85eeab702dea9daa829698b6d,soccer_brazil_serie_b,Brazil Série B,2026-10-01T23:30:00+00:00,2026-10-02T00:30:00+01:00,Athletic Club (MG),Sport Recife,betway,Betway,2026-10-01T08:47:35Z,h2h,Draw,3.1,,0.3225806451612903,0.30207110514841523,0.2
2026-10-01T08:47:49.238138+00:00,2026-10-01T09:47:49.238138+01:00,e213f5e85eeab702dea9daa829698b6d,soccer_brazil_serie_b,Brazil Série B,2026-10-01T23:30:00+00:00,2026-10-02T00:30:00+01:00,Athletic Club (MG),Sport Recife,smarkets,Smarkets,2026-10-01T08:47:48Z,h2h,Athletic Club (MG),2.78,,0.3597122302158274,0.35452665388956645,0.2
2026-10-01T08:47:49.238138+00:00,2026-10-01T09:47:49.238138+01:00,e213f5e85eeab702dea9daa829698b6d,soccer_brazil_serie_b,Brazil Série B,2026-10-01T23:30:00+00:00,2026-10-02T00:30:00+01:00,Athletic Club (MG),Sport Recife,smarkets,Smarkets,2026-10-01T08:47:48Z,h2h,Sport Recife,2.88,,0.3472222222222222,0.34221670062951204,0.2
2026-10-01T08:47:49.238138+00:00,2026-10-01T09:47:49.238138+01:00,e213f5e85eeab702dea9daa829698b6d,soccer_brazil_serie_b,Brazil Série B,2026-10-01T23:30:00+00:00,2026-10-02T00:30:00+01:00,Athletic Club (MG),Sport Recife,smarkets,Smarkets,2026-10-01T08:47:48Z,h2h,Draw,3.25,,0.3076923076923077,0.30325664548092146,0.2
2026-10-01T08:47:49.238138+00:00,2026-10-01T09:47:49.238138+01:00,e213f5e85eeab702dea9daa829698b6d,soccer_brazil_serie_b,Brazil Série B,2026-10-01T23:30:00+00:00,2026-10-02T00:30:00+01:00,Athletic Club (MG),Sport Recife,smarkets,Smarkets,2026-10-01T08:47:48Z,h2h_lay,Athletic Club (MG),2.82,,0.3546099290780142,1.0,0.2
2026-10-01T08:47:49.238138+00:00,2026-10-01T09:47:49.238138+01:00,e213f5e85eeab702dea9daa829698b6d,soccer_brazil_serie_b,Brazil Série B,2026-10-01T23:30:00+00:00,2026-10-02T00:30:00+01:00,Athletic Club (MG),Sport Recife,smarkets,Smarkets,2026-10-01T08:47:48Z,h2h_lay,Sport Recife,2.96,,0.33783783783783783,1.0,0.2
2026-10-01T08:47:49.238138+00:00,2026-10-01T09:47:49.238138+01:00,e213f5e85eeab702dea9daa829698b6d,soccer_brazil_serie_b,Brazil Série B,2026-10-01T23:30:00+00:00,2026-10-02T00:30:00+01:00,Athletic Club (MG),Sport Recife,smarkets,Smarkets,2026-10-01T08:47:48Z,h2h_lay,Draw,3.35,,0.29850746268656714,1.0,0.2
2026-10-01T08:47:49.238138+00:00,2026-10-01T09:47:49.238138+01:00,e213f5e85eeab702dea9daa829698b6d,soccer_brazil_serie_b,Brazil Série B,2026-10-01T23:30:00+00:00,2026-10-02T00:30:00+01:00,Athletic Club (MG),Sport Recife,coral,Coral,2026-10-01T08:46:12Z,h2h,Athletic Club (MG),2.5,,0.4,0.3577981651376147,0.2
2026-10-01T08:47:49.238138+00:00,2026-10-01T09:47:49.238138+01:00,e213f5e85eeab702dea9daa829698b6d,soccer_brazil_serie_b,Brazil Série B,2026-10-01T23:30:00+00:00,2026-10-02T00:30:00+01:00,Athletic Club (MG),Sport Recife,coral,Coral,2026-10-01T08:46:12Z,h2h,Sport Recife,2.6,,0.3846153846153846,0.34403669724770636,0.2
2026-10-01T08:47:49.238138+00:00,2026-10-01T09:47:49.238138+01:00,e213f5e85eeab702dea9daa829698b6d,soccer_brazil_serie_b,Brazil Série B,2026-10-01T23:30:00+00:00,2026-10-02T00:30:00+01:00,Athletic Club (MG),Sport Recife,coral,Coral,2026-10-01T08:46:12Z,h2h,Draw,3.0,,0.3333333333333333,0.2981651376146789,0.2
2026-10-01T08:47:49.238138+00:00,2026-10-01T09:47:49.238138+01:00,e213f5e85eeab702dea9daa829698b6d,soccer_brazil_serie_b,Brazil Série B,2026-10-01T23:30:00+00:00,2026-10-02T00:30:00+01:00,Athletic Club (MG),Sport Recife,ladbrokes_uk,Ladbrokes,2026-10-01T08:47:19Z,h2h,Athletic Club (MG),2.5,,0.4,0.3577981651376147,0.2
2026-10-01T08:47:49.238138+00:00,2026-10-01T09:47:49.238138+01:00,e213f5e85eeab702dea9daa829698b6d,soccer_brazil_serie_b,Brazil Série B,2026-10-01T23:30:00+00:00,2026-10-02T00:30:00+01:00,Athletic Club (MG),Sport Recife,ladbrokes_uk,Ladbrokes,2026-10-01T08:47:19Z,h2h,Sport Recife,2.6,,0.3846153846153846,0.34403669724770636,0.2
2026-10-01T08:47:49.238138+00:00,2026-10-01T09:47:49.238138+01:00,e213f5e85eeab702dea9daa829698b6d,soccer_brazil_serie_b,Brazil Série B,2026-10-01T23:30:00+00:00,2026-10-02T00:30:00+01:00,Athletic Club (MG),Sport Recife,ladbrokes_uk,Ladbrokes,2026-10-01T08:47:19Z,h2h,Draw,3.0,,0.3333333333333333,0.2981651376146789,0.2
2026-10-01T08:47:49.238138+00:00,2026-10-01T09:47:49.238138+01:00,e213f5e85eeab702dea9daa829698b6d,soccer_brazil_serie_b,Brazil Série B,2026-10-01T23:30:00+00:00,2026-10-02T00:30:00+01:00,Athletic Club (MG),Sport Recife,sport888,888sport,2026-10-01T08:47:17Z,h2h,Athletic Club (MG),2.5,,0.4,0.36223352064936226,0.2
2026-10-01T08:47:49.238138+00:00,2026-10-01T09:47:49.238138+01:00,e213f5e85eeab702dea9daa829698b6d,soccer_brazil_serie_b,Brazil Série B,2026-10-01T23:30:00+00:00,2026-10-02T00:30:00+01:00,Athletic Club (MG),Sport Recife,sport888,888sport,2026-10-01T08:47:17Z,h2h,Sport Recife,2.62,,0.38167938931297707,0.3456426723753456,0.2
2026-10-01T08:47:49.238138+00:00,2026-10-01T09:47:49.238138+01:00,e213f5e85eeab702dea9daa829698b6d,soccer_brazil_serie_b,Brazil Série B,2026-10-01T23:30:00+00:00,2026-10-02T00:30:00+01:00,Athletic Club (MG),Sport Recife,sport888,888sport,2026-10-01T08:47:17Z,h2h,Draw,3.1,,0.3225806451612903,0.2921238069752921,0.2
2026-10-01T08:47:49.238138+00:00,2026-10-01T09:47:49.238138+01:00,e213f5e85eeab702dea9daa829698b6d,soccer_brazil_serie_b,Brazil Série B,2026-10-01T23:30:00+00:00,2026-10-02T00:30:00+01:00,Athletic Club (MG),Sport Recife,williamhill,William Hill,2026-10-01T08:46:59Z,h2h,Athletic Club (MG),2.5,,0.4,0.36223352064936226,0.2
2026-10-01T08:47:49.238138+00:00,2026-10-01T09:47:49.238138+01:00,e213f5e85eeab702dea9daa829698b6d,soccer_brazil_serie_b,Brazil Série B,2026-10-01T23:30:00+00:00,2026-10-02T00:30:00+01:00,Athletic Club (MG),Sport Recife,williamhill,William Hill,2026-10-01T08:46:59Z,h2h,Sport Recife,2.62,,0.38167938931297707,0.3456426723753456,0.2
2026-10-01T08:47:49.238138+00:00,2026-10-01T09:47:49.238138+01:00,e213f5e85eeab702dea9daa829698b6d,soccer_brazil_serie_b,Brazil Série B,2026-10-01T23:30:00+00:00,2026-10-02T00:30:00+01:00,Athletic Club (MG),Sport Recife,williamhill,William Hill,2026-10-01T08:46:59Z,h2h,Draw,3.1,,0.3225806451612903,0.2921238069752921,0.2
2026-10-01T08:47:49.238138+00:00,2026-10-01T09:47:49.238138+01:00,e213f5e85eeab702dea9daa829698b6d,soccer_brazil_serie_b,Brazil Série B,2026-10-01T23:30:00+00:00,2026-10-02T00:30:00+01:00,Athletic Club (MG),Sport Recife,boylesports,BoyleSports,2026-10-01T08:47:21Z,h2h,Athletic Club (MG),2.5,,0.4,0.3541568811648661,0.2
2026-10-01T08:47:49.238138+00:00,2026-10-01T09:47:49.238138+01:00,e213f5e85eeab702dea9daa829698b6d,soccer_brazil_serie_b,Brazil Série B,2026-10-01T23:30:00+00:00,2026-10-02T00:30:00+01:00,Athletic Club (MG),Sport Recife,boylesports,BoyleSports,2026-10-01T08:47:21Z,h2h,Sport Recife,2.6,,0.3846153846153846,0.3405354626585251,0.2
2026-10-01T08:47:49.238138+00:00,2026-10-01T09:47:49.238138+01:00,e213f5e85eeab702dea9daa829698b6d,soccer_brazil_serie_b,Brazil Série B,2026-10-01T23:30:00+00:00,2026-10-02T00:30:00+01:00,Athletic Club (MG),Sport Recife,boylesports,BoyleSports,2026-10-01T08:47:21Z,h2h,Draw,2.9,,0.3448275862068966,0.3053076561766087,0.2
2026-10-01T08:47:49.238138+00:00,2026-10-01T09:47:49.238138+01:00,e213f5e85eeab702dea9daa829698b6d,soccer_brazil_serie_b,Brazil Série B,2026-10-01T23:30:00+00:00,2026-10-02T00:30:00+01:00,Athletic Club (MG),Sport Recife,matchbook,Matchbook,2026-10-01T08:47:48Z,h2h,Athletic Club (MG),2.78,,0.3597122302158274,0.35452665388956645,0.2
2026-10-01T08:47:49.238138+00:00,2026-10-01T09:47:49.238138+01:00,e213f5e85eeab702dea9daa829698b6d,soccer_brazil_serie_b,Brazil Série B,2026-10-01T23:30:00+00:00,2026-10-02T00:30:00+01:00,Athletic Club (MG),Sport Recife,matchbook,Matchbook,2026-10-01T08:47:48Z,h2h,Sport Recife,2.88,,0.3472222222222222,0.34221670062951204,0.2
2026-10-01T08:47:49.238138+00:00,2026-10-01T09:47:49.238138+01:00,e213f5e85eeab702dea9daa829698b6d,soccer_brazil_serie_b,Brazil Série B,2026-10-01T23:30:00+00:00,2026-10-02T00:30:00+01:00,Athletic Club (MG),Sport Recife,matchbook,Matchbook,2026-10-01T08:47:48Z,h2h,Draw,3.25,,0.3076923076923077,0.30325664548092146,0.2
2026-10-01T08:47:49.238138+00:00,2026-10-01T09:47:49.238138+01:00,e213f5e85eeab702dea9daa829698b6d,soccer_brazil_serie_b,Brazil Série B,2026-10-01T23:30:00+00:00,2026-10-02T00:30:00+01:00,Athletic Club (MG),Sport Recife,matchbook,Matchbook,2026-10-01T08:47:48Z,h2h_lay,Athletic Club (MG),2.82,,0.3546099290780142,1.0,0.2
2026-10-01T08:47:49.238138+00:00,2026-10-01T09:47:49.238138+01:00,e213f5e85eeab702dea9daa829698b6d,soccer_brazil_serie_b,Brazil Série B,2026-10-01T23:30:00+00:00,2026-10-02T00:30:00+01:00,Athletic Club (MG),Sport Recife,matchbook,Matchbook,2026-10-01T08:47:48Z,h2h_lay,Sport Recife,2.96,,0.33783783783783783,1.0,0.2
2026-10-01T08:47:49.238138+00:00,2026-10-01T09:47:49.238138+01:00,e213f5e85eeab702dea9daa829698b6d,soccer_brazil_serie_b,Brazil Série B,2026-10-01T23:30:00+00:00,2026-10-02T00:30:00+01:00,Athletic Club (MG),Sport Recife,matchbook,Matchbook,2026-10-01T08:47:48Z,h2h_lay,Draw,3.35,,0.29850746268656714,1.0,0.2
2026-10-01T08:47:49.238138+00:00,2026-10-01T09:47:49.238138+01:00,e213f5e85eeab702dea9daa829698b6d,soccer_brazil_serie_b,Brazil Série B,2026-10-01T23:30:00+00:00,2026-10-02T00:30:00+01:00,Athletic Club (MG),Sport Recife,betfair_ex_uk,Betfair,2026-10-01T08:47:48Z,h2h,Athletic Club (MG),2.76,,0.3623188405797102,0.3561806475181515,0.2
2026-10-01T08:47:49.238138+00:00,2026-10-01T09:47:49.238138+01:00,e213f5e85eeab702dea9daa829698b6d,soccer_brazil_serie_b,Brazil Série B,2026-10-01T23:30:00+00:00,2026-10-02T00:30:00+01:00,Athletic Club (MG),Sport Recife,betfair_ex_uk,Betfair,2026-10-01T08:47:48Z,h2h,Sport Recife,2.88,,0.3472222222222222,0.3413397872048951,0.2
2026-10-01T08:47:49.238138+00:00,2026-10-01T09:47:49.238138+01:00,e213f5e85eeab702dea9daa829698b6d,soccer_brazil_serie_b,Brazil Série B,2026-10-01T23:30:00+00:00,2026-10-02T00:30:00+01:00,Athletic Club (MG),Sport Recife,betfair_ex_uk,Betfair,2026-10-01T08:47:48Z,h2h,Draw,3.25,,0.3076923076923077,0.30247956527695324,0.2
2026-10-01T08:47:49.238138+00:00,2026-10-01T09:47:49.238138+01:00,e213f5e85eeab702dea9daa829698b6d,soccer_brazil_serie_b,Brazil Série B,2026-10-01T23:30:00+00:00,2026-10-02T00:30:00+01:00,Athletic Club (MG),Sport Recife,betfair_ex_uk,Betfair,2026-10-01T08:47:48Z,h2h_lay,Athletic Club (MG),2.82,,0.3546099290780142,1.0,0.2
2026-10-01T08:47:49.238138+00:00,2026-10-01T09:47:49.238138+01:00,e213f5e85eeab702dea9daa829698b6d,soccer_brazil_serie_b,Brazil Série B,2026-10-01T23:30:00+00:00,2026-10-02T00:30:00+01:00,Athletic Club (MG),Sport Recife,betfair_ex_uk,Betfair,2026-10-01T08:47:48Z,h2h_lay,Sport Recife,2.96,,0.33783783783783783,1.0,0.2
2026-10-01T08:47:49.238138+00:00,2026-10-01T09:47:49.238138+01:00,e213f5e85eeab702dea9daa829698b6d,soccer_brazil_serie_b,Brazil Série B,2026-10-01T23:30:00+00:00,2026-10-02T00:30:00+01:00,Athletic Club (MG),Sport Recife,betfair_ex_uk,Betfair,2026-10-01T08:47:48Z,h2h_lay,Draw,3.35,,0.29850746268656714,1.0,0.2
2026-10-01T08:47:49.238138+00:00,2026-10-01T09:47:49.238138+01:00,2a42fc2dbde835ff11aa67b6f47c7fe8,soccer_brazil_serie_b,Brazil Série B,2026-10-02T00:00:00+00:00,2026-10-02T01:00:00+01:00,Grêmio Novorizontino,Goiás,livescorebet,LiveScore Bet,2026-10-01T08:46:59Z,h2h,Goiás,4.75,,0.21052631578947367,0.18891448705786693,0.2
2026-10-01T08:47:49.238138+00:00,2026-10-01T09:47:49.238138+01:00,2a42fc2dbde835ff11aa67b6f47c7fe8,soccer_brazil_serie_b,Brazil Série B,2026-10-02T00:00:00+00:00,2026-10-02T01:00:00+01:00,Grêmio Novorizontino,Goiás,livescorebet,LiveScore Bet,2026-10-01T08:46:59Z,h2h,Grêmio Novorizontino,1.64,,0.6097560975609756,0.5471608619054072,0.2
2026-10-01T08:47:49.238138+00:00,2026-10-01T09:47:49.238138+01:00,2a42fc2dbde835ff11aa67b6f47c7fe8,soccer_brazil_serie_b,Brazil Série B,2026-10-02T00:00:00+00:00,2026-10-02T01:00:00+01:00,Grêmio Novorizontino,Goiás,livescorebet,LiveScore Bet,2026-10-01T08:46:59Z,h2h,Draw,3.4,,0.29411764705882354,0.26392465103672585,0.2
2026-10-01T08:47:49.238138+00:00,2026-10-01T09:47:49.238138+01:00,2a42fc2dbde835ff11aa67b6f47c7fe8,soccer_brazil_serie_b,Brazil Série B,2026-10-02T00:00:00+00:00,2026-10-02T01:00:00+01:00,Grêmio Novorizontino,Goiás,casumo,Casumo,2026-10-01T08:47:18Z,h2h,Goiás,5.0,,0.2,0.18571339602665507,0.2
2026-10-01T08:47:49.238138+00:00,2026-10-01T09:47:49.238138+01:00,2a42fc2dbde835ff11aa67b6f47c7fe8,soccer_brazil_serie_b,Brazil Série B,2026-10-02T00:00:00+00:00,2026-10-02T01:00:00+01:00,Grêmio Novorizontino,Goiás,casumo,Casumo,2026-10-01T08:47:18Z,h2h,Grêmio Novorizontino,1.68,,0.5952380952380952,0.552718440555521,0.2
2026-10-01T08:47:49.238138+00:00,2026-10-01T09:47:49.238138+01:00,2a42fc2dbde835ff11aa67b6f47c7fe8,soccer_brazil_serie_b,Brazil Série B,2026-10-02T00:00:00+00:00,2026-10-02T01:00:00+01:00,Grêmio Novorizontino,Goiás,casumo,Casumo,2026-10-01T08:47:18Z,h2h,Draw,3.55,,0.28169014084507044,0.261568163417824,0.2
2026-10-01T08:47:49.238138+00:00,2026-10-01T09:47:49.238138+01:00,2a42fc2dbde835ff11aa67b6f47c7fe8,soccer_brazil_serie_b,Brazil Série B,2026-10-02T00:00:00+00:00,2026-10-02T01:00:00+01:00,Grêmio Novorizontino,Goiás,virginbet,Virgin Bet,2026-10-01T08:47:00Z,h2h,Goiás,4.75,,0.21052631578947367,0.18891448705786693,0.2
2026-10-01T08:47:49.238138+00:00,2026-10-01T09:47:49.238138+01:00,2a42fc2dbde835ff11aa67b6f47c7fe8,soccer_brazil_serie_b,Brazil Série B,2026-10-02T00:00:00+00:00,2026-10-02T01:00:00+01:00,Grêmio Novorizontino,Goiás,virginbet,Virgin Bet,2026-10-01T08:47:00Z,h2h,Grêmio Novorizontino,1.64,,0.6097560975609756,0.5471608619054072,0.2
2026-10-01T08:47:49.238138+00:00,2026-10-01T09:47:49.238138+01:00,2a42fc2dbde835ff11aa67b6f47c7fe8,soccer_brazil_serie_b,Brazil Série B,2026-10-02T00:00:00+00:00,2026-10-02T01:00:00+01:00,Grêmio Novorizontino,Goiás,virginbet,Virgin Bet,2026-10-01T08:47:00Z,h2h,Draw,3.4,,0.29411764705882354,0.26392465103672585,0.2
2026-10-01T08:47:49.238138+00:00,2026-10-01T09:47:49.238138+01:00,2a42fc2dbde835ff11aa67b6f47c7fe8,soccer_brazil_serie_b,Brazil Série B,2026-10-02T00:00:00+00:00,2026-10-02T01:00:00+01:00,Grêmio Novorizontino,Goiás,grosvenor,Grosvenor,2026-10-01T08:46:59Z,h2h,Goiás,4.75,,0.21052631578947367,0.18891448705786693,0.2
2026-10-01T08:47:49.238138+00:00,2026-10-01T09:47:49.238138+01:00,2a42fc2dbde835ff11aa67b6f47c7fe8,soccer_brazil_serie_b,Brazil Série B,2026-10-02T00:00:00+00:00,2026-10-02T01:00:00+01:00,Grêmio Novorizontino,Goiás,grosvenor,Grosvenor,2026-10-01T08:46:59Z,h2h,Grêmio Novorizontino,1.64,,0.6097560975609756,0.5471608619054072,0.2
2026-10-01T08:47:49.238138+00:00,2026-10-01T09:47:49.238138+01:00,2a42fc2dbde835ff11aa67b6f47c7fe8,soccer_brazil_serie_b,Brazil Série B,2026-10-02T00:00:00+00:00,2026-10-02T01:00:00+01:00,Grêmio Novorizontino,Goiás,grosvenor,Grosvenor,2026-10-01T08:46:59Z,h2h,Draw,3.4,,0.29411764705882354,0.26392465103672585,0.2
2026-10-01T08:47:49.238138+00:00,2026-10-01T09:47:49.238138+01:00,2a42fc2dbde835ff11aa67b6f47c7fe8,soccer_brazil_serie_b,Brazil Série B,2026-10-02T00:00:00+00:00,2026-10-02T01:00:00+01:00,Grêmio Novorizontino,Goiás,betfred_uk,Betfred (UK),2026-10-01T08:47:35Z,h2h,Goiás,5.0,,0.2,0.18006430868167203,0.2
2026-10-01T08:47:49.238138+00:00,2026-10-01T09:47:49.238138+01:00,2a42fc2dbde835ff11aa67b6f47c7fe8,soccer_brazil_serie_b,Brazil Série B,2026-10-02T00:00:00+00:00,2026-10-02T01:00:00+01:00,Grêmio Novorizontino,Goiás,betfred_uk,Betfred (UK),2026-10-01T08:47:35Z,h2h,Grêmio Novorizontino,1.6,,0.625,0.562700964630225,0.2
2026-10-01T08:47:49.238138+00:00,2026-10-01T09:47:49.238138+01:00,2a42fc2dbde835ff11aa67b6f47c7fe8,soccer_brazil_serie_b,Brazil Série B,2026-10-02T00:00:00+00:00,2026-10-02T01:00:00+01:00,Grêmio Novorizontino,Goiás,betfred_uk,Betfred (UK),2026-10-01T08:47:35Z,h2h,Draw,3.5,,0.2857142857142857,0.2572347266881029,0.2
2026-10-01T08:47:49.238138+00:00,2026-10-01T09:47:49.238138+01:00,2a42fc2dbde835ff11aa67b6f47c7fe8,soccer_brazil_serie_b,Brazil Série B,2026-10-02T00:00:00+00:00,2026-10-02T01:00:00+01:00,Grêmio Novorizontino,Goiás,leovegas,LeoVegas,2026-10-01T08:47:18Z,h2h,Goiás,5.2,,0.1923076923076923,0.17933561886747842,0.2
2026-10-01T08:47:49.238138+00:00,2026-10-01T09:47:49.238138+01:00,2a42fc2dbde835ff11aa67b6f47c7fe8,soccer_brazil_serie_b,Brazil Série B,2026-10-02T00:00:00+00:00,2026-10-02T01:00:00+01:00,Grêmio Novorizontino,Goiás,leovegas,LeoVegas,2026-10-01T08:47:18Z,h2h,Grêmio Novorizontino,1.64,,0.6097560975609756,0.5686251329944438,0.2
2026-10-01T08:47:49.238138+00:00,2026-10-01T09:47:49.238138+01:00,2a42fc2dbde835ff11aa67b6f47c7fe8,soccer_brazil_serie_b,Brazil Série B,2026-10-02T00:00:00+00:00,2026-10-02T01:00:00+01:00,Grêmio Novorizontino,Goiás,leovegas,LeoVegas,2026-10-01T08:47:18Z,h2h,Draw,3.7,,0.27027027027027023,0.25203924813807776,0.2
2026-10-01T08:47:49.238138+00:00,2026-10-01T09:47:49.238138+01:00,2a42fc2dbde835ff11aa67b6f47c7fe8,soccer_brazil_serie_b,Brazil Série B,2026-10-02T00:00:00+00:00,2026-10-02T01:00:00+01:00,Grêmio Novorizontino,Goiás,unibet_uk,Unibet (UK),2026-10-01T08:47:50Z,h2h,Goiás,5.25,,0.19047619047619047,0.17854792717701248,0.2
2026-10-01T08:47:49.238138+00:00,2026-10-01T09:47:49.238138+01:00,2a42fc2dbde835ff11aa67b6f47c7fe8,soccer_brazil_serie_b,Brazil Série B,2026-10-02T00:00:00+00:00,2026-10-02T01:00:00+01:00,Grêmio Novorizontino,Goiás,unibet_uk,Unibet (UK),2026-10-01T08:47:50Z,h2h,Grêmio Novorizontino,1.65,,0.6060606060606061,0.5681070410177671,0.2
2026-10-01T08:47:49.238138+00:00,2026-10-01T09:47:49.238138+01:00,2a42fc2dbde835ff11aa67b6f47c7fe8,soccer_brazil_serie_b,Brazil Série B,2026-10-02T00:00:00+00:00,2026-10-02T01:00:00+01:00,Grêmio Novorizontino,Goiás,unibet_uk,Unibet (UK),2026-10-01T08:47:50Z,h2h,Draw,3.7,,0.27027027027027023,0.2533450318052204,0.2
2026-10-01T08:47:49.238138+00:00,2026-10-01T09:47:49.238138+01:00,2a42fc2dbde835ff11aa67b6f47c7fe8,soccer_brazil_serie_b,Brazil Série B,2026-10-02T00:00:00+00:00,2026-10-02T01:00:00+01:00,Grêmio Novorizontino,Goiás,paddypower,Paddy Power,2026-10-01T08:46:29Z,h2h,Goiás,5.0,,0.2,0.18260333127698952,0.2
2026-10-01T08:47:49.238138+00:00,2026-10-01T09:47:49.238138+01:00,2a42fc2dbde835ff11aa67b6f47c7fe8,soccer_brazil_serie_b,Brazil Série B,2026-10-02T00:00:00+00:00,2026-10-02T01:00:00+01:00,Grêmio Novorizontino,Goiás,paddypower,Paddy Power,2026-10-01T08:46:29Z,h2h,Grêmio Novorizontino,1.6,,0.625,0.5706354102405922,0.2
2026-10-01T08:47:49.238138+00:00,2026-10-01T09:47:49.238138+01:00,2a42fc2dbde835ff11aa67b6f47c7fe8,soccer_brazil_serie_b,Brazil Série B,2026-10-02T00:00:00+00:00,2026-10-02T01:00:00+01:00,Grêmio Novorizontino,Goiás,paddypower,Paddy Power,2026-10-01T08:46:29Z,h2h,Draw,3.7,,0.27027027027027023,0.2467612584824182,0.2
2026-10-01T08:47:49.238138+00:00,2026-10-01T09:47:49.238138+01:00,2a42fc2dbde835ff11aa67b6f47c7fe8,soccer_brazil_serie_b,Brazil Série B,2026-10-02T00:00:00+00:00,2026-10-02T01:00:00+01:00,Grêmio Novorizontino,Goiás,smarkets,Smarkets,2026-10-01T08:47:48Z,h2h,Goiás,6.0,,0.16666666666666666,0.16423712342079688,0.2
2026-10-01T08:47:49.238138+00:00,2026-10-01T09:47:49.238138+01:00,2a42fc2dbde835ff11aa67b6f47c7fe8,soccer_brazil_serie_b,Brazil Série B,2026-10-02T00:00:00+00:00,2026-10-02T01:00:00+01:00,Grêmio Novorizontino,Goiás,smarkets,Smarkets,2026-10-01T08:47:48Z,h2h,Grêmio Novorizontino,1.69,,0.591715976331361,0.5830903790087464,0.2
2026-10-01T08:47:49.238138+00:00,2026-10-01T09:47:49.238138+01:00,2a42fc2dbde835ff11aa67b6f47c7fe8,soccer_brazil_serie_b,Brazil Série B,2026-10-02T00:00:00+00:00,2026-10-02T01:00:00+01:00,Grêmio Novorizontino,Goiás,smarkets,Smarkets,2026-10-01T08:47:48Z,h2h,Draw,3.9,,0.25641025641025644,0.2526724975704568,0.2
2026-10-01T08:47:49.238138+00:00,2026-10-01T09:47:49.238138+01:00,2a42fc2dbde835ff11aa67b6f47c7fe8,soccer_brazil_serie_b,Brazil Série B,2026-10-02T00:00:00+00:00,2026-10-02T01:00:00+01:00,Grêmio Novorizontino,Goiás,smarkets,Smarkets,2026-10-01T08:47:48Z,h2h_lay,Goiás,6.2,,0.16129032258064516,1.0,0.2
2026-10-01T08:47:49.238138+00:00,2026-10-01T09:47:49.238138+01:00,2a42fc2dbde835ff11aa67b6f47c7fe8,soccer_brazil_serie_b,Brazil Série B,2026-10-02T00:00:00+00:00,2026-10-02T01:00:00+01:00,Grêmio Novorizontino,Goiás,smarkets,Smarkets,2026-10-01T08:47:48Z,h2h_lay,Grêmio Novorizontino,1.72,,0.5813953488372093,1.0,0.2
2026-10-01T08:47:49.238138+00:00,2026-10-01T09:47:49.238138+01:00,2a42fc2dbde835ff11aa67b6f47c7fe8,soccer_brazil_serie_b,Brazil Série B,2026-10-02T00:00:00+00:00,2026-10-02T01:00:00+01:00,Grêmio Novorizontino,Goiás,smarkets,Smarkets,2026-10-01T08:47:48Z,h2h_lay,Draw,4.0,,0.25,1.0,0.2
2026-10-01T08:47:49.238138+00:00,2026-10-01T09:47:49.238138+01:00,2a42fc2dbde835ff11aa67b6f47c7fe8,soccer_brazil_serie_b,Brazil Série B,2026-10-02T00:00:00+00:00,2026-10-02T01:00:00+01:00,Grêmio Novorizontino,Goiás,sport888,888sport,2026-10-01T08:47:17Z,h2h,Goiás,4.8,,0.20833333333333334,0.1881573821581613,0.2
2026-10-01T08:47:49.238138+00:00,2026-10-01T09:47:49.238138+01:00,2a42fc2dbde835ff11aa67b6f47c7fe8,soccer_brazil_serie_b,Brazil Série B,2026-10-02T00:00:00+00:00,2026-10-02T01:00:00+01:00,Grêmio Novorizontino,Goiás,sport888,888sport,2026-10-01T08:47:17Z,h2h,Grêmio Novorizontino,1.61,,0.6211180124223602,0.5609661082976237,0.2
2026-10-01T08:47:49.238138+00:00,2026-10-01T09:47:49.238138+01:00,2a42fc2dbde835ff11aa67b6f47c7fe8,soccer_brazil_serie_b,Brazil Série B,2026-10-02T00:00:00+00:00,2026-10-02T01:00:00+01:00,Grêmio Novorizontino,Goiás,sport888,888sport,2026-10-01T08:47:17Z,h2h,Draw,3.6,,0.2777777777777778,0.2508765095442151,0.2
2026-10-01T08:47:49.238138+00:00,2026-10-01T09:47:49.238138+01:00,2a42fc2dbde835ff11aa67b6f47c7fe8,soccer_brazil_serie_b,Brazil Série B,2026-10-02T00:00:00+00:00,2026-10-02T01:00:00+01:00,Grêmio Novorizontino,Goiás,williamhill,William Hill,2026-10-01T08:46:59Z,h2h,Goiás,4.8,,0.20833333333333334,0.18881118881118883,0.2
2026-10-01T08:47:49.238138+00:00,2026-10-01T09:47:49.238138+01:00,2a42fc2dbde835ff11aa67b6f47c7fe8,soccer_brazil_serie_b,Brazil Série B,2026-10-02T00:00:00+00:00,2026-10-02T01:00:00+01:00,Grêmio Novorizontino,Goiás,williamhill,William Hill,2026-10-01T08:46:59Z,h2h,Grêmio Novorizontino,1.62,,0.6172839506172839,0.5594405594405595,0.2
2026-10-01T08:47:49.238138+00:00,2026-10-01T09:47:49.238138+01:00,2a42fc2dbde835ff11aa67b6f47c7fe8,soccer_brazil_serie_b,Brazil Série B,2026-10-02T00:00:00+00:00,2026-10-02T01:00:00+01:00,Grêmio Novorizontino,Goiás,williamhill,William Hill,2026-10-01T08:46:59Z,h2h,Draw,3.6,,0.2777777777777778,0.2517482517482518,0.2
2026-10-01T08:47:49.238138+00:00,2026-10-01T09:47:49.238138+01:00,2a42fc2dbde835ff11aa67b6f47c7fe8,soccer_brazil_serie_b,Brazil Série B,2026-10-02T00:00:00+00:00,2026-10-02T01:00:00+01:00,Grêmio Novorizontino,Goiás,coral,Coral,2026-10-01T08:46:12Z,h2h,Goiás,4.8,,0.20833333333333334,0.1868182873056394,0.2
2026-10-01T08:47:49.238138+00:00,2026-10-01T09:47:49.238138+01:00,2a42fc2dbde835ff11aa67b6f47c7fe8,soccer_brazil_serie_b,Brazil Série B,2026-10-02T00:00:00+00:00,2026-10-02T01:00:00+01:00,Grêmio Novorizontino,Goiás,coral,Coral,2026-10-01T08:46:12Z,h2h,Grêmio Novorizontino,1.61,,0.6211180124223602,0.5569737758180553,0.2
2026-10-01T08:47:49.238138+00:00,2026-10-01T09:47:49.238138+01:00,2a42fc2dbde835ff11aa67b6f47c7fe8,soccer_brazil_serie_b,Brazil Série B,2026-10-02T00:00:00+00:00,2026-10-02T01:00:00+01:00,Grêmio Novorizontino,Goiás,coral,Coral,2026-10-01T08:46:12Z,h2h,Draw,3.5,,0.2857142857142857,0.25620793687630544,0.2
2026-10-01T08:47:49.238138+00:00,2026-10-01T09:47:49.238138+01:00,2a42fc2dbde835ff11aa67b6f47c7fe8,soccer_brazil_serie_b,Brazil Série B,2026-10-02T00:00:00+00:00,2026-10-02T01:00:00+01:00,Grêmio Novorizontino,Goiás,ladbrokes_uk,Ladbrokes,2026-10-01T08:47:19Z,h2h,Goiás,4.8,,0.20833333333333334,0.1868182873056394,0.2
2026-10-01T08:47:49.238138+00:00,2026-10-01T09:47:49.238138+01:00,2a42fc2dbde835ff11aa67b6f47c7fe8,soccer_brazil_serie_b,Brazil Série B,2026-10-02T00:00:00+00:00,2026-10-02T01:00:00+01:00,Grêmio Novorizontino,Goiás,ladbrokes_uk,Ladbrokes,2026-10-01T08:47:19Z,h2h,Grêmio Novorizontino,1.61,,0.6211180124223602,0.5569737758180553,0.2
2026-10-01T08:47:49.238138+00:00,2026-10-01T09:47:49.238138+01:00,2a42fc2dbde835ff11aa67b6f47c7fe8,soccer_brazil_serie_b,Brazil Série B,2026-10-02T00:00:00+00:00,2026-10-02T01:00:00+01:00,Grêmio Novorizontino,Goiás,ladbrokes_uk,Ladbrokes,2026-10-01T08:47:19Z,h2h,Draw,3.5,,0.2857142857142857,0.25620793687630544,0.2
2026-10-01T08:47:49.238138+00:00,2026-10-01T09:47:49.238138+01:00,2a42fc2dbde835ff11aa67b6f47c7fe8,soccer_brazil_serie_b,Brazil Série B,2026-10-02T00:00:00+00:00,2026-10-02T01:00:00+01:00,Grêmio Novorizontino,Goiás,betano_uk,Betano (UK),2026-10-01T08:46:56Z,h2h,Goiás,5.25,,0.19047619047619047,0.17234597264785254,0.2
2026-10-01T08:47:49.238138+00:00,2026-10-01T09:47:49.238138+01:00,2a42fc2dbde835ff11aa67b6f47c7fe8,soccer_brazil_serie_b,Brazil Série B,2026-10-02T00:00:00+00:00,2026-10-02T01:00:00+01:00,Grêmio Novorizontino,Goiás,betano_uk,Betano (UK),2026-10-01T08:46:56Z,h2h,Grêmio Novorizontino,1.57,,0.6369426751592356,0.5763161505740292,0.2
2026-10-01T08:47:49.238138+00:00,2026-10-01T09:47:49.238138+01:00,2a42fc2dbde835ff11aa67b6f47c7fe8,soccer_brazil_serie_b,Brazil Série B,2026-10-02T00:00:00+00:00,2026-10-02T01:00:00+01:00,Grêmio Novorizontino,Goiás,betano_uk,Betano (UK),2026-10-01T08:46:56Z,h2h,Draw,3.6,,0.2777777777777778,0.2513378767781183,0.2
2026-10-01T08:47:49.238138+00:00,2026-10-01T09:47:49.238138+01:00,2a42fc2dbde835ff11aa67b6f47c7fe8,soccer_brazil_serie_b,Brazil Série B,2026-10-02T00:00:00+00:00,2026-10-02T01:00:00+01:00,Grêmio Novorizontino,Goiás,betvictor,Bet Victor,2026-10-01T08:46:27Z,h2h,Goiás,5.25,,0.19047619047619047,0.17234597264785254,0.2
2026-10-01T08:47:49.238138+00:00,2026-10-01T09:47:49.238138+01:00,2a42fc2dbde835ff11aa67b6f47c7fe8,soccer_brazil_serie_b,Brazil Série B,2026-10-02T00:00:00+00:00,2026-10-02T01:00:00+01:00,Grêmio Novorizontino,Goiás,betvictor,Bet Victor,2026-10-01T08:46:27Z,h2h,Grêmio Novorizontino,1.57,,0.6369426751592356,0.5763161505740292,0.2
2026-10-01T08:47:49.238138+00:00,2026-10-01T09:47:49.238138+01:00,2a42fc2dbde835ff11aa67b6f47c7fe8,soccer_brazil_serie_b,Brazil Série B,2026-10-02T00:00:00+00:00,2026-10-02T01:00:00+01:00,Grêmio Novorizontino,Goiás,betvictor,Bet Victor,2026-10-01T08:46:27Z,h2h,Draw,3.6,,0.2777777777777778,0.2513378767781183,0.2
2026-10-01T08:47:49.238138+00:00,2026-10-01T09:47:49.238138+01:00,2a42fc2dbde835ff11aa67b6f47c7fe8,soccer_brazil_serie_b,Brazil Série B,2026-10-02T00:00:00+00:00,2026-10-02T01:00:00+01:00,Grêmio Novorizontino,Goiás,betway,Betway,2026-10-01T08:47:35Z,h2h,Goiás,5.25,,0.19047619047619047,0.177228023927811,0.2
2026-10-01T08:47:49.238138+00:00,2026-10-01T09:47:49.238138+01:00,2a42fc2dbde835ff11aa67b6f47c7fe8,soccer_brazil_serie_b,Brazil Série B,2026-10-02T00:00:00+00:00,2026-10-02T01:00:00+01:00,Grêmio Novorizontino,Goiás,betway,Betway,2026-10-01T08:47:35Z,h2h,Grêmio Novorizontino,1.61,,0.6211180124223602,0.5779174693298185,0.2
2026-10-01T08:47:49.238138+00:00,2026-10-01T09:47:49.238138+01:00,2a42fc2dbde835ff11aa67b6f47c7fe8,soccer_brazil_serie_b,Brazil Série B,2026-10-02T00:00:00+00:00,2026-10-02T01:00:00+01:00,Grêmio Novorizontino,Goiás,betway,Betway,2026-10-01T08:47:35Z,h2h,Draw,3.8,,0.2631578947368421,0.24485450674237047,0.2
2026-10-01T08:47:49.238138+00:00,2026-10-01T09:47:49.238138+01:00,2a42fc2dbde835ff11aa67b6f47c7fe8,soccer_brazil_serie_b,Brazil Série B,2026-10-02T00:00:00+00:00,2026-10-02T01:00:00+01:00,Grêmio Novorizontino,Goiás,betfair_sb_uk,Betfair Sportsbook,2026-10-01T08:47:00Z,h2h,Goiás,5.0,,0.2,0.18510945393312486,0.2
2026-10-01T08:47:49.238138+00:00,2026-10-01T09:47:49.238138+01:00,2a42fc2dbde835ff11aa67b6f47c7fe8,soccer_brazil_serie_b,Brazil Série B,2026-10-02T00:00:00+00:00,2026-10-02T01:00:00+01:00,Grêmio Novorizontino,Goiás,betfair_sb_uk,Betfair Sportsbook,2026-10-01T08:47:00Z,h2h,Grêmio Novorizontino,1.62,,0.6172839506172839,0.5713254751022372,0.2
2026-10-01T08:47:49.238138+00:00,2026-10-01T09:47:49.238138+01:00,2a42fc2dbde835ff11aa67b6f47c7fe8,soccer_brazil_serie_b,Brazil Série B,2026-10-02T00:00:00+00:00,2026-10-02T01:00:00+01:00,Grêmio Novorizontino,Goiás,betfair_sb_uk,Betfair Sportsbook,2026-10-01T08:47:00Z,h2h,Draw,3.8,,0.2631578947368421,0.24356507096463795,0.2
2026-10-01T08:47:49.238138+00:00,2026-10-01T09:47:49.238138+01:00,2a42fc2dbde835ff11aa67b6f47c7fe8,soccer_brazil_serie_b,Brazil Série B,2026-10-02T00:00:00+00:00,2026-10-02T01:00:00+01:00,Grêmio Novorizontino,Goiás,boylesports,BoyleSports,2026-10-01T08:47:21Z,h2h,Goiás,5.0,,0.2,0.17814880855892368,0.2
2026-10-01T08:47:49.238138+00:00,2026-10-01T09:47:49.238138+01:00,2a42fc2dbde835ff11aa67b6f47c7fe8,soccer_brazil_serie_b,Brazil Série B,2026-10-02T00:00:00+00:00,2026-10-02T01:00:00+01:00,Grêmio Novorizontino,Goiás,boylesports,BoyleSports,2026-10-01T08:47:21Z,h2h,Grêmio Novorizontino,1.57,,0.6369426751592356,0.5673528934997568,0.2
2026-10-01T08:47:49.238138+00:00,2026-10-01T09:47:49.238138+01:00,2a42fc2dbde835ff11aa67b6f47c7fe8,soccer_brazil_serie_b,Brazil Série B,2026-10-02T00:00:00+00:00,2026-10-02T01:00:00+01:00,Grêmio Novorizontino,Goiás,boylesports,BoyleSports,2026-10-01T08:47:21Z,h2h,Draw,3.5,,0.2857142857142857,0.2544982979413195,0.2
2026-10-01T08:47:49.238138+00:00,2026-10-01T09:47:49.238138+01:00,2a42fc2dbde835ff11aa67b6f47c7fe8,soccer_brazil_serie_b,Brazil Série B,2026-10-02T00:00:00+00:00,2026-10-02T01:00:00+01:00,Grêmio Novorizontino,Goiás,matchbook,Matchbook,2026-10-01T08:47:48Z,h2h,Goiás,6.0,,0.16666666666666666,0.16423712342079688,0.2
2026-10-01T08:47:49.238138+00:00,2026-10-01T09:47:49.238138+01:00,2a42fc2dbde835ff11aa67b6f47c7fe8,soccer_brazil_serie_b,Brazil Série B,2026-10-02T00:00:00+00:00,2026-10-02T01:00:00+01:00,Grêmio Novorizontino,Goiás,matchbook,Matchbook,2026-10-01T08:47:48Z,h2h,Grêmio Novorizontino,1.69,,0.591715976331361,0.5830903790087464,0.2
2026-10-01T08:47:49.238138+00:00,2026-10-01T09:47:49.238138+01:00,2a42fc2dbde835ff11aa67b6f47c7fe8,soccer_brazil_serie_b,Brazil Série B,2026-10-02T00:00:00+00:00,2026-10-02T01:00:00+01:00,Grêmio Novorizontino,Goiás,matchbook,Matchbook,2026-10-01T08:47:48Z,h2h,Draw,3.9,,0.25641025641025644,0.2526724975704568,0.2
2026-10-01T08:47:49.238138+00:00,2026-10-01T09:47:49.238138+01:00,2a42fc2dbde835ff11aa67b6f47c7fe8,soccer_brazil_serie_b,Brazil Série B,2026-10-02T00:00:00+00:00,2026-10-02T01:00:00+01:00,Grêmio Novorizontino,Goiás,matchbook,Matchbook,2026-10-01T08:47:48Z,h2h_lay,Goiás,6.2,,0.16129032258064516,1.0,0.2
2026-10-01T08:47:49.238138+00:00,2026-10-01T09:47:49.238138+01:00,2a42fc2dbde835ff11aa67b6f47c7fe8,soccer_brazil_serie_b,Brazil Série B,2026-10-02T00:00:00+00:00,2026-10-02T01:00:00+01:00,Grêmio Novorizontino,Goiás,matchbook,Matchbook,2026-10-01T08:47:48Z,h2h_lay,Grêmio Novorizontino,1.72,,0.5813953488372093,1.0,0.2
2026-10-01T08:47:49.238138+00:00,2026-10-01T09:47:49.238138+01:00,2a42fc2dbde835ff11aa67b6f47c7fe8,soccer_brazil_serie_b,Brazil Série B,2026-10-02T00:00:00+00:00,2026-10-02T01:00:00+01:00,Grêmio Novorizontino,Goiás,matchbook,Matchbook,2026-10-01T08:47:48Z,h2h_lay,Draw,4.0,,0.25,1.0,0.2
2026-10-01T08:47:49.238138+00:00,2026-10-01T09:47:49.238138+01:00,2a42fc2dbde835ff11aa67b6f47c7fe8,soccer_brazil_serie_b,Brazil Série B,2026-10-02T00:00:00+00:00,2026-10-02T01:00:00+01:00,Grêmio Novorizontino,Goiás,betfair_ex_uk,Betfair,2026-10-01T08:47:48Z,h2h,Goiás,5.9,,0.1694915254237288,0.16655716162943493,0.2
2026-10-01T08:47:49.238138+00:00,2026-10-01T09:47:49.238138+01:00,2a42fc2dbde835ff11aa67b6f47c7fe8,soccer_brazil_serie_b,Brazil Série B,2026-10-02T00:00:00+00:00,2026-10-02T01:00:00+01:00,Grêmio Novorizontino,Goiás,betfair_ex_uk,Betfair,2026-10-01T08:47:48Z,h2h,Grêmio Novorizontino,1.69,,0.591715976331361,0.5814717477003942,0.2
2026-10-01T08:47:49.238138+00:00,2026-10-01T09:47:49.238138+01:00,2a42fc2dbde835ff11aa67b6f47c7fe8,soccer_brazil_serie_b,Brazil Série B,2026-10-02T00:00:00+00:00,2026-10-02T01:00:00+01:00,Grêmio Novorizontino,Goiás,betfair_ex_uk,Betfair,2026-10-01T08:47:48Z,h2h,Draw,3.9,,0.25641025641025644,0.2519710906701708,0.2
2026-10-01T08:47:49.238138+00:00,2026-10-01T09:47:49.238138+01:00,2a42fc2dbde835ff11aa67b6f47c7fe8,soccer_brazil_serie_b,Brazil Série B,2026-10-02T00:00:00+00:00,2026-10-02T01:00:00+01:00,Grêmio Novorizontino,Goiás,betfair_ex_uk,Betfair,2026-10-01T08:47:48Z,h2h_lay,Goiás,6.2,,0.16129032258064516,1.0,0.2
2026-10-01T08:47:49.238138+00:00,2026-10-01T09:47:49.238138+01:00,2a42fc2dbde835ff11aa67b6f47c7fe8,soccer_brazil_serie_b,Brazil Série B,2026-10-02T00:00:00+00:00,2026-10-02T01:00:00+01:00,Grêmio Novorizontino,Goiás,betfair_ex_uk,Betfair,2026-10-01T08:47:48Z,h2h_lay,Grêmio Novorizontino,1.72,,0.5813953488372093,1.0,0.2
2026-10-01T08:47:49.238138+00:00,2026-10-01T09:47:49.238138+01:00,2a42fc2dbde835ff11aa67b6f47c7fe8,soccer_brazil_serie_b,Brazil Série B,2026-10-02T00:00:00+00:00,2026-10-02T01:00:00+01:00,Grêmio Novorizontino,Goiás,betfair_ex_uk,Betfair,2026-10-01T08:47:48Z,h2h_lay,Draw,4.0,,0.25,1.0,0.2
2026-10-01T08:47:49.238138+00:00,2026-10-01T09:47:49.238138+01:00,07374dce8b25328307e583cea38d3b07,tennis_atp_japan_open,ATP Japan Open,2026-10-01T09:00:00+00:00,2026-10-01T10:00:00+01:00,Adolfo Daniel Vallejo,Rafael Jodar,williamhill,William Hill,2026-10-01T08:46:57Z,h2h,Adolfo Daniel Vallejo,4.0,,0.25,0.23809523809523808,0.2
2026-10-01T08:47:49.238138+00:00,2026-10-01T09:47:49.238138+01:00,07374dce8b25328307e583cea38d3b07,tennis_atp_japan_open,ATP Japan Open,2026-10-01T09:00:00+00:00,2026-10-01T10:00:00+01:00,Adolfo Daniel Vallejo,Rafael Jodar,williamhill,William Hill,2026-10-01T08:46:57Z,h2h,Rafael Jodar,1.25,,0.8,0.7619047619047619,0.2
2026-10-01T08:47:49.238138+00:00,2026-10-01T09:47:49.238138+01:00,07374dce8b25328307e583cea38d3b07,tennis_atp_japan_open,ATP Japan Open,2026-10-01T09:00:00+00:00,2026-10-01T10:00:00+01:00,Adolfo Daniel Vallejo,Rafael Jodar,betfair_ex_uk,Betfair,2026-10-01T08:47:46Z,h2h,Adolfo Daniel Vallejo,4.5,,0.2222222222222222,0.22010398613518195,0.2
2026-10-01T08:47:49.238138+00:00,2026-10-01T09:47:49.238138+01:00,07374dce8b25328307e583cea38d3b07,tennis_atp_japan_open,ATP Japan Open,2026-10-01T09:00:00+00:00,2026-10-01T10:00:00+01:00,Adolfo Daniel Vallejo,Rafael Jodar,betfair_ex_uk,Betfair,2026-10-01T08:47:46Z,h2h,Rafael Jodar,1.27,,0.7874015748031495,0.7798960138648179,0.2
2026-10-01T08:47:49.238138+00:00,2026-10-01T09:47:49.238138+01:00,07374dce8b25328307e583cea38d3b07,tennis_atp_japan_open,ATP Japan Open,2026-10-01T09:00:00+00:00,2026-10-01T10:00:00+01:00,Adolfo Daniel Vallejo,Rafael Jodar,betfair_ex_uk,Betfair,2026-10-01T08:47:46Z,h2h_lay,Adolfo Daniel Vallejo,4.7,,0.2127659574468085,1.0,0.2
2026-10-01T08:47:49.238138+00:00,2026-10-01T09:47:49.238138+01:00,07374dce8b25328307e583cea38d3b07,tennis_atp_japan_open,ATP Japan Open,2026-10-01T09:00:00+00:00,2026-10-01T10:00:00+01:00,Adolfo Daniel Vallejo,Rafael Jodar,betfair_ex_uk,Betfair,2026-10-01T08:47:46Z,h2h_lay,Rafael Jodar,1.28,,0.78125,1.0,0.2
2026-10-01T08:47:49.238138+00:00,2026-10-01T09:47:49.238138+01:00,07374dce8b25328307e583cea38d3b07,tennis_atp_japan_open,ATP Japan Open,2026-10-01T09:00:00+00:00,2026-10-01T10:00:00+01:00,Adolfo Daniel Vallejo,Rafael Jodar,leovegas,LeoVegas,2026-10-01T08:47:13Z,h2h,Adolfo Daniel Vallejo,4.1,,0.24390243902439027,0.2293233082706767,0.2
2026-10-01T08:47:49.238138+00:00,2026-10-01T09:47:49.238138+01:00,07374dce8b25328307e583cea38d3b07,tennis_atp_japan_open,ATP Japan Open,2026-10-01T09:00:00+00:00,2026-10-01T10:00:00+01:00,Adolfo Daniel Vallejo,Rafael Jodar,leovegas,LeoVegas,2026-10-01T08:47:13Z,h2h,Rafael Jodar,1.22,,0.819672131147541,0.7706766917293233,0.2
2026-10-01T08:47:49.238138+00:00,2026-10-01T09:47:49.238138+01:00,07374dce8b25328307e583cea38d3b07,tennis_atp_japan_open,ATP Japan Open,2026-10-01T09:00:00+00:00,2026-10-01T10:00:00+01:00,Adolfo Daniel Vallejo,Rafael Jodar,unibet_uk,Unibet (UK),2026-10-01T08:47:31Z,h2h,Adolfo Daniel Vallejo,4.1,,0.24390243902439027,0.23220973782771534,0.2
2026-10-01T08:47:49.238138+00:00,2026-10-01T09:47:49.238138+01:00,07374dce8b25328307e583cea38d3b07,tennis_atp_japan_open,ATP Japan Open,2026-10-01T09:00:00+00:00,2026-10-01T10:00:00+01:00,Adolfo Daniel Vallejo,Rafael Jodar,unibet_uk,Unibet (UK),2026-10-01T08:47:31Z,h2h,Rafael Jodar,1.24,,0.8064516129032259,0.7677902621722846,0.2
2026-10-01T08:47:49.238138+00:00,2026-10-01T09:47:49.238138+01:00,07374dce8b25328307e583cea38d3b07,tennis_atp_japan_open,ATP Japan Open,2026-10-01T09:00:00+00:00,2026-10-01T10:00:00+01:00,Adolfo Daniel Vallejo,Rafael Jodar,sport888,888sport,2026-10-01T08:47:13Z,h2h,Adolfo Daniel Vallejo,4.0,,0.25,0.23809523809523808,0.2
2026-10-01T08:47:49.238138+00:00,2026-10-01T09:47:49.238138+01:00,07374dce8b25328307e583cea38d3b07,tennis_atp_japan_open,ATP Japan Open,2026-10-01T09:00:00+00:00,2026-10-01T10:00:00+01:00,Adolfo Daniel Vallejo,Rafael Jodar,sport888,888sport,2026-10-01T08:47:13Z,h2h,Rafael Jodar,1.25,,0.8,0.7619047619047619,0.2
2026-10-01T08:47:49.238138+00:00,2026-10-01T09:47:49.238138+01:00,07374dce8b25328307e583cea38d3b07,tennis_atp_japan_open,ATP Japan Open,2026-10-01T09:00:00+00:00,2026-10-01T10:00:00+01:00,Adolfo Daniel Vallejo,Rafael Jodar,paddypower,Paddy Power,2026-10-01T08:47:12Z,h2h,Adolfo Daniel Vallejo,4.0,,0.25,0.23076923076923073,0.2
2026-10-01T08:47:49.238138+00:00,2026-10-01T09:47:49.238138+01:00,07374dce8b25328307e583cea38d3b07,tennis_atp_japan_open,ATP Japan Open,2026-10-01T09:00:00+00:00,2026-10-01T10:00:00+01:00,Adolfo Daniel Vallejo,Rafael Jodar,paddypower,Paddy Power,2026-10-01T08:47:12Z,h2h,Rafael Jodar,1.2,,0.8333333333333334,0.7692307692307692,0.2
2026-10-01T08:47:49.238138+00:00,2026-10-01T09:47:49.238138+01:00,07374dce8b25328307e583cea38d3b07,tennis_atp_japan_open,ATP Japan Open,2026-10-01T09:00:00+00:00,2026-10-01T10:00:00+01:00,Adolfo Daniel Vallejo,Rafael Jodar,betfair_sb_uk,Betfair Sportsbook,2026-10-01T08:47:30Z,h2h,Adolfo Daniel Vallejo,4.0,,0.25,0.23371647509578544,0.2
2026-10-01T08:47:49.238138+00:00,2026-10-01T09:47:49.238138+01:00,07374dce8b25328307e583cea38d3b07,tennis_atp_japan_open,ATP Japan Open,2026-10-01T09:00:00+00:00,2026-10-01T10:00:00+01:00,Adolfo Daniel Vallejo,Rafael Jodar,betfair_sb_uk,Betfair Sportsbook,2026-10-01T08:47:30Z,h2h,Rafael Jodar,1.22,,0.819672131147541,0.7662835249042146,0.2
2026-10-01T08:47:49.238138+00:00,2026-10-01T09:47:49.238138+01:00,07374dce8b25328307e583cea38d3b07,tennis_atp_japan_open,ATP Japan Open,2026-10-01T09:00:00+00:00,2026-10-01T10:00:00+01:00,Adolfo Daniel Vallejo,Rafael Jodar,betano_uk,Betano (UK),2026-10-01T08:43:17Z,h2h,Adolfo Daniel Vallejo,3.75,,0.26666666666666666,0.2454728370221328,0.2
2026-10-01T08:47:49.238138+00:00,2026-10-01T09:47:49.238138+01:00,07374dce8b25328307e583cea38d3b07,tennis_atp_japan_open,ATP Japan Open,2026-10-01T09:00:00+00:00,2026-10-01T10:00:00+01:00,Adolfo Daniel Vallejo,Rafael Jodar,betano_uk,Betano (UK),2026-10-01T08:43:17Z,h2h,Rafael Jodar,1.22,,0.819672131147541,0.7545271629778673,0.2
2026-10-01T08:47:49.238138+00:00,2026-10-01T09:47:49.238138+01:00,07374dce8b25328307e583cea38d3b07,tennis_atp_japan_open,ATP Japan Open,2026-10-01T09:00:00+00:00,2026-10-01T10:00:00+01:00,Adolfo Daniel Vallejo,Rafael Jodar,betvictor,Bet Victor,2026-10-01T08:40:37Z,h2h,Adolfo Daniel Vallejo,3.75,,0.26666666666666666,0.2454728370221328,0.2
2026-10-01T08:47:49.238138+00:00,2026-10-01T09:47:49.238138+01:00,07374dce8b25328307e583cea38d3b07,tennis_atp_japan_open,ATP Japan Open,2026-10-01T09:00:00+00:00,2026-10-01T10:00:00+01:00,Adolfo Daniel Vallejo,Rafael Jodar,betvictor,Bet Victor,2026-10-01T08:40:37Z,h2h,Rafael Jodar,1.22,,0.819672131147541,0.7545271629778673,0.2
2026-10-01T08:47:49.238138+00:00,2026-10-01T09:47:49.238138+01:00,07374dce8b25328307e583cea38d3b07,tennis_atp_japan_open,ATP Japan Open,2026-10-01T09:00:00+00:00,2026-10-01T10:00:00+01:00,Adolfo Daniel Vallejo,Rafael Jodar,grosvenor,Grosvenor,2026-10-01T08:47:45Z,h2h,Adolfo Daniel Vallejo,4.5,,0.2222222222222222,0.21052631578947367,0.2
2026-10-01T08:47:49.238138+00:00,2026-10-01T09:47:49.238138+01:00,07374dce8b25328307e583cea38d3b07,tennis_atp_japan_open,ATP Japan Open,2026-10-01T09:00:00+00:00,2026-10-01T10:00:00+01:00,Adolfo Daniel Vallejo,Rafael Jodar,grosvenor,Grosvenor,2026-10-01T08:47:45Z,h2h,Rafael Jodar,1.2,,0.8333333333333334,0.7894736842105263,0.2
2026-10-01T08:47:49.238138+00:00,2026-10-01T09:47:49.238138+01:00,07374dce8b25328307e583cea38d3b07,tennis_atp_japan_open,ATP Japan Open,2026-10-01T09:00:00+00:00,2026-10-01T10:00:00+01:00,Adolfo Daniel Vallejo,Rafael Jodar,casumo,Casumo,2026-10-01T08:47:30Z,h2h,Adolfo Daniel Vallejo,4.5,,0.2222222222222222,0.21052631578947367,0.2
2026-10-01T08:47:49.238138+00:00,2026-10-01T09:47:49.238138+01:00,07374dce8b25328307e583cea38d3b07,tennis_atp_japan_open,ATP Japan Open,2026-10-01T09:00:00+00:00,2026-10-01T10:00:00+01:00,Adolfo Daniel Vallejo,Rafael Jodar,casumo,Casumo,2026-10-01T08:47:30Z,h2h,Rafael Jodar,1.2,,0.8333333333333334,0.7894736842105263,0.2
2026-10-01T08:47:49.238138+00:00,2026-10-01T09:47:49.238138+01:00,07374dce8b25328307e583cea38d3b07,tennis_atp_japan_open,ATP Japan Open,2026-10-01T09:00:00+00:00,2026-10-01T10:00:00+01:00,Adolfo Daniel Vallejo,Rafael Jodar,boylesports,BoyleSports,2026-10-01T08:47:46Z,h2h,Adolfo Daniel Vallejo,4.2,,0.23809523809523808,0.2250922509225092,0.2
2026-10-01T08:47:49.238138+00:00,2026-10-01T09:47:49.238138+01:00,07374dce8b25328307e583cea38d3b07,tennis_atp_japan_open,ATP Japan Open,2026-10-01T09:00:00+00:00,2026-10-01T10:00:00+01:00,Adolfo Daniel Vallejo,Rafael Jodar,boylesports,BoyleSports,2026-10-01T08:47:46Z,h2h,Rafael Jodar,1.22,,0.819672131147541,0.7749077490774907,0.2
2026-10-01T08:47:49.238138+00:00,2026-10-01T09:47:49.238138+01:00,07374dce8b25328307e583cea38d3b07,tennis_atp_japan_open,ATP Japan Open,2026-10-01T09:00:00+00:00,2026-10-01T10:00:00+01:00,Adolfo Daniel Vallejo,Rafael Jodar,skybet,Sky Bet,2026-10-01T08:47:12Z,h2h,Adolfo Daniel Vallejo,4.0,,0.25,0.23076923076923073,0.2
2026-10-01T08:47:49.238138+00:00,2026-10-01T09:47:49.238138+01:00,07374dce8b25328307e583cea38d3b07,tennis_atp_japan_open,ATP Japan Open,2026-10-01T09:00:00+00:00,2026-10-01T10:00:00+01:00,Adolfo Daniel Vallejo,Rafael Jodar,skybet,Sky Bet,2026-10-01T08:47:12Z,h2h,Rafael Jodar,1.2,,0.8333333333333334,0.7692307692307692,0.2
2026-10-01T08:47:49.238138+00:00,2026-10-01T09:47:49.238138+01:00,07374dce8b25328307e583cea38d3b07,tennis_atp_japan_open,ATP Japan Open,2026-10-01T09:00:00+00:00,2026-10-01T10:00:00+01:00,Adolfo Daniel Vallejo,Rafael Jodar,virginbet,Virgin Bet,2026-10-01T08:47:12Z,h2h,Adolfo Daniel Vallejo,4.5,,0.2222222222222222,0.21052631578947367,0.2
2026-10-01T08:47:49.238138+00:00,2026-10-01T09:47:49.238138+01:00,07374dce8b25328307e583cea38d3b07,tennis_atp_japan_open,ATP Japan Open,2026-10-01T09:00:00+00:00,2026-10-01T10:00:00+01:00,Adolfo Daniel Vallejo,Rafael Jodar,virginbet,Virgin Bet,2026-10-01T08:47:12Z,h2h,Rafael Jodar,1.2,,0.8333333333333334,0.7894736842105263,0.2
2026-10-01T08:47:49.238138+00:00,2026-10-01T09:47:49.238138+01:00,07374dce8b25328307e583cea38d3b07,tennis_atp_japan_open,ATP Japan Open,2026-10-01T09:00:00+00:00,2026-10-01T10:00:00+01:00,Adolfo Daniel Vallejo,Rafael Jodar,livescorebet,LiveScore Bet,2026-10-01T08:47:11Z,h2h,Adolfo Daniel Vallejo,4.5,,0.2222222222222222,0.21052631578947367,0.2
2026-10-01T08:47:49.238138+00:00,2026-10-01T09:47:49.238138+01:00,07374dce8b25328307e583cea38d3b07,tennis_atp_japan_open,ATP Japan Open,2026-10-01T09:00:00+00:00,2026-10-01T10:00:00+01:00,Adolfo Daniel Vallejo,Rafael Jodar,livescorebet,LiveScore Bet,2026-10-01T08:47:11Z,h2h,Rafael Jodar,1.2,,0.8333333333333334,0.7894736842105263,0.2
2026-10-01T08:47:49.238138+00:00,2026-10-01T09:47:49.238138+01:00,07374dce8b25328307e583cea38d3b07,tennis_atp_japan_open,ATP Japan Open,2026-10-01T09:00:00+00:00,2026-10-01T10:00:00+01:00,Adolfo Daniel Vallejo,Rafael Jodar,betway,Betway,2026-10-01T08:47:31Z,h2h,Adolfo Daniel Vallejo,4.25,,0.23529411764705882,0.22303473491773307,0.2
2026-10-01T08:47:49.238138+00:00,2026-10-01T09:47:49.238138+01:00,07374dce8b25328307e583cea38d3b07,tennis_atp_japan_open,ATP Japan Open,2026-10-01T09:00:00+00:00,2026-10-01T10:00:00+01:00,Adolfo Daniel Vallejo,Rafael Jodar,betway,Betway,2026-10-01T08:47:31Z,h2h,Rafael Jodar,1.22,,0.819672131147541,0.7769652650822669,0.2
2026-10-01T08:47:49.238138+00:00,2026-10-01T09:47:49.238138+01:00,07374dce8b25328307e583cea38d3b07,tennis_atp_japan_open,ATP Japan Open,2026-10-01T09:00:00+00:00,2026-10-01T10:00:00+01:00,Adolfo Daniel Vallejo,Rafael Jodar,ladbrokes_uk,Ladbrokes,2026-10-01T08:47:13Z,h2h,Adolfo Daniel Vallejo,4.0,,0.25,0.23371647509578544,0.2
2026-10-01T08:47:49.238138+00:00,2026-10-01T09:47:49.238138+01:00,07374dce8b25328307e583cea38d3b07,tennis_atp_japan_open,ATP Japan Open,2026-10-01T09:00:00+00:00,2026-10-01T10:00:00+01:00,Adolfo Daniel Vallejo,Rafael Jodar,ladbrokes_uk,Ladbrokes,2026-10-01T08:47:13Z,h2h,Rafael Jodar,1.22,,0.819672131147541,0.7662835249042146,0.2
2026-10-01T08:47:49.238138+00:00,2026-10-01T09:47:49.238138+01:00,07374dce8b25328307e583cea38d3b07,tennis_atp_japan_open,ATP Japan Open,2026-10-01T09:00:00+00:00,2026-10-01T10:00:00+01:00,Adolfo Daniel Vallejo,Rafael Jodar,coral,Coral,2026-10-01T08:47:30Z,h2h,Adolfo Daniel Vallejo,4.0,,0.25,0.23371647509578544,0.2
2026-10-01T08:47:49.238138+00:00,2026-10-01T09:47:49.238138+01:00,07374dce8b25328307e583cea38d3b07,tennis_atp_japan_open,ATP Japan Open,2026-10-01T09:00:00+00:00,2026-10-01T10:00:00+01:00,Adolfo Daniel Vallejo,Rafael Jodar,coral,Coral,2026-10-01T08:47:30Z,h2h,Rafael Jodar,1.22,,0.819672131147541,0.7662835249042146,0.2
2026-10-01T08:47:49.238138+00:00,2026-10-01T09:47:49.238138+01:00,07374dce8b25328307e583cea38d3b07,tennis_atp_japan_open,ATP Japan Open,2026-10-01T09:00:00+00:00,2026-10-01T10:00:00+01:00,Adolfo Daniel Vallejo,Rafael Jodar,matchbook,Matchbook,2026-10-01T08:47:45Z,h2h,Adolfo Daniel Vallejo,4.5,,0.2222222222222222,0.22010398613518195,0.2
2026-10-01T08:47:49.238138+00:00,2026-10-01T09:47:49.238138+01:00,07374dce8b25328307e583cea38d3b07,tennis_atp_japan_open,ATP Japan Open,2026-10-01T09:00:00+00:00,2026-10-01T10:00:00+01:00,Adolfo Daniel Vallejo,Rafael Jodar,matchbook,Matchbook,2026-10-01T08:47:45Z,h2h,Rafael Jodar,1.27,,0.7874015748031495,0.7798960138648179,0.2
2026-10-01T08:47:49.238138+00:00,2026-10-01T09:47:49.238138+01:00,07374dce8b25328307e583cea38d3b07,tennis_atp_japan_open,ATP Japan Open,2026-10-01T09:00:00+00:00,2026-10-01T10:00:00+01:00,Adolfo Daniel Vallejo,Rafael Jodar,matchbook,Matchbook,2026-10-01T08:47:45Z,h2h_lay,Adolfo Daniel Vallejo,4.7,,0.2127659574468085,1.0,0.2
2026-10-01T08:47:49.238138+00:00,2026-10-01T09:47:49.238138+01:00,07374dce8b25328307e583cea38d3b07,tennis_atp_japan_open,ATP Japan Open,2026-10-01T09:00:00+00:00,2026-10-01T10:00:00+01:00,Adolfo Daniel Vallejo,Rafael Jodar,matchbook,Matchbook,2026-10-01T08:47:45Z,h2h_lay,Rafael Jodar,1.28,,0.78125,1.0,0.2
2026-10-01T08:47:49.238138+00:00,2026-10-01T09:47:49.238138+01:00,124680a13038b2d61621ea996617ac43,tennis_atp_japan_open,ATP Japan Open,2026-10-01T09:10:00+00:00,2026-10-01T10:10:00+01:00,Alejandro Davidovich Fokina,Matteo Berrettini,matchbook,Matchbook,2026-10-01T08:47:45Z,h2h,Alejandro Davidovich Fokina,1.7,,0.5882352941176471,0.5853658536585367,0.2
2026-10-01T08:47:49.238138+00:00,2026-10-01T09:47:49.238138+01:00,124680a13038b2d61621ea996617ac43,tennis_atp_japan_open,ATP Japan Open,2026-10-01T09:10:00+00:00,2026-10-01T10:10:00+01:00,Alejandro Davidovich Fokina,Matteo Berrettini,matchbook,Matchbook,2026-10-01T08:47:45Z,h2h,Matteo Berrettini,2.4,,0.4166666666666667,0.41463414634146345,0.2
2026-10-01T08:47:49.238138+00:00,2026-10-01T09:47:49.238138+01:00,124680a13038b2d61621ea996617ac43,tennis_atp_japan_open,ATP Japan Open,2026-10-01T09:10:00+00:00,2026-10-01T10:10:00+01:00,Alejandro Davidovich Fokina,Matteo Berrettini,matchbook,Matchbook,2026-10-01T08:47:45Z,h2h_lay,Alejandro Davidovich Fokina,1.71,,0.5847953216374269,1.0,0.2
2026-10-01T08:47:49.238138+00:00,2026-10-01T09:47:49.238138+01:00,124680a13038b2d61621ea996617ac43,tennis_atp_japan_open,ATP Japan Open,2026-10-01T09:10:00+00:00,2026-10-01T10:10:00+01:00,Alejandro Davidovich Fokina,Matteo Berrettini,matchbook,Matchbook,2026-10-01T08:47:45Z,h2h_lay,Matteo Berrettini,2.42,,0.4132231404958678,1.0,0.2
2026-10-01T08:47:49.238138+00:00,2026-10-01T09:47:49.238138+01:00,124680a13038b2d61621ea996617ac43,tennis_atp_japan_open,ATP Japan Open,2026-10-01T09:10:00+00:00,2026-10-01T10:10:00+01:00,Alejandro Davidovich Fokina,Matteo Berrettini,betway,Betway,2026-10-01T08:47:31Z,h2h,Alejandro Davidovich Fokina,1.65,,0.6060606060606061,0.5769230769230769,0.2
2026-10-01T08:47:49.238138+00:00,2026-10-01T09:47:49.238138+01:00,124680a13038b2d61621ea996617ac43,tennis_atp_japan_open,ATP Japan Open,2026-10-01T09:10:00+00:00,2026-10-01T10:10:00+01:00,Alejandro Davidovich Fokina,Matteo Berrettini,betway,Betway,2026-10-01T08:47:31Z,h2h,Matteo Berrettini,2.25,,0.4444444444444444,0.423076923076923,0.2
2026-10-01T08:47:49.238138+00:00,2026-10-01T09:47:49.238138+01:00,124680a13038b2d61621ea996617ac43,tennis_atp_japan_open,ATP Japan Open,2026-10-01T09:10:00+00:00,2026-10-01T10:10:00+01:00,Alejandro Davidovich Fokina,Matteo Berrettini,boylesports,BoyleSports,2026-10-01T08:47:46Z,h2h,Alejandro Davidovich Fokina,1.67,,0.5988023952095809,0.5739795918367347,0.2
2026-10-01T08:47:49.238138+00:00,2026-10-01T09:47:49.238138+01:00,124680a13038b2d61621ea996617ac43,tennis_atp_japan_open,ATP Japan Open,2026-10-01T09:10:00+00:00,2026-10-01T10:10:00+01:00,Alejandro Davidovich Fokina,Matteo Berrettini,boylesports,BoyleSports,2026-10-01T08:47:46Z,h2h,Matteo Berrettini,2.25,,0.4444444444444444,0.42602040816326525,0.2
2026-10-01T08:47:49.238138+00:00,2026-10-01T09:47:49.238138+01:00,124680a13038b2d61621ea996617ac43,tennis_atp_japan_open,ATP Japan Open,2026-10-01T09:10:00+00:00,2026-10-01T10:10:00+01:00,Alejandro Davidovich Fokina,Matteo Berrettini,betfair_ex_uk,Betfair,2026-10-01T08:47:46Z,h2h,Alejandro Davidovich Fokina,1.7,,0.5882352941176471,0.5853658536585367,0.2
2026-10-01T08:47:49.238138+00:00,2026-10-01T09:47:49.238138+01:00,124680a13038b2d61621ea996617ac43,tennis_atp_japan_open,ATP Japan Open,2026-10-01T09:10:00+00:00,2026-10-01T10:10:00+01:00,Alejandro Davidovich Fokina,Matteo Berrettini,betfair_ex_uk,Betfair,2026-10-01T08:47:46Z,h2h,Matteo Berrettini,2.4,,0.4166666666666667,0.41463414634146345,0.2
2026-10-01T08:47:49.238138+00:00,2026-10-01T09:47:49.238138+01:00,124680a13038b2d61621ea996617ac43,tennis_atp_japan_open,ATP Japan Open,2026-10-01T09:10:00+00:00,2026-10-01T10:10:00+01:00,Alejandro Davidovich Fokina,Matteo Berrettini,betfair_ex_uk,Betfair,2026-10-01T08:47:46Z,h2h_lay,Alejandro Davidovich Fokina,1.72,,0.5813953488372093,1.0,0.2
2026-10-01T08:47:49.238138+00:00,2026-10-01T09:47:49.238138+01:00,124680a13038b2d61621ea996617ac43,tennis_atp_japan_open,ATP Japan Open,2026-10-01T09:10:00+00:00,2026-10-01T10:10:00+01:00,Alejandro Davidovich Fokina,Matteo Berrettini,betfair_ex_uk,Betfair,2026-10-01T08:47:46Z,h2h_lay,Matteo Berrettini,2.42,,0.4132231404958678,1.0,0.2
2026-10-01T08:47:49.238138+00:00,2026-10-01T09:47:49.238138+01:00,124680a13038b2d61621ea996617ac43,tennis_atp_japan_open,ATP Japan Open,2026-10-01T09:10:00+00:00,2026-10-01T10:10:00+01:00,Alejandro Davidovich Fokina,Matteo Berrettini,grosvenor,Grosvenor,2026-10-01T08:47:45Z,h2h,Alejandro Davidovich Fokina,1.63,,0.6134969325153374,0.5831202046035805,0.2
2026-10-01T08:47:49.238138+00:00,2026-10-01T09:47:49.238138+01:00,124680a13038b2d61621ea996617ac43,tennis_atp_japan_open,ATP Japan Open,2026-10-01T09:10:00+00:00,2026-10-01T10:10:00+01:00,Alejandro Davidovich Fokina,Matteo Berrettini,grosvenor,Grosvenor,2026-10-01T08:47:45Z,h2h,Matteo Berrettini,2.28,,0.4385964912280702,0.41687979539641945,0.2
2026-10-01T08:47:49.238138+00:00,2026-10-01T09:47:49.238138+01:00,124680a13038b2d61621ea996617ac43,tennis_atp_japan_open,ATP Japan Open,2026-10-01T09:10:00+00:00,2026-10-01T10:10:00+01:00,Alejandro Davidovich Fokina,Matteo Berrettini,casumo,Casumo,2026-10-01T08:47:30Z,h2h,Alejandro Davidovich Fokina,1.63,,0.6134969325153374,0.5831202046035805,0.2
2026-10-01T08:47:49.238138+00:00,2026-10-01T09:47:49.238138+01:00,124680a13038b2d61621ea996617ac43,tennis_atp_japan_open,ATP Japan Open,2026-10-01T09:10:00+00:00,2026-10-01T10:10:00+01:00,Alejandro Davidovich Fokina,Matteo Berrettini,casumo,Casumo,2026-10-01T08:47:30Z,h2h,Matteo Berrettini,2.28,,0.4385964912280702,0.41687979539641945,0.2
2026-10-01T08:47:49.238138+00:00,2026-10-01T09:47:49.238138+01:00,124680a13038b2d61621ea996617ac43,tennis_atp_japan_open,ATP Japan Open,2026-10-01T09:10:00+00:00,2026-10-01T10:10:00+01:00,Alejandro Davidovich Fokina,Matteo Berrettini,paddypower,Paddy Power,2026-10-01T08:47:12Z,h2h,Alejandro Davidovich Fokina,1.62,,0.6172839506172839,0.5759162303664922,0.2
2026-10-01T08:47:49.238138+00:00,2026-10-01T09:47:49.238138+01:00,124680a13038b2d61621ea996617ac43,tennis_atp_japan_open,ATP Japan Open,2026-10-01T09:10:00+00:00,2026-10-01T10:10:00+01:00,Alejandro Davidovich Fokina,Matteo Berrettini,paddypower,Paddy Power,2026-10-01T08:47:12Z,h2h,Matteo Berrettini,2.2,,0.45454545454545453,0.42408376963350786,0.2
2026-10-01T08:47:49.238138+00:00,2026-10-01T09:47:49.238138+01:00,124680a13038b2d61621ea996617ac43,tennis_atp_japan_open,ATP Japan Open,2026-10-01T09:10:00+00:00,2026-10-01T10:10:00+01:00,Alejandro Davidovich Fokina,Matteo Berrettini,williamhill,William Hill,2026-10-01T08:46:57Z,h2h,Alejandro Davidovich Fokina,1.62,,0.6172839506172839,0.586734693877551,0.2
2026-10-01T08:47:49.238138+00:00,2026-10-01T09:47:49.238138+01:00,124680a13038b2d61621ea996617ac43,tennis_atp_japan_open,ATP Japan Open,2026-10-01T09:10:00+00:00,2026-10-01T10:10:00+01:00,Alejandro Davidovich Fokina,Matteo Berrettini,williamhill,William Hill,2026-10-01T08:46:57Z,h2h,Matteo Berrettini,2.3,,0.4347826086956522,0.413265306122449,0.2
2026-10-01T08:47:49.238138+00:00,2026-10-01T09:47:49.238138+01:00,124680a13038b2d61621ea996617ac43,tennis_atp_japan_open,ATP Japan Open,2026-10-01T09:10:00+00:00,2026-10-01T10:10:00+01:00,Alejandro Davidovich Fokina,Matteo Berrettini,sport888,888sport,2026-10-01T08:47:13Z,h2h,Alejandro Davidovich Fokina,1.61,,0.6211180124223602,0.588235294117647,0.2
2026-10-01T08:47:49.238138+00:00,2026-10-01T09:47:49.238138+01:00,124680a13038b2d61621ea996617ac43,tennis_atp_japan_open,ATP Japan Open,2026-10-01T09:10:00+00:00,2026-10-01T10:10:00+01:00,Alejandro Davidovich Fokina,Matteo Berrettini,sport888,888sport,2026-10-01T08:47:13Z,h2h,Matteo Berrettini,2.3,,0.4347826086956522,0.411764705882353,0.2
2026-10-01T08:47:49.238138+00:00,2026-10-01T09:47:49.238138+01:00,124680a13038b2d61621ea996617ac43,tennis_atp_japan_open,ATP Japan Open,2026-10-01T09:10:00+00:00,2026-10-01T10:10:00+01:00,Alejandro Davidovich Fokina,Matteo Berrettini,unibet_uk,Unibet (UK),2026-10-01T08:47:31Z,h2h,Alejandro Davidovich Fokina,1.63,,0.6134969325153374,0.5841836734693877,0.2
2026-10-01T08:47:49.238138+00:00,2026-10-01T09:47:49.238138+01:00,124680a13038b2d61621ea996617ac43,tennis_atp_japan_open,ATP Japan Open,2026-10-01T09:10:00+00:00,2026-10-01T10:10:00+01:00,Alejandro Davidovich Fokina,Matteo Berrettini,unibet_uk,Unibet (UK),2026-10-01T08:47:31Z,h2h,Matteo Berrettini,2.29,,0.4366812227074236,0.41581632653061223,0.2
2026-10-01T08:47:49.238138+00:00,2026-10-01T09:47:49.238138+01:00,124680a13038b2d61621ea996617ac43,tennis_atp_japan_open,ATP Japan Open,2026-10-01T09:10:00+00:00,2026-10-01T10:10:00+01:00,Alejandro Davidovich Fokina,Matteo Berrettini,betfair_sb_uk,Betfair Sportsbook,2026-10-01T08:47:30Z,h2h,Alejandro Davidovich Fokina,1.67,,0.5988023952095809,0.5684754521963824,0.2
2026-10-01T08:47:49.238138+00:00,2026-10-01T09:47:49.238138+01:00,124680a13038b2d61621ea996617ac43,tennis_atp_japan_open,ATP Japan Open,2026-10-01T09:10:00+00:00,2026-10-01T10:10:00+01:00,Alejandro Davidovich Fokina,Matteo Berrettini,betfair_sb_uk,Betfair Sportsbook,2026-10-01T08:47:30Z,h2h,Matteo Berrettini,2.2,,0.45454545454545453,0.43152454780361754,0.2
2026-10-01T08:47:49.238138+00:00,2026-10-01T09:47:49.238138+01:00,124680a13038b2d61621ea996617ac43,tennis_atp_japan_open,ATP Japan Open,2026-10-01T09:10:00+00:00,2026-10-01T10:10:00+01:00,Alejandro Davidovich Fokina,Matteo Berrettini,betano_uk,Betano (UK),2026-10-01T08:45:33Z,h2h,Alejandro Davidovich Fokina,1.6,,0.625,0.5789473684210527,0.2
2026-10-01T08:47:49.238138+00:00,2026-10-01T09:47:49.238138+01:00,124680a13038b2d61621ea996617ac43,tennis_atp_japan_open,ATP Japan Open,2026-10-01T09:10:00+00:00,2026-10-01T10:10:00+01:00,Alejandro Davidovich Fokina,Matteo Berrettini,betano_uk,Betano (UK),2026-10-01T08:45:33Z,h2h,Matteo Berrettini,2.2,,0.45454545454545453,0.42105263157894735,0.2
2026-10-01T08:47:49.238138+00:00,2026-10-01T09:47:49.238138+01:00,124680a13038b2d61621ea996617ac43,tennis_atp_japan_open,ATP Japan Open,2026-10-01T09:10:00+00:00,2026-10-01T10:10:00+01:00,Alejandro Davidovich Fokina,Matteo Berrettini,betvictor,Bet Victor,2026-10-01T08:47:46Z,h2h,Alejandro Davidovich Fokina,1.6,,0.625,0.5789473684210527,0.2
2026-10-01T08:47:49.238138+00:00,2026-10-01T09:47:49.238138+01:00,124680a13038b2d61621ea996617ac43,tennis_atp_japan_open,ATP Japan Open,2026-10-01T09:10:00+00:00,2026-10-01T10:10:00+01:00,Alejandro Davidovich Fokina,Matteo Berrettini,betvictor,Bet Victor,2026-10-01T08:47:46Z,h2h,Matteo Berrettini,2.2,,0.45454545454545453,0.42105263157894735,0.2
2026-10-01T08:47:49.238138+00:00,2026-10-01T09:47:49.238138+01:00,124680a13038b2d61621ea996617ac43,tennis_atp_japan_open,ATP Japan Open,2026-10-01T09:10:00+00:00,2026-10-01T10:10:00+01:00,Alejandro Davidovich Fokina,Matteo Berrettini,leovegas,LeoVegas,2026-10-01T08:47:13Z,h2h,Alejandro Davidovich Fokina,1.62,,0.6172839506172839,0.5813953488372093,0.2
2026-10-01T08:47:49.238138+00:00,2026-10-01T09:47:49.238138+01:00,124680a13038b2d61621ea996617ac43,tennis_atp_japan_open,ATP Japan Open,2026-10-01T09:10:00+00:00,2026-10-01T10:10:00+01:00,Alejandro Davidovich Fokina,Matteo Berrettini,leovegas,LeoVegas,2026-10-01T08:47:13Z,h2h,Matteo Berrettini,2.25,,0.4444444444444444,0.4186046511627907,0.2
2026-10-01T08:47:49.238138+00:00,2026-10-01T09:47:49.238138+01:00,124680a13038b2d61621ea996617ac43,tennis_atp_japan_open,ATP Japan Open,2026-10-01T09:10:00+00:00,2026-10-01T10:10:00+01:00,Alejandro Davidovich Fokina,Matteo Berrettini,coral,Coral,2026-10-01T08:47:30Z,h2h,Alejandro Davidovich Fokina,1.6,,0.625,0.5789473684210527,0.2
2026-10-01T08:47:49.238138+00:00,2026-10-01T09:47:49.238138+01:00,124680a13038b2d61621ea996617ac43,tennis_atp_japan_open,ATP Japan Open,2026-10-01T09:10:00+00:00,2026-10-01T10:10:00+01:00,Alejandro Davidovich Fokina,Matteo Berrettini,coral,Coral,2026-10-01T08:47:30Z,h2h,Matteo Berrettini,2.2,,0.45454545454545453,0.42105263157894735,0.2
2026-10-01T08:47:49.238138+00:00,2026-10-01T09:47:49.238138+01:00,124680a13038b2d61621ea996617ac43,tennis_atp_japan_open,ATP Japan Open,2026-10-01T09:10:00+00:00,2026-10-01T10:10:00+01:00,Alejandro Davidovich Fokina,Matteo Berrettini,ladbrokes_uk,Ladbrokes,2026-10-01T08:47:13Z,h2h,Alejandro Davidovich Fokina,1.6,,0.625,0.5789473684210527,0.2
2026-10-01T08:47:49.238138+00:00,2026-10-01T09:47:49.238138+01:00,124680a13038b2d61621ea996617ac43,tennis_atp_japan_open,ATP Japan Open,2026-10-01T09:10:00+00:00,2026-10-01T10:10:00+01:00,Alejandro Davidovich Fokina,Matteo Berrettini,ladbrokes_uk,Ladbrokes,2026-10-01T08:47:13Z,h2h,Matteo Berrettini,2.2,,0.45454545454545453,0.42105263157894735,0.2
2026-10-01T08:47:49.238138+00:00,2026-10-01T09:47:49.238138+01:00,124680a13038b2d61621ea996617ac43,tennis_atp_japan_open,ATP Japan Open,2026-10-01T09:10:00+00:00,2026-10-01T10:10:00+01:00,Alejandro Davidovich Fokina,Matteo Berrettini,skybet,Sky Bet,2026-10-01T08:47:12Z,h2h,Alejandro Davidovich Fokina,1.62,,0.6172839506172839,0.5759162303664922,0.2
2026-10-01T08:47:49.238138+00:00,2026-10-01T09:47:49.238138+01:00,124680a13038b2d61621ea996617ac43,tennis_atp_japan_open,ATP Japan Open,2026-10-01T09:10:00+00:00,2026-10-01T10:10:00+01:00,Alejandro Davidovich Fokina,Matteo Berrettini,skybet,Sky Bet,2026-10-01T08:47:12Z,h2h,Matteo Berrettini,2.2,,0.45454545454545453,0.42408376963350786,0.2
2026-10-01T08:47:49.238138+00:00,2026-10-01T09:47:49.238138+01:00,124680a13038b2d61621ea996617ac43,tennis_atp_japan_open,ATP Japan Open,2026-10-01T09:10:00+00:00,2026-10-01T10:10:00+01:00,Alejandro Davidovich Fokina,Matteo Berrettini,virginbet,Virgin Bet,2026-10-01T08:47:12Z,h2h,Alejandro Davidovich Fokina,1.63,,0.6134969325153374,0.5831202046035805,0.2
2026-10-01T08:47:49.238138+00:00,2026-10-01T09:47:49.238138+01:00,124680a13038b2d61621ea996617ac43,tennis_atp_japan_open,ATP Japan Open,2026-10-01T09:10:00+00:00,2026-10-01T10:10:00+01:00,Alejandro Davidovich Fokina,Matteo Berrettini,virginbet,Virgin Bet,2026-10-01T08:47:12Z,h2h,Matteo Berrettini,2.28,,0.4385964912280702,0.41687979539641945,0.2
2026-10-01T08:47:49.238138+00:00,2026-10-01T09:47:49.238138+01:00,124680a13038b2d61621ea996617ac43,tennis_atp_japan_open,ATP Japan Open,2026-10-01T09:10:00+00:00,2026-10-01T10:10:00+01:00,Alejandro Davidovich Fokina,Matteo Berrettini,livescorebet,LiveScore Bet,2026-10-01T08:47:11Z,h2h,Alejandro Davidovich Fokina,1.63,,0.6134969325153374,0.5831202046035805,0.2
2026-10-01T08:47:49.238138+00:00,2026-10-01T09:47:49.238138+01:00,124680a13038b2d61621ea996617ac43,tennis_atp_japan_open,ATP Japan Open,2026-10-01T09:10:00+00:00,2026-10-01T10:10:00+01:00,Alejandro Davidovich Fokina,Matteo Berrettini,livescorebet,LiveScore Bet,2026-10-01T08:47:11Z,h2h,Matteo Berrettini,2.28,,0.4385964912280702,0.41687979539641945,0.2
2026-10-01T08:47:49.238138+00:00,2026-10-01T09:47:49.238138+01:00,e128a1db3b815333a76c9a9f1e3a968a,tennis_atp_japan_open,ATP Japan Open,2026-10-02T02:00:00+00:00,2026-10-02T03:00:00+01:00,Jaume Munar,Jaime Faria,unibet_uk,Unibet (UK),2026-10-01T08:47:31Z,h2h,Jaime Faria,2.21,,0.45248868778280543,0.42597402597402595,0.2
2026-10-01T08:47:49.238138+00:00,2026-10-01T09:47:49.238138+01:00,e128a1db3b815333a76c9a9f1e3a968a,tennis_atp_japan_open,ATP Japan Open,2026-10-02T02:00:00+00:00,2026-10-02T03:00:00+01:00,Jaume Munar,Jaime Faria,unibet_uk,Unibet (UK),2026-10-01T08:47:31Z,h2h,Jaume Munar,1.64,,0.6097560975609756,0.574025974025974,0.2
2026-10-01T08:47:49.238138+00:00,2026-10-01T09:47:49.238138+01:00,e128a1db3b815333a76c9a9f1e3a968a,tennis_atp_japan_open,ATP Japan Open,2026-10-02T02:00:00+00:00,2026-10-02T03:00:00+01:00,Jaume Munar,Jaime Faria,betfair_ex_uk,Betfair,2026-10-01T08:47:46Z,h2h,Jaime Faria,2.16,,0.4629629629629629,0.42091152815013405,0.2
2026-10-01T08:47:49.238138+00:00,2026-10-01T09:47:49.238138+01:00,e128a1db3b815333a76c9a9f1e3a968a,tennis_atp_japan_open,ATP Japan Open,2026-10-02T02:00:00+00:00,2026-10-02T03:00:00+01:00,Jaume Munar,Jaime Faria,betfair_ex_uk,Betfair,2026-10-01T08:47:46Z,h2h,Jaume Munar,1.57,,0.6369426751592356,0.579088471849866,0.2
2026-10-01T08:47:49.238138+00:00,2026-10-01T09:47:49.238138+01:00,e128a1db3b815333a76c9a9f1e3a968a,tennis_atp_japan_open,ATP Japan Open,2026-10-02T02:00:00+00:00,2026-10-02T03:00:00+01:00,Jaume Munar,Jaime Faria,betfair_ex_uk,Betfair,2026-10-01T08:47:46Z,h2h_lay,Jaime Faria,2.74,,0.36496350364963503,1.0,0.2
2026-10-01T08:47:49.238138+00:00,2026-10-01T09:47:49.238138+01:00,e128a1db3b815333a76c9a9f1e3a968a,tennis_atp_japan_open,ATP Japan Open,2026-10-02T02:00:00+00:00,2026-10-02T03:00:00+01:00,Jaume Munar,Jaime Faria,betfair_ex_uk,Betfair,2026-10-01T08:47:46Z,h2h_lay,Jaume Munar,1.87,,0.53475935828877,1.0,0.2
2026-10-01T08:47:49.238138+00:00,2026-10-01T09:47:49.238138+01:00,e128a1db3b815333a76c9a9f1e3a968a,tennis_atp_japan_open,ATP Japan Open,2026-10-02T02:00:00+00:00,2026-10-02T03:00:00+01:00,Jaume Munar,Jaime Faria,sport888,888sport,2026-10-01T08:47:13Z,h2h,Jaime Faria,2.2,,0.45454545454545453,0.43152454780361754,0.2
2026-10-01T08:47:49.238138+00:00,2026-10-01T09:47:49.238138+01:00,e128a1db3b815333a76c9a9f1e3a968a,tennis_atp_japan_open,ATP Japan Open,2026-10-02T02:00:00+00:00,2026-10-02T03:00:00+01:00,Jaume Munar,Jaime Faria,sport888,888sport,2026-10-01T08:47:13Z,h2h,Jaume Munar,1.67,,0.5988023952095809,0.5684754521963824,0.2
2026-10-01T08:47:49.238138+00:00,2026-10-01T09:47:49.238138+01:00,e128a1db3b815333a76c9a9f1e3a968a,tennis_atp_japan_open,ATP Japan Open,2026-10-02T02:00:00+00:00,2026-10-02T03:00:00+01:00,Jaume Munar,Jaime Faria,matchbook,Matchbook,2026-10-01T08:47:45Z,h2h,Jaime Faria,2.4,,0.4166666666666667,0.39698492462311563,0.2
2026-10-01T08:47:49.238138+00:00,2026-10-01T09:47:49.238138+01:00,e128a1db3b815333a76c9a9f1e3a968a,tennis_atp_japan_open,ATP Japan Open,2026-10-02T02:00:00+00:00,2026-10-02T03:00:00+01:00,Jaume Munar,Jaime Faria,matchbook,Matchbook,2026-10-01T08:47:45Z,h2h,Jaume Munar,1.58,,0.6329113924050632,0.6030150753768844,0.2
2026-10-01T08:47:49.238138+00:00,2026-10-01T09:47:49.238138+01:00,e128a1db3b815333a76c9a9f1e3a968a,tennis_atp_japan_open,ATP Japan Open,2026-10-02T02:00:00+00:00,2026-10-02T03:00:00+01:00,Jaume Munar,Jaime Faria,matchbook,Matchbook,2026-10-01T08:47:45Z,h2h_lay,Jaime Faria,2.74,,0.36496350364963503,1.0,0.2
2026-10-01T08:47:49.238138+00:00,2026-10-01T09:47:49.238138+01:00,e128a1db3b815333a76c9a9f1e3a968a,tennis_atp_japan_open,ATP Japan Open,2026-10-02T02:00:00+00:00,2026-10-02T03:00:00+01:00,Jaume Munar,Jaime Faria,matchbook,Matchbook,2026-10-01T08:47:45Z,h2h_lay,Jaume Munar,1.71,,0.5847953216374269,1.0,0.2
2026-10-01T08:47:49.238138+00:00,2026-10-01T09:47:49.238138+01:00,e128a1db3b815333a76c9a9f1e3a968a,tennis_atp_japan_open,ATP Japan Open,2026-10-02T02:00:00+00:00,2026-10-02T03:00:00+01:00,Jaume Munar,Jaime Faria,betway,Betway,2026-10-01T08:47:31Z,h2h,Jaime Faria,2.25,,0.4444444444444444,0.423076923076923,0.2
2026-10-01T08:47:49.238138+00:00,2026-10-01T09:47:49.238138+01:00,e128a1db3b815333a76c9a9f1e3a968a,tennis_atp_japan_open,ATP Japan Open,2026-10-02T02:00:00+00:00,2026-10-02T03:00:00+01:00,Jaume Munar,Jaime Faria,betway,Betway,2026-10-01T08:47:31Z,h2h,Jaume Munar,1.65,,0.6060606060606061,0.5769230769230769,0.2
2026-10-01T08:47:49.238138+00:00,2026-10-01T09:47:49.238138+01:00,e128a1db3b815333a76c9a9f1e3a968a,tennis_atp_japan_open,ATP Japan Open,2026-10-02T02:00:00+00:00,2026-10-02T03:00:00+01:00,Jaume Munar,Jaime Faria,williamhill,William Hill,2026-10-01T08:46:57Z,h2h,Jaime Faria,2.2,,0.45454545454545453,0.43152454780361754,0.2
2026-10-01T08:47:49.238138+00:00,2026-10-01T09:47:49.238138+01:00,e128a1db3b815333a76c9a9f1e3a968a,tennis_atp_japan_open,ATP Japan Open,2026-10-02T02:00:00+00:00,2026-10-02T03:00:00+01:00,Jaume Munar,Jaime Faria,williamhill,William Hill,2026-10-01T08:46:57Z,h2h,Jaume Munar,1.67,,0.5988023952095809,0.5684754521963824,0.2
2026-10-01T08:47:49.238138+00:00,2026-10-01T09:47:49.238138+01:00,e128a1db3b815333a76c9a9f1e3a968a,tennis_atp_japan_open,ATP Japan Open,2026-10-02T02:00:00+00:00,2026-10-02T03:00:00+01:00,Jaume Munar,Jaime Faria,leovegas,LeoVegas,2026-10-01T08:47:13Z,h2h,Jaime Faria,2.2,,0.45454545454545453,0.42105263157894735,0.2
2026-10-01T08:47:49.238138+00:00,2026-10-01T09:47:49.238138+01:00,e128a1db3b815333a76c9a9f1e3a968a,tennis_atp_japan_open,ATP Japan Open,2026-10-02T02:00:00+00:00,2026-10-02T03:00:00+01:00,Jaume Munar,Jaime Faria,leovegas,LeoVegas,2026-10-01T08:47:13Z,h2h,Jaume Munar,1.6,,0.625,0.5789473684210527,0.2
2026-10-01T08:47:49.238138+00:00,2026-10-01T09:47:49.238138+01:00,e128a1db3b815333a76c9a9f1e3a968a,tennis_atp_japan_open,ATP Japan Open,2026-10-02T02:00:00+00:00,2026-10-02T03:00:00+01:00,Jaume Munar,Jaime Faria,paddypower,Paddy Power,2026-10-01T08:47:12Z,h2h,Jaime Faria,2.2,,0.45454545454545453,0.42408376963350786,0.2
2026-10-01T08:47:49.238138+00:00,2026-10-01T09:47:49.238138+01:00,e128a1db3b815333a76c9a9f1e3a968a,tennis_atp_japan_open,ATP Japan Open,2026-10-02T02:00:00+00:00,2026-10-02T03:00:00+01:00,Jaume Munar,Jaime Faria,paddypower,Paddy Power,2026-10-01T08:47:12Z,h2h,Jaume Munar,1.62,,0.6172839506172839,0.5759162303664922,0.2
2026-10-01T08:47:49.238138+00:00,2026-10-01T09:47:49.238138+01:00,e128a1db3b815333a76c9a9f1e3a968a,tennis_atp_japan_open,ATP Japan Open,2026-10-02T02:00:00+00:00,2026-10-02T03:00:00+01:00,Jaume Munar,Jaime Faria,betvictor,Bet Victor,2026-10-01T08:47:46Z,h2h,Jaime Faria,2.2,,0.45454545454545453,0.42105263157894735,0.2
2026-10-01T08:47:49.238138+00:00,2026-10-01T09:47:49.238138+01:00,e128a1db3b815333a76c9a9f1e3a968a,tennis_atp_japan_open,ATP Japan Open,2026-10-02T02:00:00+00:00,2026-10-02T03:00:00+01:00,Jaume Munar,Jaime Faria,betvictor,Bet Victor,2026-10-01T08:47:46Z,h2h,Jaume Munar,1.6,,0.625,0.5789473684210527,0.2
2026-10-01T08:47:49.238138+00:00,2026-10-01T09:47:49.238138+01:00,e128a1db3b815333a76c9a9f1e3a968a,tennis_atp_japan_open,ATP Japan Open,2026-10-02T02:00:00+00:00,2026-10-02T03:00:00+01:00,Jaume Munar,Jaime Faria,betano_uk,Betano (UK),2026-10-01T08:45:33Z,h2h,Jaime Faria,2.2,,0.45454545454545453,0.42105263157894735,0.2
2026-10-01T08:47:49.238138+00:00,2026-10-01T09:47:49.238138+01:00,e128a1db3b815333a76c9a9f1e3a968a,tennis_atp_japan_open,ATP Japan Open,2026-10-02T02:00:00+00:00,2026-10-02T03:00:00+01:00,Jaume Munar,Jaime Faria,betano_uk,Betano (UK),2026-10-01T08:45:33Z,h2h,Jaume Munar,1.6,,0.625,0.5789473684210527,0.2
2026-10-01T08:47:49.238138+00:00,2026-10-01T09:47:49.238138+01:00,e128a1db3b815333a76c9a9f1e3a968a,tennis_atp_japan_open,ATP Japan Open,2026-10-02T02:00:00+00:00,2026-10-02T03:00:00+01:00,Jaume Munar,Jaime Faria,virginbet,Virgin Bet,2026-10-01T08:47:12Z,h2h,Jaime Faria,2.28,,0.4385964912280702,0.41687979539641945,0.2
2026-10-01T08:47:49.238138+00:00,2026-10-01T09:47:49.238138+01:00,e128a1db3b815333a76c9a9f1e3a968a,tennis_atp_japan_open,ATP Japan Open,2026-10-02T02:00:00+00:00,2026-10-02T03:00:00+01:00,Jaume Munar,Jaime Faria,virginbet,Virgin Bet,2026-10-01T08:47:12Z,h2h,Jaume Munar,1.63,,0.6134969325153374,0.5831202046035805,0.2
2026-10-01T08:47:49.238138+00:00,2026-10-01T09:47:49.238138+01:00,e128a1db3b815333a76c9a9f1e3a968a,tennis_atp_japan_open,ATP Japan Open,2026-10-02T02:00:00+00:00,2026-10-02T03:00:00+01:00,Jaume Munar,Jaime Faria,livescorebet,LiveScore Bet,2026-10-01T08:47:11Z,h2h,Jaime Faria,2.28,,0.4385964912280702,0.41687979539641945,0.2
2026-10-01T08:47:49.238138+00:00,2026-10-01T09:47:49.238138+01:00,e128a1db3b815333a76c9a9f1e3a968a,tennis_atp_japan_open,ATP Japan Open,2026-10-02T02:00:00+00:00,2026-10-02T03:00:00+01:00,Jaume Munar,Jaime Faria,livescorebet,LiveScore Bet,2026-10-01T08:47:11Z,h2h,Jaume Munar,1.63,,0.6134969325153374,0.5831202046035805,0.2
2026-10-01T08:47:49.238138+00:00,2026-10-01T09:47:49.238138+01:00,e128a1db3b815333a76c9a9f1e3a968a,tennis_atp_japan_open,ATP Japan Open,2026-10-02T02:00:00+00:00,2026-10-02T03:00:00+01:00,Jaume Munar,Jaime Faria,casumo,Casumo,2026-10-01T08:47:30Z,h2h,Jaime Faria,2.28,,0.4385964912280702,0.41687979539641945,0.2
2026-10-01T08:47:49.238138+00:00,2026-10-01T09:47:49.238138+01:00,e128a1db3b815333a76c9a9f1e3a968a,tennis_atp_japan_open,ATP Japan Open,2026-10-02T02:00:00+00:00,2026-10-02T03:00:00+01:00,Jaume Munar,Jaime Faria,casumo,Casumo,2026-10-01T08:47:30Z,h2h,Jaume Munar,1.63,,0.6134969325153374,0.5831202046035805,0.2
2026-10-01T08:47:49.238138+00:00,2026-10-01T09:47:49.238138+01:00,e128a1db3b815333a76c9a9f1e3a968a,tennis_atp_japan_open,ATP Japan Open,2026-10-02T02:00:00+00:00,2026-10-02T03:00:00+01:00,Jaume Munar,Jaime Faria,grosvenor,Grosvenor,2026-10-01T08:47:45Z,h2h,Jaime Faria,2.28,,0.4385964912280702,0.41687979539641945,0.2
2026-10-01T08:47:49.238138+00:00,2026-10-01T09:47:49.238138+01:00,e128a1db3b815333a76c9a9f1e3a968a,tennis_atp_japan_open,ATP Japan Open,2026-10-02T02:00:00+00:00,2026-10-02T03:00:00+01:00,Jaume Munar,Jaime Faria,grosvenor,Grosvenor,2026-10-01T08:47:45Z,h2h,Jaume Munar,1.63,,0.6134969325153374,0.5831202046035805,0.2
2026-10-01T08:47:49.238138+00:00,2026-10-01T09:47:49.238138+01:00,e128a1db3b815333a76c9a9f1e3a968a,tennis_atp_japan_open,ATP Japan Open,2026-10-02T02:00:00+00:00,2026-10-02T03:00:00+01:00,Jaume Munar,Jaime Faria,betfair_sb_uk,Betfair Sportsbook,2026-10-01T08:47:30Z,h2h,Jaime Faria,2.2,,0.45454545454545453,0.43152454780361754,0.2
2026-10-01T08:47:49.238138+00:00,2026-10-01T09:47:49.238138+01:00,e128a1db3b815333a76c9a9f1e3a968a,tennis_atp_japan_open,ATP Japan Open,2026-10-02T02:00:00+00:00,2026-10-02T03:00:00+01:00,Jaume Munar,Jaime Faria,betfair_sb_uk,Betfair Sportsbook,2026-10-01T08:47:30Z,h2h,Jaume Munar,1.67,,0.5988023952095809,0.5684754521963824,0.2
2026-10-01T08:47:49.238138+00:00,2026-10-01T09:47:49.238138+01:00,e128a1db3b815333a76c9a9f1e3a968a,tennis_atp_japan_open,ATP Japan Open,2026-10-02T02:00:00+00:00,2026-10-02T03:00:00+01:00,Jaume Munar,Jaime Faria,skybet,Sky Bet,2026-10-01T08:47:12Z,h2h,Jaime Faria,2.2,,0.45454545454545453,0.42408376963350786,0.2
2026-10-01T08:47:49.238138+00:00,2026-10-01T09:47:49.238138+01:00,e128a1db3b815333a76c9a9f1e3a968a,tennis_atp_japan_open,ATP Japan Open,2026-10-02T02:00:00+00:00,2026-10-02T03:00:00+01:00,Jaume Munar,Jaime Faria,skybet,Sky Bet,2026-10-01T08:47:12Z,h2h,Jaume Munar,1.62,,0.6172839506172839,0.5759162303664922,0.2
2026-10-01T08:47:49.238138+00:00,2026-10-01T09:47:49.238138+01:00,e128a1db3b815333a76c9a9f1e3a968a,tennis_atp_japan_open,ATP Japan Open,2026-10-02T02:00:00+00:00,2026-10-02T03:00:00+01:00,Jaume Munar,Jaime Faria,boylesports,BoyleSports,2026-10-01T08:47:46Z,h2h,Jaime Faria,2.15,,0.46511627906976744,0.4297082228116711,0.2
2026-10-01T08:47:49.238138+00:00,2026-10-01T09:47:49.238138+01:00,e128a1db3b815333a76c9a9f1e3a968a,tennis_atp_japan_open,ATP Japan Open,2026-10-02T02:00:00+00:00,2026-10-02T03:00:00+01:00,Jaume Munar,Jaime Faria,boylesports,BoyleSports,2026-10-01T08:47:46Z,h2h,Jaume Munar,1.62,,0.6172839506172839,0.5702917771883289,0.2
2026-10-01T08:47:49.238138+00:00,2026-10-01T09:47:49.238138+01:00,a512d0211986889f728215eacc8a963b,tennis_atp_japan_open,ATP Japan Open,2026-10-02T03:10:00+00:00,2026-10-02T04:10:00+01:00,Valentin Vacherot,Stefanos Tsitsipas,unibet_uk,Unibet (UK),2026-10-01T08:47:31Z,h2h,Stefanos Tsitsipas,1.54,,0.6493506493506493,0.6071428571428571,0.2
2026-10-01T08:47:49.238138+00:00,2026-10-01T09:47:49.238138+01:00,a512d0211986889f728215eacc8a963b,tennis_atp_japan_open,ATP Japan Open,2026-10-02T03:10:00+00:00,2026-10-02T04:10:00+01:00,Valentin Vacherot,Stefanos Tsitsipas,unibet_uk,Unibet (UK),2026-10-01T08:47:31Z,h2h,Valentin Vacherot,2.38,,0.42016806722689076,0.39285714285714285,0.2
2026-10-01T08:47:49.238138+00:00,2026-10-01T09:47:49.238138+01:00,a512d0211986889f728215eacc8a963b,tennis_atp_japan_open,ATP Japan Open,2026-10-02T03:10:00+00:00,2026-10-02T04:10:00+01:00,Valentin Vacherot,Stefanos Tsitsipas,betfair_ex_uk,Betfair,2026-10-01T08:47:46Z,h2h,Stefanos Tsitsipas,1.43,,0.6993006993006994,0.5971830985915494,0.2
2026-10-01T08:47:49.238138+00:00,2026-10-01T09:47:49.238138+01:00,a512d0211986889f728215eacc8a963b,tennis_atp_japan_open,ATP Japan Open,2026-10-02T03:10:00+00:00,2026-10-02T04:10:00+01:00,Valentin Vacherot,Stefanos Tsitsipas,betfair_ex_uk,Betfair,2026-10-01T08:47:46Z,h2h,Valentin Vacherot,2.12,,0.4716981132075471,0.40281690140845067,0.2
2026-10-01T08:47:49.238138+00:00,2026-10-01T09:47:49.238138+01:00,a512d0211986889f728215eacc8a963b,tennis_atp_japan_open,ATP Japan Open,2026-10-02T03:10:00+00:00,2026-10-02T04:10:00+01:00,Valentin Vacherot,Stefanos Tsitsipas,betfair_ex_uk,Betfair,2026-10-01T08:47:46Z,h2h_lay,Stefanos Tsitsipas,1.9,,0.5263157894736842,1.0,0.2
2026-10-01T08:47:49.238138+00:00,2026-10-01T09:47:49.238138+01:00,a512d0211986889f728215eacc8a963b,tennis_atp_japan_open,ATP Japan Open,2026-10-02T03:10:00+00:00,2026-10-02T04:10:00+01:00,Valentin Vacherot,Stefanos Tsitsipas,betfair_ex_uk,Betfair,2026-10-01T08:47:46Z,h2h_lay,Valentin Vacherot,3.3,,0.30303030303030304,1.0,0.2
2026-10-01T08:47:49.238138+00:00,2026-10-01T09:47:49.238138+01:00,a512d0211986889f728215eacc8a963b,tennis_atp_japan_open,ATP Japan Open,2026-10-02T03:10:00+00:00,2026-10-02T04:10:00+01:00,Valentin Vacherot,Stefanos Tsitsipas,matchbook,Matchbook,2026-10-01T08:47:45Z,h2h,Stefanos Tsitsipas,1.58,,0.6329113924050632,0.41697416974169743,0.2
2026-10-01T08:47:49.238138+00:00,2026-10-01T09:47:49.238138+01:00,a512d0211986889f728215eacc8a963b,tennis_atp_japan_open,ATP Japan Open,2026-10-02T03:10:00+00:00,2026-10-02T04:10:00+01:00,Valentin Vacherot,Stefanos Tsitsipas,matchbook,Matchbook,2026-10-01T08:47:45Z,h2h,Valentin Vacherot,1.13,,0.8849557522123894,0.5830258302583027,0.2
2026-10-01T08:47:49.238138+00:00,2026-10-01T09:47:49.238138+01:00,a512d0211986889f728215eacc8a963b,tennis_atp_japan_open,ATP Japan Open,2026-10-02T03:10:00+00:00,2026-10-02T04:10:00+01:00,Valentin Vacherot,Stefanos Tsitsipas,matchbook,Matchbook,2026-10-01T08:47:45Z,h2h_lay,Stefanos Tsitsipas,8.2,,0.12195121951219513,1.0,0.2
2026-10-01T08:47:49.238138+00:00,2026-10-01T09:47:49.238138+01:00,a512d0211986889f728215eacc8a963b,tennis_atp_japan_open,ATP Japan Open,2026-10-02T03:10:00+00:00,2026-10-02T04:10:00+01:00,Valentin Vacherot,Stefanos Tsitsipas,matchbook,Matchbook,2026-10-01T08:47:45Z,h2h_lay,Valentin Vacherot,2.7,,0.37037037037037035,1.0,0.2
2026-10-01T08:47:49.238138+00:00,2026-10-01T09:47:49.238138+01:00,a512d0211986889f728215eacc8a963b,tennis_atp_japan_open,ATP Japan Open,2026-10-02T03:10:00+00:00,2026-10-02T04:10:00+01:00,Valentin Vacherot,Stefanos Tsitsipas,sport888,888sport,2026-10-01T08:47:13Z,h2h,Stefanos Tsitsipas,1.57,,0.6369426751592356,0.6025316455696202,0.2
2026-10-01T08:47:49.238138+00:00,2026-10-01T09:47:49.238138+01:00,a512d0211986889f728215eacc8a963b,tennis_atp_japan_open,ATP Japan Open,2026-10-02T03:10:00+00:00,2026-10-02T04:10:00+01:00,Valentin Vacherot,Stefanos Tsitsipas,sport888,888sport,2026-10-01T08:47:13Z,h2h,Valentin Vacherot,2.38,,0.42016806722689076,0.39746835443037976,0.2
2026-10-01T08:47:49.238138+00:00,2026-10-01T09:47:49.238138+01:00,a512d0211986889f728215eacc8a963b,tennis_atp_japan_open,ATP Japan Open,2026-10-02T03:10:00+00:00,2026-10-02T04:10:00+01:00,Valentin Vacherot,Stefanos Tsitsipas,betway,Betway,2026-10-01T08:47:31Z,h2h,Stefanos Tsitsipas,1.6,,0.625,0.5897435897435896,0.2
2026-10-01T08:47:49.238138+00:00,2026-10-01T09:47:49.238138+01:00,a512d0211986889f728215eacc8a963b,tennis_atp_japan_open,ATP Japan Open,2026-10-02T03:10:00+00:00,2026-10-02T04:10:00+01:00,Valentin Vacherot,Stefanos Tsitsipas,betway,Betway,2026-10-01T08:47:31Z,h2h,Valentin Vacherot,2.3,,0.4347826086956522,0.41025641025641024,0.2
2026-10-01T08:47:49.238138+00:00,2026-10-01T09:47:49.238138+01:00,a512d0211986889f728215eacc8a963b,tennis_atp_japan_open,ATP Japan Open,2026-10-02T03:10:00+00:00,2026-10-02T04:10:00+01:00,Valentin Vacherot,Stefanos Tsitsipas,williamhill,William Hill,2026-10-01T08:46:57Z,h2h,Stefanos Tsitsipas,1.57,,0.6369426751592356,0.6025316455696202,0.2
2026-10-01T08:47:49.238138+00:00,2026-10-01T09:47:49.238138+01:00,a512d0211986889f728215eacc8a963b,tennis_atp_japan_open,ATP Japan Open,2026-10-02T03:10:00+00:00,2026-10-02T04:10:00+01:00,Valentin Vacherot,Stefanos Tsitsipas,williamhill,William Hill,2026-10-01T08:46:57Z,h2h,Valentin Vacherot,2.38,,0.42016806722689076,0.39746835443037976,0.2
2026-10-01T08:47:49.238138+00:00,2026-10-01T09:47:49.238138+01:00,a512d0211986889f728215eacc8a963b,tennis_atp_japan_open,ATP Japan Open,2026-10-02T03:10:00+00:00,2026-10-02T04:10:00+01:00,Valentin Vacherot,Stefanos Tsitsipas,leovegas,LeoVegas,2026-10-01T08:47:13Z,h2h,Stefanos Tsitsipas,1.53,,0.6535947712418301,0.6056701030927835,0.2
2026-10-01T08:47:49.238138+00:00,2026-10-01T09:47:49.238138+01:00,a512d0211986889f728215eacc8a963b,tennis_atp_japan_open,ATP Japan Open,2026-10-02T03:10:00+00:00,2026-10-02T04:10:00+01:00,Valentin Vacherot,Stefanos Tsitsipas,leovegas,LeoVegas,2026-10-01T08:47:13Z,h2h,Valentin Vacherot,2.35,,0.425531914893617,0.3943298969072165,0.2
2026-10-01T08:47:49.238138+00:00,2026-10-01T09:47:49.238138+01:00,a512d0211986889f728215eacc8a963b,tennis_atp_japan_open,ATP Japan Open,2026-10-02T03:10:00+00:00,2026-10-02T04:10:00+01:00,Valentin Vacherot,Stefanos Tsitsipas,paddypower,Paddy Power,2026-10-01T08:47:12Z,h2h,Stefanos Tsitsipas,1.5,,0.6666666666666666,0.625,0.2
2026-10-01T08:47:49.238138+00:00,2026-10-01T09:47:49.238138+01:00,a512d0211986889f728215eacc8a963b,tennis_atp_japan_open,ATP Japan Open,2026-10-02T03:10:00+00:00,2026-10-02T04:10:00+01:00,Valentin Vacherot,Stefanos Tsitsipas,paddypower,Paddy Power,2026-10-01T08:47:12Z,h2h,Valentin Vacherot,2.5,,0.4,0.375,0.2
2026-10-01T08:47:49.238138+00:00,2026-10-01T09:47:49.238138+01:00,a512d0211986889f728215eacc8a963b,tennis_atp_japan_open,ATP Japan Open,2026-10-02T03:10:00+00:00,2026-10-02T04:10:00+01:00,Valentin Vacherot,Stefanos Tsitsipas,betvictor,Bet Victor,2026-10-01T08:47:46Z,h2h,Stefanos Tsitsipas,1.53,,0.6535947712418301,0.6086956521739131,0.2
2026-10-01T08:47:49.238138+00:00,2026-10-01T09:47:49.238138+01:00,a512d0211986889f728215eacc8a963b,tennis_atp_japan_open,ATP Japan Open,2026-10-02T03:10:00+00:00,2026-10-02T04:10:00+01:00,Valentin Vacherot,Stefanos Tsitsipas,betvictor,Bet Victor,2026-10-01T08:47:46Z,h2h,Valentin Vacherot,2.38,,0.42016806722689076,0.391304347826087,0.2
2026-10-01T08:47:49.238138+00:00,2026-10-01T09:47:49.238138+01:00,a512d0211986889f728215eacc8a963b,tennis_atp_japan_open,ATP Japan Open,2026-10-02T03:10:00+00:00,2026-10-02T04:10:00+01:00,Valentin Vacherot,Stefanos Tsitsipas,betano_uk,Betano (UK),2026-10-01T08:45:33Z,h2h,Stefanos Tsitsipas,1.53,,0.6535947712418301,0.6086956521739131,0.2
2026-10-01T08:47:49.238138+00:00,2026-10-01T09:47:49.238138+01:00,a512d0211986889f728215eacc8a963b,tennis_atp_japan_open,ATP Japan Open,2026-10-02T03:10:00+00:00,2026-10-02T04:10:00+01:00,Valentin Vacherot,Stefanos Tsitsipas,betano_uk,Betano (UK),2026-10-01T08:45:33Z,h2h,Valentin Vacherot,2.38,,0.42016806722689076,0.391304347826087,0.2
2026-10-01T08:47:49.238138+00:00,2026-10-01T09:47:49.238138+01:00,a512d0211986889f728215eacc8a963b,tennis_atp_japan_open,ATP Japan Open,2026-10-02T03:10:00+00:00,2026-10-02T04:10:00+01:00,Valentin Vacherot,Stefanos Tsitsipas,betfair_sb_uk,Betfair Sportsbook,2026-10-01T08:47:30Z,h2h,Stefanos Tsitsipas,1.53,,0.6535947712418301,0.6203473945409429,0.2
2026-10-01T08:47:49.238138+00:00,2026-10-01T09:47:49.238138+01:00,a512d0211986889f728215eacc8a963b,tennis_atp_japan_open,ATP Japan Open,2026-10-02T03:10:00+00:00,2026-10-02T04:10:00+01:00,Valentin Vacherot,Stefanos Tsitsipas,betfair_sb_uk,Betfair Sportsbook,2026-10-01T08:47:30Z,h2h,Valentin Vacherot,2.5,,0.4,0.3796526054590571,0.2
2026-10-01T08:47:49.238138+00:00,2026-10-01T09:47:49.238138+01:00,a512d0211986889f728215eacc8a963b,tennis_atp_japan_open,ATP Japan Open,2026-10-02T03:10:00+00:00,2026-10-02T04:10:00+01:00,Valentin Vacherot,Stefanos Tsitsipas,casumo,Casumo,2026-10-01T08:47:30Z,h2h,Stefanos Tsitsipas,1.56,,0.641025641025641,0.6090225563909775,0.2
2026-10-01T08:47:49.238138+00:00,2026-10-01T09:47:49.238138+01:00,a512d0211986889f728215eacc8a963b,tennis_atp_japan_open,ATP Japan Open,2026-10-02T03:10:00+00:00,2026-10-02T04:10:00+01:00,Valentin Vacherot,Stefanos Tsitsipas,casumo,Casumo,2026-10-01T08:47:30Z,h2h,Valentin Vacherot,2.43,,0.4115226337448559,0.3909774436090226,0.2
2026-10-01T08:47:49.238138+00:00,2026-10-01T09:47:49.238138+01:00,a512d0211986889f728215eacc8a963b,tennis_atp_japan_open,ATP Japan Open,2026-10-02T03:10:00+00:00,2026-10-02T04:10:00+01:00,Valentin Vacherot,Stefanos Tsitsipas,grosvenor,Grosvenor,2026-10-01T08:47:45Z,h2h,Stefanos Tsitsipas,1.56,,0.641025641025641,0.6090225563909775,0.2
2026-10-01T08:47:49.238138+00:00,2026-10-01T09:47:49.238138+01:00,a512d0211986889f728215eacc8a963b,tennis_atp_japan_open,ATP Japan Open,2026-10-02T03:10:00+00:00,2026-10-02T04:10:00+01:00,Valentin Vacherot,Stefanos Tsitsipas,grosvenor,Grosvenor,2026-10-01T08:47:45Z,h2h,Valentin Vacherot,2.43,,0.4115226337448559,0.3909774436090226,0.2
2026-10-01T08:47:49.238138+00:00,2026-10-01T09:47:49.238138+01:00,a512d0211986889f728215eacc8a963b,tennis_atp_japan_open,ATP Japan Open,2026-10-02T03:10:00+00:00,2026-10-02T04:10:00+01:00,Valentin Vacherot,Stefanos Tsitsipas,skybet,Sky Bet,2026-10-01T08:47:12Z,h2h,Stefanos Tsitsipas,1.5,,0.6666666666666666,0.625,0.2
2026-10-01T08:47:49.238138+00:00,2026-10-01T09:47:49.238138+01:00,a512d0211986889f728215eacc8a963b,tennis_atp_japan_open,ATP Japan Open,2026-10-02T03:10:00+00:00,2026-10-02T04:10:00+01:00,Valentin Vacherot,Stefanos Tsitsipas,skybet,Sky Bet,2026-10-01T08:47:12Z,h2h,Valentin Vacherot,2.5,,0.4,0.375,0.2
2026-10-01T08:47:49.238138+00:00,2026-10-01T09:47:49.238138+01:00,a512d0211986889f728215eacc8a963b,tennis_atp_japan_open,ATP Japan Open,2026-10-02T03:10:00+00:00,2026-10-02T04:10:00+01:00,Valentin Vacherot,Stefanos Tsitsipas,livescorebet,LiveScore Bet,2026-10-01T08:47:11Z,h2h,Stefanos Tsitsipas,1.56,,0.641025641025641,0.6090225563909775,0.2
2026-10-01T08:47:49.238138+00:00,2026-10-01T09:47:49.238138+01:00,a512d0211986889f728215eacc8a963b,tennis_atp_japan_open,ATP Japan Open,2026-10-02T03:10:00+00:00,2026-10-02T04:10:00+01:00,Valentin Vacherot,Stefanos Tsitsipas,livescorebet,LiveScore Bet,2026-10-01T08:47:11Z,h2h,Valentin Vacherot,2.43,,0.4115226337448559,0.3909774436090226,0.2
2026-10-01T08:47:49.238138+00:00,2026-10-01T09:47:49.238138+01:00,a512d0211986889f728215eacc8a963b,tennis_atp_japan_open,ATP Japan Open,2026-10-02T03:10:00+00:00,2026-10-02T04:10:00+01:00,Valentin Vacherot,Stefanos Tsitsipas,virginbet,Virgin Bet,2026-10-01T08:47:12Z,h2h,Stefanos Tsitsipas,1.56,,0.641025641025641,0.6090225563909775,0.2
2026-10-01T08:47:49.238138+00:00,2026-10-01T09:47:49.238138+01:00,a512d0211986889f728215eacc8a963b,tennis_atp_japan_open,ATP Japan Open,2026-10-02T03:10:00+00:00,2026-10-02T04:10:00+01:00,Valentin Vacherot,Stefanos Tsitsipas,virginbet,Virgin Bet,2026-10-01T08:47:12Z,h2h,Valentin Vacherot,2.43,,0.4115226337448559,0.3909774436090226,0.2
2026-10-01T08:47:49.238138+00:00,2026-10-01T09:47:49.238138+01:00,a512d0211986889f728215eacc8a963b,tennis_atp_japan_open,ATP Japan Open,2026-10-02T03:10:00+00:00,2026-10-02T04:10:00+01:00,Valentin Vacherot,Stefanos Tsitsipas,boylesports,BoyleSports,2026-10-01T08:47:46Z,h2h,Stefanos Tsitsipas,1.53,,0.6535947712418301,0.6005221932114883,0.2
2026-10-01T08:47:49.238138+00:00,2026-10-01T09:47:49.238138+01:00,a512d0211986889f728215eacc8a963b,tennis_atp_japan_open,ATP Japan Open,2026-10-02T03:10:00+00:00,2026-10-02T04:10:00+01:00,Valentin Vacherot,Stefanos Tsitsipas,boylesports,BoyleSports,2026-10-01T08:47:46Z,h2h,Valentin Vacherot,2.3,,0.4347826086956522,0.39947780678851175,0.2
2026-10-01T08:47:49.238138+00:00,2026-10-01T09:47:49.238138+01:00,435f3a90c7a66fdf4f84a79ca37e05e1,tennis_atp_japan_open,ATP Japan Open,2026-10-02T07:00:00+00:00,2026-10-02T08:00:00+01:00,Kyrian Jacquet,Luciano Darderi,unibet_uk,Unibet (UK),2026-10-01T08:47:31Z,h2h,Kyrian Jacquet,2.03,,0.4926108374384237,0.46010638297872336,0.2
2026-10-01T08:47:49.238138+00:00,2026-10-01T09:47:49.238138+01:00,435f3a90c7a66fdf4f84a79ca37e05e1,tennis_atp_japan_open,ATP Japan Open,2026-10-02T07:00:00+00:00,2026-10-02T08:00:00+01:00,Kyrian Jacquet,Luciano Darderi,unibet_uk,Unibet (UK),2026-10-01T08:47:31Z,h2h,Luciano Darderi,1.73,,0.5780346820809249,0.5398936170212765,0.2
2026-10-01T08:47:49.238138+00:00,2026-10-01T09:47:49.238138+01:00,435f3a90c7a66fdf4f84a79ca37e05e1,tennis_atp_japan_open,ATP Japan Open,2026-10-02T07:00:00+00:00,2026-10-02T08:00:00+01:00,Kyrian Jacquet,Luciano Darderi,betfair_ex_uk,Betfair,2026-10-01T08:47:46Z,h2h,Kyrian Jacquet,2.08,,0.4807692307692307,0.4438502673796791,0.2
2026-10-01T08:47:49.238138+00:00,2026-10-01T09:47:49.238138+01:00,435f3a90c7a66fdf4f84a79ca37e05e1,tennis_atp_japan_open,ATP Japan Open,2026-10-02T07:00:00+00:00,2026-10-02T08:00:00+01:00,Kyrian Jacquet,Luciano Darderi,betfair_ex_uk,Betfair,2026-10-01T08:47:46Z,h2h,Luciano Darderi,1.66,,0.6024096385542169,0.5561497326203209,0.2
2026-10-01T08:47:49.238138+00:00,2026-10-01T09:47:49.238138+01:00,435f3a90c7a66fdf4f84a79ca37e05e1,tennis_atp_japan_open,ATP Japan Open,2026-10-02T07:00:00+00:00,2026-10-02T08:00:00+01:00,Kyrian Jacquet,Luciano Darderi,betfair_ex_uk,Betfair,2026-10-01T08:47:46Z,h2h_lay,Kyrian Jacquet,2.5,,0.4,1.0,0.2
2026-10-01T08:47:49.238138+00:00,2026-10-01T09:47:49.238138+01:00,435f3a90c7a66fdf4f84a79ca37e05e1,tennis_atp_japan_open,ATP Japan Open,2026-10-02T07:00:00+00:00,2026-10-02T08:00:00+01:00,Kyrian Jacquet,Luciano Darderi,betfair_ex_uk,Betfair,2026-10-01T08:47:46Z,h2h_lay,Luciano Darderi,1.91,,0.5235602094240838,1.0,0.2
2026-10-01T08:47:49.238138+00:00,2026-10-01T09:47:49.238138+01:00,435f3a90c7a66fdf4f84a79ca37e05e1,tennis_atp_japan_open,ATP Japan Open,2026-10-02T07:00:00+00:00,2026-10-02T08:00:00+01:00,Kyrian Jacquet,Luciano Darderi,sport888,888sport,2026-10-01T08:47:13Z,h2h,Kyrian Jacquet,2.0,,0.5,0.47368421052631576,0.2
2026-10-01T08:47:49.238138+00:00,2026-10-01T09:47:49.238138+01:00,435f3a90c7a66fdf4f84a79ca37e05e1,tennis_atp_japan_open,ATP Japan Open,2026-10-02T07:00:00+00:00,2026-10-02T08:00:00+01:00,Kyrian Jacquet,Luciano Darderi,sport888,888sport,2026-10-01T08:47:13Z,h2h,Luciano Darderi,1.8,,0.5555555555555556,0.5263157894736842,0.2
2026-10-01T08:47:49.238138+00:00,2026-10-01T09:47:49.238138+01:00,435f3a90c7a66fdf4f84a79ca37e05e1,tennis_atp_japan_open,ATP Japan Open,2026-10-02T07:00:00+00:00,2026-10-02T08:00:00+01:00,Kyrian Jacquet,Luciano Darderi,matchbook,Matchbook,2026-10-01T08:47:45Z,h2h,Kyrian Jacquet,2.0,,0.5,0.453551912568306,0.2
2026-10-01T08:47:49.238138+00:00,2026-10-01T09:47:49.238138+01:00,435f3a90c7a66fdf4f84a79ca37e05e1,tennis_atp_japan_open,ATP Japan Open,2026-10-02T07:00:00+00:00,2026-10-02T08:00:00+01:00,Kyrian Jacquet,Luciano Darderi,matchbook,Matchbook,2026-10-01T08:47:45Z,h2h,Luciano Darderi,1.66,,0.6024096385542169,0.546448087431694,0.2
2026-10-01T08:47:49.238138+00:00,2026-10-01T09:47:49.238138+01:00,435f3a90c7a66fdf4f84a79ca37e05e1,tennis_atp_japan_open,ATP Japan Open,2026-10-02T07:00:00+00:00,2026-10-02T08:00:00+01:00,Kyrian Jacquet,Luciano Darderi,matchbook,Matchbook,2026-10-01T08:47:45Z,h2h_lay,Kyrian Jacquet,2.52,,0.3968253968253968,1.0,0.2
2026-10-01T08:47:49.238138+00:00,2026-10-01T09:47:49.238138+01:00,435f3a90c7a66fdf4f84a79ca37e05e1,tennis_atp_japan_open,ATP Japan Open,2026-10-02T07:00:00+00:00,2026-10-02T08:00:00+01:00,Kyrian Jacquet,Luciano Darderi,matchbook,Matchbook,2026-10-01T08:47:45Z,h2h_lay,Luciano Darderi,2.0,,0.5,1.0,0.2
2026-10-01T08:47:49.238138+00:00,2026-10-01T09:47:49.238138+01:00,435f3a90c7a66fdf4f84a79ca37e05e1,tennis_atp_japan_open,ATP Japan Open,2026-10-02T07:00:00+00:00,2026-10-02T08:00:00+01:00,Kyrian Jacquet,Luciano Darderi,betway,Betway,2026-10-01T08:47:31Z,h2h,Kyrian Jacquet,2.1,,0.47619047619047616,0.4516971279373368,0.2
2026-10-01T08:47:49.238138+00:00,2026-10-01T09:47:49.238138+01:00,435f3a90c7a66fdf4f84a79ca37e05e1,tennis_atp_japan_open,ATP Japan Open,2026-10-02T07:00:00+00:00,2026-10-02T08:00:00+01:00,Kyrian Jacquet,Luciano Darderi,betway,Betway,2026-10-01T08:47:31Z,h2h,Luciano Darderi,1.73,,0.5780346820809249,0.5483028720626633,0.2
2026-10-01T08:47:49.238138+00:00,2026-10-01T09:47:49.238138+01:00,435f3a90c7a66fdf4f84a79ca37e05e1,tennis_atp_japan_open,ATP Japan Open,2026-10-02T07:00:00+00:00,2026-10-02T08:00:00+01:00,Kyrian Jacquet,Luciano Darderi,williamhill,William Hill,2026-10-01T08:46:57Z,h2h,Kyrian Jacquet,2.0,,0.5,0.47368421052631576,0.2
2026-10-01T08:47:49.238138+00:00,2026-10-01T09:47:49.238138+01:00,435f3a90c7a66fdf4f84a79ca37e05e1,tennis_atp_japan_open,ATP Japan Open,2026-10-02T07:00:00+00:00,2026-10-02T08:00:00+01:00,Kyrian Jacquet,Luciano Darderi,williamhill,William Hill,2026-10-01T08:46:57Z,h2h,Luciano Darderi,1.8,,0.5555555555555556,0.5263157894736842,0.2
2026-10-01T08:47:49.238138+00:00,2026-10-01T09:47:49.238138+01:00,435f3a90c7a66fdf4f84a79ca37e05e1,tennis_atp_japan_open,ATP Japan Open,2026-10-02T07:00:00+00:00,2026-10-02T08:00:00+01:00,Kyrian Jacquet,Luciano Darderi,leovegas,LeoVegas,2026-10-01T08:47:13Z,h2h,Kyrian Jacquet,2.0,,0.5,0.4623655913978494,0.2
2026-10-01T08:47:49.238138+00:00,2026-10-01T09:47:49.238138+01:00,435f3a90c7a66fdf4f84a79ca37e05e1,tennis_atp_japan_open,ATP Japan Open,2026-10-02T07:00:00+00:00,2026-10-02T08:00:00+01:00,Kyrian Jacquet,Luciano Darderi,leovegas,LeoVegas,2026-10-01T08:47:13Z,h2h,Luciano Darderi,1.72,,0.5813953488372093,0.5376344086021505,0.2
2026-10-01T08:47:49.238138+00:00,2026-10-01T09:47:49.238138+01:00,435f3a90c7a66fdf4f84a79ca37e05e1,tennis_atp_japan_open,ATP Japan Open,2026-10-02T07:00:00+00:00,2026-10-02T08:00:00+01:00,Kyrian Jacquet,Luciano Darderi,paddypower,Paddy Power,2026-10-01T08:47:12Z,h2h,Kyrian Jacquet,2.1,,0.47619047619047616,0.44297082228116713,0.2
2026-10-01T08:47:49.238138+00:00,2026-10-01T09:47:49.238138+01:00,435f3a90c7a66fdf4f84a79ca37e05e1,tennis_atp_japan_open,ATP Japan Open,2026-10-02T07:00:00+00:00,2026-10-02T08:00:00+01:00,Kyrian Jacquet,Luciano Darderi,paddypower,Paddy Power,2026-10-01T08:47:12Z,h2h,Luciano Darderi,1.67,,0.5988023952095809,0.557029177718833,0.2
2026-10-01T08:47:49.238138+00:00,2026-10-01T09:47:49.238138+01:00,435f3a90c7a66fdf4f84a79ca37e05e1,tennis_atp_japan_open,ATP Japan Open,2026-10-02T07:00:00+00:00,2026-10-02T08:00:00+01:00,Kyrian Jacquet,Luciano Darderi,virginbet,Virgin Bet,2026-10-01T08:47:12Z,h2h,Kyrian Jacquet,2.16,,0.4629629629629629,0.4404145077720207,0.2
2026-10-01T08:47:49.238138+00:00,2026-10-01T09:47:49.238138+01:00,435f3a90c7a66fdf4f84a79ca37e05e1,tennis_atp_japan_open,ATP Japan Open,2026-10-02T07:00:00+00:00,2026-10-02T08:00:00+01:00,Kyrian Jacquet,Luciano Darderi,virginbet,Virgin Bet,2026-10-01T08:47:12Z,h2h,Luciano Darderi,1.7,,0.5882352941176471,0.5595854922279793,0.2
2026-10-01T08:47:49.238138+00:00,2026-10-01T09:47:49.238138+01:00,435f3a90c7a66fdf4f84a79ca37e05e1,tennis_atp_japan_open,ATP Japan Open,2026-10-02T07:00:00+00:00,2026-10-02T08:00:00+01:00,Kyrian Jacquet,Luciano Darderi,livescorebet,LiveScore Bet,2026-10-01T08:47:11Z,h2h,Kyrian Jacquet,2.16,,0.4629629629629629,0.4404145077720207,0.2
2026-10-01T08:47:49.238138+00:00,2026-10-01T09:47:49.238138+01:00,435f3a90c7a66fdf4f84a79ca37e05e1,tennis_atp_japan_open,ATP Japan Open,2026-10-02T07:00:00+00:00,2026-10-02T08:00:00+01:00,Kyrian Jacquet,Luciano Darderi,livescorebet,LiveScore Bet,2026-10-01T08:47:11Z,h2h,Luciano Darderi,1.7,,0.5882352941176471,0.5595854922279793,0.2
2026-10-01T08:47:49.238138+00:00,2026-10-01T09:47:49.238138+01:00,435f3a90c7a66fdf4f84a79ca37e05e1,tennis_atp_japan_open,ATP Japan Open,2026-10-02T07:00:00+00:00,2026-10-02T08:00:00+01:00,Kyrian Jacquet,Luciano Darderi,casumo,Casumo,2026-10-01T08:47:30Z,h2h,Kyrian Jacquet,2.16,,0.4629629629629629,0.4404145077720207,0.2
2026-10-01T08:47:49.238138+00:00,2026-10-01T09:47:49.238138+01:00,435f3a90c7a66fdf4f84a79ca37e05e1,tennis_atp_japan_open,ATP Japan Open,2026-10-02T07:00:00+00:00,2026-10-02T08:00:00+01:00,Kyrian Jacquet,Luciano Darderi,casumo,Casumo,2026-10-01T08:47:30Z,h2h,Luciano Darderi,1.7,,0.5882352941176471,0.5595854922279793,0.2
2026-10-01T08:47:49.238138+00:00,2026-10-01T09:47:49.238138+01:00,435f3a90c7a66fdf4f84a79ca37e05e1,tennis_atp_japan_open,ATP Japan Open,2026-10-02T07:00:00+00:00,2026-10-02T08:00:00+01:00,Kyrian Jacquet,Luciano Darderi,grosvenor,Grosvenor,2026-10-01T08:47:45Z,h2h,Kyrian Jacquet,2.16,,0.4629629629629629,0.4404145077720207,0.2
2026-10-01T08:47:49.238138+00:00,2026-10-01T09:47:49.238138+01:00,435f3a90c7a66fdf4f84a79ca37e05e1,tennis_atp_japan_open,ATP Japan Open,2026-10-02T07:00:00+00:00,2026-10-02T08:00:00+01:00,Kyrian Jacquet,Luciano Darderi,grosvenor,Grosvenor,2026-10-01T08:47:45Z,h2h,Luciano Darderi,1.7,,0.5882352941176471,0.5595854922279793,0.2
2026-10-01T08:47:49.238138+00:00,2026-10-01T09:47:49.238138+01:00,435f3a90c7a66fdf4f84a79ca37e05e1,tennis_atp_japan_open,ATP Japan Open,2026-10-02T07:00:00+00:00,2026-10-02T08:00:00+01:00,Kyrian Jacquet,Luciano Darderi,betano_uk,Betano (UK),2026-10-01T08:45:33Z,h2h,Kyrian Jacquet,2.0,,0.5,0.4638069705093834,0.2
2026-10-01T08:47:49.238138+00:00,2026-10-01T09:47:49.238138+01:00,435f3a90c7a66fdf4f84a79ca37e05e1,tennis_atp_japan_open,ATP Japan Open,2026-10-02T07:00:00+00:00,2026-10-02T08:00:00+01:00,Kyrian Jacquet,Luciano Darderi,betano_uk,Betano (UK),2026-10-01T08:45:33Z,h2h,Luciano Darderi,1.73,,0.5780346820809249,0.5361930294906166,0.2
2026-10-01T08:47:49.238138+00:00,2026-10-01T09:47:49.238138+01:00,435f3a90c7a66fdf4f84a79ca37e05e1,tennis_atp_japan_open,ATP Japan Open,2026-10-02T07:00:00+00:00,2026-10-02T08:00:00+01:00,Kyrian Jacquet,Luciano Darderi,betvictor,Bet Victor,2026-10-01T08:47:46Z,h2h,Kyrian Jacquet,2.0,,0.5,0.4638069705093834,0.2
2026-10-01T08:47:49.238138+00:00,2026-10-01T09:47:49.238138+01:00,435f3a90c7a66fdf4f84a79ca37e05e1,tennis_atp_japan_open,ATP Japan Open,2026-10-02T07:00:00+00:00,2026-10-02T08:00:00+01:00,Kyrian Jacquet,Luciano Darderi,betvictor,Bet Victor,2026-10-01T08:47:46Z,h2h,Luciano Darderi,1.73,,0.5780346820809249,0.5361930294906166,0.2
2026-10-01T08:47:49.238138+00:00,2026-10-01T09:47:49.238138+01:00,435f3a90c7a66fdf4f84a79ca37e05e1,tennis_atp_japan_open,ATP Japan Open,2026-10-02T07:00:00+00:00,2026-10-02T08:00:00+01:00,Kyrian Jacquet,Luciano Darderi,skybet,Sky Bet,2026-10-01T08:47:12Z,h2h,Kyrian Jacquet,2.1,,0.47619047619047616,0.44297082228116713,0.2
2026-10-01T08:47:49.238138+00:00,2026-10-01T09:47:49.238138+01:00,435f3a90c7a66fdf4f84a79ca37e05e1,tennis_atp_japan_open,ATP Japan Open,2026-10-02T07:00:00+00:00,2026-10-02T08:00:00+01:00,Kyrian Jacquet,Luciano Darderi,skybet,Sky Bet,2026-10-01T08:47:12Z,h2h,Luciano Darderi,1.67,,0.5988023952095809,0.557029177718833,0.2
2026-10-01T08:47:49.238138+00:00,2026-10-01T09:47:49.238138+01:00,435f3a90c7a66fdf4f84a79ca37e05e1,tennis_atp_japan_open,ATP Japan Open,2026-10-02T07:00:00+00:00,2026-10-02T08:00:00+01:00,Kyrian Jacquet,Luciano Darderi,boylesports,BoyleSports,2026-10-01T08:47:46Z,h2h,Kyrian Jacquet,2.0,,0.5,0.4638069705093834,0.2
2026-10-01T08:47:49.238138+00:00,2026-10-01T09:47:49.238138+01:00,435f3a90c7a66fdf4f84a79ca37e05e1,tennis_atp_japan_open,ATP Japan Open,2026-10-02T07:00:00+00:00,2026-10-02T08:00:00+01:00,Kyrian Jacquet,Luciano Darderi,boylesports,BoyleSports,2026-10-01T08:47:46Z,h2h,Luciano Darderi,1.73,,0.5780346820809249,0.5361930294906166,0.2
2026-10-01T08:47:49.238138+00:00,2026-10-01T09:47:49.238138+01:00,908dd14275f11b8588bccce4d87aae14,tennis_atp_japan_open,ATP Japan Open,2026-10-02T08:10:00+00:00,2026-10-02T09:10:00+01:00,Arthur Fils,Frances Tiafoe,matchbook,Matchbook,2026-10-01T08:47:45Z,h2h,Arthur Fils,1.29,,0.7751937984496123,0.6993006993006993,0.2
2026-10-01T08:47:49.238138+00:00,2026-10-01T09:47:49.238138+01:00,908dd14275f11b8588bccce4d87aae14,tennis_atp_japan_open,ATP Japan Open,2026-10-02T08:10:00+00:00,2026-10-02T09:10:00+01:00,Arthur Fils,Frances Tiafoe,matchbook,Matchbook,2026-10-01T08:47:45Z,h2h,Frances Tiafoe,3.0,,0.3333333333333333,0.3006993006993007,0.2
2026-10-01T08:47:49.238138+00:00,2026-10-01T09:47:49.238138+01:00,908dd14275f11b8588bccce4d87aae14,tennis_atp_japan_open,ATP Japan Open,2026-10-02T08:10:00+00:00,2026-10-02T09:10:00+01:00,Arthur Fils,Frances Tiafoe,matchbook,Matchbook,2026-10-01T08:47:45Z,h2h_lay,Arthur Fils,1.5,,0.6666666666666666,1.0,0.2
2026-10-01T08:47:49.238138+00:00,2026-10-01T09:47:49.238138+01:00,908dd14275f11b8588bccce4d87aae14,tennis_atp_japan_open,ATP Japan Open,2026-10-02T08:10:00+00:00,2026-10-02T09:10:00+01:00,Arthur Fils,Frances Tiafoe,matchbook,Matchbook,2026-10-01T08:47:45Z,h2h_lay,Frances Tiafoe,4.5,,0.2222222222222222,1.0,0.2
2026-10-01T08:47:49.238138+00:00,2026-10-01T09:47:49.238138+01:00,908dd14275f11b8588bccce4d87aae14,tennis_atp_japan_open,ATP Japan Open,2026-10-02T08:10:00+00:00,2026-10-02T09:10:00+01:00,Arthur Fils,Frances Tiafoe,betway,Betway,2026-10-01T08:47:31Z,h2h,Arthur Fils,1.45,,0.6896551724137931,0.6547619047619047,0.2
2026-10-01T08:47:49.238138+00:00,2026-10-01T09:47:49.238138+01:00,908dd14275f11b8588bccce4d87aae14,tennis_atp_japan_open,ATP Japan Open,2026-10-02T08:10:00+00:00,2026-10-02T09:10:00+01:00,Arthur Fils,Frances Tiafoe,betway,Betway,2026-10-01T08:47:31Z,h2h,Frances Tiafoe,2.75,,0.36363636363636365,0.3452380952380952,0.2
2026-10-01T08:47:49.238138+00:00,2026-10-01T09:47:49.238138+01:00,908dd14275f11b8588bccce4d87aae14,tennis_atp_japan_open,ATP Japan Open,2026-10-02T08:10:00+00:00,2026-10-02T09:10:00+01:00,Arthur Fils,Frances Tiafoe,unibet_uk,Unibet (UK),2026-10-01T08:47:31Z,h2h,Arthur Fils,1.47,,0.6802721088435374,0.6388206388206389,0.2
2026-10-01T08:47:49.238138+00:00,2026-10-01T09:47:49.238138+01:00,908dd14275f11b8588bccce4d87aae14,tennis_atp_japan_open,ATP Japan Open,2026-10-02T08:10:00+00:00,2026-10-02T09:10:00+01:00,Arthur Fils,Frances Tiafoe,unibet_uk,Unibet (UK),2026-10-01T08:47:31Z,h2h,Frances Tiafoe,2.6,,0.3846153846153846,0.3611793611793612,0.2
2026-10-01T08:47:49.238138+00:00,2026-10-01T09:47:49.238138+01:00,908dd14275f11b8588bccce4d87aae14,tennis_atp_japan_open,ATP Japan Open,2026-10-02T08:10:00+00:00,2026-10-02T09:10:00+01:00,Arthur Fils,Frances Tiafoe,betfair_ex_uk,Betfair,2026-10-01T08:47:46Z,h2h,Arthur Fils,1.36,,0.7352941176470588,0.6382978723404256,0.2
2026-10-01T08:47:49.238138+00:00,2026-10-01T09:47:49.238138+01:00,908dd14275f11b8588bccce4d87aae14,tennis_atp_japan_open,ATP Japan Open,2026-10-02T08:10:00+00:00,2026-10-02T09:10:00+01:00,Arthur Fils,Frances Tiafoe,betfair_ex_uk,Betfair,2026-10-01T08:47:46Z,h2h,Frances Tiafoe,2.4,,0.4166666666666667,0.3617021276595745,0.2
2026-10-01T08:47:49.238138+00:00,2026-10-01T09:47:49.238138+01:00,908dd14275f11b8588bccce4d87aae14,tennis_atp_japan_open,ATP Japan Open,2026-10-02T08:10:00+00:00,2026-10-02T09:10:00+01:00,Arthur Fils,Frances Tiafoe,betfair_ex_uk,Betfair,2026-10-01T08:47:46Z,h2h_lay,Arthur Fils,1.71,,0.5847953216374269,1.0,0.2
2026-10-01T08:47:49.238138+00:00,2026-10-01T09:47:49.238138+01:00,908dd14275f11b8588bccce4d87aae14,tennis_atp_japan_open,ATP Japan Open,2026-10-02T08:10:00+00:00,2026-10-02T09:10:00+01:00,Arthur Fils,Frances Tiafoe,betfair_ex_uk,Betfair,2026-10-01T08:47:46Z,h2h_lay,Frances Tiafoe,3.75,,0.26666666666666666,1.0,0.2
2026-10-01T08:47:49.238138+00:00,2026-10-01T09:47:49.238138+01:00,908dd14275f11b8588bccce4d87aae14,tennis_atp_japan_open,ATP Japan Open,2026-10-02T08:10:00+00:00,2026-10-02T09:10:00+01:00,Arthur Fils,Frances Tiafoe,williamhill,William Hill,2026-10-01T08:46:57Z,h2h,Arthur Fils,1.5,,0.6666666666666666,0.6341463414634148,0.2
2026-10-01T08:47:49.238138+00:00,2026-10-01T09:47:49.238138+01:00,908dd14275f11b8588bccce4d87aae14,tennis_atp_japan_open,ATP Japan Open,2026-10-02T08:10:00+00:00,2026-10-02T09:10:00+01:00,Arthur Fils,Frances Tiafoe,williamhill,William Hill,2026-10-01T08:46:57Z,h2h,Frances Tiafoe,2.6,,0.3846153846153846,0.3658536585365854,0.2
2026-10-01T08:47:49.238138+00:00,2026-10-01T09:47:49.238138+01:00,908dd14275f11b8588bccce4d87aae14,tennis_atp_japan_open,ATP Japan Open,2026-10-02T08:10:00+00:00,2026-10-02T09:10:00+01:00,Arthur Fils,Frances Tiafoe,sport888,888sport,2026-10-01T08:47:13Z,h2h,Arthur Fils,1.5,,0.6666666666666666,0.6341463414634148,0.2
2026-10-01T08:47:49.238138+00:00,2026-10-01T09:47:49.238138+01:00,908dd14275f11b8588bccce4d87aae14,tennis_atp_japan_open,ATP Japan Open,2026-10-02T08:10:00+00:00,2026-10-02T09:10:00+01:00,Arthur Fils,Frances Tiafoe,sport888,888sport,2026-10-01T08:47:13Z,h2h,Frances Tiafoe,2.6,,0.3846153846153846,0.3658536585365854,0.2
2026-10-01T08:47:49.238138+00:00,2026-10-01T09:47:49.238138+01:00,908dd14275f11b8588bccce4d87aae14,tennis_atp_japan_open,ATP Japan Open,2026-10-02T08:10:00+00:00,2026-10-02T09:10:00+01:00,Arthur Fils,Frances Tiafoe,leovegas,LeoVegas,2026-10-01T08:47:13Z,h2h,Arthur Fils,1.45,,0.6896551724137931,0.6375000000000001,0.2
2026-10-01T08:47:49.238138+00:00,2026-10-01T09:47:49.238138+01:00,908dd14275f11b8588bccce4d87aae14,tennis_atp_japan_open,ATP Japan Open,2026-10-02T08:10:00+00:00,2026-10-02T09:10:00+01:00,Arthur Fils,Frances Tiafoe,leovegas,LeoVegas,2026-10-01T08:47:13Z,h2h,Frances Tiafoe,2.55,,0.3921568627450981,0.36250000000000004,0.2
2026-10-01T08:47:49.238138+00:00,2026-10-01T09:47:49.238138+01:00,908dd14275f11b8588bccce4d87aae14,tennis_atp_japan_open,ATP Japan Open,2026-10-02T08:10:00+00:00,2026-10-02T09:10:00+01:00,Arthur Fils,Frances Tiafoe,paddypower,Paddy Power,2026-10-01T08:47:12Z,h2h,Arthur Fils,1.44,,0.6944444444444444,0.645320197044335,0.2
2026-10-01T08:47:49.238138+00:00,2026-10-01T09:47:49.238138+01:00,908dd14275f11b8588bccce4d87aae14,tennis_atp_japan_open,ATP Japan Open,2026-10-02T08:10:00+00:00,2026-10-02T09:10:00+01:00,Arthur Fils,Frances Tiafoe,paddypower,Paddy Power,2026-10-01T08:47:12Z,h2h,Frances Tiafoe,2.62,,0.38167938931297707,0.35467980295566504,0.2
2026-10-01T08:47:49.238138+00:00,2026-10-01T09:47:49.238138+01:00,908dd14275f11b8588bccce4d87aae14,tennis_atp_japan_open,ATP Japan Open,2026-10-02T08:10:00+00:00,2026-10-02T09:10:00+01:00,Arthur Fils,Frances Tiafoe,betvictor,Bet Victor,2026-10-01T08:47:46Z,h2h,Arthur Fils,1.45,,0.6896551724137931,0.6419753086419754,0.2
2026-10-01T08:47:49.238138+00:00,2026-10-01T09:47:49.238138+01:00,908dd14275f11b8588bccce4d87aae14,tennis_atp_japan_open,ATP Japan Open,2026-10-02T08:10:00+00:00,2026-10-02T09:10:00+01:00,Arthur Fils,Frances Tiafoe,betvictor,Bet Victor,2026-10-01T08:47:46Z,h2h,Frances Tiafoe,2.6,,0.3846153846153846,0.35802469135802467,0.2
2026-10-01T08:47:49.238138+00:00,2026-10-01T09:47:49.238138+01:00,908dd14275f11b8588bccce4d87aae14,tennis_atp_japan_open,ATP Japan Open,2026-10-02T08:10:00+00:00,2026-10-02T09:10:00+01:00,Arthur Fils,Frances Tiafoe,betano_uk,Betano (UK),2026-10-01T08:45:33Z,h2h,Arthur Fils,1.45,,0.6896551724137931,0.6419753086419754,0.2
2026-10-01T08:47:49.238138+00:00,2026-10-01T09:47:49.238138+01:00,908dd14275f11b8588bccce4d87aae14,tennis_atp_japan_open,ATP Japan Open,2026-10-02T08:10:00+00:00,2026-10-02T09:10:00+01:00,Arthur Fils,Frances Tiafoe,betano_uk,Betano (UK),2026-10-01T08:45:33Z,h2h,Frances Tiafoe,2.6,,0.3846153846153846,0.35802469135802467,0.2
2026-10-01T08:47:49.238138+00:00,2026-10-01T09:47:49.238138+01:00,908dd14275f11b8588bccce4d87aae14,tennis_atp_japan_open,ATP Japan Open,2026-10-02T08:10:00+00:00,2026-10-02T09:10:00+01:00,Arthur Fils,Frances Tiafoe,skybet,Sky Bet,2026-10-01T08:47:12Z,h2h,Arthur Fils,1.44,,0.6944444444444444,0.6461916461916463,0.2
2026-10-01T08:47:49.238138+00:00,2026-10-01T09:47:49.238138+01:00,908dd14275f11b8588bccce4d87aae14,tennis_atp_japan_open,ATP Japan Open,2026-10-02T08:10:00+00:00,2026-10-02T09:10:00+01:00,Arthur Fils,Frances Tiafoe,skybet,Sky Bet,2026-10-01T08:47:12Z,h2h,Frances Tiafoe,2.63,,0.3802281368821293,0.35380835380835385,0.2
2026-10-01T20:20:22.542215+00:00,2026-10-01T21:20:22.542215+01:00,b0998b3474fea9dee080784b8da01048,americanfootball_ncaaf,NCAAF,2026-10-02T00:00:00+00:00,2026-10-02T01:00:00+01:00,New Mexico State Aggies,Western Kentucky Hilltoppers,williamhill,William Hill,2026-10-01T20:19:15Z,h2h,New Mexico State Aggies,1.73,,0.5780346820809249,0.5361930294906166,0.2
2026-10-01T20:20:22.542215+00:00,2026-10-01T21:20:22.542215+01:00,b0998b3474fea9dee080784b8da01048,americanfootball_ncaaf,NCAAF,2026-10-02T00:00:00+00:00,2026-10-02T01:00:00+01:00,New Mexico State Aggies,Western Kentucky Hilltoppers,williamhill,William Hill,2026-10-01T20:19:15Z,h2h,Western Kentucky Hilltoppers,2.0,,0.5,0.4638069705093834,0.2
2026-10-01T20:20:22.542215+00:00,2026-10-01T21:20:22.542215+01:00,b0998b3474fea9dee080784b8da01048,americanfootball_ncaaf,NCAAF,2026-10-02T00:00:00+00:00,2026-10-02T01:00:00+01:00,New Mexico State Aggies,Western Kentucky Hilltoppers,leovegas,LeoVegas,2026-10-01T20:18:59Z,h2h,New Mexico State Aggies,1.75,,0.5714285714285714,0.5394736842105263,0.2
2026-10-01T20:20:22.542215+00:00,2026-10-01T21:20:22.542215+01:00,b0998b3474fea9dee080784b8da01048,americanfootball_ncaaf,NCAAF,2026-10-02T00:00:00+00:00,2026-10-02T01:00:00+01:00,New Mexico State Aggies,Western Kentucky Hilltoppers,leovegas,LeoVegas,2026-10-01T20:18:59Z,h2h,Western Kentucky Hilltoppers,2.05,,0.48780487804878053,0.46052631578947373,0.2
2026-10-01T20:20:22.542215+00:00,2026-10-01T21:20:22.542215+01:00,b0998b3474fea9dee080784b8da01048,americanfootball_ncaaf,NCAAF,2026-10-02T00:00:00+00:00,2026-10-02T01:00:00+01:00,New Mexico State Aggies,Western Kentucky Hilltoppers,unibet_uk,Unibet (UK),2026-10-01T20:19:35Z,h2h,New Mexico State Aggies,1.75,,0.5714285714285714,0.5430809399477807,0.2
2026-10-01T20:20:22.542215+00:00,2026-10-01T21:20:22.542215+01:00,b0998b3474fea9dee080784b8da01048,americanfootball_ncaaf,NCAAF,2026-10-02T00:00:00+00:00,2026-10-02T01:00:00+01:00,New Mexico State Aggies,Western Kentucky Hilltoppers,unibet_uk,Unibet (UK),2026-10-01T20:19:35Z,h2h,Western Kentucky Hilltoppers,2.08,,0.4807692307692307,0.4569190600522194,0.2
2026-10-01T20:20:22.542215+00:00,2026-10-01T21:20:22.542215+01:00,b0998b3474fea9dee080784b8da01048,americanfootball_ncaaf,NCAAF,2026-10-02T00:00:00+00:00,2026-10-02T01:00:00+01:00,New Mexico State Aggies,Western Kentucky Hilltoppers,betano_uk,Betano (UK),2026-10-01T20:18:00Z,h2h,New Mexico State Aggies,1.73,,0.5780346820809249,0.5361930294906166,0.2
2026-10-01T20:20:22.542215+00:00,2026-10-01T21:20:22.542215+01:00,b0998b3474fea9dee080784b8da01048,americanfootball_ncaaf,NCAAF,2026-10-02T00:00:00+00:00,2026-10-02T01:00:00+01:00,New Mexico State Aggies,Western Kentucky Hilltoppers,betano_uk,Betano (UK),2026-10-01T20:18:00Z,h2h,Western Kentucky Hilltoppers,2.0,,0.5,0.4638069705093834,0.2
2026-10-01T20:20:22.542215+00:00,2026-10-01T21:20:22.542215+01:00,b0998b3474fea9dee080784b8da01048,americanfootball_ncaaf,NCAAF,2026-10-02T00:00:00+00:00,2026-10-02T01:00:00+01:00,New Mexico State Aggies,Western Kentucky Hilltoppers,betvictor,Bet Victor,2026-10-01T20:19:33Z,h2h,New Mexico State Aggies,1.73,,0.5780346820809249,0.5361930294906166,0.2
2026-10-01T20:20:22.542215+00:00,2026-10-01T21:20:22.542215+01:00,b0998b3474fea9dee080784b8da01048,americanfootball_ncaaf,NCAAF,2026-10-02T00:00:00+00:00,2026-10-02T01:00:00+01:00,New Mexico State Aggies,Western Kentucky Hilltoppers,betvictor,Bet Victor,2026-10-01T20:19:33Z,h2h,Western Kentucky Hilltoppers,2.0,,0.5,0.4638069705093834,0.2
2026-10-01T20:20:22.542215+00:00,2026-10-01T21:20:22.542215+01:00,b0998b3474fea9dee080784b8da01048,americanfootball_ncaaf,NCAAF,2026-10-02T00:00:00+00:00,2026-10-02T01:00:00+01:00,New Mexico State Aggies,Western Kentucky Hilltoppers,ladbrokes_uk,Ladbrokes,2026-10-01T20:19:00Z,h2h,New Mexico State Aggies,1.73,,0.5780346820809249,0.5361930294906166,0.2
2026-10-01T20:20:22.542215+00:00,2026-10-01T21:20:22.542215+01:00,b0998b3474fea9dee080784b8da01048,americanfootball_ncaaf,NCAAF,2026-10-02T00:00:00+00:00,2026-10-02T01:00:00+01:00,New Mexico State Aggies,Western Kentucky Hilltoppers,ladbrokes_uk,Ladbrokes,2026-10-01T20:19:00Z,h2h,Western Kentucky Hilltoppers,2.0,,0.5,0.4638069705093834,0.2
2026-10-01T20:20:22.542215+00:00,2026-10-01T21:20:22.542215+01:00,b0998b3474fea9dee080784b8da01048,americanfootball_ncaaf,NCAAF,2026-10-02T00:00:00+00:00,2026-10-02T01:00:00+01:00,New Mexico State Aggies,Western Kentucky Hilltoppers,betway,Betway,2026-10-01T20:19:54Z,h2h,New Mexico State Aggies,1.8,,0.5555555555555556,0.5324675324675325,0.2
2026-10-01T20:20:22.542215+00:00,2026-10-01T21:20:22.542215+01:00,b0998b3474fea9dee080784b8da01048,americanfootball_ncaaf,NCAAF,2026-10-02T00:00:00+00:00,2026-10-02T01:00:00+01:00,New Mexico State Aggies,Western Kentucky Hilltoppers,betway,Betway,2026-10-01T20:19:54Z,h2h,Western Kentucky Hilltoppers,2.05,,0.48780487804878053,0.4675324675324676,0.2
2026-10-01T20:20:22.542215+00:00,2026-10-01T21:20:22.542215+01:00,b0998b3474fea9dee080784b8da01048,americanfootball_ncaaf,NCAAF,2026-10-02T00:00:00+00:00,2026-10-02T01:00:00+01:00,New Mexico State Aggies,Western Kentucky Hilltoppers,matchbook,Matchbook,2026-10-01T20:19:34Z,h2h,New Mexico State Aggies,1.84,,0.5434782608695652,0.5353535353535354,0.2
2026-10-01T20:20:22.542215+00:00,2026-10-01T21:20:22.542215+01:00,b0998b3474fea9dee080784b8da01048,americanfootball_ncaaf,NCAAF,2026-10-02T00:00:00+00:00,2026-10-02T01:00:00+01:00,New Mexico State Aggies,Western Kentucky Hilltoppers,matchbook,Matchbook,2026-10-01T20:19:34Z,h2h,Western Kentucky Hilltoppers,2.12,,0.4716981132075471,0.46464646464646464,0.2
2026-10-01T20:20:22.542215+00:00,2026-10-01T21:20:22.542215+01:00,b0998b3474fea9dee080784b8da01048,americanfootball_ncaaf,NCAAF,2026-10-02T00:00:00+00:00,2026-10-02T01:00:00+01:00,New Mexico State Aggies,Western Kentucky Hilltoppers,matchbook,Matchbook,2026-10-01T20:19:34Z,h2h_lay,New Mexico State Aggies,1.9,,0.5263157894736842,1.0,0.2
2026-10-01T20:20:22.542215+00:00,2026-10-01T21:20:22.542215+01:00,b0998b3474fea9dee080784b8da01048,americanfootball_ncaaf,NCAAF,2026-10-02T00:00:00+00:00,2026-10-02T01:00:00+01:00,New Mexico State Aggies,Western Kentucky Hilltoppers,matchbook,Matchbook,2026-10-01T20:19:34Z,h2h_lay,Western Kentucky Hilltoppers,2.2,,0.45454545454545453,1.0,0.2
2026-10-01T20:20:22.542215+00:00,2026-10-01T21:20:22.542215+01:00,b0998b3474fea9dee080784b8da01048,americanfootball_ncaaf,NCAAF,2026-10-02T00:00:00+00:00,2026-10-02T01:00:00+01:00,New Mexico State Aggies,Western Kentucky Hilltoppers,betfair_ex_uk,Betfair,2026-10-01T20:19:53Z,h2h,New Mexico State Aggies,1.85,,0.5405405405405405,0.5363408521303258,0.2
2026-10-01T20:20:22.542215+00:00,2026-10-01T21:20:22.542215+01:00,b0998b3474fea9dee080784b8da01048,americanfootball_ncaaf,NCAAF,2026-10-02T00:00:00+00:00,2026-10-02T01:00:00+01:00,New Mexico State Aggies,Western Kentucky Hilltoppers,betfair_ex_uk,Betfair,2026-10-01T20:19:53Z,h2h,Western Kentucky Hilltoppers,2.14,,0.4672897196261682,0.46365914786967427,0.2
2026-10-01T20:20:22.542215+00:00,2026-10-01T21:20:22.542215+01:00,b0998b3474fea9dee080784b8da01048,americanfootball_ncaaf,NCAAF,2026-10-02T00:00:00+00:00,2026-10-02T01:00:00+01:00,New Mexico State Aggies,Western Kentucky Hilltoppers,betfair_ex_uk,Betfair,2026-10-01T20:19:53Z,h2h_lay,New Mexico State Aggies,1.87,,0.53475935828877,1.0,0.2
2026-10-01T20:20:22.542215+00:00,2026-10-01T21:20:22.542215+01:00,b0998b3474fea9dee080784b8da01048,americanfootball_ncaaf,NCAAF,2026-10-02T00:00:00+00:00,2026-10-02T01:00:00+01:00,New Mexico State Aggies,Western Kentucky Hilltoppers,betfair_ex_uk,Betfair,2026-10-01T20:19:53Z,h2h_lay,Western Kentucky Hilltoppers,2.18,,0.4587155963302752,1.0,0.2
2026-10-01T20:20:22.542215+00:00,2026-10-01T21:20:22.542215+01:00,3c64f3dd8efd756a90f09303e5517006,americanfootball_ncaaf,NCAAF,2026-10-02T01:00:00+00:00,2026-10-02T02:00:00+01:00,Tulsa Golden Hurricane,North Texas Mean Green,williamhill,William Hill,2026-10-01T20:19:15Z,h2h,North Texas Mean Green,1.73,,0.5780346820809249,0.5361930294906166,0.2
2026-10-01T20:20:22.542215+00:00,2026-10-01T21:20:22.542215+01:00,3c64f3dd8efd756a90f09303e5517006,americanfootball_ncaaf,NCAAF,2026-10-02T01:00:00+00:00,2026-10-02T02:00:00+01:00,Tulsa Golden Hurricane,North Texas Mean Green,williamhill,William Hill,2026-10-01T20:19:15Z,h2h,Tulsa Golden Hurricane,2.0,,0.5,0.4638069705093834,0.2
2026-10-01T20:20:22.542215+00:00,2026-10-01T21:20:22.542215+01:00,3c64f3dd8efd756a90f09303e5517006,americanfootball_ncaaf,NCAAF,2026-10-02T01:00:00+00:00,2026-10-02T02:00:00+01:00,Tulsa Golden Hurricane,North Texas Mean Green,betano_uk,Betano (UK),2026-10-01T20:18:00Z,h2h,North Texas Mean Green,1.75,,0.5714285714285714,0.527027027027027,0.2
2026-10-01T20:20:22.542215+00:00,2026-10-01T21:20:22.542215+01:00,3c64f3dd8efd756a90f09303e5517006,americanfootball_ncaaf,NCAAF,2026-10-02T01:00:00+00:00,2026-10-02T02:00:00+01:00,Tulsa Golden Hurricane,North Texas Mean Green,betano_uk,Betano (UK),2026-10-01T20:18:00Z,h2h,Tulsa Golden Hurricane,1.95,,0.5128205128205129,0.47297297297297297,0.2
2026-10-01T20:20:22.542215+00:00,2026-10-01T21:20:22.542215+01:00,3c64f3dd8efd756a90f09303e5517006,americanfootball_ncaaf,NCAAF,2026-10-02T01:00:00+00:00,2026-10-02T02:00:00+01:00,Tulsa Golden Hurricane,North Texas Mean Green,unibet_uk,Unibet (UK),2026-10-01T20:19:35Z,h2h,North Texas Mean Green,1.8,,0.5555555555555556,0.53125,0.2
2026-10-01T20:20:22.542215+00:00,2026-10-01T21:20:22.542215+01:00,3c64f3dd8efd756a90f09303e5517006,americanfootball_ncaaf,NCAAF,2026-10-02T01:00:00+00:00,2026-10-02T02:00:00+01:00,Tulsa Golden Hurricane,North Texas Mean Green,unibet_uk,Unibet (UK),2026-10-01T20:19:35Z,h2h,Tulsa Golden Hurricane,2.04,,0.49019607843137253,0.46874999999999994,0.2
2026-10-01T20:20:22.542215+00:00,2026-10-01T21:20:22.542215+01:00,3c64f3dd8efd756a90f09303e5517006,americanfootball_ncaaf,NCAAF,2026-10-02T01:00:00+00:00,2026-10-02T02:00:00+01:00,Tulsa Golden Hurricane,North Texas Mean Green,leovegas,LeoVegas,2026-10-01T20:18:59Z,h2h,North Texas Mean Green,1.75,,0.5714285714285714,0.5394736842105263,0.2
2026-10-01T20:20:22.542215+00:00,2026-10-01T21:20:22.542215+01:00,3c64f3dd8efd756a90f09303e5517006,americanfootball_ncaaf,NCAAF,2026-10-02T01:00:00+00:00,2026-10-02T02:00:00+01:00,Tulsa Golden Hurricane,North Texas Mean Green,leovegas,LeoVegas,2026-10-01T20:18:59Z,h2h,Tulsa Golden Hurricane,2.05,,0.48780487804878053,0.46052631578947373,0.2
2026-10-01T20:20:22.542215+00:00,2026-10-01T21:20:22.542215+01:00,3c64f3dd8efd756a90f09303e5517006,americanfootball_ncaaf,NCAAF,2026-10-02T01:00:00+00:00,2026-10-02T02:00:00+01:00,Tulsa Golden Hurricane,North Texas Mean Green,betvictor,Bet Victor,2026-10-01T20:19:33Z,h2h,North Texas Mean Green,1.75,,0.5714285714285714,0.527027027027027,0.2
2026-10-01T20:20:22.542215+00:00,2026-10-01T21:20:22.542215+01:00,3c64f3dd8efd756a90f09303e5517006,americanfootball_ncaaf,NCAAF,2026-10-02T01:00:00+00:00,2026-10-02T02:00:00+01:00,Tulsa Golden Hurricane,North Texas Mean Green,betvictor,Bet Victor,2026-10-01T20:19:33Z,h2h,Tulsa Golden Hurricane,1.95,,0.5128205128205129,0.47297297297297297,0.2
2026-10-01T20:20:22.542215+00:00,2026-10-01T21:20:22.542215+01:00,3c64f3dd8efd756a90f09303e5517006,americanfootball_ncaaf,NCAAF,2026-10-02T01:00:00+00:00,2026-10-02T02:00:00+01:00,Tulsa Golden Hurricane,North Texas Mean Green,coral,Coral,2026-10-01T20:20:12Z,h2h,North Texas Mean Green,1.7,,0.5882352941176471,0.5405405405405405,0.2
2026-10-01T20:20:22.542215+00:00,2026-10-01T21:20:22.542215+01:00,3c64f3dd8efd756a90f09303e5517006,americanfootball_ncaaf,NCAAF,2026-10-02T01:00:00+00:00,2026-10-02T02:00:00+01:00,Tulsa Golden Hurricane,North Texas Mean Green,coral,Coral,2026-10-01T20:20:12Z,h2h,Tulsa Golden Hurricane,2.0,,0.5,0.45945945945945943,0.2
2026-10-01T20:20:22.542215+00:00,2026-10-01T21:20:22.542215+01:00,3c64f3dd8efd756a90f09303e5517006,americanfootball_ncaaf,NCAAF,2026-10-02T01:00:00+00:00,2026-10-02T02:00:00+01:00,Tulsa Golden Hurricane,North Texas Mean Green,ladbrokes_uk,Ladbrokes,2026-10-01T20:19:00Z,h2h,North Texas Mean Green,1.7,,0.5882352941176471,0.5405405405405405,0.2
2026-10-01T20:20:22.542215+00:00,2026-10-01T21:20:22.542215+01:00,3c64f3dd8efd756a90f09303e5517006,americanfootball_ncaaf,NCAAF,2026-10-02T01:00:00+00:00,2026-10-02T02:00:00+01:00,Tulsa Golden Hurricane,North Texas Mean Green,ladbrokes_uk,Ladbrokes,2026-10-01T20:19:00Z,h2h,Tulsa Golden Hurricane,2.0,,0.5,0.45945945945945943,0.2
2026-10-01T20:20:22.542215+00:00,2026-10-01T21:20:22.542215+01:00,3c64f3dd8efd756a90f09303e5517006,americanfootball_ncaaf,NCAAF,2026-10-02T01:00:00+00:00,2026-10-02T02:00:00+01:00,Tulsa Golden Hurricane,North Texas Mean Green,betway,Betway,2026-10-01T20:19:54Z,h2h,North Texas Mean Green,1.77,,0.5649717514124294,0.5426356589147286,0.2
2026-10-01T20:20:22.542215+00:00,2026-10-01T21:20:22.542215+01:00,3c64f3dd8efd756a90f09303e5517006,americanfootball_ncaaf,NCAAF,2026-10-02T01:00:00+00:00,2026-10-02T02:00:00+01:00,Tulsa Golden Hurricane,North Texas Mean Green,betway,Betway,2026-10-01T20:19:54Z,h2h,Tulsa Golden Hurricane,2.1,,0.47619047619047616,0.4573643410852713,0.2
2026-10-01T20:20:22.542215+00:00,2026-10-01T21:20:22.542215+01:00,3c64f3dd8efd756a90f09303e5517006,americanfootball_ncaaf,NCAAF,2026-10-02T01:00:00+00:00,2026-10-02T02:00:00+01:00,Tulsa Golden Hurricane,North Texas Mean Green,matchbook,Matchbook,2026-10-01T20:19:34Z,h2h,North Texas Mean Green,1.81,,0.5524861878453039,0.5508684863523574,0.2
2026-10-01T20:20:22.542215+00:00,2026-10-01T21:20:22.542215+01:00,3c64f3dd8efd756a90f09303e5517006,americanfootball_ncaaf,NCAAF,2026-10-02T01:00:00+00:00,2026-10-02T02:00:00+01:00,Tulsa Golden Hurricane,North Texas Mean Green,matchbook,Matchbook,2026-10-01T20:19:34Z,h2h,Tulsa Golden Hurricane,2.22,,0.4504504504504504,0.44913151364764264,0.2
2026-10-01T20:20:22.542215+00:00,2026-10-01T21:20:22.542215+01:00,3c64f3dd8efd756a90f09303e5517006,americanfootball_ncaaf,NCAAF,2026-10-02T01:00:00+00:00,2026-10-02T02:00:00+01:00,Tulsa Golden Hurricane,North Texas Mean Green,matchbook,Matchbook,2026-10-01T20:19:34Z,h2h_lay,North Texas Mean Green,1.82,,0.5494505494505494,1.0,0.2
2026-10-01T20:20:22.542215+00:00,2026-10-01T21:20:22.542215+01:00,3c64f3dd8efd756a90f09303e5517006,americanfootball_ncaaf,NCAAF,2026-10-02T01:00:00+00:00,2026-10-02T02:00:00+01:00,Tulsa Golden Hurricane,North Texas Mean Green,matchbook,Matchbook,2026-10-01T20:19:34Z,h2h_lay,Tulsa Golden Hurricane,2.24,,0.4464285714285714,1.0,0.2
2026-10-01T20:20:22.542215+00:00,2026-10-01T21:20:22.542215+01:00,3c64f3dd8efd756a90f09303e5517006,americanfootball_ncaaf,NCAAF,2026-10-02T01:00:00+00:00,2026-10-02T02:00:00+01:00,Tulsa Golden Hurricane,North Texas Mean Green,betfair_ex_uk,Betfair,2026-10-01T20:19:53Z,h2h,North Texas Mean Green,1.81,,0.5524861878453039,0.5508684863523574,0.2
2026-10-01T20:20:22.542215+00:00,2026-10-01T21:20:22.542215+01:00,3c64f3dd8efd756a90f09303e5517006,americanfootball_ncaaf,NCAAF,2026-10-02T01:00:00+00:00,2026-10-02T02:00:00+01:00,Tulsa Golden Hurricane,North Texas Mean Green,betfair_ex_uk,Betfair,2026-10-01T20:19:53Z,h2h,Tulsa Golden Hurricane,2.22,,0.4504504504504504,0.44913151364764264,0.2
2026-10-01T20:20:22.542215+00:00,2026-10-01T21:20:22.542215+01:00,3c64f3dd8efd756a90f09303e5517006,americanfootball_ncaaf,NCAAF,2026-10-02T01:00:00+00:00,2026-10-02T02:00:00+01:00,Tulsa Golden Hurricane,North Texas Mean Green,betfair_ex_uk,Betfair,2026-10-01T20:19:53Z,h2h_lay,North Texas Mean Green,1.82,,0.5494505494505494,1.0,0.2
2026-10-01T20:20:22.542215+00:00,2026-10-01T21:20:22.542215+01:00,3c64f3dd8efd756a90f09303e5517006,americanfootball_ncaaf,NCAAF,2026-10-02T01:00:00+00:00,2026-10-02T02:00:00+01:00,Tulsa Golden Hurricane,North Texas Mean Green,betfair_ex_uk,Betfair,2026-10-01T20:19:53Z,h2h_lay,Tulsa Golden Hurricane,2.24,,0.4464285714285714,1.0,0.2
2026-10-01T20:20:22.542215+00:00,2026-10-01T21:20:22.542215+01:00,3e66aaea7b8248d6cf6d345c4ca38aef,baseball_npb,NPB,2026-10-02T09:00:00+00:00,2026-10-02T10:00:00+01:00,Chiba Lotte Marines,Fukuoka SoftBank Hawks,boylesports,BoyleSports,2026-10-01T20:20:01Z,h2h,Chiba Lotte Marines,2.5,,0.4,0.375,0.2
2026-10-01T20:20:22.542215+00:00,2026-10-01T21:20:22.542215+01:00,3e66aaea7b8248d6cf6d345c4ca38aef,baseball_npb,NPB,2026-10-02T09:00:00+00:00,2026-10-02T10:00:00+01:00,Chiba Lotte Marines,Fukuoka SoftBank Hawks,boylesports,BoyleSports,2026-10-01T20:20:01Z,h2h,Fukuoka SoftBank Hawks,1.5,,0.6666666666666666,0.625,0.2
2026-10-01T20:20:22.542215+00:00,2026-10-01T21:20:22.542215+01:00,3e66aaea7b8248d6cf6d345c4ca38aef,baseball_npb,NPB,2026-10-02T09:00:00+00:00,2026-10-02T10:00:00+01:00,Chiba Lotte Marines,Fukuoka SoftBank Hawks,sport888,888sport,2026-10-01T20:20:02Z,h2h,Chiba Lotte Marines,2.5,,0.4,0.375,0.2
2026-10-01T20:20:22.542215+00:00,2026-10-01T21:20:22.542215+01:00,3e66aaea7b8248d6cf6d345c4ca38aef,baseball_npb,NPB,2026-10-02T09:00:00+00:00,2026-10-02T10:00:00+01:00,Chiba Lotte Marines,Fukuoka SoftBank Hawks,sport888,888sport,2026-10-01T20:20:02Z,h2h,Fukuoka SoftBank Hawks,1.5,,0.6666666666666666,0.625,0.2
2026-10-01T20:20:22.542215+00:00,2026-10-01T21:20:22.542215+01:00,3e66aaea7b8248d6cf6d345c4ca38aef,baseball_npb,NPB,2026-10-02T09:00:00+00:00,2026-10-02T10:00:00+01:00,Chiba Lotte Marines,Fukuoka SoftBank Hawks,betway,Betway,2026-10-01T20:20:03Z,h2h,Chiba Lotte Marines,2.4,,0.4166666666666667,0.38461538461538464,0.2
2026-10-01T20:20:22.542215+00:00,2026-10-01T21:20:22.542215+01:00,3e66aaea7b8248d6cf6d345c4ca38aef,baseball_npb,NPB,2026-10-02T09:00:00+00:00,2026-10-02T10:00:00+01:00,Chiba Lotte Marines,Fukuoka SoftBank Hawks,betway,Betway,2026-10-01T20:20:03Z,h2h,Fukuoka SoftBank Hawks,1.5,,0.6666666666666666,0.6153846153846154,0.2
2026-10-01T20:20:22.542215+00:00,2026-10-01T21:20:22.542215+01:00,046be0a678df310d203162168f7bedd7,baseball_npb,NPB,2026-10-02T09:00:00+00:00,2026-10-02T10:00:00+01:00,Tokyo Yakult Swallows,Yomiuri Giants,boylesports,BoyleSports,2026-10-01T20:20:01Z,h2h,Tokyo Yakult Swallows,2.05,,0.48780487804878053,0.4576719576719577,0.2
2026-10-01T20:20:22.542215+00:00,2026-10-01T21:20:22.542215+01:00,046be0a678df310d203162168f7bedd7,baseball_npb,NPB,2026-10-02T09:00:00+00:00,2026-10-02T10:00:00+01:00,Tokyo Yakult Swallows,Yomiuri Giants,boylesports,BoyleSports,2026-10-01T20:20:01Z,h2h,Yomiuri Giants,1.73,,0.5780346820809249,0.5423280423280423,0.2
2026-10-01T20:20:22.542215+00:00,2026-10-01T21:20:22.542215+01:00,046be0a678df310d203162168f7bedd7,baseball_npb,NPB,2026-10-02T09:00:00+00:00,2026-10-02T10:00:00+01:00,Tokyo Yakult Swallows,Yomiuri Giants,sport888,888sport,2026-10-01T20:20:02Z,h2h,Tokyo Yakult Swallows,2.1,,0.47619047619047616,0.44297082228116713,0.2
2026-10-01T20:20:22.542215+00:00,2026-10-01T21:20:22.542215+01:00,046be0a678df310d203162168f7bedd7,baseball_npb,NPB,2026-10-02T09:00:00+00:00,2026-10-02T10:00:00+01:00,Tokyo Yakult Swallows,Yomiuri Giants,sport888,888sport,2026-10-01T20:20:02Z,h2h,Yomiuri Giants,1.67,,0.5988023952095809,0.557029177718833,0.2
2026-10-01T20:20:22.542215+00:00,2026-10-01T21:20:22.542215+01:00,046be0a678df310d203162168f7bedd7,baseball_npb,NPB,2026-10-02T09:00:00+00:00,2026-10-02T10:00:00+01:00,Tokyo Yakult Swallows,Yomiuri Giants,betway,Betway,2026-10-01T20:20:03Z,h2h,Tokyo Yakult Swallows,2.05,,0.48780487804878053,0.45187165775401067,0.2
2026-10-01T20:20:22.542215+00:00,2026-10-01T21:20:22.542215+01:00,046be0a678df310d203162168f7bedd7,baseball_npb,NPB,2026-10-02T09:00:00+00:00,2026-10-02T10:00:00+01:00,Tokyo Yakult Swallows,Yomiuri Giants,betway,Betway,2026-10-01T20:20:03Z,h2h,Yomiuri Giants,1.69,,0.591715976331361,0.5481283422459893,0.2
2026-10-01T20:20:22.542215+00:00,2026-10-01T21:20:22.542215+01:00,e128a1db3b815333a76c9a9f1e3a968a,tennis_atp_japan_open,ATP Japan Open,2026-10-02T02:00:00+00:00,2026-10-02T03:00:00+01:00,Jaume Munar,Jaime Faria,unibet_uk,Unibet (UK),2026-10-01T20:19:16Z,h2h,Jaime Faria,2.45,,0.4081632653061224,0.38902743142144636,0.2
2026-10-01T20:20:22.542215+00:00,2026-10-01T21:20:22.542215+01:00,e128a1db3b815333a76c9a9f1e3a968a,tennis_atp_japan_open,ATP Japan Open,2026-10-02T02:00:00+00:00,2026-10-02T03:00:00+01:00,Jaume Munar,Jaime Faria,unibet_uk,Unibet (UK),2026-10-01T20:19:16Z,h2h,Jaume Munar,1.56,,0.641025641025641,0.6109725685785536,0.2
2026-10-01T20:20:22.542215+00:00,2026-10-01T21:20:22.542215+01:00,e128a1db3b815333a76c9a9f1e3a968a,tennis_atp_japan_open,ATP Japan Open,2026-10-02T02:00:00+00:00,2026-10-02T03:00:00+01:00,Jaume Munar,Jaime Faria,betfair_ex_uk,Betfair,2026-10-01T20:19:53Z,h2h,Jaime Faria,2.52,,0.3968253968253968,0.3927710843373494,0.2
2026-10-01T20:20:22.542215+00:00,2026-10-01T21:20:22.542215+01:00,e128a1db3b815333a76c9a9f1e3a968a,tennis_atp_japan_open,ATP Japan Open,2026-10-02T02:00:00+00:00,2026-10-02T03:00:00+01:00,Jaume Munar,Jaime Faria,betfair_ex_uk,Betfair,2026-10-01T20:19:53Z,h2h,Jaume Munar,1.63,,0.6134969325153374,0.6072289156626507,0.2
2026-10-01T20:20:22.542215+00:00,2026-10-01T21:20:22.542215+01:00,e128a1db3b815333a76c9a9f1e3a968a,tennis_atp_japan_open,ATP Japan Open,2026-10-02T02:00:00+00:00,2026-10-02T03:00:00+01:00,Jaume Munar,Jaime Faria,betfair_ex_uk,Betfair,2026-10-01T20:19:53Z,h2h_lay,Jaime Faria,2.58,,0.38759689922480617,1.0,0.2
2026-10-01T20:20:22.542215+00:00,2026-10-01T21:20:22.542215+01:00,e128a1db3b815333a76c9a9f1e3a968a,tennis_atp_japan_open,ATP Japan Open,2026-10-02T02:00:00+00:00,2026-10-02T03:00:00+01:00,Jaume Munar,Jaime Faria,betfair_ex_uk,Betfair,2026-10-01T20:19:53Z,h2h_lay,Jaume Munar,1.65,,0.6060606060606061,1.0,0.2
2026-10-01T20:20:22.542215+00:00,2026-10-01T21:20:22.542215+01:00,e128a1db3b815333a76c9a9f1e3a968a,tennis_atp_japan_open,ATP Japan Open,2026-10-02T02:00:00+00:00,2026-10-02T03:00:00+01:00,Jaume Munar,Jaime Faria,sport888,888sport,2026-10-01T20:19:14Z,h2h,Jaime Faria,2.38,,0.42016806722689076,0.39746835443037976,0.2
2026-10-01T20:20:22.542215+00:00,2026-10-01T21:20:22.542215+01:00,e128a1db3b815333a76c9a9f1e3a968a,tennis_atp_japan_open,ATP Japan Open,2026-10-02T02:00:00+00:00,2026-10-02T03:00:00+01:00,Jaume Munar,Jaime Faria,sport888,888sport,2026-10-01T20:19:14Z,h2h,Jaume Munar,1.57,,0.6369426751592356,0.6025316455696202,0.2
2026-10-01T20:20:22.542215+00:00,2026-10-01T21:20:22.542215+01:00,e128a1db3b815333a76c9a9f1e3a968a,tennis_atp_japan_open,ATP Japan Open,2026-10-02T02:00:00+00:00,2026-10-02T03:00:00+01:00,Jaume Munar,Jaime Faria,matchbook,Matchbook,2026-10-01T20:19:15Z,h2h,Jaime Faria,2.54,,0.39370078740157477,0.39234449760765555,0.2
2026-10-01T20:20:22.542215+00:00,2026-10-01T21:20:22.542215+01:00,e128a1db3b815333a76c9a9f1e3a968a,tennis_atp_japan_open,ATP Japan Open,2026-10-02T02:00:00+00:00,2026-10-02T03:00:00+01:00,Jaume Munar,Jaime Faria,matchbook,Matchbook,2026-10-01T20:19:15Z,h2h,Jaume Munar,1.64,,0.6097560975609756,0.6076555023923446,0.2
2026-10-01T20:20:22.542215+00:00,2026-10-01T21:20:22.542215+01:00,e128a1db3b815333a76c9a9f1e3a968a,tennis_atp_japan_open,ATP Japan Open,2026-10-02T02:00:00+00:00,2026-10-02T03:00:00+01:00,Jaume Munar,Jaime Faria,matchbook,Matchbook,2026-10-01T20:19:15Z,h2h_lay,Jaime Faria,2.56,,0.390625,1.0,0.2
2026-10-01T20:20:22.542215+00:00,2026-10-01T21:20:22.542215+01:00,e128a1db3b815333a76c9a9f1e3a968a,tennis_atp_japan_open,ATP Japan Open,2026-10-02T02:00:00+00:00,2026-10-02T03:00:00+01:00,Jaume Munar,Jaime Faria,matchbook,Matchbook,2026-10-01T20:19:15Z,h2h_lay,Jaume Munar,1.65,,0.6060606060606061,1.0,0.2
2026-10-01T20:20:22.542215+00:00,2026-10-01T21:20:22.542215+01:00,e128a1db3b815333a76c9a9f1e3a968a,tennis_atp_japan_open,ATP Japan Open,2026-10-02T02:00:00+00:00,2026-10-02T03:00:00+01:00,Jaume Munar,Jaime Faria,betway,Betway,2026-10-01T20:19:44Z,h2h,Jaime Faria,2.4,,0.4166666666666667,0.3924050632911393,0.2
2026-10-01T20:20:22.542215+00:00,2026-10-01T21:20:22.542215+01:00,e128a1db3b815333a76c9a9f1e3a968a,tennis_atp_japan_open,ATP Japan Open,2026-10-02T02:00:00+00:00,2026-10-02T03:00:00+01:00,Jaume Munar,Jaime Faria,betway,Betway,2026-10-01T20:19:44Z,h2h,Jaume Munar,1.55,,0.6451612903225806,0.6075949367088608,0.2
2026-10-01T20:20:22.542215+00:00,2026-10-01T21:20:22.542215+01:00,e128a1db3b815333a76c9a9f1e3a968a,tennis_atp_japan_open,ATP Japan Open,2026-10-02T02:00:00+00:00,2026-10-02T03:00:00+01:00,Jaume Munar,Jaime Faria,williamhill,William Hill,2026-10-01T20:19:53Z,h2h,Jaime Faria,2.38,,0.42016806722689076,0.39746835443037976,0.2
2026-10-01T20:20:22.542215+00:00,2026-10-01T21:20:22.542215+01:00,e128a1db3b815333a76c9a9f1e3a968a,tennis_atp_japan_open,ATP Japan Open,2026-10-02T02:00:00+00:00,2026-10-02T03:00:00+01:00,Jaume Munar,Jaime Faria,williamhill,William Hill,2026-10-01T20:19:53Z,h2h,Jaume Munar,1.57,,0.6369426751592356,0.6025316455696202,0.2
2026-10-01T20:20:22.542215+00:00,2026-10-01T21:20:22.542215+01:00,e128a1db3b815333a76c9a9f1e3a968a,tennis_atp_japan_open,ATP Japan Open,2026-10-02T02:00:00+00:00,2026-10-02T03:00:00+01:00,Jaume Munar,Jaime Faria,leovegas,LeoVegas,2026-10-01T20:17:27Z,h2h,Jaime Faria,2.4,,0.4166666666666667,0.3924050632911393,0.2
2026-10-01T20:20:22.542215+00:00,2026-10-01T21:20:22.542215+01:00,e128a1db3b815333a76c9a9f1e3a968a,tennis_atp_japan_open,ATP Japan Open,2026-10-02T02:00:00+00:00,2026-10-02T03:00:00+01:00,Jaume Munar,Jaime Faria,leovegas,LeoVegas,2026-10-01T20:17:27Z,h2h,Jaume Munar,1.55,,0.6451612903225806,0.6075949367088608,0.2
2026-10-01T20:20:22.542215+00:00,2026-10-01T21:20:22.542215+01:00,e128a1db3b815333a76c9a9f1e3a968a,tennis_atp_japan_open,ATP Japan Open,2026-10-02T02:00:00+00:00,2026-10-02T03:00:00+01:00,Jaume Munar,Jaime Faria,paddypower,Paddy Power,2026-10-01T20:19:53Z,h2h,Jaime Faria,2.5,,0.4,0.375,0.2
2026-10-01T20:20:22.542215+00:00,2026-10-01T21:20:22.542215+01:00,e128a1db3b815333a76c9a9f1e3a968a,tennis_atp_japan_open,ATP Japan Open,2026-10-02T02:00:00+00:00,2026-10-02T03:00:00+01:00,Jaume Munar,Jaime Faria,paddypower,Paddy Power,2026-10-01T20:19:53Z,h2h,Jaume Munar,1.5,,0.6666666666666666,0.625,0.2
2026-10-01T20:20:22.542215+00:00,2026-10-01T21:20:22.542215+01:00,e128a1db3b815333a76c9a9f1e3a968a,tennis_atp_japan_open,ATP Japan Open,2026-10-02T02:00:00+00:00,2026-10-02T03:00:00+01:00,Jaume Munar,Jaime Faria,betvictor,Bet Victor,2026-10-01T20:18:19Z,h2h,Jaime Faria,2.38,,0.42016806722689076,0.391304347826087,0.2
2026-10-01T20:20:22.542215+00:00,2026-10-01T21:20:22.542215+01:00,e128a1db3b815333a76c9a9f1e3a968a,tennis_atp_japan_open,ATP Japan Open,2026-10-02T02:00:00+00:00,2026-10-02T03:00:00+01:00,Jaume Munar,Jaime Faria,betvictor,Bet Victor,2026-10-01T20:18:19Z,h2h,Jaume Munar,1.53,,0.6535947712418301,0.6086956521739131,0.2
2026-10-01T20:20:22.542215+00:00,2026-10-01T21:20:22.542215+01:00,e128a1db3b815333a76c9a9f1e3a968a,tennis_atp_japan_open,ATP Japan Open,2026-10-02T02:00:00+00:00,2026-10-02T03:00:00+01:00,Jaume Munar,Jaime Faria,betano_uk,Betano (UK),2026-10-01T20:19:49Z,h2h,Jaime Faria,2.38,,0.42016806722689076,0.391304347826087,0.2
2026-10-01T20:20:22.542215+00:00,2026-10-01T21:20:22.542215+01:00,e128a1db3b815333a76c9a9f1e3a968a,tennis_atp_japan_open,ATP Japan Open,2026-10-02T02:00:00+00:00,2026-10-02T03:00:00+01:00,Jaume Munar,Jaime Faria,betano_uk,Betano (UK),2026-10-01T20:19:49Z,h2h,Jaume Munar,1.53,,0.6535947712418301,0.6086956521739131,0.2
2026-10-01T20:20:22.542215+00:00,2026-10-01T21:20:22.542215+01:00,e128a1db3b815333a76c9a9f1e3a968a,tennis_atp_japan_open,ATP Japan Open,2026-10-02T02:00:00+00:00,2026-10-02T03:00:00+01:00,Jaume Munar,Jaime Faria,virginbet,Virgin Bet,2026-10-01T20:19:35Z,h2h,Jaime Faria,2.5,,0.4,0.37810945273631846,0.2
2026-10-01T20:20:22.542215+00:00,2026-10-01T21:20:22.542215+01:00,e128a1db3b815333a76c9a9f1e3a968a,tennis_atp_japan_open,ATP Japan Open,2026-10-02T02:00:00+00:00,2026-10-02T03:00:00+01:00,Jaume Munar,Jaime Faria,virginbet,Virgin Bet,2026-10-01T20:19:35Z,h2h,Jaume Munar,1.52,,0.6578947368421053,0.6218905472636816,0.2
2026-10-01T20:20:22.542215+00:00,2026-10-01T21:20:22.542215+01:00,e128a1db3b815333a76c9a9f1e3a968a,tennis_atp_japan_open,ATP Japan Open,2026-10-02T02:00:00+00:00,2026-10-02T03:00:00+01:00,Jaume Munar,Jaime Faria,livescorebet,LiveScore Bet,2026-10-01T20:19:34Z,h2h,Jaime Faria,2.5,,0.4,0.37810945273631846,0.2
2026-10-01T20:20:22.542215+00:00,2026-10-01T21:20:22.542215+01:00,e128a1db3b815333a76c9a9f1e3a968a,tennis_atp_japan_open,ATP Japan Open,2026-10-02T02:00:00+00:00,2026-10-02T03:00:00+01:00,Jaume Munar,Jaime Faria,livescorebet,LiveScore Bet,2026-10-01T20:19:34Z,h2h,Jaume Munar,1.52,,0.6578947368421053,0.6218905472636816,0.2
2026-10-01T20:20:22.542215+00:00,2026-10-01T21:20:22.542215+01:00,e128a1db3b815333a76c9a9f1e3a968a,tennis_atp_japan_open,ATP Japan Open,2026-10-02T02:00:00+00:00,2026-10-02T03:00:00+01:00,Jaume Munar,Jaime Faria,casumo,Casumo,2026-10-01T20:19:53Z,h2h,Jaime Faria,2.5,,0.4,0.3765586034912718,0.2
2026-10-01T20:20:22.542215+00:00,2026-10-01T21:20:22.542215+01:00,e128a1db3b815333a76c9a9f1e3a968a,tennis_atp_japan_open,ATP Japan Open,2026-10-02T02:00:00+00:00,2026-10-02T03:00:00+01:00,Jaume Munar,Jaime Faria,casumo,Casumo,2026-10-01T20:19:53Z,h2h,Jaume Munar,1.51,,0.6622516556291391,0.6234413965087281,0.2
2026-10-01T20:20:22.542215+00:00,2026-10-01T21:20:22.542215+01:00,e128a1db3b815333a76c9a9f1e3a968a,tennis_atp_japan_open,ATP Japan Open,2026-10-02T02:00:00+00:00,2026-10-02T03:00:00+01:00,Jaume Munar,Jaime Faria,grosvenor,Grosvenor,2026-10-01T20:18:23Z,h2h,Jaime Faria,2.5,,0.4,0.3765586034912718,0.2
2026-10-01T20:20:22.542215+00:00,2026-10-01T21:20:22.542215+01:00,e128a1db3b815333a76c9a9f1e3a968a,tennis_atp_japan_open,ATP Japan Open,2026-10-02T02:00:00+00:00,2026-10-02T03:00:00+01:00,Jaume Munar,Jaime Faria,grosvenor,Grosvenor,2026-10-01T20:18:23Z,h2h,Jaume Munar,1.51,,0.6622516556291391,0.6234413965087281,0.2
2026-10-01T20:20:22.542215+00:00,2026-10-01T21:20:22.542215+01:00,e128a1db3b815333a76c9a9f1e3a968a,tennis_atp_japan_open,ATP Japan Open,2026-10-02T02:00:00+00:00,2026-10-02T03:00:00+01:00,Jaume Munar,Jaime Faria,betfair_sb_uk,Betfair Sportsbook,2026-10-01T20:20:15Z,h2h,Jaime Faria,2.5,,0.4,0.3796526054590571,0.2
2026-10-01T20:20:22.542215+00:00,2026-10-01T21:20:22.542215+01:00,e128a1db3b815333a76c9a9f1e3a968a,tennis_atp_japan_open,ATP Japan Open,2026-10-02T02:00:00+00:00,2026-10-02T03:00:00+01:00,Jaume Munar,Jaime Faria,betfair_sb_uk,Betfair Sportsbook,2026-10-01T20:20:15Z,h2h,Jaume Munar,1.53,,0.6535947712418301,0.6203473945409429,0.2
2026-10-01T20:20:22.542215+00:00,2026-10-01T21:20:22.542215+01:00,e128a1db3b815333a76c9a9f1e3a968a,tennis_atp_japan_open,ATP Japan Open,2026-10-02T02:00:00+00:00,2026-10-02T03:00:00+01:00,Jaume Munar,Jaime Faria,skybet,Sky Bet,2026-10-01T20:19:33Z,h2h,Jaime Faria,2.5,,0.4,0.375,0.2
2026-10-01T20:20:22.542215+00:00,2026-10-01T21:20:22.542215+01:00,e128a1db3b815333a76c9a9f1e3a968a,tennis_atp_japan_open,ATP Japan Open,2026-10-02T02:00:00+00:00,2026-10-02T03:00:00+01:00,Jaume Munar,Jaime Faria,skybet,Sky Bet,2026-10-01T20:19:33Z,h2h,Jaume Munar,1.5,,0.6666666666666666,0.625,0.2
2026-10-01T20:20:22.542215+00:00,2026-10-01T21:20:22.542215+01:00,e128a1db3b815333a76c9a9f1e3a968a,tennis_atp_japan_open,ATP Japan Open,2026-10-02T02:00:00+00:00,2026-10-02T03:00:00+01:00,Jaume Munar,Jaime Faria,boylesports,BoyleSports,2026-10-01T20:19:18Z,h2h,Jaime Faria,2.38,,0.42016806722689076,0.39746835443037976,0.2
2026-10-01T20:20:22.542215+00:00,2026-10-01T21:20:22.542215+01:00,e128a1db3b815333a76c9a9f1e3a968a,tennis_atp_japan_open,ATP Japan Open,2026-10-02T02:00:00+00:00,2026-10-02T03:00:00+01:00,Jaume Munar,Jaime Faria,boylesports,BoyleSports,2026-10-01T20:19:18Z,h2h,Jaume Munar,1.57,,0.6369426751592356,0.6025316455696202,0.2
2026-10-01T20:20:22.542215+00:00,2026-10-01T21:20:22.542215+01:00,e128a1db3b815333a76c9a9f1e3a968a,tennis_atp_japan_open,ATP Japan Open,2026-10-02T02:00:00+00:00,2026-10-02T03:00:00+01:00,Jaume Munar,Jaime Faria,ladbrokes_uk,Ladbrokes,2026-10-01T20:17:10Z,h2h,Jaime Faria,2.4,,0.4166666666666667,0.3893129770992367,0.2
2026-10-01T20:20:22.542215+00:00,2026-10-01T21:20:22.542215+01:00,e128a1db3b815333a76c9a9f1e3a968a,tennis_atp_japan_open,ATP Japan Open,2026-10-02T02:00:00+00:00,2026-10-02T03:00:00+01:00,Jaume Munar,Jaime Faria,ladbrokes_uk,Ladbrokes,2026-10-01T20:17:10Z,h2h,Jaume Munar,1.53,,0.6535947712418301,0.6106870229007634,0.2
2026-10-01T20:20:22.542215+00:00,2026-10-01T21:20:22.542215+01:00,e128a1db3b815333a76c9a9f1e3a968a,tennis_atp_japan_open,ATP Japan Open,2026-10-02T02:00:00+00:00,2026-10-02T03:00:00+01:00,Jaume Munar,Jaime Faria,coral,Coral,2026-10-01T20:18:02Z,h2h,Jaime Faria,2.4,,0.4166666666666667,0.3893129770992367,0.2
2026-10-01T20:20:22.542215+00:00,2026-10-01T21:20:22.542215+01:00,e128a1db3b815333a76c9a9f1e3a968a,tennis_atp_japan_open,ATP Japan Open,2026-10-02T02:00:00+00:00,2026-10-02T03:00:00+01:00,Jaume Munar,Jaime Faria,coral,Coral,2026-10-01T20:18:02Z,h2h,Jaume Munar,1.53,,0.6535947712418301,0.6106870229007634,0.2
2026-10-01T20:20:22.542215+00:00,2026-10-01T21:20:22.542215+01:00,a512d0211986889f728215eacc8a963b,tennis_atp_japan_open,ATP Japan Open,2026-10-02T03:10:00+00:00,2026-10-02T04:10:00+01:00,Valentin Vacherot,Stefanos Tsitsipas,unibet_uk,Unibet (UK),2026-10-01T20:19:16Z,h2h,Stefanos Tsitsipas,1.65,,0.6060606060606061,0.5769230769230769,0.2
2026-10-01T20:20:22.542215+00:00,2026-10-01T21:20:22.542215+01:00,a512d0211986889f728215eacc8a963b,tennis_atp_japan_open,ATP Japan Open,2026-10-02T03:10:00+00:00,2026-10-02T04:10:00+01:00,Valentin Vacherot,Stefanos Tsitsipas,unibet_uk,Unibet (UK),2026-10-01T20:19:16Z,h2h,Valentin Vacherot,2.25,,0.4444444444444444,0.423076923076923,0.2
2026-10-01T20:20:22.542215+00:00,2026-10-01T21:20:22.542215+01:00,a512d0211986889f728215eacc8a963b,tennis_atp_japan_open,ATP Japan Open,2026-10-02T03:10:00+00:00,2026-10-02T04:10:00+01:00,Valentin Vacherot,Stefanos Tsitsipas,betfair_ex_uk,Betfair,2026-10-01T20:19:53Z,h2h,Stefanos Tsitsipas,1.67,,0.5988023952095809,0.5975903614457831,0.2
2026-10-01T20:20:22.542215+00:00,2026-10-01T21:20:22.542215+01:00,a512d0211986889f728215eacc8a963b,tennis_atp_japan_open,ATP Japan Open,2026-10-02T03:10:00+00:00,2026-10-02T04:10:00+01:00,Valentin Vacherot,Stefanos Tsitsipas,betfair_ex_uk,Betfair,2026-10-01T20:19:53Z,h2h,Valentin Vacherot,2.48,,0.40322580645161293,0.40240963855421685,0.2
2026-10-01T20:20:22.542215+00:00,2026-10-01T21:20:22.542215+01:00,a512d0211986889f728215eacc8a963b,tennis_atp_japan_open,ATP Japan Open,2026-10-02T03:10:00+00:00,2026-10-02T04:10:00+01:00,Valentin Vacherot,Stefanos Tsitsipas,betfair_ex_uk,Betfair,2026-10-01T20:19:53Z,h2h_lay,Stefanos Tsitsipas,1.68,,0.5952380952380952,1.0,0.2
2026-10-01T20:20:22.542215+00:00,2026-10-01T21:20:22.542215+01:00,a512d0211986889f728215eacc8a963b,tennis_atp_japan_open,ATP Japan Open,2026-10-02T03:10:00+00:00,2026-10-02T04:10:00+01:00,Valentin Vacherot,Stefanos Tsitsipas,betfair_ex_uk,Betfair,2026-10-01T20:19:53Z,h2h_lay,Valentin Vacherot,2.5,,0.4,1.0,0.2
2026-10-01T20:20:22.542215+00:00,2026-10-01T21:20:22.542215+01:00,a512d0211986889f728215eacc8a963b,tennis_atp_japan_open,ATP Japan Open,2026-10-02T03:10:00+00:00,2026-10-02T04:10:00+01:00,Valentin Vacherot,Stefanos Tsitsipas,matchbook,Matchbook,2026-10-01T20:19:15Z,h2h,Stefanos Tsitsipas,1.67,,0.5988023952095809,0.5975903614457831,0.2
2026-10-01T20:20:22.542215+00:00,2026-10-01T21:20:22.542215+01:00,a512d0211986889f728215eacc8a963b,tennis_atp_japan_open,ATP Japan Open,2026-10-02T03:10:00+00:00,2026-10-02T04:10:00+01:00,Valentin Vacherot,Stefanos Tsitsipas,matchbook,Matchbook,2026-10-01T20:19:15Z,h2h,Valentin Vacherot,2.48,,0.40322580645161293,0.40240963855421685,0.2
2026-10-01T20:20:22.542215+00:00,2026-10-01T21:20:22.542215+01:00,a512d0211986889f728215eacc8a963b,tennis_atp_japan_open,ATP Japan Open,2026-10-02T03:10:00+00:00,2026-10-02T04:10:00+01:00,Valentin Vacherot,Stefanos Tsitsipas,matchbook,Matchbook,2026-10-01T20:19:15Z,h2h_lay,Stefanos Tsitsipas,1.68,,0.5952380952380952,1.0,0.2
2026-10-01T20:20:22.542215+00:00,2026-10-01T21:20:22.542215+01:00,a512d0211986889f728215eacc8a963b,tennis_atp_japan_open,ATP Japan Open,2026-10-02T03:10:00+00:00,2026-10-02T04:10:00+01:00,Valentin Vacherot,Stefanos Tsitsipas,matchbook,Matchbook,2026-10-01T20:19:15Z,h2h_lay,Valentin Vacherot,2.5,,0.4,1.0,0.2
2026-10-01T20:20:22.542215+00:00,2026-10-01T21:20:22.542215+01:00,a512d0211986889f728215eacc8a963b,tennis_atp_japan_open,ATP Japan Open,2026-10-02T03:10:00+00:00,2026-10-02T04:10:00+01:00,Valentin Vacherot,Stefanos Tsitsipas,sport888,888sport,2026-10-01T20:19:14Z,h2h,Stefanos Tsitsipas,1.61,,0.6211180124223602,0.588235294117647,0.2
2026-10-01T20:20:22.542215+00:00,2026-10-01T21:20:22.542215+01:00,a512d0211986889f728215eacc8a963b,tennis_atp_japan_open,ATP Japan Open,2026-10-02T03:10:00+00:00,2026-10-02T04:10:00+01:00,Valentin Vacherot,Stefanos Tsitsipas,sport888,888sport,2026-10-01T20:19:14Z,h2h,Valentin Vacherot,2.3,,0.4347826086956522,0.411764705882353,0.2
2026-10-01T20:20:22.542215+00:00,2026-10-01T21:20:22.542215+01:00,a512d0211986889f728215eacc8a963b,tennis_atp_japan_open,ATP Japan Open,2026-10-02T03:10:00+00:00,2026-10-02T04:10:00+01:00,Valentin Vacherot,Stefanos Tsitsipas,betway,Betway,2026-10-01T20:19:44Z,h2h,Stefanos Tsitsipas,1.65,,0.6060606060606061,0.5769230769230769,0.2
2026-10-01T20:20:22.542215+00:00,2026-10-01T21:20:22.542215+01:00,a512d0211986889f728215eacc8a963b,tennis_atp_japan_open,ATP Japan Open,2026-10-02T03:10:00+00:00,2026-10-02T04:10:00+01:00,Valentin Vacherot,Stefanos Tsitsipas,betway,Betway,2026-10-01T20:19:44Z,h2h,Valentin Vacherot,2.25,,0.4444444444444444,0.423076923076923,0.2
2026-10-01T20:20:22.542215+00:00,2026-10-01T21:20:22.542215+01:00,a512d0211986889f728215eacc8a963b,tennis_atp_japan_open,ATP Japan Open,2026-10-02T03:10:00+00:00,2026-10-02T04:10:00+01:00,Valentin Vacherot,Stefanos Tsitsipas,williamhill,William Hill,2026-10-01T20:19:53Z,h2h,Stefanos Tsitsipas,1.62,,0.6172839506172839,0.586734693877551,0.2
2026-10-01T20:20:22.542215+00:00,2026-10-01T21:20:22.542215+01:00,a512d0211986889f728215eacc8a963b,tennis_atp_japan_open,ATP Japan Open,2026-10-02T03:10:00+00:00,2026-10-02T04:10:00+01:00,Valentin Vacherot,Stefanos Tsitsipas,williamhill,William Hill,2026-10-01T20:19:53Z,h2h,Valentin Vacherot,2.3,,0.4347826086956522,0.413265306122449,0.2
2026-10-01T20:20:22.542215+00:00,2026-10-01T21:20:22.542215+01:00,a512d0211986889f728215eacc8a963b,tennis_atp_japan_open,ATP Japan Open,2026-10-02T03:10:00+00:00,2026-10-02T04:10:00+01:00,Valentin Vacherot,Stefanos Tsitsipas,leovegas,LeoVegas,2026-10-01T20:17:27Z,h2h,Stefanos Tsitsipas,1.62,,0.6172839506172839,0.5813953488372093,0.2
2026-10-01T20:20:22.542215+00:00,2026-10-01T21:20:22.542215+01:00,a512d0211986889f728215eacc8a963b,tennis_atp_japan_open,ATP Japan Open,2026-10-02T03:10:00+00:00,2026-10-02T04:10:00+01:00,Valentin Vacherot,Stefanos Tsitsipas,leovegas,LeoVegas,2026-10-01T20:17:27Z,h2h,Valentin Vacherot,2.25,,0.4444444444444444,0.4186046511627907,0.2
2026-10-01T20:20:22.542215+00:00,2026-10-01T21:20:22.542215+01:00,a512d0211986889f728215eacc8a963b,tennis_atp_japan_open,ATP Japan Open,2026-10-02T03:10:00+00:00,2026-10-02T04:10:00+01:00,Valentin Vacherot,Stefanos Tsitsipas,paddypower,Paddy Power,2026-10-01T20:19:53Z,h2h,Stefanos Tsitsipas,1.57,,0.6369426751592356,0.5890052356020942,0.2
2026-10-01T20:20:22.542215+00:00,2026-10-01T21:20:22.542215+01:00,a512d0211986889f728215eacc8a963b,tennis_atp_japan_open,ATP Japan Open,2026-10-02T03:10:00+00:00,2026-10-02T04:10:00+01:00,Valentin Vacherot,Stefanos Tsitsipas,paddypower,Paddy Power,2026-10-01T20:19:53Z,h2h,Valentin Vacherot,2.25,,0.4444444444444444,0.4109947643979057,0.2
2026-10-01T20:20:22.542215+00:00,2026-10-01T21:20:22.542215+01:00,a512d0211986889f728215eacc8a963b,tennis_atp_japan_open,ATP Japan Open,2026-10-02T03:10:00+00:00,2026-10-02T04:10:00+01:00,Valentin Vacherot,Stefanos Tsitsipas,betvictor,Bet Victor,2026-10-01T20:18:19Z,h2h,Stefanos Tsitsipas,1.6,,0.625,0.5789473684210527,0.2
2026-10-01T20:20:22.542215+00:00,2026-10-01T21:20:22.542215+01:00,a512d0211986889f728215eacc8a963b,tennis_atp_japan_open,ATP Japan Open,2026-10-02T03:10:00+00:00,2026-10-02T04:10:00+01:00,Valentin Vacherot,Stefanos Tsitsipas,betvictor,Bet Victor,2026-10-01T20:18:19Z,h2h,Valentin Vacherot,2.2,,0.45454545454545453,0.42105263157894735,0.2
2026-10-01T20:20:22.542215+00:00,2026-10-01T21:20:22.542215+01:00,a512d0211986889f728215eacc8a963b,tennis_atp_japan_open,ATP Japan Open,2026-10-02T03:10:00+00:00,2026-10-02T04:10:00+01:00,Valentin Vacherot,Stefanos Tsitsipas,betano_uk,Betano (UK),2026-10-01T20:19:49Z,h2h,Stefanos Tsitsipas,1.6,,0.625,0.5789473684210527,0.2
2026-10-01T20:20:22.542215+00:00,2026-10-01T21:20:22.542215+01:00,a512d0211986889f728215eacc8a963b,tennis_atp_japan_open,ATP Japan Open,2026-10-02T03:10:00+00:00,2026-10-02T04:10:00+01:00,Valentin Vacherot,Stefanos Tsitsipas,betano_uk,Betano (UK),2026-10-01T20:19:49Z,h2h,Valentin Vacherot,2.2,,0.45454545454545453,0.42105263157894735,0.2
2026-10-01T20:20:22.542215+00:00,2026-10-01T21:20:22.542215+01:00,a512d0211986889f728215eacc8a963b,tennis_atp_japan_open,ATP Japan Open,2026-10-02T03:10:00+00:00,2026-10-02T04:10:00+01:00,Valentin Vacherot,Stefanos Tsitsipas,betfair_sb_uk,Betfair Sportsbook,2026-10-01T20:20:15Z,h2h,Stefanos Tsitsipas,1.62,,0.6172839506172839,0.5813953488372093,0.2
2026-10-01T20:20:22.542215+00:00,2026-10-01T21:20:22.542215+01:00,a512d0211986889f728215eacc8a963b,tennis_atp_japan_open,ATP Japan Open,2026-10-02T03:10:00+00:00,2026-10-02T04:10:00+01:00,Valentin Vacherot,Stefanos Tsitsipas,betfair_sb_uk,Betfair Sportsbook,2026-10-01T20:20:15Z,h2h,Valentin Vacherot,2.25,,0.4444444444444444,0.4186046511627907,0.2
2026-10-01T20:20:22.542215+00:00,2026-10-01T21:20:22.542215+01:00,a512d0211986889f728215eacc8a963b,tennis_atp_japan_open,ATP Japan Open,2026-10-02T03:10:00+00:00,2026-10-02T04:10:00+01:00,Valentin Vacherot,Stefanos Tsitsipas,casumo,Casumo,2026-10-01T20:19:53Z,h2h,Stefanos Tsitsipas,1.56,,0.641025641025641,0.606060606060606,0.2
2026-10-01T20:20:22.542215+00:00,2026-10-01T21:20:22.542215+01:00,a512d0211986889f728215eacc8a963b,tennis_atp_japan_open,ATP Japan Open,2026-10-02T03:10:00+00:00,2026-10-02T04:10:00+01:00,Valentin Vacherot,Stefanos Tsitsipas,casumo,Casumo,2026-10-01T20:19:53Z,h2h,Valentin Vacherot,2.4,,0.4166666666666667,0.393939393939394,0.2
2026-10-01T20:20:22.542215+00:00,2026-10-01T21:20:22.542215+01:00,a512d0211986889f728215eacc8a963b,tennis_atp_japan_open,ATP Japan Open,2026-10-02T03:10:00+00:00,2026-10-02T04:10:00+01:00,Valentin Vacherot,Stefanos Tsitsipas,grosvenor,Grosvenor,2026-10-01T20:18:23Z,h2h,Stefanos Tsitsipas,1.56,,0.641025641025641,0.606060606060606,0.2
2026-10-01T20:20:22.542215+00:00,2026-10-01T21:20:22.542215+01:00,a512d0211986889f728215eacc8a963b,tennis_atp_japan_open,ATP Japan Open,2026-10-02T03:10:00+00:00,2026-10-02T04:10:00+01:00,Valentin Vacherot,Stefanos Tsitsipas,grosvenor,Grosvenor,2026-10-01T20:18:23Z,h2h,Valentin Vacherot,2.4,,0.4166666666666667,0.393939393939394,0.2
2026-10-01T20:20:22.542215+00:00,2026-10-01T21:20:22.542215+01:00,a512d0211986889f728215eacc8a963b,tennis_atp_japan_open,ATP Japan Open,2026-10-02T03:10:00+00:00,2026-10-02T04:10:00+01:00,Valentin Vacherot,Stefanos Tsitsipas,skybet,Sky Bet,2026-10-01T20:19:33Z,h2h,Stefanos Tsitsipas,1.57,,0.6369426751592356,0.5890052356020942,0.2
2026-10-01T20:20:22.542215+00:00,2026-10-01T21:20:22.542215+01:00,a512d0211986889f728215eacc8a963b,tennis_atp_japan_open,ATP Japan Open,2026-10-02T03:10:00+00:00,2026-10-02T04:10:00+01:00,Valentin Vacherot,Stefanos Tsitsipas,skybet,Sky Bet,2026-10-01T20:19:33Z,h2h,Valentin Vacherot,2.25,,0.4444444444444444,0.4109947643979057,0.2
2026-10-01T20:20:22.542215+00:00,2026-10-01T21:20:22.542215+01:00,a512d0211986889f728215eacc8a963b,tennis_atp_japan_open,ATP Japan Open,2026-10-02T03:10:00+00:00,2026-10-02T04:10:00+01:00,Valentin Vacherot,Stefanos Tsitsipas,livescorebet,LiveScore Bet,2026-10-01T20:19:34Z,h2h,Stefanos Tsitsipas,1.57,,0.6369426751592356,0.6045340050377834,0.2
2026-10-01T20:20:22.542215+00:00,2026-10-01T21:20:22.542215+01:00,a512d0211986889f728215eacc8a963b,tennis_atp_japan_open,ATP Japan Open,2026-10-02T03:10:00+00:00,2026-10-02T04:10:00+01:00,Valentin Vacherot,Stefanos Tsitsipas,livescorebet,LiveScore Bet,2026-10-01T20:19:34Z,h2h,Valentin Vacherot,2.4,,0.4166666666666667,0.3954659949622167,0.2
2026-10-01T20:20:22.542215+00:00,2026-10-01T21:20:22.542215+01:00,a512d0211986889f728215eacc8a963b,tennis_atp_japan_open,ATP Japan Open,2026-10-02T03:10:00+00:00,2026-10-02T04:10:00+01:00,Valentin Vacherot,Stefanos Tsitsipas,virginbet,Virgin Bet,2026-10-01T20:19:35Z,h2h,Stefanos Tsitsipas,1.57,,0.6369426751592356,0.6045340050377834,0.2
2026-10-01T20:20:22.542215+00:00,2026-10-01T21:20:22.542215+01:00,a512d0211986889f728215eacc8a963b,tennis_atp_japan_open,ATP Japan Open,2026-10-02T03:10:00+00:00,2026-10-02T04:10:00+01:00,Valentin Vacherot,Stefanos Tsitsipas,virginbet,Virgin Bet,2026-10-01T20:19:35Z,h2h,Valentin Vacherot,2.4,,0.4166666666666667,0.3954659949622167,0.2
2026-10-01T20:20:22.542215+00:00,2026-10-01T21:20:22.542215+01:00,a512d0211986889f728215eacc8a963b,tennis_atp_japan_open,ATP Japan Open,2026-10-02T03:10:00+00:00,2026-10-02T04:10:00+01:00,Valentin Vacherot,Stefanos Tsitsipas,boylesports,BoyleSports,2026-10-01T20:19:18Z,h2h,Stefanos Tsitsipas,1.67,,0.5988023952095809,0.5739795918367347,0.2
2026-10-01T20:20:22.542215+00:00,2026-10-01T21:20:22.542215+01:00,a512d0211986889f728215eacc8a963b,tennis_atp_japan_open,ATP Japan Open,2026-10-02T03:10:00+00:00,2026-10-02T04:10:00+01:00,Valentin Vacherot,Stefanos Tsitsipas,boylesports,BoyleSports,2026-10-01T20:19:18Z,h2h,Valentin Vacherot,2.25,,0.4444444444444444,0.42602040816326525,0.2
2026-10-01T20:20:22.542215+00:00,2026-10-01T21:20:22.542215+01:00,a512d0211986889f728215eacc8a963b,tennis_atp_japan_open,ATP Japan Open,2026-10-02T03:10:00+00:00,2026-10-02T04:10:00+01:00,Valentin Vacherot,Stefanos Tsitsipas,ladbrokes_uk,Ladbrokes,2026-10-01T20:17:10Z,h2h,Stefanos Tsitsipas,1.57,,0.6369426751592356,0.5890052356020942,0.2
2026-10-01T20:20:22.542215+00:00,2026-10-01T21:20:22.542215+01:00,a512d0211986889f728215eacc8a963b,tennis_atp_japan_open,ATP Japan Open,2026-10-02T03:10:00+00:00,2026-10-02T04:10:00+01:00,Valentin Vacherot,Stefanos Tsitsipas,ladbrokes_uk,Ladbrokes,2026-10-01T20:17:10Z,h2h,Valentin Vacherot,2.25,,0.4444444444444444,0.4109947643979057,0.2
2026-10-01T20:20:22.542215+00:00,2026-10-01T21:20:22.542215+01:00,a512d0211986889f728215eacc8a963b,tennis_atp_japan_open,ATP Japan Open,2026-10-02T03:10:00+00:00,2026-10-02T04:10:00+01:00,Valentin Vacherot,Stefanos Tsitsipas,coral,Coral,2026-10-01T20:18:02Z,h2h,Stefanos Tsitsipas,1.57,,0.6369426751592356,0.5890052356020942,0.2
2026-10-01T20:20:22.542215+00:00,2026-10-01T21:20:22.542215+01:00,a512d0211986889f728215eacc8a963b,tennis_atp_japan_open,ATP Japan Open,2026-10-02T03:10:00+00:00,2026-10-02T04:10:00+01:00,Valentin Vacherot,Stefanos Tsitsipas,coral,Coral,2026-10-01T20:18:02Z,h2h,Valentin Vacherot,2.25,,0.4444444444444444,0.4109947643979057,0.2
2026-10-01T20:20:22.542215+00:00,2026-10-01T21:20:22.542215+01:00,435f3a90c7a66fdf4f84a79ca37e05e1,tennis_atp_japan_open,ATP Japan Open,2026-10-02T07:00:00+00:00,2026-10-02T08:00:00+01:00,Kyrian Jacquet,Luciano Darderi,unibet_uk,Unibet (UK),2026-10-01T20:19:16Z,h2h,Kyrian Jacquet,2.14,,0.4672897196261682,0.4397905759162304,0.2
2026-10-01T20:20:22.542215+00:00,2026-10-01T21:20:22.542215+01:00,435f3a90c7a66fdf4f84a79ca37e05e1,tennis_atp_japan_open,ATP Japan Open,2026-10-02T07:00:00+00:00,2026-10-02T08:00:00+01:00,Kyrian Jacquet,Luciano Darderi,unibet_uk,Unibet (UK),2026-10-01T20:19:16Z,h2h,Luciano Darderi,1.68,,0.5952380952380952,0.5602094240837696,0.2
2026-10-01T20:20:22.542215+00:00,2026-10-01T21:20:22.542215+01:00,435f3a90c7a66fdf4f84a79ca37e05e1,tennis_atp_japan_open,ATP Japan Open,2026-10-02T07:00:00+00:00,2026-10-02T08:00:00+01:00,Kyrian Jacquet,Luciano Darderi,betfair_ex_uk,Betfair,2026-10-01T20:19:53Z,h2h,Kyrian Jacquet,2.22,,0.4504504504504504,0.44776119402985065,0.2
2026-10-01T20:20:22.542215+00:00,2026-10-01T21:20:22.542215+01:00,435f3a90c7a66fdf4f84a79ca37e05e1,tennis_atp_japan_open,ATP Japan Open,2026-10-02T07:00:00+00:00,2026-10-02T08:00:00+01:00,Kyrian Jacquet,Luciano Darderi,betfair_ex_uk,Betfair,2026-10-01T20:19:53Z,h2h,Luciano Darderi,1.8,,0.5555555555555556,0.5522388059701492,0.2
2026-10-01T20:20:22.542215+00:00,2026-10-01T21:20:22.542215+01:00,435f3a90c7a66fdf4f84a79ca37e05e1,tennis_atp_japan_open,ATP Japan Open,2026-10-02T07:00:00+00:00,2026-10-02T08:00:00+01:00,Kyrian Jacquet,Luciano Darderi,betfair_ex_uk,Betfair,2026-10-01T20:19:53Z,h2h_lay,Kyrian Jacquet,2.26,,0.4424778761061947,1.0,0.2
2026-10-01T20:20:22.542215+00:00,2026-10-01T21:20:22.542215+01:00,435f3a90c7a66fdf4f84a79ca37e05e1,tennis_atp_japan_open,ATP Japan Open,2026-10-02T07:00:00+00:00,2026-10-02T08:00:00+01:00,Kyrian Jacquet,Luciano Darderi,betfair_ex_uk,Betfair,2026-10-01T20:19:53Z,h2h_lay,Luciano Darderi,1.81,,0.5524861878453039,1.0,0.2
2026-10-01T20:20:22.542215+00:00,2026-10-01T21:20:22.542215+01:00,435f3a90c7a66fdf4f84a79ca37e05e1,tennis_atp_japan_open,ATP Japan Open,2026-10-02T07:00:00+00:00,2026-10-02T08:00:00+01:00,Kyrian Jacquet,Luciano Darderi,sport888,888sport,2026-10-01T20:19:14Z,h2h,Kyrian Jacquet,2.1,,0.47619047619047616,0.4516971279373368,0.2
2026-10-01T20:20:22.542215+00:00,2026-10-01T21:20:22.542215+01:00,435f3a90c7a66fdf4f84a79ca37e05e1,tennis_atp_japan_open,ATP Japan Open,2026-10-02T07:00:00+00:00,2026-10-02T08:00:00+01:00,Kyrian Jacquet,Luciano Darderi,sport888,888sport,2026-10-01T20:19:14Z,h2h,Luciano Darderi,1.73,,0.5780346820809249,0.5483028720626633,0.2
2026-10-01T20:20:22.542215+00:00,2026-10-01T21:20:22.542215+01:00,435f3a90c7a66fdf4f84a79ca37e05e1,tennis_atp_japan_open,ATP Japan Open,2026-10-02T07:00:00+00:00,2026-10-02T08:00:00+01:00,Kyrian Jacquet,Luciano Darderi,matchbook,Matchbook,2026-10-01T20:19:15Z,h2h,Kyrian Jacquet,2.22,,0.4504504504504504,0.44776119402985065,0.2
2026-10-01T20:20:22.542215+00:00,2026-10-01T21:20:22.542215+01:00,435f3a90c7a66fdf4f84a79ca37e05e1,tennis_atp_japan_open,ATP Japan Open,2026-10-02T07:00:00+00:00,2026-10-02T08:00:00+01:00,Kyrian Jacquet,Luciano Darderi,matchbook,Matchbook,2026-10-01T20:19:15Z,h2h,Luciano Darderi,1.8,,0.5555555555555556,0.5522388059701492,0.2
2026-10-01T20:20:22.542215+00:00,2026-10-01T21:20:22.542215+01:00,435f3a90c7a66fdf4f84a79ca37e05e1,tennis_atp_japan_open,ATP Japan Open,2026-10-02T07:00:00+00:00,2026-10-02T08:00:00+01:00,Kyrian Jacquet,Luciano Darderi,matchbook,Matchbook,2026-10-01T20:19:15Z,h2h_lay,Kyrian Jacquet,2.26,,0.4424778761061947,1.0,0.2
2026-10-01T20:20:22.542215+00:00,2026-10-01T21:20:22.542215+01:00,435f3a90c7a66fdf4f84a79ca37e05e1,tennis_atp_japan_open,ATP Japan Open,2026-10-02T07:00:00+00:00,2026-10-02T08:00:00+01:00,Kyrian Jacquet,Luciano Darderi,matchbook,Matchbook,2026-10-01T20:19:15Z,h2h_lay,Luciano Darderi,1.81,,0.5524861878453039,1.0,0.2
2026-10-01T20:20:22.542215+00:00,2026-10-01T21:20:22.542215+01:00,435f3a90c7a66fdf4f84a79ca37e05e1,tennis_atp_japan_open,ATP Japan Open,2026-10-02T07:00:00+00:00,2026-10-02T08:00:00+01:00,Kyrian Jacquet,Luciano Darderi,betway,Betway,2026-10-01T20:19:44Z,h2h,Kyrian Jacquet,2.2,,0.45454545454545453,0.42105263157894735,0.2
2026-10-01T20:20:22.542215+00:00,2026-10-01T21:20:22.542215+01:00,435f3a90c7a66fdf4f84a79ca37e05e1,tennis_atp_japan_open,ATP Japan Open,2026-10-02T07:00:00+00:00,2026-10-02T08:00:00+01:00,Kyrian Jacquet,Luciano Darderi,betway,Betway,2026-10-01T20:19:44Z,h2h,Luciano Darderi,1.6,,0.625,0.5789473684210527,0.2
2026-10-01T20:20:22.542215+00:00,2026-10-01T21:20:22.542215+01:00,435f3a90c7a66fdf4f84a79ca37e05e1,tennis_atp_japan_open,ATP Japan Open,2026-10-02T07:00:00+00:00,2026-10-02T08:00:00+01:00,Kyrian Jacquet,Luciano Darderi,williamhill,William Hill,2026-10-01T20:19:53Z,h2h,Kyrian Jacquet,2.1,,0.47619047619047616,0.4516971279373368,0.2
2026-10-01T20:20:22.542215+00:00,2026-10-01T21:20:22.542215+01:00,435f3a90c7a66fdf4f84a79ca37e05e1,tennis_atp_japan_open,ATP Japan Open,2026-10-02T07:00:00+00:00,2026-10-02T08:00:00+01:00,Kyrian Jacquet,Luciano Darderi,williamhill,William Hill,2026-10-01T20:19:53Z,h2h,Luciano Darderi,1.73,,0.5780346820809249,0.5483028720626633,0.2
2026-10-01T20:20:22.542215+00:00,2026-10-01T21:20:22.542215+01:00,435f3a90c7a66fdf4f84a79ca37e05e1,tennis_atp_japan_open,ATP Japan Open,2026-10-02T07:00:00+00:00,2026-10-02T08:00:00+01:00,Kyrian Jacquet,Luciano Darderi,leovegas,LeoVegas,2026-10-01T20:17:27Z,h2h,Kyrian Jacquet,2.12,,0.4716981132075471,0.4450261780104712,0.2
2026-10-01T20:20:22.542215+00:00,2026-10-01T21:20:22.542215+01:00,435f3a90c7a66fdf4f84a79ca37e05e1,tennis_atp_japan_open,ATP Japan Open,2026-10-02T07:00:00+00:00,2026-10-02T08:00:00+01:00,Kyrian Jacquet,Luciano Darderi,leovegas,LeoVegas,2026-10-01T20:17:27Z,h2h,Luciano Darderi,1.7,,0.5882352941176471,0.5549738219895288,0.2
2026-10-01T20:20:22.542215+00:00,2026-10-01T21:20:22.542215+01:00,435f3a90c7a66fdf4f84a79ca37e05e1,tennis_atp_japan_open,ATP Japan Open,2026-10-02T07:00:00+00:00,2026-10-02T08:00:00+01:00,Kyrian Jacquet,Luciano Darderi,paddypower,Paddy Power,2026-10-01T20:19:53Z,h2h,Kyrian Jacquet,2.1,,0.47619047619047616,0.44297082228116713,0.2
2026-10-01T20:20:22.542215+00:00,2026-10-01T21:20:22.542215+01:00,435f3a90c7a66fdf4f84a79ca37e05e1,tennis_atp_japan_open,ATP Japan Open,2026-10-02T07:00:00+00:00,2026-10-02T08:00:00+01:00,Kyrian Jacquet,Luciano Darderi,paddypower,Paddy Power,2026-10-01T20:19:53Z,h2h,Luciano Darderi,1.67,,0.5988023952095809,0.557029177718833,0.2
2026-10-01T20:20:22.542215+00:00,2026-10-01T21:20:22.542215+01:00,435f3a90c7a66fdf4f84a79ca37e05e1,tennis_atp_japan_open,ATP Japan Open,2026-10-02T07:00:00+00:00,2026-10-02T08:00:00+01:00,Kyrian Jacquet,Luciano Darderi,virginbet,Virgin Bet,2026-10-01T20:19:35Z,h2h,Kyrian Jacquet,2.16,,0.4629629629629629,0.4404145077720207,0.2
2026-10-01T20:20:22.542215+00:00,2026-10-01T21:20:22.542215+01:00,435f3a90c7a66fdf4f84a79ca37e05e1,tennis_atp_japan_open,ATP Japan Open,2026-10-02T07:00:00+00:00,2026-10-02T08:00:00+01:00,Kyrian Jacquet,Luciano Darderi,virginbet,Virgin Bet,2026-10-01T20:19:35Z,h2h,Luciano Darderi,1.7,,0.5882352941176471,0.5595854922279793,0.2
2026-10-01T20:20:22.542215+00:00,2026-10-01T21:20:22.542215+01:00,435f3a90c7a66fdf4f84a79ca37e05e1,tennis_atp_japan_open,ATP Japan Open,2026-10-02T07:00:00+00:00,2026-10-02T08:00:00+01:00,Kyrian Jacquet,Luciano Darderi,livescorebet,LiveScore Bet,2026-10-01T20:19:34Z,h2h,Kyrian Jacquet,2.16,,0.4629629629629629,0.4404145077720207,0.2
2026-10-01T20:20:22.542215+00:00,2026-10-01T21:20:22.542215+01:00,435f3a90c7a66fdf4f84a79ca37e05e1,tennis_atp_japan_open,ATP Japan Open,2026-10-02T07:00:00+00:00,2026-10-02T08:00:00+01:00,Kyrian Jacquet,Luciano Darderi,livescorebet,LiveScore Bet,2026-10-01T20:19:34Z,h2h,Luciano Darderi,1.7,,0.5882352941176471,0.5595854922279793,0.2
2026-10-01T20:20:22.542215+00:00,2026-10-01T21:20:22.542215+01:00,435f3a90c7a66fdf4f84a79ca37e05e1,tennis_atp_japan_open,ATP Japan Open,2026-10-02T07:00:00+00:00,2026-10-02T08:00:00+01:00,Kyrian Jacquet,Luciano Darderi,casumo,Casumo,2026-10-01T20:19:53Z,h2h,Kyrian Jacquet,2.16,,0.4629629629629629,0.4404145077720207,0.2
2026-10-01T20:20:22.542215+00:00,2026-10-01T21:20:22.542215+01:00,435f3a90c7a66fdf4f84a79ca37e05e1,tennis_atp_japan_open,ATP Japan Open,2026-10-02T07:00:00+00:00,2026-10-02T08:00:00+01:00,Kyrian Jacquet,Luciano Darderi,casumo,Casumo,2026-10-01T20:19:53Z,h2h,Luciano Darderi,1.7,,0.5882352941176471,0.5595854922279793,0.2
2026-10-01T20:20:22.542215+00:00,2026-10-01T21:20:22.542215+01:00,435f3a90c7a66fdf4f84a79ca37e05e1,tennis_atp_japan_open,ATP Japan Open,2026-10-02T07:00:00+00:00,2026-10-02T08:00:00+01:00,Kyrian Jacquet,Luciano Darderi,grosvenor,Grosvenor,2026-10-01T20:18:23Z,h2h,Kyrian Jacquet,2.16,,0.4629629629629629,0.4404145077720207,0.2
2026-10-01T20:20:22.542215+00:00,2026-10-01T21:20:22.542215+01:00,435f3a90c7a66fdf4f84a79ca37e05e1,tennis_atp_japan_open,ATP Japan Open,2026-10-02T07:00:00+00:00,2026-10-02T08:00:00+01:00,Kyrian Jacquet,Luciano Darderi,grosvenor,Grosvenor,2026-10-01T20:18:23Z,h2h,Luciano Darderi,1.7,,0.5882352941176471,0.5595854922279793,0.2
2026-10-01T20:20:22.542215+00:00,2026-10-01T21:20:22.542215+01:00,435f3a90c7a66fdf4f84a79ca37e05e1,tennis_atp_japan_open,ATP Japan Open,2026-10-02T07:00:00+00:00,2026-10-02T08:00:00+01:00,Kyrian Jacquet,Luciano Darderi,betano_uk,Betano (UK),2026-10-01T20:19:49Z,h2h,Kyrian Jacquet,2.1,,0.47619047619047616,0.44297082228116713,0.2
2026-10-01T20:20:22.542215+00:00,2026-10-01T21:20:22.542215+01:00,435f3a90c7a66fdf4f84a79ca37e05e1,tennis_atp_japan_open,ATP Japan Open,2026-10-02T07:00:00+00:00,2026-10-02T08:00:00+01:00,Kyrian Jacquet,Luciano Darderi,betano_uk,Betano (UK),2026-10-01T20:19:49Z,h2h,Luciano Darderi,1.67,,0.5988023952095809,0.557029177718833,0.2
2026-10-01T20:20:22.542215+00:00,2026-10-01T21:20:22.542215+01:00,435f3a90c7a66fdf4f84a79ca37e05e1,tennis_atp_japan_open,ATP Japan Open,2026-10-02T07:00:00+00:00,2026-10-02T08:00:00+01:00,Kyrian Jacquet,Luciano Darderi,betvictor,Bet Victor,2026-10-01T20:18:19Z,h2h,Kyrian Jacquet,2.1,,0.47619047619047616,0.44297082228116713,0.2
2026-10-01T20:20:22.542215+00:00,2026-10-01T21:20:22.542215+01:00,435f3a90c7a66fdf4f84a79ca37e05e1,tennis_atp_japan_open,ATP Japan Open,2026-10-02T07:00:00+00:00,2026-10-02T08:00:00+01:00,Kyrian Jacquet,Luciano Darderi,betvictor,Bet Victor,2026-10-01T20:18:19Z,h2h,Luciano Darderi,1.67,,0.5988023952095809,0.557029177718833,0.2
2026-10-01T20:20:22.542215+00:00,2026-10-01T21:20:22.542215+01:00,435f3a90c7a66fdf4f84a79ca37e05e1,tennis_atp_japan_open,ATP Japan Open,2026-10-02T07:00:00+00:00,2026-10-02T08:00:00+01:00,Kyrian Jacquet,Luciano Darderi,skybet,Sky Bet,2026-10-01T20:19:33Z,h2h,Kyrian Jacquet,2.1,,0.47619047619047616,0.44297082228116713,0.2
2026-10-01T20:20:22.542215+00:00,2026-10-01T21:20:22.542215+01:00,435f3a90c7a66fdf4f84a79ca37e05e1,tennis_atp_japan_open,ATP Japan Open,2026-10-02T07:00:00+00:00,2026-10-02T08:00:00+01:00,Kyrian Jacquet,Luciano Darderi,skybet,Sky Bet,2026-10-01T20:19:33Z,h2h,Luciano Darderi,1.67,,0.5988023952095809,0.557029177718833,0.2
2026-10-01T20:20:22.542215+00:00,2026-10-01T21:20:22.542215+01:00,435f3a90c7a66fdf4f84a79ca37e05e1,tennis_atp_japan_open,ATP Japan Open,2026-10-02T07:00:00+00:00,2026-10-02T08:00:00+01:00,Kyrian Jacquet,Luciano Darderi,boylesports,BoyleSports,2026-10-01T20:19:18Z,h2h,Kyrian Jacquet,2.15,,0.46511627906976744,0.4458762886597938,0.2
2026-10-01T20:20:22.542215+00:00,2026-10-01T21:20:22.542215+01:00,435f3a90c7a66fdf4f84a79ca37e05e1,tennis_atp_japan_open,ATP Japan Open,2026-10-02T07:00:00+00:00,2026-10-02T08:00:00+01:00,Kyrian Jacquet,Luciano Darderi,boylesports,BoyleSports,2026-10-01T20:19:18Z,h2h,Luciano Darderi,1.73,,0.5780346820809249,0.5541237113402062,0.2
2026-10-01T20:20:22.542215+00:00,2026-10-01T21:20:22.542215+01:00,435f3a90c7a66fdf4f84a79ca37e05e1,tennis_atp_japan_open,ATP Japan Open,2026-10-02T07:00:00+00:00,2026-10-02T08:00:00+01:00,Kyrian Jacquet,Luciano Darderi,ladbrokes_uk,Ladbrokes,2026-10-01T20:17:10Z,h2h,Kyrian Jacquet,2.05,,0.48780487804878053,0.4533333333333333,0.2
2026-10-01T20:20:22.542215+00:00,2026-10-01T21:20:22.542215+01:00,435f3a90c7a66fdf4f84a79ca37e05e1,tennis_atp_japan_open,ATP Japan Open,2026-10-02T07:00:00+00:00,2026-10-02T08:00:00+01:00,Kyrian Jacquet,Luciano Darderi,ladbrokes_uk,Ladbrokes,2026-10-01T20:17:10Z,h2h,Luciano Darderi,1.7,,0.5882352941176471,0.5466666666666666,0.2
2026-10-01T20:20:22.542215+00:00,2026-10-01T21:20:22.542215+01:00,435f3a90c7a66fdf4f84a79ca37e05e1,tennis_atp_japan_open,ATP Japan Open,2026-10-02T07:00:00+00:00,2026-10-02T08:00:00+01:00,Kyrian Jacquet,Luciano Darderi,coral,Coral,2026-10-01T20:18:02Z,h2h,Kyrian Jacquet,2.05,,0.48780487804878053,0.4533333333333333,0.2
2026-10-01T20:20:22.542215+00:00,2026-10-01T21:20:22.542215+01:00,435f3a90c7a66fdf4f84a79ca37e05e1,tennis_atp_japan_open,ATP Japan Open,2026-10-02T07:00:00+00:00,2026-10-02T08:00:00+01:00,Kyrian Jacquet,Luciano Darderi,coral,Coral,2026-10-01T20:18:02Z,h2h,Luciano Darderi,1.7,,0.5882352941176471,0.5466666666666666,0.2
2026-10-01T20:20:22.542215+00:00,2026-10-01T21:20:22.542215+01:00,435f3a90c7a66fdf4f84a79ca37e05e1,tennis_atp_japan_open,ATP Japan Open,2026-10-02T07:00:00+00:00,2026-10-02T08:00:00+01:00,Kyrian Jacquet,Luciano Darderi,betfair_sb_uk,Betfair Sportsbook,2026-10-01T20:20:15Z,h2h,Kyrian Jacquet,2.1,,0.47619047619047616,0.4516971279373368,0.2
2026-10-01T20:20:22.542215+00:00,2026-10-01T21:20:22.542215+01:00,435f3a90c7a66fdf4f84a79ca37e05e1,tennis_atp_japan_open,ATP Japan Open,2026-10-02T07:00:00+00:00,2026-10-02T08:00:00+01:00,Kyrian Jacquet,Luciano Darderi,betfair_sb_uk,Betfair Sportsbook,2026-10-01T20:20:15Z,h2h,Luciano Darderi,1.73,,0.5780346820809249,0.5483028720626633,0.2
2026-10-01T20:20:22.542215+00:00,2026-10-01T21:20:22.542215+01:00,908dd14275f11b8588bccce4d87aae14,tennis_atp_japan_open,ATP Japan Open,2026-10-02T08:10:00+00:00,2026-10-02T09:10:00+01:00,Arthur Fils,Frances Tiafoe,matchbook,Matchbook,2026-10-01T20:19:15Z,h2h,Arthur Fils,1.41,,0.7092198581560284,0.7068607068607069,0.2
2026-10-01T20:20:22.542215+00:00,2026-10-01T21:20:22.542215+01:00,908dd14275f11b8588bccce4d87aae14,tennis_atp_japan_open,ATP Japan Open,2026-10-02T08:10:00+00:00,2026-10-02T09:10:00+01:00,Arthur Fils,Frances Tiafoe,matchbook,Matchbook,2026-10-01T20:19:15Z,h2h,Frances Tiafoe,3.4,,0.29411764705882354,0.29313929313929316,0.2
2026-10-01T20:20:22.542215+00:00,2026-10-01T21:20:22.542215+01:00,908dd14275f11b8588bccce4d87aae14,tennis_atp_japan_open,ATP Japan Open,2026-10-02T08:10:00+00:00,2026-10-02T09:10:00+01:00,Arthur Fils,Frances Tiafoe,matchbook,Matchbook,2026-10-01T20:19:15Z,h2h_lay,Arthur Fils,1.42,,0.7042253521126761,1.0,0.2
2026-10-01T20:20:22.542215+00:00,2026-10-01T21:20:22.542215+01:00,908dd14275f11b8588bccce4d87aae14,tennis_atp_japan_open,ATP Japan Open,2026-10-02T08:10:00+00:00,2026-10-02T09:10:00+01:00,Arthur Fils,Frances Tiafoe,matchbook,Matchbook,2026-10-01T20:19:15Z,h2h_lay,Frances Tiafoe,3.45,,0.2898550724637681,1.0,0.2
2026-10-01T20:20:22.542215+00:00,2026-10-01T21:20:22.542215+01:00,908dd14275f11b8588bccce4d87aae14,tennis_atp_japan_open,ATP Japan Open,2026-10-02T08:10:00+00:00,2026-10-02T09:10:00+01:00,Arthur Fils,Frances Tiafoe,betway,Betway,2026-10-01T20:19:44Z,h2h,Arthur Fils,1.3,,0.7692307692307692,0.7291666666666667,0.2
2026-10-01T20:20:22.542215+00:00,2026-10-01T21:20:22.542215+01:00,908dd14275f11b8588bccce4d87aae14,tennis_atp_japan_open,ATP Japan Open,2026-10-02T08:10:00+00:00,2026-10-02T09:10:00+01:00,Arthur Fils,Frances Tiafoe,betway,Betway,2026-10-01T20:19:44Z,h2h,Frances Tiafoe,3.5,,0.2857142857142857,0.27083333333333337,0.2
2026-10-01T20:20:22.542215+00:00,2026-10-01T21:20:22.542215+01:00,908dd14275f11b8588bccce4d87aae14,tennis_atp_japan_open,ATP Japan Open,2026-10-02T08:10:00+00:00,2026-10-02T09:10:00+01:00,Arthur Fils,Frances Tiafoe,unibet_uk,Unibet (UK),2026-10-01T20:19:16Z,h2h,Arthur Fils,1.35,,0.7407407407407407,0.6966292134831461,0.2
2026-10-01T20:20:22.542215+00:00,2026-10-01T21:20:22.542215+01:00,908dd14275f11b8588bccce4d87aae14,tennis_atp_japan_open,ATP Japan Open,2026-10-02T08:10:00+00:00,2026-10-02T09:10:00+01:00,Arthur Fils,Frances Tiafoe,unibet_uk,Unibet (UK),2026-10-01T20:19:16Z,h2h,Frances Tiafoe,3.1,,0.3225806451612903,0.30337078651685395,0.2
2026-10-01T20:20:22.542215+00:00,2026-10-01T21:20:22.542215+01:00,908dd14275f11b8588bccce4d87aae14,tennis_atp_japan_open,ATP Japan Open,2026-10-02T08:10:00+00:00,2026-10-02T09:10:00+01:00,Arthur Fils,Frances Tiafoe,betfair_ex_uk,Betfair,2026-10-01T20:19:53Z,h2h,Arthur Fils,1.41,,0.7092198581560284,0.7068607068607069,0.2
2026-10-01T20:20:22.542215+00:00,2026-10-01T21:20:22.542215+01:00,908dd14275f11b8588bccce4d87aae14,tennis_atp_japan_open,ATP Japan Open,2026-10-02T08:10:00+00:00,2026-10-02T09:10:00+01:00,Arthur Fils,Frances Tiafoe,betfair_ex_uk,Betfair,2026-10-01T20:19:53Z,h2h,Frances Tiafoe,3.4,,0.29411764705882354,0.29313929313929316,0.2
2026-10-01T20:20:22.542215+00:00,2026-10-01T21:20:22.542215+01:00,908dd14275f11b8588bccce4d87aae14,tennis_atp_japan_open,ATP Japan Open,2026-10-02T08:10:00+00:00,2026-10-02T09:10:00+01:00,Arthur Fils,Frances Tiafoe,betfair_ex_uk,Betfair,2026-10-01T20:19:53Z,h2h_lay,Arthur Fils,1.42,,0.7042253521126761,1.0,0.2
2026-10-01T20:20:22.542215+00:00,2026-10-01T21:20:22.542215+01:00,908dd14275f11b8588bccce4d87aae14,tennis_atp_japan_open,ATP Japan Open,2026-10-02T08:10:00+00:00,2026-10-02T09:10:00+01:00,Arthur Fils,Frances Tiafoe,betfair_ex_uk,Betfair,2026-10-01T20:19:53Z,h2h_lay,Frances Tiafoe,3.45,,0.2898550724637681,1.0,0.2
2026-10-01T20:20:22.542215+00:00,2026-10-01T21:20:22.542215+01:00,908dd14275f11b8588bccce4d87aae14,tennis_atp_japan_open,ATP Japan Open,2026-10-02T08:10:00+00:00,2026-10-02T09:10:00+01:00,Arthur Fils,Frances Tiafoe,williamhill,William Hill,2026-10-01T20:19:53Z,h2h,Arthur Fils,1.36,,0.7352941176470588,0.695067264573991,0.2
2026-10-01T20:20:22.542215+00:00,2026-10-01T21:20:22.542215+01:00,908dd14275f11b8588bccce4d87aae14,tennis_atp_japan_open,ATP Japan Open,2026-10-02T08:10:00+00:00,2026-10-02T09:10:00+01:00,Arthur Fils,Frances Tiafoe,williamhill,William Hill,2026-10-01T20:19:53Z,h2h,Frances Tiafoe,3.1,,0.3225806451612903,0.30493273542600896,0.2
2026-10-01T20:20:22.542215+00:00,2026-10-01T21:20:22.542215+01:00,908dd14275f11b8588bccce4d87aae14,tennis_atp_japan_open,ATP Japan Open,2026-10-02T08:10:00+00:00,2026-10-02T09:10:00+01:00,Arthur Fils,Frances Tiafoe,sport888,888sport,2026-10-01T20:19:14Z,h2h,Arthur Fils,1.36,,0.7352941176470588,0.695067264573991,0.2
2026-10-01T20:20:22.542215+00:00,2026-10-01T21:20:22.542215+01:00,908dd14275f11b8588bccce4d87aae14,tennis_atp_japan_open,ATP Japan Open,2026-10-02T08:10:00+00:00,2026-10-02T09:10:00+01:00,Arthur Fils,Frances Tiafoe,sport888,888sport,2026-10-01T20:19:14Z,h2h,Frances Tiafoe,3.1,,0.3225806451612903,0.30493273542600896,0.2
2026-10-01T20:20:22.542215+00:00,2026-10-01T21:20:22.542215+01:00,908dd14275f11b8588bccce4d87aae14,tennis_atp_japan_open,ATP Japan Open,2026-10-02T08:10:00+00:00,2026-10-02T09:10:00+01:00,Arthur Fils,Frances Tiafoe,leovegas,LeoVegas,2026-10-01T20:17:27Z,h2h,Arthur Fils,1.35,,0.7407407407407407,0.7,0.2
2026-10-01T20:20:22.542215+00:00,2026-10-01T21:20:22.542215+01:00,908dd14275f11b8588bccce4d87aae14,tennis_atp_japan_open,ATP Japan Open,2026-10-02T08:10:00+00:00,2026-10-02T09:10:00+01:00,Arthur Fils,Frances Tiafoe,leovegas,LeoVegas,2026-10-01T20:17:27Z,h2h,Frances Tiafoe,3.15,,0.31746031746031744,0.3,0.2
2026-10-01T20:20:22.542215+00:00,2026-10-01T21:20:22.542215+01:00,908dd14275f11b8588bccce4d87aae14,tennis_atp_japan_open,ATP Japan Open,2026-10-02T08:10:00+00:00,2026-10-02T09:10:00+01:00,Arthur Fils,Frances Tiafoe,paddypower,Paddy Power,2026-10-01T20:19:53Z,h2h,Arthur Fils,1.36,,0.7352941176470588,0.6792452830188679,0.2
2026-10-01T20:20:22.542215+00:00,2026-10-01T21:20:22.542215+01:00,908dd14275f11b8588bccce4d87aae14,tennis_atp_japan_open,ATP Japan Open,2026-10-02T08:10:00+00:00,2026-10-02T09:10:00+01:00,Arthur Fils,Frances Tiafoe,paddypower,Paddy Power,2026-10-01T20:19:53Z,h2h,Frances Tiafoe,2.88,,0.3472222222222222,0.32075471698113206,0.2
2026-10-01T20:20:22.542215+00:00,2026-10-01T21:20:22.542215+01:00,908dd14275f11b8588bccce4d87aae14,tennis_atp_japan_open,ATP Japan Open,2026-10-02T08:10:00+00:00,2026-10-02T09:10:00+01:00,Arthur Fils,Frances Tiafoe,betvictor,Bet Victor,2026-10-01T20:18:19Z,h2h,Arthur Fils,1.36,,0.7352941176470588,0.6807511737089202,0.2
2026-10-01T20:20:22.542215+00:00,2026-10-01T21:20:22.542215+01:00,908dd14275f11b8588bccce4d87aae14,tennis_atp_japan_open,ATP Japan Open,2026-10-02T08:10:00+00:00,2026-10-02T09:10:00+01:00,Arthur Fils,Frances Tiafoe,betvictor,Bet Victor,2026-10-01T20:18:19Z,h2h,Frances Tiafoe,2.9,,0.3448275862068966,0.31924882629107987,0.2
2026-10-01T20:20:22.542215+00:00,2026-10-01T21:20:22.542215+01:00,908dd14275f11b8588bccce4d87aae14,tennis_atp_japan_open,ATP Japan Open,2026-10-02T08:10:00+00:00,2026-10-02T09:10:00+01:00,Arthur Fils,Frances Tiafoe,betano_uk,Betano (UK),2026-10-01T20:19:49Z,h2h,Arthur Fils,1.36,,0.7352941176470588,0.6807511737089202,0.2
2026-10-01T20:20:22.542215+00:00,2026-10-01T21:20:22.542215+01:00,908dd14275f11b8588bccce4d87aae14,tennis_atp_japan_open,ATP Japan Open,2026-10-02T08:10:00+00:00,2026-10-02T09:10:00+01:00,Arthur Fils,Frances Tiafoe,betano_uk,Betano (UK),2026-10-01T20:19:49Z,h2h,Frances Tiafoe,2.9,,0.3448275862068966,0.31924882629107987,0.2
2026-10-01T20:20:22.542215+00:00,2026-10-01T21:20:22.542215+01:00,908dd14275f11b8588bccce4d87aae14,tennis_atp_japan_open,ATP Japan Open,2026-10-02T08:10:00+00:00,2026-10-02T09:10:00+01:00,Arthur Fils,Frances Tiafoe,skybet,Sky Bet,2026-10-01T20:19:33Z,h2h,Arthur Fils,1.36,,0.7352941176470588,0.6792452830188679,0.2
2026-10-01T20:20:22.542215+00:00,2026-10-01T21:20:22.542215+01:00,908dd14275f11b8588bccce4d87aae14,tennis_atp_japan_open,ATP Japan Open,2026-10-02T08:10:00+00:00,2026-10-02T09:10:00+01:00,Arthur Fils,Frances Tiafoe,skybet,Sky Bet,2026-10-01T20:19:33Z,h2h,Frances Tiafoe,2.88,,0.3472222222222222,0.32075471698113206,0.2
2026-10-01T20:20:22.542215+00:00,2026-10-01T21:20:22.542215+01:00,908dd14275f11b8588bccce4d87aae14,tennis_atp_japan_open,ATP Japan Open,2026-10-02T08:10:00+00:00,2026-10-02T09:10:00+01:00,Arthur Fils,Frances Tiafoe,casumo,Casumo,2026-10-01T20:19:53Z,h2h,Arthur Fils,1.38,,0.7246376811594204,0.688487584650113,0.2
2026-10-01T20:20:22.542215+00:00,2026-10-01T21:20:22.542215+01:00,908dd14275f11b8588bccce4d87aae14,tennis_atp_japan_open,ATP Japan Open,2026-10-02T08:10:00+00:00,2026-10-02T09:10:00+01:00,Arthur Fils,Frances Tiafoe,casumo,Casumo,2026-10-01T20:19:53Z,h2h,Frances Tiafoe,3.05,,0.3278688524590164,0.31151241534988716,0.2
2026-10-01T20:20:22.542215+00:00,2026-10-01T21:20:22.542215+01:00,908dd14275f11b8588bccce4d87aae14,tennis_atp_japan_open,ATP Japan Open,2026-10-02T08:10:00+00:00,2026-10-02T09:10:00+01:00,Arthur Fils,Frances Tiafoe,livescorebet,LiveScore Bet,2026-10-01T20:19:34Z,h2h,Arthur Fils,1.38,,0.7246376811594204,0.688487584650113,0.2
2026-10-01T20:20:22.542215+00:00,2026-10-01T21:20:22.542215+01:00,908dd14275f11b8588bccce4d87aae14,tennis_atp_japan_open,ATP Japan Open,2026-10-02T08:10:00+00:00,2026-10-02T09:10:00+01:00,Arthur Fils,Frances Tiafoe,livescorebet,LiveScore Bet,2026-10-01T20:19:34Z,h2h,Frances Tiafoe,3.05,,0.3278688524590164,0.31151241534988716,0.2
2026-10-01T20:20:22.542215+00:00,2026-10-01T21:20:22.542215+01:00,908dd14275f11b8588bccce4d87aae14,tennis_atp_japan_open,ATP Japan Open,2026-10-02T08:10:00+00:00,2026-10-02T09:10:00+01:00,Arthur Fils,Frances Tiafoe,virginbet,Virgin Bet,2026-10-01T20:19:35Z,h2h,Arthur Fils,1.38,,0.7246376811594204,0.688487584650113,0.2
2026-10-01T20:20:22.542215+00:00,2026-10-01T21:20:22.542215+01:00,908dd14275f11b8588bccce4d87aae14,tennis_atp_japan_open,ATP Japan Open,2026-10-02T08:10:00+00:00,2026-10-02T09:10:00+01:00,Arthur Fils,Frances Tiafoe,virginbet,Virgin Bet,2026-10-01T20:19:35Z,h2h,Frances Tiafoe,3.05,,0.3278688524590164,0.31151241534988716,0.2
2026-10-01T20:20:22.542215+00:00,2026-10-01T21:20:22.542215+01:00,908dd14275f11b8588bccce4d87aae14,tennis_atp_japan_open,ATP Japan Open,2026-10-02T08:10:00+00:00,2026-10-02T09:10:00+01:00,Arthur Fils,Frances Tiafoe,grosvenor,Grosvenor,2026-10-01T20:18:23Z,h2h,Arthur Fils,1.38,,0.7246376811594204,0.688487584650113,0.2
2026-10-01T20:20:22.542215+00:00,2026-10-01T21:20:22.542215+01:00,908dd14275f11b8588bccce4d87aae14,tennis_atp_japan_open,ATP Japan Open,2026-10-02T08:10:00+00:00,2026-10-02T09:10:00+01:00,Arthur Fils,Frances Tiafoe,grosvenor,Grosvenor,2026-10-01T20:18:23Z,h2h,Frances Tiafoe,3.05,,0.3278688524590164,0.31151241534988716,0.2
2026-10-01T20:20:22.542215+00:00,2026-10-01T21:20:22.542215+01:00,908dd14275f11b8588bccce4d87aae14,tennis_atp_japan_open,ATP Japan Open,2026-10-02T08:10:00+00:00,2026-10-02T09:10:00+01:00,Arthur Fils,Frances Tiafoe,coral,Coral,2026-10-01T20:18:02Z,h2h,Arthur Fils,1.33,,0.7518796992481203,0.6997742663656885,0.2
2026-10-01T20:20:22.542215+00:00,2026-10-01T21:20:22.542215+01:00,908dd14275f11b8588bccce4d87aae14,tennis_atp_japan_open,ATP Japan Open,2026-10-02T08:10:00+00:00,2026-10-02T09:10:00+01:00,Arthur Fils,Frances Tiafoe,coral,Coral,2026-10-01T20:18:02Z,h2h,Frances Tiafoe,3.1,,0.3225806451612903,0.30022573363431154,0.2
2026-10-01T20:20:22.542215+00:00,2026-10-01T21:20:22.542215+01:00,908dd14275f11b8588bccce4d87aae14,tennis_atp_japan_open,ATP Japan Open,2026-10-02T08:10:00+00:00,2026-10-02T09:10:00+01:00,Arthur Fils,Frances Tiafoe,ladbrokes_uk,Ladbrokes,2026-10-01T20:17:10Z,h2h,Arthur Fils,1.33,,0.7518796992481203,0.6997742663656885,0.2
2026-10-01T20:20:22.542215+00:00,2026-10-01T21:20:22.542215+01:00,908dd14275f11b8588bccce4d87aae14,tennis_atp_japan_open,ATP Japan Open,2026-10-02T08:10:00+00:00,2026-10-02T09:10:00+01:00,Arthur Fils,Frances Tiafoe,ladbrokes_uk,Ladbrokes,2026-10-01T20:17:10Z,h2h,Frances Tiafoe,3.1,,0.3225806451612903,0.30022573363431154,0.2
2026-10-01T20:20:22.542215+00:00,2026-10-01T21:20:22.542215+01:00,908dd14275f11b8588bccce4d87aae14,tennis_atp_japan_open,ATP Japan Open,2026-10-02T08:10:00+00:00,2026-10-02T09:10:00+01:00,Arthur Fils,Frances Tiafoe,boylesports,BoyleSports,2026-10-01T20:19:18Z,h2h,Arthur Fils,1.36,,0.7352941176470588,0.695067264573991,0.2
2026-10-01T20:20:22.542215+00:00,2026-10-01T21:20:22.542215+01:00,908dd14275f11b8588bccce4d87aae14,tennis_atp_japan_open,ATP Japan Open,2026-10-02T08:10:00+00:00,2026-10-02T09:10:00+01:00,Arthur Fils,Frances Tiafoe,boylesports,BoyleSports,2026-10-01T20:19:18Z,h2h,Frances Tiafoe,3.1,,0.3225806451612903,0.30493273542600896,0.2
2026-10-01T20:20:22.542215+00:00,2026-10-01T21:20:22.542215+01:00,908dd14275f11b8588bccce4d87aae14,tennis_atp_japan_open,ATP Japan Open,2026-10-02T08:10:00+00:00,2026-10-02T09:10:00+01:00,Arthur Fils,Frances Tiafoe,betfair_sb_uk,Betfair Sportsbook,2026-10-01T20:20:15Z,h2h,Arthur Fils,1.4,,0.7142857142857143,0.6728971962616822,0.2
2026-10-01T20:20:22.542215+00:00,2026-10-01T21:20:22.542215+01:00,908dd14275f11b8588bccce4d87aae14,tennis_atp_japan_open,ATP Japan Open,2026-10-02T08:10:00+00:00,2026-10-02T09:10:00+01:00,Arthur Fils,Frances Tiafoe,betfair_sb_uk,Betfair Sportsbook,2026-10-01T20:20:15Z,h2h,Frances Tiafoe,2.88,,0.3472222222222222,0.32710280373831774,0.2
