observed_at_utc,observed_at_london,event_id,sport_key,sport_title,commence_time_utc,commence_time_london,home_team,away_team,bookmaker_key,bookmaker_title,bookmaker_last_update,market,outcome,price_decimal,point,raw_implied_probability,market_de_vigged_probability,schema_version
2026-10-02T08:53:26.007991+00:00,2026-10-02T09:53:26.007991+01:00,3e66aaea7b8248d6cf6d345c4ca38aef,baseball_npb,NPB,2026-10-02T09:00:00+00:00,2026-10-02T10:00:00+01:00,Chiba Lotte Marines,Fukuoka SoftBank Hawks,boylesports,BoyleSports,2026-10-02T08:53:18Z,h2h,Chiba Lotte Marines,2.88,,0.3472222222222222,0.32710280373831774,0.2
2026-10-02T08:53:26.007991+00:00,2026-10-02T09:53:26.007991+01:00,3e66aaea7b8248d6cf6d345c4ca38aef,baseball_npb,NPB,2026-10-02T09:00:00+00:00,2026-10-02T10:00:00+01:00,Chiba Lotte Marines,Fukuoka SoftBank Hawks,boylesports,BoyleSports,2026-10-02T08:53:18Z,h2h,Fukuoka SoftBank Hawks,1.4,,0.7142857142857143,0.6728971962616822,0.2
2026-10-02T08:53:26.007991+00:00,2026-10-02T09:53:26.007991+01:00,3e66aaea7b8248d6cf6d345c4ca38aef,baseball_npb,NPB,2026-10-02T09:00:00+00:00,2026-10-02T10:00:00+01:00,Chiba Lotte Marines,Fukuoka SoftBank Hawks,sport888,888sport,2026-10-02T08:53:18Z,h2h,Chiba Lotte Marines,2.75,,0.36363636363636365,0.3373493975903614,0.2
2026-10-02T08:53:26.007991+00:00,2026-10-02T09:53:26.007991+01:00,3e66aaea7b8248d6cf6d345c4ca38aef,baseball_npb,NPB,2026-10-02T09:00:00+00:00,2026-10-02T10:00:00+01:00,Chiba Lotte Marines,Fukuoka SoftBank Hawks,sport888,888sport,2026-10-02T08:53:18Z,h2h,Fukuoka SoftBank Hawks,1.4,,0.7142857142857143,0.6626506024096386,0.2
2026-10-02T08:53:26.007991+00:00,2026-10-02T09:53:26.007991+01:00,3e66aaea7b8248d6cf6d345c4ca38aef,baseball_npb,NPB,2026-10-02T09:00:00+00:00,2026-10-02T10:00:00+01:00,Chiba Lotte Marines,Fukuoka SoftBank Hawks,betway,Betway,2026-10-02T08:52:55Z,h2h,Chiba Lotte Marines,2.75,,0.36363636363636365,0.3373493975903614,0.2
2026-10-02T08:53:26.007991+00:00,2026-10-02T09:53:26.007991+01:00,3e66aaea7b8248d6cf6d345c4ca38aef,baseball_npb,NPB,2026-10-02T09:00:00+00:00,2026-10-02T10:00:00+01:00,Chiba Lotte Marines,Fukuoka SoftBank Hawks,betway,Betway,2026-10-02T08:52:55Z,h2h,Fukuoka SoftBank Hawks,1.4,,0.7142857142857143,0.6626506024096386,0.2
2026-10-02T08:53:26.007991+00:00,2026-10-02T09:53:26.007991+01:00,3e66aaea7b8248d6cf6d345c4ca38aef,baseball_npb,NPB,2026-10-02T09:00:00+00:00,2026-10-02T10:00:00+01:00,Chiba Lotte Marines,Fukuoka SoftBank Hawks,coral,Coral,2026-10-02T08:53:19Z,h2h,Chiba Lotte Marines,2.62,,0.38167938931297707,0.35467980295566504,0.2
2026-10-02T08:53:26.007991+00:00,2026-10-02T09:53:26.007991+01:00,3e66aaea7b8248d6cf6d345c4ca38aef,baseball_npb,NPB,2026-10-02T09:00:00+00:00,2026-10-02T10:00:00+01:00,Chiba Lotte Marines,Fukuoka SoftBank Hawks,coral,Coral,2026-10-02T08:53:19Z,h2h,Fukuoka SoftBank Hawks,1.44,,0.6944444444444444,0.645320197044335,0.2
2026-10-02T08:53:26.007991+00:00,2026-10-02T09:53:26.007991+01:00,046be0a678df310d203162168f7bedd7,baseball_npb,NPB,2026-10-02T09:00:00+00:00,2026-10-02T10:00:00+01:00,Tokyo Yakult Swallows,Yomiuri Giants,boylesports,BoyleSports,2026-10-02T08:53:18Z,h2h,Tokyo Yakult Swallows,2.05,,0.48780487804878053,0.4576719576719577,0.2
2026-10-02T08:53:26.007991+00:00,2026-10-02T09:53:26.007991+01:00,046be0a678df310d203162168f7bedd7,baseball_npb,NPB,2026-10-02T09:00:00+00:00,2026-10-02T10:00:00+01:00,Tokyo Yakult Swallows,Yomiuri Giants,boylesports,BoyleSports,2026-10-02T08:53:18Z,h2h,Yomiuri Giants,1.73,,0.5780346820809249,0.5423280423280423,0.2
2026-10-02T08:53:26.007991+00:00,2026-10-02T09:53:26.007991+01:00,046be0a678df310d203162168f7bedd7,baseball_npb,NPB,2026-10-02T09:00:00+00:00,2026-10-02T10:00:00+01:00,Tokyo Yakult Swallows,Yomiuri Giants,sport888,888sport,2026-10-02T08:53:18Z,h2h,Tokyo Yakult Swallows,2.0,,0.5,0.4638069705093834,0.2
2026-10-02T08:53:26.007991+00:00,2026-10-02T09:53:26.007991+01:00,046be0a678df310d203162168f7bedd7,baseball_npb,NPB,2026-10-02T09:00:00+00:00,2026-10-02T10:00:00+01:00,Tokyo Yakult Swallows,Yomiuri Giants,sport888,888sport,2026-10-02T08:53:18Z,h2h,Yomiuri Giants,1.73,,0.5780346820809249,0.5361930294906166,0.2
2026-10-02T08:53:26.007991+00:00,2026-10-02T09:53:26.007991+01:00,046be0a678df310d203162168f7bedd7,baseball_npb,NPB,2026-10-02T09:00:00+00:00,2026-10-02T10:00:00+01:00,Tokyo Yakult Swallows,Yomiuri Giants,betway,Betway,2026-10-02T08:52:55Z,h2h,Tokyo Yakult Swallows,2.0,,0.5,0.46091644204851756,0.2
2026-10-02T08:53:26.007991+00:00,2026-10-02T09:53:26.007991+01:00,046be0a678df310d203162168f7bedd7,baseball_npb,NPB,2026-10-02T09:00:00+00:00,2026-10-02T10:00:00+01:00,Tokyo Yakult Swallows,Yomiuri Giants,betway,Betway,2026-10-02T08:52:55Z,h2h,Yomiuri Giants,1.71,,0.5847953216374269,0.5390835579514824,0.2
2026-10-02T08:53:26.007991+00:00,2026-10-02T09:53:26.007991+01:00,046be0a678df310d203162168f7bedd7,baseball_npb,NPB,2026-10-02T09:00:00+00:00,2026-10-02T10:00:00+01:00,Tokyo Yakult Swallows,Yomiuri Giants,coral,Coral,2026-10-02T08:53:19Z,h2h,Tokyo Yakult Swallows,2.05,,0.48780487804878053,0.44892473118279574,0.2
2026-10-02T08:53:26.007991+00:00,2026-10-02T09:53:26.007991+01:00,046be0a678df310d203162168f7bedd7,baseball_npb,NPB,2026-10-02T09:00:00+00:00,2026-10-02T10:00:00+01:00,Tokyo Yakult Swallows,Yomiuri Giants,coral,Coral,2026-10-02T08:53:19Z,h2h,Yomiuri Giants,1.67,,0.5988023952095809,0.5510752688172044,0.2
2026-10-02T08:53:26.007991+00:00,2026-10-02T09:53:26.007991+01:00,437c72bb85457b8c13026937c3f4978b,icehockey_mestis,Mestis,2026-10-02T15:30:00+00:00,2026-10-02T16:30:00+01:00,Hermes,JoKP,unibet_uk,Unibet (UK),2026-10-02T08:52:58Z,h2h,Hermes,2.45,,0.4081632653061224,0.3805214517647511,0.2
2026-10-02T08:53:26.007991+00:00,2026-10-02T09:53:26.007991+01:00,437c72bb85457b8c13026937c3f4978b,icehockey_mestis,Mestis,2026-10-02T15:30:00+00:00,2026-10-02T16:30:00+01:00,Hermes,JoKP,unibet_uk,Unibet (UK),2026-10-02T08:52:58Z,h2h,JoKP,2.33,,0.4291845493562232,0.4001191231002748,0.2
2026-10-02T08:53:26.007991+00:00,2026-10-02T09:53:26.007991+01:00,437c72bb85457b8c13026937c3f4978b,icehockey_mestis,Mestis,2026-10-02T15:30:00+00:00,2026-10-02T16:30:00+01:00,Hermes,JoKP,unibet_uk,Unibet (UK),2026-10-02T08:52:58Z,h2h,Draw,4.25,,0.23529411764705882,0.2193594251349742,0.2
2026-10-02T08:53:26.007991+00:00,2026-10-02T09:53:26.007991+01:00,437c72bb85457b8c13026937c3f4978b,icehockey_mestis,Mestis,2026-10-02T15:30:00+00:00,2026-10-02T16:30:00+01:00,Hermes,JoKP,sport888,888sport,2026-10-02T08:53:19Z,h2h,Hermes,1.91,,0.5235602094240838,0.4851752021563342,0.2
2026-10-02T08:53:26.007991+00:00,2026-10-02T09:53:26.007991+01:00,437c72bb85457b8c13026937c3f4978b,icehockey_mestis,Mestis,2026-10-02T15:30:00+00:00,2026-10-02T16:30:00+01:00,Hermes,JoKP,sport888,888sport,2026-10-02T08:53:19Z,h2h,JoKP,1.8,,0.5555555555555556,0.5148247978436657,0.2
2026-10-02T08:53:26.007991+00:00,2026-10-02T09:53:26.007991+01:00,437c72bb85457b8c13026937c3f4978b,icehockey_mestis,Mestis,2026-10-02T15:30:00+00:00,2026-10-02T16:30:00+01:00,Hermes,JoKP,ladbrokes_uk,Ladbrokes,2026-10-02T08:52:59Z,h2h,Hermes,1.91,,0.5235602094240838,0.4851752021563342,0.2
2026-10-02T08:53:26.007991+00:00,2026-10-02T09:53:26.007991+01:00,437c72bb85457b8c13026937c3f4978b,icehockey_mestis,Mestis,2026-10-02T15:30:00+00:00,2026-10-02T16:30:00+01:00,Hermes,JoKP,ladbrokes_uk,Ladbrokes,2026-10-02T08:52:59Z,h2h,JoKP,1.8,,0.5555555555555556,0.5148247978436657,0.2
2026-10-02T08:53:26.007991+00:00,2026-10-02T09:53:26.007991+01:00,437c72bb85457b8c13026937c3f4978b,icehockey_mestis,Mestis,2026-10-02T15:30:00+00:00,2026-10-02T16:30:00+01:00,Hermes,JoKP,coral,Coral,2026-10-02T08:52:58Z,h2h,Hermes,1.91,,0.5235602094240838,0.4851752021563342,0.2
2026-10-02T08:53:26.007991+00:00,2026-10-02T09:53:26.007991+01:00,437c72bb85457b8c13026937c3f4978b,icehockey_mestis,Mestis,2026-10-02T15:30:00+00:00,2026-10-02T16:30:00+01:00,Hermes,JoKP,coral,Coral,2026-10-02T08:52:58Z,h2h,JoKP,1.8,,0.5555555555555556,0.5148247978436657,0.2
2026-10-02T08:53:26.007991+00:00,2026-10-02T09:53:26.007991+01:00,437c72bb85457b8c13026937c3f4978b,icehockey_mestis,Mestis,2026-10-02T15:30:00+00:00,2026-10-02T16:30:00+01:00,Hermes,JoKP,paddypower,Paddy Power,2026-10-02T08:53:18Z,h2h,Hermes,1.91,,0.5235602094240838,0.4851752021563342,0.2
2026-10-02T08:53:26.007991+00:00,2026-10-02T09:53:26.007991+01:00,437c72bb85457b8c13026937c3f4978b,icehockey_mestis,Mestis,2026-10-02T15:30:00+00:00,2026-10-02T16:30:00+01:00,Hermes,JoKP,paddypower,Paddy Power,2026-10-02T08:53:18Z,h2h,JoKP,1.8,,0.5555555555555556,0.5148247978436657,0.2
2026-10-02T08:53:26.007991+00:00,2026-10-02T09:53:26.007991+01:00,437c72bb85457b8c13026937c3f4978b,icehockey_mestis,Mestis,2026-10-02T15:30:00+00:00,2026-10-02T16:30:00+01:00,Hermes,JoKP,betfair_sb_uk,Betfair Sportsbook,2026-10-02T08:52:43Z,h2h,Hermes,1.91,,0.5235602094240838,0.4851752021563342,0.2
2026-10-02T08:53:26.007991+00:00,2026-10-02T09:53:26.007991+01:00,437c72bb85457b8c13026937c3f4978b,icehockey_mestis,Mestis,2026-10-02T15:30:00+00:00,2026-10-02T16:30:00+01:00,Hermes,JoKP,betfair_sb_uk,Betfair Sportsbook,2026-10-02T08:52:43Z,h2h,JoKP,1.8,,0.5555555555555556,0.5148247978436657,0.2
2026-10-02T08:53:26.007991+00:00,2026-10-02T09:53:26.007991+01:00,437c72bb85457b8c13026937c3f4978b,icehockey_mestis,Mestis,2026-10-02T15:30:00+00:00,2026-10-02T16:30:00+01:00,Hermes,JoKP,grosvenor,Grosvenor,2026-10-02T08:52:56Z,h2h,Hermes,2.5,,0.4,0.3687720086910916,0.2
2026-10-02T08:53:26.007991+00:00,2026-10-02T09:53:26.007991+01:00,437c72bb85457b8c13026937c3f4978b,icehockey_mestis,Mestis,2026-10-02T15:30:00+00:00,2026-10-02T16:30:00+01:00,Hermes,JoKP,grosvenor,Grosvenor,2026-10-02T08:52:56Z,h2h,JoKP,2.14,,0.4672897196261682,0.43080842136809766,0.2
2026-10-02T08:53:26.007991+00:00,2026-10-02T09:53:26.007991+01:00,437c72bb85457b8c13026937c3f4978b,icehockey_mestis,Mestis,2026-10-02T15:30:00+00:00,2026-10-02T16:30:00+01:00,Hermes,JoKP,grosvenor,Grosvenor,2026-10-02T08:52:56Z,h2h,Draw,4.6,,0.2173913043478261,0.20041956994081067,0.2
2026-10-02T08:53:26.007991+00:00,2026-10-02T09:53:26.007991+01:00,386446073a5f1895603a58a2719a754e,icehockey_mestis,Mestis,2026-10-02T15:30:00+00:00,2026-10-02T16:30:00+01:00,KeuPa HT,IPK,sport888,888sport,2026-10-02T08:53:19Z,h2h,IPK,1.44,,0.6944444444444444,0.645320197044335,0.2
2026-10-02T08:53:26.007991+00:00,2026-10-02T09:53:26.007991+01:00,386446073a5f1895603a58a2719a754e,icehockey_mestis,Mestis,2026-10-02T15:30:00+00:00,2026-10-02T16:30:00+01:00,KeuPa HT,IPK,sport888,888sport,2026-10-02T08:53:19Z,h2h,KeuPa HT,2.62,,0.38167938931297707,0.35467980295566504,0.2
2026-10-02T08:53:26.007991+00:00,2026-10-02T09:53:26.007991+01:00,386446073a5f1895603a58a2719a754e,icehockey_mestis,Mestis,2026-10-02T15:30:00+00:00,2026-10-02T16:30:00+01:00,KeuPa HT,IPK,unibet_uk,Unibet (UK),2026-10-02T08:52:58Z,h2h,IPK,1.73,,0.5780346820809249,0.5361930294906166,0.2
2026-10-02T08:53:26.007991+00:00,2026-10-02T09:53:26.007991+01:00,386446073a5f1895603a58a2719a754e,icehockey_mestis,Mestis,2026-10-02T15:30:00+00:00,2026-10-02T16:30:00+01:00,KeuPa HT,IPK,unibet_uk,Unibet (UK),2026-10-02T08:52:58Z,h2h,KeuPa HT,3.6,,0.2777777777777778,0.2576705391718797,0.2
2026-10-02T08:53:26.007991+00:00,2026-10-02T09:53:26.007991+01:00,386446073a5f1895603a58a2719a754e,icehockey_mestis,Mestis,2026-10-02T15:30:00+00:00,2026-10-02T16:30:00+01:00,KeuPa HT,IPK,unibet_uk,Unibet (UK),2026-10-02T08:52:58Z,h2h,Draw,4.5,,0.2222222222222222,0.20613643133750373,0.2
2026-10-02T08:53:26.007991+00:00,2026-10-02T09:53:26.007991+01:00,386446073a5f1895603a58a2719a754e,icehockey_mestis,Mestis,2026-10-02T15:30:00+00:00,2026-10-02T16:30:00+01:00,KeuPa HT,IPK,paddypower,Paddy Power,2026-10-02T08:53:18Z,h2h,IPK,1.4,,0.7142857142857143,0.6626506024096386,0.2
2026-10-02T08:53:26.007991+00:00,2026-10-02T09:53:26.007991+01:00,386446073a5f1895603a58a2719a754e,icehockey_mestis,Mestis,2026-10-02T15:30:00+00:00,2026-10-02T16:30:00+01:00,KeuPa HT,IPK,paddypower,Paddy Power,2026-10-02T08:53:18Z,h2h,KeuPa HT,2.75,,0.36363636363636365,0.3373493975903614,0.2
2026-10-02T08:53:26.007991+00:00,2026-10-02T09:53:26.007991+01:00,386446073a5f1895603a58a2719a754e,icehockey_mestis,Mestis,2026-10-02T15:30:00+00:00,2026-10-02T16:30:00+01:00,KeuPa HT,IPK,betfair_sb_uk,Betfair Sportsbook,2026-10-02T08:52:43Z,h2h,IPK,1.4,,0.7142857142857143,0.6626506024096386,0.2
2026-10-02T08:53:26.007991+00:00,2026-10-02T09:53:26.007991+01:00,386446073a5f1895603a58a2719a754e,icehockey_mestis,Mestis,2026-10-02T15:30:00+00:00,2026-10-02T16:30:00+01:00,KeuPa HT,IPK,betfair_sb_uk,Betfair Sportsbook,2026-10-02T08:52:43Z,h2h,KeuPa HT,2.75,,0.36363636363636365,0.3373493975903614,0.2
2026-10-02T08:53:26.007991+00:00,2026-10-02T09:53:26.007991+01:00,386446073a5f1895603a58a2719a754e,icehockey_mestis,Mestis,2026-10-02T15:30:00+00:00,2026-10-02T16:30:00+01:00,KeuPa HT,IPK,betway,Betway,2026-10-02T08:52:43Z,h2h,IPK,1.69,,0.591715976331361,0.5330830263530746,0.2
2026-10-02T08:53:26.007991+00:00,2026-10-02T09:53:26.007991+01:00,386446073a5f1895603a58a2719a754e,icehockey_mestis,Mestis,2026-10-02T15:30:00+00:00,2026-10-02T16:30:00+01:00,KeuPa HT,IPK,betway,Betway,2026-10-02T08:52:43Z,h2h,KeuPa HT,3.5,,0.2857142857142857,0.25740294701048455,0.2
2026-10-02T08:53:26.007991+00:00,2026-10-02T09:53:26.007991+01:00,386446073a5f1895603a58a2719a754e,icehockey_mestis,Mestis,2026-10-02T15:30:00+00:00,2026-10-02T16:30:00+01:00,KeuPa HT,IPK,betway,Betway,2026-10-02T08:52:43Z,h2h,Draw,4.3,,0.23255813953488372,0.20951402663644092,0.2
2026-10-02T08:53:26.007991+00:00,2026-10-02T09:53:26.007991+01:00,386446073a5f1895603a58a2719a754e,icehockey_mestis,Mestis,2026-10-02T15:30:00+00:00,2026-10-02T16:30:00+01:00,KeuPa HT,IPK,coral,Coral,2026-10-02T08:52:58Z,h2h,IPK,1.44,,0.6944444444444444,0.6435643564356436,0.2
2026-10-02T08:53:26.007991+00:00,2026-10-02T09:53:26.007991+01:00,386446073a5f1895603a58a2719a754e,icehockey_mestis,Mestis,2026-10-02T15:30:00+00:00,2026-10-02T16:30:00+01:00,KeuPa HT,IPK,coral,Coral,2026-10-02T08:52:58Z,h2h,KeuPa HT,2.6,,0.3846153846153846,0.3564356435643564,0.2
2026-10-02T08:53:26.007991+00:00,2026-10-02T09:53:26.007991+01:00,386446073a5f1895603a58a2719a754e,icehockey_mestis,Mestis,2026-10-02T15:30:00+00:00,2026-10-02T16:30:00+01:00,KeuPa HT,IPK,ladbrokes_uk,Ladbrokes,2026-10-02T08:52:59Z,h2h,IPK,1.44,,0.6944444444444444,0.6435643564356436,0.2
2026-10-02T08:53:26.007991+00:00,2026-10-02T09:53:26.007991+01:00,386446073a5f1895603a58a2719a754e,icehockey_mestis,Mestis,2026-10-02T15:30:00+00:00,2026-10-02T16:30:00+01:00,KeuPa HT,IPK,ladbrokes_uk,Ladbrokes,2026-10-02T08:52:59Z,h2h,KeuPa HT,2.6,,0.3846153846153846,0.3564356435643564,0.2
2026-10-02T08:53:26.007991+00:00,2026-10-02T09:53:26.007991+01:00,386446073a5f1895603a58a2719a754e,icehockey_mestis,Mestis,2026-10-02T15:30:00+00:00,2026-10-02T16:30:00+01:00,KeuPa HT,IPK,grosvenor,Grosvenor,2026-10-02T08:52:56Z,h2h,IPK,1.74,,0.5747126436781609,0.5292081204624899,0.2
2026-10-02T08:53:26.007991+00:00,2026-10-02T09:53:26.007991+01:00,386446073a5f1895603a58a2719a754e,icehockey_mestis,Mestis,2026-10-02T15:30:00+00:00,2026-10-02T16:30:00+01:00,KeuPa HT,IPK,grosvenor,Grosvenor,2026-10-02T08:52:56Z,h2h,KeuPa HT,3.35,,0.29850746268656714,0.27487227749394993,0.2
2026-10-02T08:53:26.007991+00:00,2026-10-02T09:53:26.007991+01:00,386446073a5f1895603a58a2719a754e,icehockey_mestis,Mestis,2026-10-02T15:30:00+00:00,2026-10-02T16:30:00+01:00,KeuPa HT,IPK,grosvenor,Grosvenor,2026-10-02T08:52:56Z,h2h,Draw,4.7,,0.2127659574468085,0.1959196020435601,0.2
2026-10-02T08:53:26.007991+00:00,2026-10-02T09:53:26.007991+01:00,d727301daf2d88e5a9ba505581d23063,icehockey_mestis,Mestis,2026-10-02T15:30:00+00:00,2026-10-02T16:30:00+01:00,RoKi,Kiekko-Vantaa,unibet_uk,Unibet (UK),2026-10-02T08:52:58Z,h2h,Kiekko-Vantaa,2.5,,0.4,0.37084289548407173,0.2
2026-10-02T08:53:26.007991+00:00,2026-10-02T09:53:26.007991+01:00,d727301daf2d88e5a9ba505581d23063,icehockey_mestis,Mestis,2026-10-02T15:30:00+00:00,2026-10-02T16:30:00+01:00,RoKi,Kiekko-Vantaa,unibet_uk,Unibet (UK),2026-10-02T08:52:58Z,h2h,RoKi,2.27,,0.44052863436123346,0.40841728577540937,0.2
2026-10-02T08:53:26.007991+00:00,2026-10-02T09:53:26.007991+01:00,d727301daf2d88e5a9ba505581d23063,icehockey_mestis,Mestis,2026-10-02T15:30:00+00:00,2026-10-02T16:30:00+01:00,RoKi,Kiekko-Vantaa,unibet_uk,Unibet (UK),2026-10-02T08:52:58Z,h2h,Draw,4.2,,0.23809523809523808,0.22073981874051887,0.2
2026-10-02T08:53:26.007991+00:00,2026-10-02T09:53:26.007991+01:00,d727301daf2d88e5a9ba505581d23063,icehockey_mestis,Mestis,2026-10-02T15:30:00+00:00,2026-10-02T16:30:00+01:00,RoKi,Kiekko-Vantaa,sport888,888sport,2026-10-02T08:53:19Z,h2h,Kiekko-Vantaa,1.91,,0.5235602094240838,0.4851752021563342,0.2
2026-10-02T08:53:26.007991+00:00,2026-10-02T09:53:26.007991+01:00,d727301daf2d88e5a9ba505581d23063,icehockey_mestis,Mestis,2026-10-02T15:30:00+00:00,2026-10-02T16:30:00+01:00,RoKi,Kiekko-Vantaa,sport888,888sport,2026-10-02T08:53:19Z,h2h,RoKi,1.8,,0.5555555555555556,0.5148247978436657,0.2
2026-10-02T08:53:26.007991+00:00,2026-10-02T09:53:26.007991+01:00,d727301daf2d88e5a9ba505581d23063,icehockey_mestis,Mestis,2026-10-02T15:30:00+00:00,2026-10-02T16:30:00+01:00,RoKi,Kiekko-Vantaa,grosvenor,Grosvenor,2026-10-02T08:52:56Z,h2h,Kiekko-Vantaa,2.55,,0.3921568627450981,0.36011799410029505,0.2
2026-10-02T08:53:26.007991+00:00,2026-10-02T09:53:26.007991+01:00,d727301daf2d88e5a9ba505581d23063,icehockey_mestis,Mestis,2026-10-02T15:30:00+00:00,2026-10-02T16:30:00+01:00,RoKi,Kiekko-Vantaa,grosvenor,Grosvenor,2026-10-02T08:52:56Z,h2h,RoKi,2.18,,0.4587155963302752,0.42123893805309737,0.2
2026-10-02T08:53:26.007991+00:00,2026-10-02T09:53:26.007991+01:00,d727301daf2d88e5a9ba505581d23063,icehockey_mestis,Mestis,2026-10-02T15:30:00+00:00,2026-10-02T16:30:00+01:00,RoKi,Kiekko-Vantaa,grosvenor,Grosvenor,2026-10-02T08:52:56Z,h2h,Draw,4.2,,0.23809523809523808,0.21864306784660767,0.2
2026-10-02T08:53:26.007991+00:00,2026-10-02T09:53:26.007991+01:00,d727301daf2d88e5a9ba505581d23063,icehockey_mestis,Mestis,2026-10-02T15:30:00+00:00,2026-10-02T16:30:00+01:00,RoKi,Kiekko-Vantaa,betway,Betway,2026-10-02T08:52:43Z,h2h,Kiekko-Vantaa,2.45,,0.4081632653061224,0.36681950812838676,0.2
2026-10-02T08:53:26.007991+00:00,2026-10-02T09:53:26.007991+01:00,d727301daf2d88e5a9ba505581d23063,icehockey_mestis,Mestis,2026-10-02T15:30:00+00:00,2026-10-02T16:30:00+01:00,RoKi,Kiekko-Vantaa,betway,Betway,2026-10-02T08:52:43Z,h2h,RoKi,2.2,,0.45454545454545453,0.4085035431429762,0.2
2026-10-02T08:53:26.007991+00:00,2026-10-02T09:53:26.007991+01:00,d727301daf2d88e5a9ba505581d23063,icehockey_mestis,Mestis,2026-10-02T15:30:00+00:00,2026-10-02T16:30:00+01:00,RoKi,Kiekko-Vantaa,betway,Betway,2026-10-02T08:52:43Z,h2h,Draw,4.0,,0.25,0.22467694872863692,0.2
2026-10-02T08:53:26.007991+00:00,2026-10-02T09:53:26.007991+01:00,22813889ef470810b02b01e38dea1339,icehockey_mestis,Mestis,2026-10-02T15:30:00+00:00,2026-10-02T16:30:00+01:00,TUTO Hockey,Pyry,unibet_uk,Unibet (UK),2026-10-02T08:52:58Z,h2h,Pyry,4.35,,0.2298850574712644,0.21438974657733761,0.2
2026-10-02T08:53:26.007991+00:00,2026-10-02T09:53:26.007991+01:00,22813889ef470810b02b01e38dea1339,icehockey_mestis,Mestis,2026-10-02T15:30:00+00:00,2026-10-02T16:30:00+01:00,TUTO Hockey,Pyry,unibet_uk,Unibet (UK),2026-10-02T08:52:58Z,h2h,TUTO Hockey,1.6,,0.625,0.5828721235071366,0.2
2026-10-02T08:53:26.007991+00:00,2026-10-02T09:53:26.007991+01:00,22813889ef470810b02b01e38dea1339,icehockey_mestis,Mestis,2026-10-02T15:30:00+00:00,2026-10-02T16:30:00+01:00,TUTO Hockey,Pyry,unibet_uk,Unibet (UK),2026-10-02T08:52:58Z,h2h,Draw,4.6,,0.2173913043478261,0.20273812991552578,0.2
2026-10-02T08:53:26.007991+00:00,2026-10-02T09:53:26.007991+01:00,22813889ef470810b02b01e38dea1339,icehockey_mestis,Mestis,2026-10-02T15:30:00+00:00,2026-10-02T16:30:00+01:00,TUTO Hockey,Pyry,sport888,888sport,2026-10-02T08:53:19Z,h2h,Pyry,3.25,,0.3076923076923077,0.2903930131004367,0.2
2026-10-02T08:53:26.007991+00:00,2026-10-02T09:53:26.007991+01:00,22813889ef470810b02b01e38dea1339,icehockey_mestis,Mestis,2026-10-02T15:30:00+00:00,2026-10-02T16:30:00+01:00,TUTO Hockey,Pyry,sport888,888sport,2026-10-02T08:53:19Z,h2h,TUTO Hockey,1.33,,0.7518796992481203,0.7096069868995633,0.2
2026-10-02T08:53:26.007991+00:00,2026-10-02T09:53:26.007991+01:00,22813889ef470810b02b01e38dea1339,icehockey_mestis,Mestis,2026-10-02T15:30:00+00:00,2026-10-02T16:30:00+01:00,TUTO Hockey,Pyry,ladbrokes_uk,Ladbrokes,2026-10-02T08:52:59Z,h2h,Pyry,3.0,,0.3333333333333333,0.3071593533487298,0.2
2026-10-02T08:53:26.007991+00:00,2026-10-02T09:53:26.007991+01:00,22813889ef470810b02b01e38dea1339,icehockey_mestis,Mestis,2026-10-02T15:30:00+00:00,2026-10-02T16:30:00+01:00,TUTO Hockey,Pyry,ladbrokes_uk,Ladbrokes,2026-10-02T08:52:59Z,h2h,TUTO Hockey,1.33,,0.7518796992481203,0.6928406466512702,0.2
2026-10-02T08:53:26.007991+00:00,2026-10-02T09:53:26.007991+01:00,22813889ef470810b02b01e38dea1339,icehockey_mestis,Mestis,2026-10-02T15:30:00+00:00,2026-10-02T16:30:00+01:00,TUTO Hockey,Pyry,coral,Coral,2026-10-02T08:52:58Z,h2h,Pyry,3.0,,0.3333333333333333,0.3071593533487298,0.2
2026-10-02T08:53:26.007991+00:00,2026-10-02T09:53:26.007991+01:00,22813889ef470810b02b01e38dea1339,icehockey_mestis,Mestis,2026-10-02T15:30:00+00:00,2026-10-02T16:30:00+01:00,TUTO Hockey,Pyry,coral,Coral,2026-10-02T08:52:58Z,h2h,TUTO Hockey,1.33,,0.7518796992481203,0.6928406466512702,0.2
2026-10-02T08:53:26.007991+00:00,2026-10-02T09:53:26.007991+01:00,22813889ef470810b02b01e38dea1339,icehockey_mestis,Mestis,2026-10-02T15:30:00+00:00,2026-10-02T16:30:00+01:00,TUTO Hockey,Pyry,paddypower,Paddy Power,2026-10-02T08:53:18Z,h2h,Pyry,4.2,,0.23809523809523808,0.21374685666387258,0.2
2026-10-02T08:53:26.007991+00:00,2026-10-02T09:53:26.007991+01:00,22813889ef470810b02b01e38dea1339,icehockey_mestis,Mestis,2026-10-02T15:30:00+00:00,2026-10-02T16:30:00+01:00,TUTO Hockey,Pyry,paddypower,Paddy Power,2026-10-02T08:53:18Z,h2h,TUTO Hockey,1.53,,0.6535947712418301,0.586756077116513,0.2
2026-10-02T08:53:26.007991+00:00,2026-10-02T09:53:26.007991+01:00,22813889ef470810b02b01e38dea1339,icehockey_mestis,Mestis,2026-10-02T15:30:00+00:00,2026-10-02T16:30:00+01:00,TUTO Hockey,Pyry,paddypower,Paddy Power,2026-10-02T08:53:18Z,h2h,Draw,4.5,,0.2222222222222222,0.1994970662196144,0.2
2026-10-02T08:53:26.007991+00:00,2026-10-02T09:53:26.007991+01:00,22813889ef470810b02b01e38dea1339,icehockey_mestis,Mestis,2026-10-02T15:30:00+00:00,2026-10-02T16:30:00+01:00,TUTO Hockey,Pyry,betfair_sb_uk,Betfair Sportsbook,2026-10-02T08:52:43Z,h2h,Pyry,3.0,,0.3333333333333333,0.3071593533487298,0.2
2026-10-02T08:53:26.007991+00:00,2026-10-02T09:53:26.007991+01:00,22813889ef470810b02b01e38dea1339,icehockey_mestis,Mestis,2026-10-02T15:30:00+00:00,2026-10-02T16:30:00+01:00,TUTO Hockey,Pyry,betfair_sb_uk,Betfair Sportsbook,2026-10-02T08:52:43Z,h2h,TUTO Hockey,1.33,,0.7518796992481203,0.6928406466512702,0.2
2026-10-02T08:53:26.007991+00:00,2026-10-02T09:53:26.007991+01:00,22813889ef470810b02b01e38dea1339,icehockey_mestis,Mestis,2026-10-02T15:30:00+00:00,2026-10-02T16:30:00+01:00,TUTO Hockey,Pyry,grosvenor,Grosvenor,2026-10-02T08:52:56Z,h2h,Pyry,3.6,,0.2777777777777778,0.2555203015026817,0.2
2026-10-02T08:53:26.007991+00:00,2026-10-02T09:53:26.007991+01:00,22813889ef470810b02b01e38dea1339,icehockey_mestis,Mestis,2026-10-02T15:30:00+00:00,2026-10-02T16:30:00+01:00,TUTO Hockey,Pyry,grosvenor,Grosvenor,2026-10-02T08:52:56Z,h2h,TUTO Hockey,1.67,,0.5988023952095809,0.5508222068321281,0.2
2026-10-02T08:53:26.007991+00:00,2026-10-02T09:53:26.007991+01:00,22813889ef470810b02b01e38dea1339,icehockey_mestis,Mestis,2026-10-02T15:30:00+00:00,2026-10-02T16:30:00+01:00,TUTO Hockey,Pyry,grosvenor,Grosvenor,2026-10-02T08:52:56Z,h2h,Draw,4.75,,0.21052631578947367,0.19365749166519028,0.2
2026-10-02T08:53:26.007991+00:00,2026-10-02T09:53:26.007991+01:00,22813889ef470810b02b01e38dea1339,icehockey_mestis,Mestis,2026-10-02T15:30:00+00:00,2026-10-02T16:30:00+01:00,TUTO Hockey,Pyry,betway,Betway,2026-10-02T08:52:43Z,h2h,Pyry,4.0,,0.25,0.22539479980858193,0.2
2026-10-02T08:53:26.007991+00:00,2026-10-02T09:53:26.007991+01:00,22813889ef470810b02b01e38dea1339,icehockey_mestis,Mestis,2026-10-02T15:30:00+00:00,2026-10-02T16:30:00+01:00,TUTO Hockey,Pyry,betway,Betway,2026-10-02T08:52:43Z,h2h,TUTO Hockey,1.57,,0.6369426751592356,0.5742542670282341,0.2
2026-10-02T08:53:26.007991+00:00,2026-10-02T09:53:26.007991+01:00,22813889ef470810b02b01e38dea1339,icehockey_mestis,Mestis,2026-10-02T15:30:00+00:00,2026-10-02T16:30:00+01:00,TUTO Hockey,Pyry,betway,Betway,2026-10-02T08:52:43Z,h2h,Draw,4.5,,0.2222222222222222,0.20035093316318392,0.2
2026-10-02T08:53:26.007991+00:00,2026-10-02T09:53:26.007991+01:00,3fbdf5ef9e517e3250f7eda297024ef9,cricket_odi,One Day Internationals,2026-10-03T08:30:00+00:00,2026-10-03T09:30:00+01:00,India,West Indies,livescorebet,LiveScore Bet,2026-10-02T08:53:10Z,h2h,India,1.1,,0.9090909090909091,0.8641975308641975,0.2
2026-10-02T08:53:26.007991+00:00,2026-10-02T09:53:26.007991+01:00,3fbdf5ef9e517e3250f7eda297024ef9,cricket_odi,One Day Internationals,2026-10-03T08:30:00+00:00,2026-10-03T09:30:00+01:00,India,West Indies,livescorebet,LiveScore Bet,2026-10-02T08:53:10Z,h2h,West Indies,7.0,,0.14285714285714285,0.13580246913580246,0.2
2026-10-02T08:53:26.007991+00:00,2026-10-02T09:53:26.007991+01:00,3fbdf5ef9e517e3250f7eda297024ef9,cricket_odi,One Day Internationals,2026-10-03T08:30:00+00:00,2026-10-03T09:30:00+01:00,India,West Indies,casumo,Casumo,2026-10-02T08:53:12Z,h2h,India,1.1,,0.9090909090909091,0.8641975308641975,0.2
2026-10-02T08:53:26.007991+00:00,2026-10-02T09:53:26.007991+01:00,3fbdf5ef9e517e3250f7eda297024ef9,cricket_odi,One Day Internationals,2026-10-03T08:30:00+00:00,2026-10-03T09:30:00+01:00,India,West Indies,casumo,Casumo,2026-10-02T08:53:12Z,h2h,West Indies,7.0,,0.14285714285714285,0.13580246913580246,0.2
2026-10-02T08:53:26.007991+00:00,2026-10-02T09:53:26.007991+01:00,3fbdf5ef9e517e3250f7eda297024ef9,cricket_odi,One Day Internationals,2026-10-03T08:30:00+00:00,2026-10-03T09:30:00+01:00,India,West Indies,grosvenor,Grosvenor,2026-10-02T08:52:51Z,h2h,India,1.1,,0.9090909090909091,0.8641975308641975,0.2
2026-10-02T08:53:26.007991+00:00,2026-10-02T09:53:26.007991+01:00,3fbdf5ef9e517e3250f7eda297024ef9,cricket_odi,One Day Internationals,2026-10-03T08:30:00+00:00,2026-10-03T09:30:00+01:00,India,West Indies,grosvenor,Grosvenor,2026-10-02T08:52:51Z,h2h,West Indies,7.0,,0.14285714285714285,0.13580246913580246,0.2
2026-10-02T08:53:26.007991+00:00,2026-10-02T09:53:26.007991+01:00,3fbdf5ef9e517e3250f7eda297024ef9,cricket_odi,One Day Internationals,2026-10-03T08:30:00+00:00,2026-10-03T09:30:00+01:00,India,West Indies,virginbet,Virgin Bet,2026-10-02T08:53:10Z,h2h,India,1.1,,0.9090909090909091,0.8641975308641975,0.2
2026-10-02T08:53:26.007991+00:00,2026-10-02T09:53:26.007991+01:00,3fbdf5ef9e517e3250f7eda297024ef9,cricket_odi,One Day Internationals,2026-10-03T08:30:00+00:00,2026-10-03T09:30:00+01:00,India,West Indies,virginbet,Virgin Bet,2026-10-02T08:53:10Z,h2h,West Indies,7.0,,0.14285714285714285,0.13580246913580246,0.2
2026-10-02T08:53:26.007991+00:00,2026-10-02T09:53:26.007991+01:00,3fbdf5ef9e517e3250f7eda297024ef9,cricket_odi,One Day Internationals,2026-10-03T08:30:00+00:00,2026-10-03T09:30:00+01:00,India,West Indies,boylesports,BoyleSports,2026-10-02T08:53:12Z,h2h,India,1.08,,0.9259259259259258,0.8741258741258742,0.2
2026-10-02T08:53:26.007991+00:00,2026-10-02T09:53:26.007991+01:00,3fbdf5ef9e517e3250f7eda297024ef9,cricket_odi,One Day Internationals,2026-10-03T08:30:00+00:00,2026-10-03T09:30:00+01:00,India,West Indies,boylesports,BoyleSports,2026-10-02T08:53:12Z,h2h,West Indies,7.5,,0.13333333333333333,0.1258741258741259,0.2
2026-10-02T08:53:26.007991+00:00,2026-10-02T09:53:26.007991+01:00,3fbdf5ef9e517e3250f7eda297024ef9,cricket_odi,One Day Internationals,2026-10-03T08:30:00+00:00,2026-10-03T09:30:00+01:00,India,West Indies,ladbrokes_uk,Ladbrokes,2026-10-02T08:53:12Z,h2h,India,1.11,,0.9009009009009008,0.8631319358816276,0.2
2026-10-02T08:53:26.007991+00:00,2026-10-02T09:53:26.007991+01:00,3fbdf5ef9e517e3250f7eda297024ef9,cricket_odi,One Day Internationals,2026-10-03T08:30:00+00:00,2026-10-03T09:30:00+01:00,India,West Indies,ladbrokes_uk,Ladbrokes,2026-10-02T08:53:12Z,h2h,West Indies,7.0,,0.14285714285714285,0.1368680641183724,0.2
2026-10-02T08:53:26.007991+00:00,2026-10-02T09:53:26.007991+01:00,3fbdf5ef9e517e3250f7eda297024ef9,cricket_odi,One Day Internationals,2026-10-03T08:30:00+00:00,2026-10-03T09:30:00+01:00,India,West Indies,coral,Coral,2026-10-02T08:52:21Z,h2h,India,1.11,,0.9009009009009008,0.8631319358816276,0.2
2026-10-02T08:53:26.007991+00:00,2026-10-02T09:53:26.007991+01:00,3fbdf5ef9e517e3250f7eda297024ef9,cricket_odi,One Day Internationals,2026-10-03T08:30:00+00:00,2026-10-03T09:30:00+01:00,India,West Indies,coral,Coral,2026-10-02T08:52:21Z,h2h,West Indies,7.0,,0.14285714285714285,0.1368680641183724,0.2
2026-10-02T08:53:26.007991+00:00,2026-10-02T09:53:26.007991+01:00,3fbdf5ef9e517e3250f7eda297024ef9,cricket_odi,One Day Internationals,2026-10-03T08:30:00+00:00,2026-10-03T09:30:00+01:00,India,West Indies,betano_uk,Betano (UK),2026-10-02T08:53:21Z,h2h,India,1.09,,0.9174311926605504,0.846262341325811,0.2
2026-10-02T08:53:26.007991+00:00,2026-10-02T09:53:26.007991+01:00,3fbdf5ef9e517e3250f7eda297024ef9,cricket_odi,One Day Internationals,2026-10-03T08:30:00+00:00,2026-10-03T09:30:00+01:00,India,West Indies,betano_uk,Betano (UK),2026-10-02T08:53:21Z,h2h,West Indies,6.0,,0.16666666666666666,0.153737658674189,0.2
2026-10-02T08:53:26.007991+00:00,2026-10-02T09:53:26.007991+01:00,3fbdf5ef9e517e3250f7eda297024ef9,cricket_odi,One Day Internationals,2026-10-03T08:30:00+00:00,2026-10-03T09:30:00+01:00,India,West Indies,betvictor,Bet Victor,2026-10-02T08:53:04Z,h2h,India,1.09,,0.9174311926605504,0.846262341325811,0.2
2026-10-02T08:53:26.007991+00:00,2026-10-02T09:53:26.007991+01:00,3fbdf5ef9e517e3250f7eda297024ef9,cricket_odi,One Day Internationals,2026-10-03T08:30:00+00:00,2026-10-03T09:30:00+01:00,India,West Indies,betvictor,Bet Victor,2026-10-02T08:53:04Z,h2h,West Indies,6.0,,0.16666666666666666,0.153737658674189,0.2
2026-10-02T08:53:26.007991+00:00,2026-10-02T09:53:26.007991+01:00,3fbdf5ef9e517e3250f7eda297024ef9,cricket_odi,One Day Internationals,2026-10-03T08:30:00+00:00,2026-10-03T09:30:00+01:00,India,West Indies,paddypower,Paddy Power,2026-10-02T08:52:04Z,h2h,India,1.1,,0.9090909090909091,0.8641975308641975,0.2
2026-10-02T08:53:26.007991+00:00,2026-10-02T09:53:26.007991+01:00,3fbdf5ef9e517e3250f7eda297024ef9,cricket_odi,One Day Internationals,2026-10-03T08:30:00+00:00,2026-10-03T09:30:00+01:00,India,West Indies,paddypower,Paddy Power,2026-10-02T08:52:04Z,h2h,West Indies,7.0,,0.14285714285714285,0.13580246913580246,0.2
2026-10-02T08:53:26.007991+00:00,2026-10-02T09:53:26.007991+01:00,3fbdf5ef9e517e3250f7eda297024ef9,cricket_odi,One Day Internationals,2026-10-03T08:30:00+00:00,2026-10-03T09:30:00+01:00,India,West Indies,skybet,Sky Bet,2026-10-02T08:52:26Z,h2h,India,1.1,,0.9090909090909091,0.8641975308641975,0.2
2026-10-02T08:53:26.007991+00:00,2026-10-02T09:53:26.007991+01:00,3fbdf5ef9e517e3250f7eda297024ef9,cricket_odi,One Day Internationals,2026-10-03T08:30:00+00:00,2026-10-03T09:30:00+01:00,India,West Indies,skybet,Sky Bet,2026-10-02T08:52:26Z,h2h,West Indies,7.0,,0.14285714285714285,0.13580246913580246,0.2
2026-10-02T08:53:26.007991+00:00,2026-10-02T09:53:26.007991+01:00,3fbdf5ef9e517e3250f7eda297024ef9,cricket_odi,One Day Internationals,2026-10-03T08:30:00+00:00,2026-10-03T09:30:00+01:00,India,West Indies,betfair_ex_uk,Betfair,2026-10-02T08:52:51Z,h2h,India,1.15,,0.8695652173913044,0.8654970760233919,0.2
2026-10-02T08:53:26.007991+00:00,2026-10-02T09:53:26.007991+01:00,3fbdf5ef9e517e3250f7eda297024ef9,cricket_odi,One Day Internationals,2026-10-03T08:30:00+00:00,2026-10-03T09:30:00+01:00,India,West Indies,betfair_ex_uk,Betfair,2026-10-02T08:52:51Z,h2h,West Indies,7.4,,0.13513513513513511,0.13450292397660815,0.2
2026-10-02T08:53:26.007991+00:00,2026-10-02T09:53:26.007991+01:00,3fbdf5ef9e517e3250f7eda297024ef9,cricket_odi,One Day Internationals,2026-10-03T08:30:00+00:00,2026-10-03T09:30:00+01:00,India,West Indies,betfair_ex_uk,Betfair,2026-10-02T08:52:51Z,h2h_lay,India,1.16,,0.8620689655172414,1.0,0.2
2026-10-02T08:53:26.007991+00:00,2026-10-02T09:53:26.007991+01:00,3fbdf5ef9e517e3250f7eda297024ef9,cricket_odi,One Day Internationals,2026-10-03T08:30:00+00:00,2026-10-03T09:30:00+01:00,India,West Indies,betfair_ex_uk,Betfair,2026-10-02T08:52:51Z,h2h_lay,West Indies,7.6,,0.13157894736842105,1.0,0.2
2026-10-02T08:53:26.007991+00:00,2026-10-02T09:53:26.007991+01:00,b37042990194a603e165f3ffaa66d3e4,tennis_wta_china_open,WTA China Open,2026-10-02T11:00:00+00:00,2026-10-02T12:00:00+01:00,Renata Zarazua,Aryna Sabalenka,betfair_ex_uk,Betfair,2026-10-02T08:53:12Z,h2h,Aryna Sabalenka,1.03,,0.970873786407767,0.9632536567962897,0.2
2026-10-02T08:53:26.007991+00:00,2026-10-02T09:53:26.007991+01:00,b37042990194a603e165f3ffaa66d3e4,tennis_wta_china_open,WTA China Open,2026-10-02T11:00:00+00:00,2026-10-02T12:00:00+01:00,Renata Zarazua,Aryna Sabalenka,betfair_ex_uk,Betfair,2026-10-02T08:53:12Z,h2h,Renata Zarazua,27.0,,0.037037037037037035,0.03674634320371031,0.2
2026-10-02T08:53:26.007991+00:00,2026-10-02T09:53:26.007991+01:00,b37042990194a603e165f3ffaa66d3e4,tennis_wta_china_open,WTA China Open,2026-10-02T11:00:00+00:00,2026-10-02T12:00:00+01:00,Renata Zarazua,Aryna Sabalenka,betfair_ex_uk,Betfair,2026-10-02T08:53:12Z,h2h_lay,Aryna Sabalenka,1.04,,0.9615384615384615,1.0,0.2
2026-10-02T08:53:26.007991+00:00,2026-10-02T09:53:26.007991+01:00,b37042990194a603e165f3ffaa66d3e4,tennis_wta_china_open,WTA China Open,2026-10-02T11:00:00+00:00,2026-10-02T12:00:00+01:00,Renata Zarazua,Aryna Sabalenka,betfair_ex_uk,Betfair,2026-10-02T08:53:12Z,h2h_lay,Renata Zarazua,34.0,,0.029411764705882353,1.0,0.2
2026-10-02T08:53:26.007991+00:00,2026-10-02T09:53:26.007991+01:00,b37042990194a603e165f3ffaa66d3e4,tennis_wta_china_open,WTA China Open,2026-10-02T11:00:00+00:00,2026-10-02T12:00:00+01:00,Renata Zarazua,Aryna Sabalenka,betway,Betway,2026-10-02T08:53:11Z,h2h,Aryna Sabalenka,1.01,,0.9900990099009901,0.9468700683850605,0.2
2026-10-02T08:53:26.007991+00:00,2026-10-02T09:53:26.007991+01:00,b37042990194a603e165f3ffaa66d3e4,tennis_wta_china_open,WTA China Open,2026-10-02T11:00:00+00:00,2026-10-02T12:00:00+01:00,Renata Zarazua,Aryna Sabalenka,betway,Betway,2026-10-02T08:53:11Z,h2h,Renata Zarazua,18.0,,0.05555555555555555,0.0531299316149395,0.2
2026-10-02T08:53:26.007991+00:00,2026-10-02T09:53:26.007991+01:00,b37042990194a603e165f3ffaa66d3e4,tennis_wta_china_open,WTA China Open,2026-10-02T11:00:00+00:00,2026-10-02T12:00:00+01:00,Renata Zarazua,Aryna Sabalenka,paddypower,Paddy Power,2026-10-02T08:52:51Z,h2h,Aryna Sabalenka,1.02,,0.9803921568627451,0.9536784741144415,0.2
2026-10-02T08:53:26.007991+00:00,2026-10-02T09:53:26.007991+01:00,b37042990194a603e165f3ffaa66d3e4,tennis_wta_china_open,WTA China Open,2026-10-02T11:00:00+00:00,2026-10-02T12:00:00+01:00,Renata Zarazua,Aryna Sabalenka,paddypower,Paddy Power,2026-10-02T08:52:51Z,h2h,Renata Zarazua,21.0,,0.047619047619047616,0.04632152588555859,0.2
2026-10-02T08:53:26.007991+00:00,2026-10-02T09:53:26.007991+01:00,b37042990194a603e165f3ffaa66d3e4,tennis_wta_china_open,WTA China Open,2026-10-02T11:00:00+00:00,2026-10-02T12:00:00+01:00,Renata Zarazua,Aryna Sabalenka,unibet_uk,Unibet (UK),2026-10-02T08:52:36Z,h2h,Aryna Sabalenka,1.02,,0.9803921568627451,0.9320905459387483,0.2
2026-10-02T08:53:26.007991+00:00,2026-10-02T09:53:26.007991+01:00,b37042990194a603e165f3ffaa66d3e4,tennis_wta_china_open,WTA China Open,2026-10-02T11:00:00+00:00,2026-10-02T12:00:00+01:00,Renata Zarazua,Aryna Sabalenka,unibet_uk,Unibet (UK),2026-10-02T08:52:36Z,h2h,Renata Zarazua,14.0,,0.07142857142857142,0.06790945406125166,0.2
2026-10-02T08:53:26.007991+00:00,2026-10-02T09:53:26.007991+01:00,b37042990194a603e165f3ffaa66d3e4,tennis_wta_china_open,WTA China Open,2026-10-02T11:00:00+00:00,2026-10-02T12:00:00+01:00,Renata Zarazua,Aryna Sabalenka,leovegas,LeoVegas,2026-10-02T08:52:34Z,h2h,Aryna Sabalenka,1.01,,0.9900990099009901,0.9327115256495669,0.2
2026-10-02T08:53:26.007991+00:00,2026-10-02T09:53:26.007991+01:00,b37042990194a603e165f3ffaa66d3e4,tennis_wta_china_open,WTA China Open,2026-10-02T11:00:00+00:00,2026-10-02T12:00:00+01:00,Renata Zarazua,Aryna Sabalenka,leovegas,LeoVegas,2026-10-02T08:52:34Z,h2h,Renata Zarazua,14.0,,0.07142857142857142,0.06728847435043304,0.2
2026-10-02T08:53:26.007991+00:00,2026-10-02T09:53:26.007991+01:00,b37042990194a603e165f3ffaa66d3e4,tennis_wta_china_open,WTA China Open,2026-10-02T11:00:00+00:00,2026-10-02T12:00:00+01:00,Renata Zarazua,Aryna Sabalenka,sport888,888sport,2026-10-02T08:52:50Z,h2h,Aryna Sabalenka,1.01,,0.9900990099009901,0.9439200444197667,0.2
2026-10-02T08:53:26.007991+00:00,2026-10-02T09:53:26.007991+01:00,b37042990194a603e165f3ffaa66d3e4,tennis_wta_china_open,WTA China Open,2026-10-02T11:00:00+00:00,2026-10-02T12:00:00+01:00,Renata Zarazua,Aryna Sabalenka,sport888,888sport,2026-10-02T08:52:50Z,h2h,Renata Zarazua,17.0,,0.058823529411764705,0.0560799555802332,0.2
2026-10-02T08:53:26.007991+00:00,2026-10-02T09:53:26.007991+01:00,b37042990194a603e165f3ffaa66d3e4,tennis_wta_china_open,WTA China Open,2026-10-02T11:00:00+00:00,2026-10-02T12:00:00+01:00,Renata Zarazua,Aryna Sabalenka,smarkets,Smarkets,2026-10-02T08:53:10Z,h2h,Aryna Sabalenka,1.02,,0.9803921568627451,0.9622082252686182,0.2
2026-10-02T08:53:26.007991+00:00,2026-10-02T09:53:26.007991+01:00,b37042990194a603e165f3ffaa66d3e4,tennis_wta_china_open,WTA China Open,2026-10-02T11:00:00+00:00,2026-10-02T12:00:00+01:00,Renata Zarazua,Aryna Sabalenka,smarkets,Smarkets,2026-10-02T08:53:10Z,h2h,Renata Zarazua,25.97,,0.038505968425105896,0.037791774731382004,0.2
2026-10-02T08:53:26.007991+00:00,2026-10-02T09:53:26.007991+01:00,b37042990194a603e165f3ffaa66d3e4,tennis_wta_china_open,WTA China Open,2026-10-02T11:00:00+00:00,2026-10-02T12:00:00+01:00,Renata Zarazua,Aryna Sabalenka,smarkets,Smarkets,2026-10-02T08:53:10Z,h2h_lay,Aryna Sabalenka,1.06,,0.9433962264150942,1.0,0.2
2026-10-02T08:53:26.007991+00:00,2026-10-02T09:53:26.007991+01:00,b37042990194a603e165f3ffaa66d3e4,tennis_wta_china_open,WTA China Open,2026-10-02T11:00:00+00:00,2026-10-02T12:00:00+01:00,Renata Zarazua,Aryna Sabalenka,smarkets,Smarkets,2026-10-02T08:53:10Z,h2h_lay,Renata Zarazua,34.01,,0.02940311673037342,1.0,0.2
2026-10-02T08:53:26.007991+00:00,2026-10-02T09:53:26.007991+01:00,b37042990194a603e165f3ffaa66d3e4,tennis_wta_china_open,WTA China Open,2026-10-02T11:00:00+00:00,2026-10-02T12:00:00+01:00,Renata Zarazua,Aryna Sabalenka,skybet,Sky Bet,2026-10-02T08:52:51Z,h2h,Aryna Sabalenka,1.03,,0.970873786407767,0.9532455742169768,0.2
2026-10-02T08:53:26.007991+00:00,2026-10-02T09:53:26.007991+01:00,b37042990194a603e165f3ffaa66d3e4,tennis_wta_china_open,WTA China Open,2026-10-02T11:00:00+00:00,2026-10-02T12:00:00+01:00,Renata Zarazua,Aryna Sabalenka,skybet,Sky Bet,2026-10-02T08:52:51Z,h2h,Renata Zarazua,21.0,,0.047619047619047616,0.04675442578302314,0.2
2026-10-02T08:53:26.007991+00:00,2026-10-02T09:53:26.007991+01:00,b37042990194a603e165f3ffaa66d3e4,tennis_wta_china_open,WTA China Open,2026-10-02T11:00:00+00:00,2026-10-02T12:00:00+01:00,Renata Zarazua,Aryna Sabalenka,matchbook,Matchbook,2026-10-02T08:53:10Z,h2h,Aryna Sabalenka,1.03,,0.970873786407767,0.9645194626248708,0.2
2026-10-02T08:53:26.007991+00:00,2026-10-02T09:53:26.007991+01:00,b37042990194a603e165f3ffaa66d3e4,tennis_wta_china_open,WTA China Open,2026-10-02T11:00:00+00:00,2026-10-02T12:00:00+01:00,Renata Zarazua,Aryna Sabalenka,matchbook,Matchbook,2026-10-02T08:53:10Z,h2h,Renata Zarazua,28.0,,0.03571428571428571,0.03548053737512917,0.2
2026-10-02T08:53:26.007991+00:00,2026-10-02T09:53:26.007991+01:00,b37042990194a603e165f3ffaa66d3e4,tennis_wta_china_open,WTA China Open,2026-10-02T11:00:00+00:00,2026-10-02T12:00:00+01:00,Renata Zarazua,Aryna Sabalenka,matchbook,Matchbook,2026-10-02T08:53:10Z,h2h_lay,Aryna Sabalenka,1.04,,0.9615384615384615,1.0,0.2
2026-10-02T08:53:26.007991+00:00,2026-10-02T09:53:26.007991+01:00,b37042990194a603e165f3ffaa66d3e4,tennis_wta_china_open,WTA China Open,2026-10-02T11:00:00+00:00,2026-10-02T12:00:00+01:00,Renata Zarazua,Aryna Sabalenka,matchbook,Matchbook,2026-10-02T08:53:10Z,h2h_lay,Renata Zarazua,34.0,,0.029411764705882353,1.0,0.2
2026-10-02T08:53:26.007991+00:00,2026-10-02T09:53:26.007991+01:00,b37042990194a603e165f3ffaa66d3e4,tennis_wta_china_open,WTA China Open,2026-10-02T11:00:00+00:00,2026-10-02T12:00:00+01:00,Renata Zarazua,Aryna Sabalenka,grosvenor,Grosvenor,2026-10-02T08:52:35Z,h2h,Aryna Sabalenka,1.03,,0.970873786407767,0.9265858873841768,0.2
2026-10-02T08:53:26.007991+00:00,2026-10-02T09:53:26.007991+01:00,b37042990194a603e165f3ffaa66d3e4,tennis_wta_china_open,WTA China Open,2026-10-02T11:00:00+00:00,2026-10-02T12:00:00+01:00,Renata Zarazua,Aryna Sabalenka,grosvenor,Grosvenor,2026-10-02T08:52:35Z,h2h,Renata Zarazua,13.0,,0.07692307692307693,0.07341411261582324,0.2
2026-10-02T08:53:26.007991+00:00,2026-10-02T09:53:26.007991+01:00,b37042990194a603e165f3ffaa66d3e4,tennis_wta_china_open,WTA China Open,2026-10-02T11:00:00+00:00,2026-10-02T12:00:00+01:00,Renata Zarazua,Aryna Sabalenka,livescorebet,LiveScore Bet,2026-10-02T08:53:10Z,h2h,Aryna Sabalenka,1.03,,0.970873786407767,0.9265858873841768,0.2
2026-10-02T08:53:26.007991+00:00,2026-10-02T09:53:26.007991+01:00,b37042990194a603e165f3ffaa66d3e4,tennis_wta_china_open,WTA China Open,2026-10-02T11:00:00+00:00,2026-10-02T12:00:00+01:00,Renata Zarazua,Aryna Sabalenka,livescorebet,LiveScore Bet,2026-10-02T08:53:10Z,h2h,Renata Zarazua,13.0,,0.07692307692307693,0.07341411261582324,0.2
2026-10-02T08:53:26.007991+00:00,2026-10-02T09:53:26.007991+01:00,b37042990194a603e165f3ffaa66d3e4,tennis_wta_china_open,WTA China Open,2026-10-02T11:00:00+00:00,2026-10-02T12:00:00+01:00,Renata Zarazua,Aryna Sabalenka,casumo,Casumo,2026-10-02T08:52:51Z,h2h,Aryna Sabalenka,1.03,,0.970873786407767,0.9265858873841768,0.2
2026-10-02T08:53:26.007991+00:00,2026-10-02T09:53:26.007991+01:00,b37042990194a603e165f3ffaa66d3e4,tennis_wta_china_open,WTA China Open,2026-10-02T11:00:00+00:00,2026-10-02T12:00:00+01:00,Renata Zarazua,Aryna Sabalenka,casumo,Casumo,2026-10-02T08:52:51Z,h2h,Renata Zarazua,13.0,,0.07692307692307693,0.07341411261582324,0.2
2026-10-02T08:53:26.007991+00:00,2026-10-02T09:53:26.007991+01:00,b37042990194a603e165f3ffaa66d3e4,tennis_wta_china_open,WTA China Open,2026-10-02T11:00:00+00:00,2026-10-02T12:00:00+01:00,Renata Zarazua,Aryna Sabalenka,virginbet,Virgin Bet,2026-10-02T08:52:51Z,h2h,Aryna Sabalenka,1.03,,0.970873786407767,0.9265858873841768,0.2
2026-10-02T08:53:26.007991+00:00,2026-10-02T09:53:26.007991+01:00,b37042990194a603e165f3ffaa66d3e4,tennis_wta_china_open,WTA China Open,2026-10-02T11:00:00+00:00,2026-10-02T12:00:00+01:00,Renata Zarazua,Aryna Sabalenka,virginbet,Virgin Bet,2026-10-02T08:52:51Z,h2h,Renata Zarazua,13.0,,0.07692307692307693,0.07341411261582324,0.2
2026-10-02T08:53:26.007991+00:00,2026-10-02T09:53:26.007991+01:00,b37042990194a603e165f3ffaa66d3e4,tennis_wta_china_open,WTA China Open,2026-10-02T11:00:00+00:00,2026-10-02T12:00:00+01:00,Renata Zarazua,Aryna Sabalenka,betano_uk,Betano (UK),2026-10-02T08:53:26Z,h2h,Aryna Sabalenka,1.02,,0.9803921568627451,0.9074410163339383,0.2
2026-10-02T08:53:26.007991+00:00,2026-10-02T09:53:26.007991+01:00,b37042990194a603e165f3ffaa66d3e4,tennis_wta_china_open,WTA China Open,2026-10-02T11:00:00+00:00,2026-10-02T12:00:00+01:00,Renata Zarazua,Aryna Sabalenka,betano_uk,Betano (UK),2026-10-02T08:53:26Z,h2h,Renata Zarazua,10.0,,0.1,0.09255898366606172,0.2
2026-10-02T08:53:26.007991+00:00,2026-10-02T09:53:26.007991+01:00,b37042990194a603e165f3ffaa66d3e4,tennis_wta_china_open,WTA China Open,2026-10-02T11:00:00+00:00,2026-10-02T12:00:00+01:00,Renata Zarazua,Aryna Sabalenka,betvictor,Bet Victor,2026-10-02T08:51:59Z,h2h,Aryna Sabalenka,1.02,,0.9803921568627451,0.9074410163339383,0.2
2026-10-02T08:53:26.007991+00:00,2026-10-02T09:53:26.007991+01:00,b37042990194a603e165f3ffaa66d3e4,tennis_wta_china_open,WTA China Open,2026-10-02T11:00:00+00:00,2026-10-02T12:00:00+01:00,Renata Zarazua,Aryna Sabalenka,betvictor,Bet Victor,2026-10-02T08:51:59Z,h2h,Renata Zarazua,10.0,,0.1,0.09255898366606172,0.2
2026-10-02T08:53:26.007991+00:00,2026-10-02T09:53:26.007991+01:00,b37042990194a603e165f3ffaa66d3e4,tennis_wta_china_open,WTA China Open,2026-10-02T11:00:00+00:00,2026-10-02T12:00:00+01:00,Renata Zarazua,Aryna Sabalenka,boylesports,BoyleSports,2026-10-02T08:53:17Z,h2h,Aryna Sabalenka,1.03,,0.970873786407767,0.9428729894620077,0.2
2026-10-02T08:53:26.007991+00:00,2026-10-02T09:53:26.007991+01:00,b37042990194a603e165f3ffaa66d3e4,tennis_wta_china_open,WTA China Open,2026-10-02T11:00:00+00:00,2026-10-02T12:00:00+01:00,Renata Zarazua,Aryna Sabalenka,boylesports,BoyleSports,2026-10-02T08:53:17Z,h2h,Renata Zarazua,17.0,,0.058823529411764705,0.05712701053799223,0.2
2026-10-02T08:53:26.007991+00:00,2026-10-02T09:53:26.007991+01:00,b37042990194a603e165f3ffaa66d3e4,tennis_wta_china_open,WTA China Open,2026-10-02T11:00:00+00:00,2026-10-02T12:00:00+01:00,Renata Zarazua,Aryna Sabalenka,williamhill,William Hill,2026-10-02T08:52:37Z,h2h,Aryna Sabalenka,1.02,,0.9803921568627451,0.9433962264150945,0.2
2026-10-02T08:53:26.007991+00:00,2026-10-02T09:53:26.007991+01:00,b37042990194a603e165f3ffaa66d3e4,tennis_wta_china_open,WTA China Open,2026-10-02T11:00:00+00:00,2026-10-02T12:00:00+01:00,Renata Zarazua,Aryna Sabalenka,williamhill,William Hill,2026-10-02T08:52:37Z,h2h,Renata Zarazua,17.0,,0.058823529411764705,0.05660377358490567,0.2
2026-10-02T08:53:26.007991+00:00,2026-10-02T09:53:26.007991+01:00,b37042990194a603e165f3ffaa66d3e4,tennis_wta_china_open,WTA China Open,2026-10-02T11:00:00+00:00,2026-10-02T12:00:00+01:00,Renata Zarazua,Aryna Sabalenka,coral,Coral,2026-10-02T08:52:52Z,h2h,Aryna Sabalenka,1.02,,0.9803921568627451,0.949050949050949,0.2
2026-10-02T08:53:26.007991+00:00,2026-10-02T09:53:26.007991+01:00,b37042990194a603e165f3ffaa66d3e4,tennis_wta_china_open,WTA China Open,2026-10-02T11:00:00+00:00,2026-10-02T12:00:00+01:00,Renata Zarazua,Aryna Sabalenka,coral,Coral,2026-10-02T08:52:52Z,h2h,Renata Zarazua,19.0,,0.05263157894736842,0.050949050949050945,0.2
2026-10-02T08:53:26.007991+00:00,2026-10-02T09:53:26.007991+01:00,b37042990194a603e165f3ffaa66d3e4,tennis_wta_china_open,WTA China Open,2026-10-02T11:00:00+00:00,2026-10-02T12:00:00+01:00,Renata Zarazua,Aryna Sabalenka,ladbrokes_uk,Ladbrokes,2026-10-02T08:52:51Z,h2h,Aryna Sabalenka,1.02,,0.9803921568627451,0.949050949050949,0.2
2026-10-02T08:53:26.007991+00:00,2026-10-02T09:53:26.007991+01:00,b37042990194a603e165f3ffaa66d3e4,tennis_wta_china_open,WTA China Open,2026-10-02T11:00:00+00:00,2026-10-02T12:00:00+01:00,Renata Zarazua,Aryna Sabalenka,ladbrokes_uk,Ladbrokes,2026-10-02T08:52:51Z,h2h,Renata Zarazua,19.0,,0.05263157894736842,0.050949050949050945,0.2
2026-10-02T08:53:26.007991+00:00,2026-10-02T09:53:26.007991+01:00,b37042990194a603e165f3ffaa66d3e4,tennis_wta_china_open,WTA China Open,2026-10-02T11:00:00+00:00,2026-10-02T12:00:00+01:00,Renata Zarazua,Aryna Sabalenka,betfair_sb_uk,Betfair Sportsbook,2026-10-02T08:51:15Z,h2h,Aryna Sabalenka,1.02,,0.9803921568627451,0.927246790299572,0.2
2026-10-02T08:53:26.007991+00:00,2026-10-02T09:53:26.007991+01:00,b37042990194a603e165f3ffaa66d3e4,tennis_wta_china_open,WTA China Open,2026-10-02T11:00:00+00:00,2026-10-02T12:00:00+01:00,Renata Zarazua,Aryna Sabalenka,betfair_sb_uk,Betfair Sportsbook,2026-10-02T08:51:15Z,h2h,Renata Zarazua,13.0,,0.07692307692307693,0.07275320970042796,0.2
2026-10-02T08:53:26.007991+00:00,2026-10-02T09:53:26.007991+01:00,3a1b590508385c6acada556aec2f0676,tennis_wta_china_open,WTA China Open,2026-10-03T04:00:00+00:00,2026-10-03T05:00:00+01:00,Elena Rybakina,Alina Charaeva,betfair_ex_uk,Betfair,2026-10-02T08:53:12Z,h2h,Alina Charaeva,21.0,,0.047619047619047616,0.04718693284936479,0.2
2026-10-02T08:53:26.007991+00:00,2026-10-02T09:53:26.007991+01:00,3a1b590508385c6acada556aec2f0676,tennis_wta_china_open,WTA China Open,2026-10-03T04:00:00+00:00,2026-10-03T05:00:00+01:00,Elena Rybakina,Alina Charaeva,betfair_ex_uk,Betfair,2026-10-02T08:53:12Z,h2h,Elena Rybakina,1.04,,0.9615384615384615,0.9528130671506352,0.2
2026-10-02T08:53:26.007991+00:00,2026-10-02T09:53:26.007991+01:00,3a1b590508385c6acada556aec2f0676,tennis_wta_china_open,WTA China Open,2026-10-03T04:00:00+00:00,2026-10-03T05:00:00+01:00,Elena Rybakina,Alina Charaeva,betfair_ex_uk,Betfair,2026-10-02T08:53:12Z,h2h_lay,Alina Charaeva,26.0,,0.038461538461538464,1.0,0.2
2026-10-02T08:53:26.007991+00:00,2026-10-02T09:53:26.007991+01:00,3a1b590508385c6acada556aec2f0676,tennis_wta_china_open,WTA China Open,2026-10-03T04:00:00+00:00,2026-10-03T05:00:00+01:00,Elena Rybakina,Alina Charaeva,betfair_ex_uk,Betfair,2026-10-02T08:53:12Z,h2h_lay,Elena Rybakina,1.05,,0.9523809523809523,1.0,0.2
2026-10-02T08:53:26.007991+00:00,2026-10-02T09:53:26.007991+01:00,3a1b590508385c6acada556aec2f0676,tennis_wta_china_open,WTA China Open,2026-10-03T04:00:00+00:00,2026-10-03T05:00:00+01:00,Elena Rybakina,Alina Charaeva,unibet_uk,Unibet (UK),2026-10-02T08:52:36Z,h2h,Alina Charaeva,10.5,,0.09523809523809523,0.08854166666666667,0.2
2026-10-02T08:53:26.007991+00:00,2026-10-02T09:53:26.007991+01:00,3a1b590508385c6acada556aec2f0676,tennis_wta_china_open,WTA China Open,2026-10-03T04:00:00+00:00,2026-10-03T05:00:00+01:00,Elena Rybakina,Alina Charaeva,unibet_uk,Unibet (UK),2026-10-02T08:52:36Z,h2h,Elena Rybakina,1.02,,0.9803921568627451,0.9114583333333334,0.2
2026-10-02T08:53:26.007991+00:00,2026-10-02T09:53:26.007991+01:00,3a1b590508385c6acada556aec2f0676,tennis_wta_china_open,WTA China Open,2026-10-03T04:00:00+00:00,2026-10-03T05:00:00+01:00,Elena Rybakina,Alina Charaeva,smarkets,Smarkets,2026-10-02T08:53:10Z,h2h,Alina Charaeva,20.0,,0.05,0.04897765097479791,0.2
2026-10-02T08:53:26.007991+00:00,2026-10-02T09:53:26.007991+01:00,3a1b590508385c6acada556aec2f0676,tennis_wta_china_open,WTA China Open,2026-10-03T04:00:00+00:00,2026-10-03T05:00:00+01:00,Elena Rybakina,Alina Charaeva,smarkets,Smarkets,2026-10-02T08:53:10Z,h2h,Elena Rybakina,1.03,,0.970873786407767,0.951022349025202,0.2
2026-10-02T08:53:26.007991+00:00,2026-10-02T09:53:26.007991+01:00,3a1b590508385c6acada556aec2f0676,tennis_wta_china_open,WTA China Open,2026-10-03T04:00:00+00:00,2026-10-03T05:00:00+01:00,Elena Rybakina,Alina Charaeva,smarkets,Smarkets,2026-10-02T08:53:10Z,h2h_lay,Alina Charaeva,30.03,,0.0333000333000333,1.0,0.2
2026-10-02T08:53:26.007991+00:00,2026-10-02T09:53:26.007991+01:00,3a1b590508385c6acada556aec2f0676,tennis_wta_china_open,WTA China Open,2026-10-03T04:00:00+00:00,2026-10-03T05:00:00+01:00,Elena Rybakina,Alina Charaeva,smarkets,Smarkets,2026-10-02T08:53:10Z,h2h_lay,Elena Rybakina,1.06,,0.9433962264150942,1.0,0.2
2026-10-02T08:53:26.007991+00:00,2026-10-02T09:53:26.007991+01:00,3a1b590508385c6acada556aec2f0676,tennis_wta_china_open,WTA China Open,2026-10-03T04:00:00+00:00,2026-10-03T05:00:00+01:00,Elena Rybakina,Alina Charaeva,sport888,888sport,2026-10-02T08:52:50Z,h2h,Alina Charaeva,15.0,,0.06666666666666667,0.06367041198501872,0.2
2026-10-02T08:53:26.007991+00:00,2026-10-02T09:53:26.007991+01:00,3a1b590508385c6acada556aec2f0676,tennis_wta_china_open,WTA China Open,2026-10-03T04:00:00+00:00,2026-10-03T05:00:00+01:00,Elena Rybakina,Alina Charaeva,sport888,888sport,2026-10-02T08:52:50Z,h2h,Elena Rybakina,1.02,,0.9803921568627451,0.9363295880149812,0.2
2026-10-02T08:53:26.007991+00:00,2026-10-02T09:53:26.007991+01:00,3a1b590508385c6acada556aec2f0676,tennis_wta_china_open,WTA China Open,2026-10-03T04:00:00+00:00,2026-10-03T05:00:00+01:00,Elena Rybakina,Alina Charaeva,leovegas,LeoVegas,2026-10-02T08:52:34Z,h2h,Alina Charaeva,10.0,,0.1,0.09255898366606172,0.2
2026-10-02T08:53:26.007991+00:00,2026-10-02T09:53:26.007991+01:00,3a1b590508385c6acada556aec2f0676,tennis_wta_china_open,WTA China Open,2026-10-03T04:00:00+00:00,2026-10-03T05:00:00+01:00,Elena Rybakina,Alina Charaeva,leovegas,LeoVegas,2026-10-02T08:52:34Z,h2h,Elena Rybakina,1.02,,0.9803921568627451,0.9074410163339383,0.2
2026-10-02T08:53:26.007991+00:00,2026-10-02T09:53:26.007991+01:00,3a1b590508385c6acada556aec2f0676,tennis_wta_china_open,WTA China Open,2026-10-03T04:00:00+00:00,2026-10-03T05:00:00+01:00,Elena Rybakina,Alina Charaeva,betvictor,Bet Victor,2026-10-02T08:51:59Z,h2h,Alina Charaeva,8.5,,0.11764705882352941,0.1090146750524109,0.2
2026-10-02T08:53:26.007991+00:00,2026-10-02T09:53:26.007991+01:00,3a1b590508385c6acada556aec2f0676,tennis_wta_china_open,WTA China Open,2026-10-03T04:00:00+00:00,2026-10-03T05:00:00+01:00,Elena Rybakina,Alina Charaeva,betvictor,Bet Victor,2026-10-02T08:51:59Z,h2h,Elena Rybakina,1.04,,0.9615384615384615,0.8909853249475891,0.2
2026-10-02T08:53:26.007991+00:00,2026-10-02T09:53:26.007991+01:00,3a1b590508385c6acada556aec2f0676,tennis_wta_china_open,WTA China Open,2026-10-03T04:00:00+00:00,2026-10-03T05:00:00+01:00,Elena Rybakina,Alina Charaeva,betway,Betway,2026-10-02T08:53:11Z,h2h,Alina Charaeva,15.0,,0.06666666666666667,0.06308557151780138,0.2
2026-10-02T08:53:26.007991+00:00,2026-10-02T09:53:26.007991+01:00,3a1b590508385c6acada556aec2f0676,tennis_wta_china_open,WTA China Open,2026-10-03T04:00:00+00:00,2026-10-03T05:00:00+01:00,Elena Rybakina,Alina Charaeva,betway,Betway,2026-10-02T08:53:11Z,h2h,Elena Rybakina,1.01,,0.9900990099009901,0.9369144284821986,0.2
2026-10-02T08:53:26.007991+00:00,2026-10-02T09:53:26.007991+01:00,3a1b590508385c6acada556aec2f0676,tennis_wta_china_open,WTA China Open,2026-10-03T04:00:00+00:00,2026-10-03T05:00:00+01:00,Elena Rybakina,Alina Charaeva,betano_uk,Betano (UK),2026-10-02T08:53:26Z,h2h,Alina Charaeva,8.5,,0.11764705882352941,0.1090146750524109,0.2
2026-10-02T08:53:26.007991+00:00,2026-10-02T09:53:26.007991+01:00,3a1b590508385c6acada556aec2f0676,tennis_wta_china_open,WTA China Open,2026-10-03T04:00:00+00:00,2026-10-03T05:00:00+01:00,Elena Rybakina,Alina Charaeva,betano_uk,Betano (UK),2026-10-02T08:53:26Z,h2h,Elena Rybakina,1.04,,0.9615384615384615,0.8909853249475891,0.2
2026-10-02T08:53:26.007991+00:00,2026-10-02T09:53:26.007991+01:00,3a1b590508385c6acada556aec2f0676,tennis_wta_china_open,WTA China Open,2026-10-03T04:00:00+00:00,2026-10-03T05:00:00+01:00,Elena Rybakina,Alina Charaeva,paddypower,Paddy Power,2026-10-02T08:52:51Z,h2h,Alina Charaeva,15.0,,0.06666666666666667,0.06425452276980662,0.2
2026-10-02T08:53:26.007991+00:00,2026-10-02T09:53:26.007991+01:00,3a1b590508385c6acada556aec2f0676,tennis_wta_china_open,WTA China Open,2026-10-03T04:00:00+00:00,2026-10-03T05:00:00+01:00,Elena Rybakina,Alina Charaeva,paddypower,Paddy Power,2026-10-02T08:52:51Z,h2h,Elena Rybakina,1.03,,0.970873786407767,0.9357454772301934,0.2
2026-10-02T08:53:26.007991+00:00,2026-10-02T09:53:26.007991+01:00,3a1b590508385c6acada556aec2f0676,tennis_wta_china_open,WTA China Open,2026-10-03T04:00:00+00:00,2026-10-03T05:00:00+01:00,Elena Rybakina,Alina Charaeva,skybet,Sky Bet,2026-10-02T08:52:51Z,h2h,Alina Charaeva,15.0,,0.06666666666666667,0.06425452276980662,0.2
2026-10-02T08:53:26.007991+00:00,2026-10-02T09:53:26.007991+01:00,3a1b590508385c6acada556aec2f0676,tennis_wta_china_open,WTA China Open,2026-10-03T04:00:00+00:00,2026-10-03T05:00:00+01:00,Elena Rybakina,Alina Charaeva,skybet,Sky Bet,2026-10-02T08:52:51Z,h2h,Elena Rybakina,1.03,,0.970873786407767,0.9357454772301934,0.2
2026-10-02T08:53:26.007991+00:00,2026-10-02T09:53:26.007991+01:00,3a1b590508385c6acada556aec2f0676,tennis_wta_china_open,WTA China Open,2026-10-03T04:00:00+00:00,2026-10-03T05:00:00+01:00,Elena Rybakina,Alina Charaeva,matchbook,Matchbook,2026-10-02T08:53:10Z,h2h,Alina Charaeva,22.0,,0.045454545454545456,0.045138888888888895,0.2
2026-10-02T08:53:26.007991+00:00,2026-10-02T09:53:26.007991+01:00,3a1b590508385c6acada556aec2f0676,tennis_wta_china_open,WTA China Open,2026-10-03T04:00:00+00:00,2026-10-03T05:00:00+01:00,Elena Rybakina,Alina Charaeva,matchbook,Matchbook,2026-10-02T08:53:10Z,h2h,Elena Rybakina,1.04,,0.9615384615384615,0.9548611111111112,0.2
2026-10-02T08:53:26.007991+00:00,2026-10-02T09:53:26.007991+01:00,3a1b590508385c6acada556aec2f0676,tennis_wta_china_open,WTA China Open,2026-10-03T04:00:00+00:00,2026-10-03T05:00:00+01:00,Elena Rybakina,Alina Charaeva,matchbook,Matchbook,2026-10-02T08:53:10Z,h2h_lay,Alina Charaeva,26.0,,0.038461538461538464,1.0,0.2
2026-10-02T08:53:26.007991+00:00,2026-10-02T09:53:26.007991+01:00,3a1b590508385c6acada556aec2f0676,tennis_wta_china_open,WTA China Open,2026-10-03T04:00:00+00:00,2026-10-03T05:00:00+01:00,Elena Rybakina,Alina Charaeva,matchbook,Matchbook,2026-10-02T08:53:10Z,h2h_lay,Elena Rybakina,1.05,,0.9523809523809523,1.0,0.2
2026-10-02T08:53:26.007991+00:00,2026-10-02T09:53:26.007991+01:00,3a1b590508385c6acada556aec2f0676,tennis_wta_china_open,WTA China Open,2026-10-03T04:00:00+00:00,2026-10-03T05:00:00+01:00,Elena Rybakina,Alina Charaeva,boylesports,BoyleSports,2026-10-02T08:53:17Z,h2h,Alina Charaeva,15.0,,0.06666666666666667,0.06425452276980662,0.2
2026-10-02T08:53:26.007991+00:00,2026-10-02T09:53:26.007991+01:00,3a1b590508385c6acada556aec2f0676,tennis_wta_china_open,WTA China Open,2026-10-03T04:00:00+00:00,2026-10-03T05:00:00+01:00,Elena Rybakina,Alina Charaeva,boylesports,BoyleSports,2026-10-02T08:53:17Z,h2h,Elena Rybakina,1.03,,0.970873786407767,0.9357454772301934,0.2
2026-10-02T08:53:26.007991+00:00,2026-10-02T09:53:26.007991+01:00,3a1b590508385c6acada556aec2f0676,tennis_wta_china_open,WTA China Open,2026-10-03T04:00:00+00:00,2026-10-03T05:00:00+01:00,Elena Rybakina,Alina Charaeva,ladbrokes_uk,Ladbrokes,2026-10-02T08:52:51Z,h2h,Alina Charaeva,15.0,,0.06666666666666667,0.06425452276980662,0.2
2026-10-02T08:53:26.007991+00:00,2026-10-02T09:53:26.007991+01:00,3a1b590508385c6acada556aec2f0676,tennis_wta_china_open,WTA China Open,2026-10-03T04:00:00+00:00,2026-10-03T05:00:00+01:00,Elena Rybakina,Alina Charaeva,ladbrokes_uk,Ladbrokes,2026-10-02T08:52:51Z,h2h,Elena Rybakina,1.03,,0.970873786407767,0.9357454772301934,0.2
2026-10-02T08:53:26.007991+00:00,2026-10-02T09:53:26.007991+01:00,3a1b590508385c6acada556aec2f0676,tennis_wta_china_open,WTA China Open,2026-10-03T04:00:00+00:00,2026-10-03T05:00:00+01:00,Elena Rybakina,Alina Charaeva,coral,Coral,2026-10-02T08:52:52Z,h2h,Alina Charaeva,15.0,,0.06666666666666667,0.06425452276980662,0.2
2026-10-02T08:53:26.007991+00:00,2026-10-02T09:53:26.007991+01:00,3a1b590508385c6acada556aec2f0676,tennis_wta_china_open,WTA China Open,2026-10-03T04:00:00+00:00,2026-10-03T05:00:00+01:00,Elena Rybakina,Alina Charaeva,coral,Coral,2026-10-02T08:52:52Z,h2h,Elena Rybakina,1.03,,0.970873786407767,0.9357454772301934,0.2
2026-10-02T08:53:26.007991+00:00,2026-10-02T09:53:26.007991+01:00,3a1b590508385c6acada556aec2f0676,tennis_wta_china_open,WTA China Open,2026-10-03T04:00:00+00:00,2026-10-03T05:00:00+01:00,Elena Rybakina,Alina Charaeva,williamhill,William Hill,2026-10-02T08:52:37Z,h2h,Alina Charaeva,15.0,,0.06666666666666667,0.06367041198501872,0.2
2026-10-02T08:53:26.007991+00:00,2026-10-02T09:53:26.007991+01:00,3a1b590508385c6acada556aec2f0676,tennis_wta_china_open,WTA China Open,2026-10-03T04:00:00+00:00,2026-10-03T05:00:00+01:00,Elena Rybakina,Alina Charaeva,williamhill,William Hill,2026-10-02T08:52:37Z,h2h,Elena Rybakina,1.02,,0.9803921568627451,0.9363295880149812,0.2
2026-10-02T08:53:26.007991+00:00,2026-10-02T09:53:26.007991+01:00,3a1b590508385c6acada556aec2f0676,tennis_wta_china_open,WTA China Open,2026-10-03T04:00:00+00:00,2026-10-03T05:00:00+01:00,Elena Rybakina,Alina Charaeva,livescorebet,LiveScore Bet,2026-10-02T08:53:10Z,h2h,Alina Charaeva,10.5,,0.09523809523809523,0.09090909090909093,0.2
2026-10-02T08:53:26.007991+00:00,2026-10-02T09:53:26.007991+01:00,3a1b590508385c6acada556aec2f0676,tennis_wta_china_open,WTA China Open,2026-10-03T04:00:00+00:00,2026-10-03T05:00:00+01:00,Elena Rybakina,Alina Charaeva,livescorebet,LiveScore Bet,2026-10-02T08:53:10Z,h2h,Elena Rybakina,1.05,,0.9523809523809523,0.9090909090909092,0.2
2026-10-02T08:53:26.007991+00:00,2026-10-02T09:53:26.007991+01:00,3a1b590508385c6acada556aec2f0676,tennis_wta_china_open,WTA China Open,2026-10-03T04:00:00+00:00,2026-10-03T05:00:00+01:00,Elena Rybakina,Alina Charaeva,casumo,Casumo,2026-10-02T08:52:51Z,h2h,Alina Charaeva,10.5,,0.09523809523809523,0.09090909090909093,0.2
2026-10-02T08:53:26.007991+00:00,2026-10-02T09:53:26.007991+01:00,3a1b590508385c6acada556aec2f0676,tennis_wta_china_open,WTA China Open,2026-10-03T04:00:00+00:00,2026-10-03T05:00:00+01:00,Elena Rybakina,Alina Charaeva,casumo,Casumo,2026-10-02T08:52:51Z,h2h,Elena Rybakina,1.05,,0.9523809523809523,0.9090909090909092,0.2
2026-10-02T08:53:26.007991+00:00,2026-10-02T09:53:26.007991+01:00,3a1b590508385c6acada556aec2f0676,tennis_wta_china_open,WTA China Open,2026-10-03T04:00:00+00:00,2026-10-03T05:00:00+01:00,Elena Rybakina,Alina Charaeva,virginbet,Virgin Bet,2026-10-02T08:52:51Z,h2h,Alina Charaeva,10.5,,0.09523809523809523,0.09090909090909093,0.2
2026-10-02T08:53:26.007991+00:00,2026-10-02T09:53:26.007991+01:00,3a1b590508385c6acada556aec2f0676,tennis_wta_china_open,WTA China Open,2026-10-03T04:00:00+00:00,2026-10-03T05:00:00+01:00,Elena Rybakina,Alina Charaeva,virginbet,Virgin Bet,2026-10-02T08:52:51Z,h2h,Elena Rybakina,1.05,,0.9523809523809523,0.9090909090909092,0.2
2026-10-02T08:53:26.007991+00:00,2026-10-02T09:53:26.007991+01:00,3a1b590508385c6acada556aec2f0676,tennis_wta_china_open,WTA China Open,2026-10-03T04:00:00+00:00,2026-10-03T05:00:00+01:00,Elena Rybakina,Alina Charaeva,grosvenor,Grosvenor,2026-10-02T08:52:35Z,h2h,Alina Charaeva,10.5,,0.09523809523809523,0.09090909090909093,0.2
2026-10-02T08:53:26.007991+00:00,2026-10-02T09:53:26.007991+01:00,3a1b590508385c6acada556aec2f0676,tennis_wta_china_open,WTA China Open,2026-10-03T04:00:00+00:00,2026-10-03T05:00:00+01:00,Elena Rybakina,Alina Charaeva,grosvenor,Grosvenor,2026-10-02T08:52:35Z,h2h,Elena Rybakina,1.05,,0.9523809523809523,0.9090909090909092,0.2
2026-10-02T08:53:26.007991+00:00,2026-10-02T09:53:26.007991+01:00,657bc17d8194a0c05f205cb6436f9051,tennis_wta_china_open,WTA China Open,2026-10-03T04:00:00+00:00,2026-10-03T05:00:00+01:00,Belinda Bencic,Anastasia Zakharova,betfair_ex_uk,Betfair,2026-10-02T08:53:12Z,h2h,Anastasia Zakharova,4.7,,0.2127659574468085,0.20875420875420875,0.2
2026-10-02T08:53:26.007991+00:00,2026-10-02T09:53:26.007991+01:00,657bc17d8194a0c05f205cb6436f9051,tennis_wta_china_open,WTA China Open,2026-10-03T04:00:00+00:00,2026-10-03T05:00:00+01:00,Belinda Bencic,Anastasia Zakharova,betfair_ex_uk,Betfair,2026-10-02T08:53:12Z,h2h,Belinda Bencic,1.24,,0.8064516129032259,0.7912457912457913,0.2
2026-10-02T08:53:26.007991+00:00,2026-10-02T09:53:26.007991+01:00,657bc17d8194a0c05f205cb6436f9051,tennis_wta_china_open,WTA China Open,2026-10-03T04:00:00+00:00,2026-10-03T05:00:00+01:00,Belinda Bencic,Anastasia Zakharova,betfair_ex_uk,Betfair,2026-10-02T08:53:12Z,h2h_lay,Anastasia Zakharova,5.1,,0.19607843137254904,1.0,0.2
2026-10-02T08:53:26.007991+00:00,2026-10-02T09:53:26.007991+01:00,657bc17d8194a0c05f205cb6436f9051,tennis_wta_china_open,WTA China Open,2026-10-03T04:00:00+00:00,2026-10-03T05:00:00+01:00,Belinda Bencic,Anastasia Zakharova,betfair_ex_uk,Betfair,2026-10-02T08:53:12Z,h2h_lay,Belinda Bencic,1.27,,0.7874015748031495,1.0,0.2
2026-10-02T08:53:26.007991+00:00,2026-10-02T09:53:26.007991+01:00,657bc17d8194a0c05f205cb6436f9051,tennis_wta_china_open,WTA China Open,2026-10-03T04:00:00+00:00,2026-10-03T05:00:00+01:00,Belinda Bencic,Anastasia Zakharova,leovegas,LeoVegas,2026-10-02T08:52:34Z,h2h,Anastasia Zakharova,4.05,,0.2469135802469136,0.22857142857142856,0.2
2026-10-02T08:53:26.007991+00:00,2026-10-02T09:53:26.007991+01:00,657bc17d8194a0c05f205cb6436f9051,tennis_wta_china_open,WTA China Open,2026-10-03T04:00:00+00:00,2026-10-03T05:00:00+01:00,Belinda Bencic,Anastasia Zakharova,leovegas,LeoVegas,2026-10-02T08:52:34Z,h2h,Belinda Bencic,1.2,,0.8333333333333334,0.7714285714285714,0.2
2026-10-02T08:53:26.007991+00:00,2026-10-02T09:53:26.007991+01:00,657bc17d8194a0c05f205cb6436f9051,tennis_wta_china_open,WTA China Open,2026-10-03T04:00:00+00:00,2026-10-03T05:00:00+01:00,Belinda Bencic,Anastasia Zakharova,unibet_uk,Unibet (UK),2026-10-02T08:52:36Z,h2h,Anastasia Zakharova,4.2,,0.23809523809523808,0.2222222222222222,0.2
2026-10-02T08:53:26.007991+00:00,2026-10-02T09:53:26.007991+01:00,657bc17d8194a0c05f205cb6436f9051,tennis_wta_china_open,WTA China Open,2026-10-03T04:00:00+00:00,2026-10-03T05:00:00+01:00,Belinda Bencic,Anastasia Zakharova,unibet_uk,Unibet (UK),2026-10-02T08:52:36Z,h2h,Belinda Bencic,1.2,,0.8333333333333334,0.7777777777777778,0.2
2026-10-02T08:53:26.007991+00:00,2026-10-02T09:53:26.007991+01:00,657bc17d8194a0c05f205cb6436f9051,tennis_wta_china_open,WTA China Open,2026-10-03T04:00:00+00:00,2026-10-03T05:00:00+01:00,Belinda Bencic,Anastasia Zakharova,sport888,888sport,2026-10-02T08:52:50Z,h2h,Anastasia Zakharova,4.2,,0.23809523809523808,0.2250922509225092,0.2
2026-10-02T08:53:26.007991+00:00,2026-10-02T09:53:26.007991+01:00,657bc17d8194a0c05f205cb6436f9051,tennis_wta_china_open,WTA China Open,2026-10-03T04:00:00+00:00,2026-10-03T05:00:00+01:00,Belinda Bencic,Anastasia Zakharova,sport888,888sport,2026-10-02T08:52:50Z,h2h,Belinda Bencic,1.22,,0.819672131147541,0.7749077490774907,0.2
2026-10-02T08:53:26.007991+00:00,2026-10-02T09:53:26.007991+01:00,657bc17d8194a0c05f205cb6436f9051,tennis_wta_china_open,WTA China Open,2026-10-03T04:00:00+00:00,2026-10-03T05:00:00+01:00,Belinda Bencic,Anastasia Zakharova,betvictor,Bet Victor,2026-10-02T08:51:59Z,h2h,Anastasia Zakharova,4.0,,0.25,0.23076923076923073,0.2
2026-10-02T08:53:26.007991+00:00,2026-10-02T09:53:26.007991+01:00,657bc17d8194a0c05f205cb6436f9051,tennis_wta_china_open,WTA China Open,2026-10-03T04:00:00+00:00,2026-10-03T05:00:00+01:00,Belinda Bencic,Anastasia Zakharova,betvictor,Bet Victor,2026-10-02T08:51:59Z,h2h,Belinda Bencic,1.2,,0.8333333333333334,0.7692307692307692,0.2
2026-10-02T08:53:26.007991+00:00,2026-10-02T09:53:26.007991+01:00,657bc17d8194a0c05f205cb6436f9051,tennis_wta_china_open,WTA China Open,2026-10-03T04:00:00+00:00,2026-10-03T05:00:00+01:00,Belinda Bencic,Anastasia Zakharova,betway,Betway,2026-10-02T08:53:11Z,h2h,Anastasia Zakharova,4.25,,0.23529411764705882,0.22303473491773307,0.2
2026-10-02T08:53:26.007991+00:00,2026-10-02T09:53:26.007991+01:00,657bc17d8194a0c05f205cb6436f9051,tennis_wta_china_open,WTA China Open,2026-10-03T04:00:00+00:00,2026-10-03T05:00:00+01:00,Belinda Bencic,Anastasia Zakharova,betway,Betway,2026-10-02T08:53:11Z,h2h,Belinda Bencic,1.22,,0.819672131147541,0.7769652650822669,0.2
2026-10-02T08:53:26.007991+00:00,2026-10-02T09:53:26.007991+01:00,657bc17d8194a0c05f205cb6436f9051,tennis_wta_china_open,WTA China Open,2026-10-03T04:00:00+00:00,2026-10-03T05:00:00+01:00,Belinda Bencic,Anastasia Zakharova,smarkets,Smarkets,2026-10-02T08:53:10Z,h2h,Anastasia Zakharova,4.7,,0.2127659574468085,0.2033898305084746,0.2
2026-10-02T08:53:26.007991+00:00,2026-10-02T09:53:26.007991+01:00,657bc17d8194a0c05f205cb6436f9051,tennis_wta_china_open,WTA China Open,2026-10-03T04:00:00+00:00,2026-10-03T05:00:00+01:00,Belinda Bencic,Anastasia Zakharova,smarkets,Smarkets,2026-10-02T08:53:10Z,h2h,Belinda Bencic,1.2,,0.8333333333333334,0.7966101694915254,0.2
2026-10-02T08:53:26.007991+00:00,2026-10-02T09:53:26.007991+01:00,657bc17d8194a0c05f205cb6436f9051,tennis_wta_china_open,WTA China Open,2026-10-03T04:00:00+00:00,2026-10-03T05:00:00+01:00,Belinda Bencic,Anastasia Zakharova,smarkets,Smarkets,2026-10-02T08:53:10Z,h2h_lay,Anastasia Zakharova,5.7,,0.17543859649122806,1.0,0.2
2026-10-02T08:53:26.007991+00:00,2026-10-02T09:53:26.007991+01:00,657bc17d8194a0c05f205cb6436f9051,tennis_wta_china_open,WTA China Open,2026-10-03T04:00:00+00:00,2026-10-03T05:00:00+01:00,Belinda Bencic,Anastasia Zakharova,smarkets,Smarkets,2026-10-02T08:53:10Z,h2h_lay,Belinda Bencic,1.3,,0.7692307692307692,1.0,0.2
2026-10-02T08:53:26.007991+00:00,2026-10-02T09:53:26.007991+01:00,657bc17d8194a0c05f205cb6436f9051,tennis_wta_china_open,WTA China Open,2026-10-03T04:00:00+00:00,2026-10-03T05:00:00+01:00,Belinda Bencic,Anastasia Zakharova,betano_uk,Betano (UK),2026-10-02T08:53:26Z,h2h,Anastasia Zakharova,4.0,,0.25,0.23076923076923073,0.2
2026-10-02T08:53:26.007991+00:00,2026-10-02T09:53:26.007991+01:00,657bc17d8194a0c05f205cb6436f9051,tennis_wta_china_open,WTA China Open,2026-10-03T04:00:00+00:00,2026-10-03T05:00:00+01:00,Belinda Bencic,Anastasia Zakharova,betano_uk,Betano (UK),2026-10-02T08:53:26Z,h2h,Belinda Bencic,1.2,,0.8333333333333334,0.7692307692307692,0.2
2026-10-02T08:53:26.007991+00:00,2026-10-02T09:53:26.007991+01:00,657bc17d8194a0c05f205cb6436f9051,tennis_wta_china_open,WTA China Open,2026-10-03T04:00:00+00:00,2026-10-03T05:00:00+01:00,Belinda Bencic,Anastasia Zakharova,paddypower,Paddy Power,2026-10-02T08:52:51Z,h2h,Anastasia Zakharova,4.5,,0.2222222222222222,0.21052631578947367,0.2
2026-10-02T08:53:26.007991+00:00,2026-10-02T09:53:26.007991+01:00,657bc17d8194a0c05f205cb6436f9051,tennis_wta_china_open,WTA China Open,2026-10-03T04:00:00+00:00,2026-10-03T05:00:00+01:00,Belinda Bencic,Anastasia Zakharova,paddypower,Paddy Power,2026-10-02T08:52:51Z,h2h,Belinda Bencic,1.2,,0.8333333333333334,0.7894736842105263,0.2
2026-10-02T08:53:26.007991+00:00,2026-10-02T09:53:26.007991+01:00,657bc17d8194a0c05f205cb6436f9051,tennis_wta_china_open,WTA China Open,2026-10-03T04:00:00+00:00,2026-10-03T05:00:00+01:00,Belinda Bencic,Anastasia Zakharova,skybet,Sky Bet,2026-10-02T08:52:51Z,h2h,Anastasia Zakharova,4.5,,0.2222222222222222,0.21052631578947367,0.2
2026-10-02T08:53:26.007991+00:00,2026-10-02T09:53:26.007991+01:00,657bc17d8194a0c05f205cb6436f9051,tennis_wta_china_open,WTA China Open,2026-10-03T04:00:00+00:00,2026-10-03T05:00:00+01:00,Belinda Bencic,Anastasia Zakharova,skybet,Sky Bet,2026-10-02T08:52:51Z,h2h,Belinda Bencic,1.2,,0.8333333333333334,0.7894736842105263,0.2
2026-10-02T08:53:26.007991+00:00,2026-10-02T09:53:26.007991+01:00,657bc17d8194a0c05f205cb6436f9051,tennis_wta_china_open,WTA China Open,2026-10-03T04:00:00+00:00,2026-10-03T05:00:00+01:00,Belinda Bencic,Anastasia Zakharova,matchbook,Matchbook,2026-10-02T08:53:10Z,h2h,Anastasia Zakharova,4.7,,0.2127659574468085,0.20875420875420875,0.2
2026-10-02T08:53:26.007991+00:00,2026-10-02T09:53:26.007991+01:00,657bc17d8194a0c05f205cb6436f9051,tennis_wta_china_open,WTA China Open,2026-10-03T04:00:00+00:00,2026-10-03T05:00:00+01:00,Belinda Bencic,Anastasia Zakharova,matchbook,Matchbook,2026-10-02T08:53:10Z,h2h,Belinda Bencic,1.24,,0.8064516129032259,0.7912457912457913,0.2
2026-10-02T08:53:26.007991+00:00,2026-10-02T09:53:26.007991+01:00,657bc17d8194a0c05f205cb6436f9051,tennis_wta_china_open,WTA China Open,2026-10-03T04:00:00+00:00,2026-10-03T05:00:00+01:00,Belinda Bencic,Anastasia Zakharova,matchbook,Matchbook,2026-10-02T08:53:10Z,h2h_lay,Anastasia Zakharova,5.1,,0.19607843137254904,1.0,0.2
2026-10-02T08:53:26.007991+00:00,2026-10-02T09:53:26.007991+01:00,657bc17d8194a0c05f205cb6436f9051,tennis_wta_china_open,WTA China Open,2026-10-03T04:00:00+00:00,2026-10-03T05:00:00+01:00,Belinda Bencic,Anastasia Zakharova,matchbook,Matchbook,2026-10-02T08:53:10Z,h2h_lay,Belinda Bencic,1.27,,0.7874015748031495,1.0,0.2
2026-10-02T08:53:26.007991+00:00,2026-10-02T09:53:26.007991+01:00,657bc17d8194a0c05f205cb6436f9051,tennis_wta_china_open,WTA China Open,2026-10-03T04:00:00+00:00,2026-10-03T05:00:00+01:00,Belinda Bencic,Anastasia Zakharova,boylesports,BoyleSports,2026-10-02T08:53:17Z,h2h,Anastasia Zakharova,4.2,,0.23809523809523808,0.2222222222222222,0.2
2026-10-02T08:53:26.007991+00:00,2026-10-02T09:53:26.007991+01:00,657bc17d8194a0c05f205cb6436f9051,tennis_wta_china_open,WTA China Open,2026-10-03T04:00:00+00:00,2026-10-03T05:00:00+01:00,Belinda Bencic,Anastasia Zakharova,boylesports,BoyleSports,2026-10-02T08:53:17Z,h2h,Belinda Bencic,1.2,,0.8333333333333334,0.7777777777777778,0.2
2026-10-02T08:53:26.007991+00:00,2026-10-02T09:53:26.007991+01:00,657bc17d8194a0c05f205cb6436f9051,tennis_wta_china_open,WTA China Open,2026-10-03T04:00:00+00:00,2026-10-03T05:00:00+01:00,Belinda Bencic,Anastasia Zakharova,williamhill,William Hill,2026-10-02T08:52:37Z,h2h,Anastasia Zakharova,4.2,,0.23809523809523808,0.2250922509225092,0.2
2026-10-02T08:53:26.007991+00:00,2026-10-02T09:53:26.007991+01:00,657bc17d8194a0c05f205cb6436f9051,tennis_wta_china_open,WTA China Open,2026-10-03T04:00:00+00:00,2026-10-03T05:00:00+01:00,Belinda Bencic,Anastasia Zakharova,williamhill,William Hill,2026-10-02T08:52:37Z,h2h,Belinda Bencic,1.22,,0.819672131147541,0.7749077490774907,0.2
2026-10-02T08:53:26.007991+00:00,2026-10-02T09:53:26.007991+01:00,657bc17d8194a0c05f205cb6436f9051,tennis_wta_china_open,WTA China Open,2026-10-03T04:00:00+00:00,2026-10-03T05:00:00+01:00,Belinda Bencic,Anastasia Zakharova,coral,Coral,2026-10-02T08:52:52Z,h2h,Anastasia Zakharova,4.33,,0.23094688221709006,0.21699819168173598,0.2
2026-10-02T08:53:26.007991+00:00,2026-10-02T09:53:26.007991+01:00,657bc17d8194a0c05f205cb6436f9051,tennis_wta_china_open,WTA China Open,2026-10-03T04:00:00+00:00,2026-10-03T05:00:00+01:00,Belinda Bencic,Anastasia Zakharova,coral,Coral,2026-10-02T08:52:52Z,h2h,Belinda Bencic,1.2,,0.8333333333333334,0.783001808318264,0.2
2026-10-02T08:53:26.007991+00:00,2026-10-02T09:53:26.007991+01:00,657bc17d8194a0c05f205cb6436f9051,tennis_wta_china_open,WTA China Open,2026-10-03T04:00:00+00:00,2026-10-03T05:00:00+01:00,Belinda Bencic,Anastasia Zakharova,ladbrokes_uk,Ladbrokes,2026-10-02T08:52:51Z,h2h,Anastasia Zakharova,4.33,,0.23094688221709006,0.21699819168173598,0.2
2026-10-02T08:53:26.007991+00:00,2026-10-02T09:53:26.007991+01:00,657bc17d8194a0c05f205cb6436f9051,tennis_wta_china_open,WTA China Open,2026-10-03T04:00:00+00:00,2026-10-03T05:00:00+01:00,Belinda Bencic,Anastasia Zakharova,ladbrokes_uk,Ladbrokes,2026-10-02T08:52:51Z,h2h,Belinda Bencic,1.2,,0.8333333333333334,0.783001808318264,0.2
2026-10-02T08:53:26.007991+00:00,2026-10-02T09:53:26.007991+01:00,657bc17d8194a0c05f205cb6436f9051,tennis_wta_china_open,WTA China Open,2026-10-03T04:00:00+00:00,2026-10-03T05:00:00+01:00,Belinda Bencic,Anastasia Zakharova,virginbet,Virgin Bet,2026-10-02T08:52:51Z,h2h,Anastasia Zakharova,4.25,,0.23529411764705882,0.22303473491773307,0.2
2026-10-02T08:53:26.007991+00:00,2026-10-02T09:53:26.007991+01:00,657bc17d8194a0c05f205cb6436f9051,tennis_wta_china_open,WTA China Open,2026-10-03T04:00:00+00:00,2026-10-03T05:00:00+01:00,Belinda Bencic,Anastasia Zakharova,virginbet,Virgin Bet,2026-10-02T08:52:51Z,h2h,Belinda Bencic,1.22,,0.819672131147541,0.7769652650822669,0.2
2026-10-02T08:53:26.007991+00:00,2026-10-02T09:53:26.007991+01:00,657bc17d8194a0c05f205cb6436f9051,tennis_wta_china_open,WTA China Open,2026-10-03T04:00:00+00:00,2026-10-03T05:00:00+01:00,Belinda Bencic,Anastasia Zakharova,casumo,Casumo,2026-10-02T08:52:51Z,h2h,Anastasia Zakharova,4.25,,0.23529411764705882,0.22303473491773307,0.2
2026-10-02T08:53:26.007991+00:00,2026-10-02T09:53:26.007991+01:00,657bc17d8194a0c05f205cb6436f9051,tennis_wta_china_open,WTA China Open,2026-10-03T04:00:00+00:00,2026-10-03T05:00:00+01:00,Belinda Bencic,Anastasia Zakharova,casumo,Casumo,2026-10-02T08:52:51Z,h2h,Belinda Bencic,1.22,,0.819672131147541,0.7769652650822669,0.2
2026-10-02T08:53:26.007991+00:00,2026-10-02T09:53:26.007991+01:00,657bc17d8194a0c05f205cb6436f9051,tennis_wta_china_open,WTA China Open,2026-10-03T04:00:00+00:00,2026-10-03T05:00:00+01:00,Belinda Bencic,Anastasia Zakharova,grosvenor,Grosvenor,2026-10-02T08:52:35Z,h2h,Anastasia Zakharova,4.25,,0.23529411764705882,0.22303473491773307,0.2
2026-10-02T08:53:26.007991+00:00,2026-10-02T09:53:26.007991+01:00,657bc17d8194a0c05f205cb6436f9051,tennis_wta_china_open,WTA China Open,2026-10-03T04:00:00+00:00,2026-10-03T05:00:00+01:00,Belinda Bencic,Anastasia Zakharova,grosvenor,Grosvenor,2026-10-02T08:52:35Z,h2h,Belinda Bencic,1.22,,0.819672131147541,0.7769652650822669,0.2
2026-10-02T08:53:26.007991+00:00,2026-10-02T09:53:26.007991+01:00,657bc17d8194a0c05f205cb6436f9051,tennis_wta_china_open,WTA China Open,2026-10-03T04:00:00+00:00,2026-10-03T05:00:00+01:00,Belinda Bencic,Anastasia Zakharova,livescorebet,LiveScore Bet,2026-10-02T08:53:10Z,h2h,Anastasia Zakharova,4.25,,0.23529411764705882,0.22303473491773307,0.2
2026-10-02T08:53:26.007991+00:00,2026-10-02T09:53:26.007991+01:00,657bc17d8194a0c05f205cb6436f9051,tennis_wta_china_open,WTA China Open,2026-10-03T04:00:00+00:00,2026-10-03T05:00:00+01:00,Belinda Bencic,Anastasia Zakharova,livescorebet,LiveScore Bet,2026-10-02T08:53:10Z,h2h,Belinda Bencic,1.22,,0.819672131147541,0.7769652650822669,0.2
2026-10-02T08:53:26.007991+00:00,2026-10-02T09:53:26.007991+01:00,d9e7e7e626da14e6c7e3fc511b56e194,tennis_wta_china_open,WTA China Open,2026-10-03T04:00:00+00:00,2026-10-03T05:00:00+01:00,Ashlyn Krueger,Ann Li,unibet_uk,Unibet (UK),2026-10-02T08:52:36Z,h2h,Ann Li,1.68,,0.5952380952380952,0.5567282321899736,0.2
2026-10-02T08:53:26.007991+00:00,2026-10-02T09:53:26.007991+01:00,d9e7e7e626da14e6c7e3fc511b56e194,tennis_wta_china_open,WTA China Open,2026-10-03T04:00:00+00:00,2026-10-03T05:00:00+01:00,Ashlyn Krueger,Ann Li,unibet_uk,Unibet (UK),2026-10-02T08:52:36Z,h2h,Ashlyn Krueger,2.11,,0.47393364928909953,0.44327176781002636,0.2
2026-10-02T08:53:26.007991+00:00,2026-10-02T09:53:26.007991+01:00,d9e7e7e626da14e6c7e3fc511b56e194,tennis_wta_china_open,WTA China Open,2026-10-03T04:00:00+00:00,2026-10-03T05:00:00+01:00,Ashlyn Krueger,Ann Li,smarkets,Smarkets,2026-10-02T08:53:10Z,h2h,Ann Li,1.69,,0.591715976331361,0.5610389610389611,0.2
2026-10-02T08:53:26.007991+00:00,2026-10-02T09:53:26.007991+01:00,d9e7e7e626da14e6c7e3fc511b56e194,tennis_wta_china_open,WTA China Open,2026-10-03T04:00:00+00:00,2026-10-03T05:00:00+01:00,Ashlyn Krueger,Ann Li,smarkets,Smarkets,2026-10-02T08:53:10Z,h2h,Ashlyn Krueger,2.16,,0.4629629629629629,0.43896103896103894,0.2
2026-10-02T08:53:26.007991+00:00,2026-10-02T09:53:26.007991+01:00,d9e7e7e626da14e6c7e3fc511b56e194,tennis_wta_china_open,WTA China Open,2026-10-03T04:00:00+00:00,2026-10-03T05:00:00+01:00,Ashlyn Krueger,Ann Li,smarkets,Smarkets,2026-10-02T08:53:10Z,h2h_lay,Ann Li,1.89,,0.5291005291005292,1.0,0.2
2026-10-02T08:53:26.007991+00:00,2026-10-02T09:53:26.007991+01:00,d9e7e7e626da14e6c7e3fc511b56e194,tennis_wta_china_open,WTA China Open,2026-10-03T04:00:00+00:00,2026-10-03T05:00:00+01:00,Ashlyn Krueger,Ann Li,smarkets,Smarkets,2026-10-02T08:53:10Z,h2h_lay,Ashlyn Krueger,2.42,,0.4132231404958678,1.0,0.2
2026-10-02T08:53:26.007991+00:00,2026-10-02T09:53:26.007991+01:00,d9e7e7e626da14e6c7e3fc511b56e194,tennis_wta_china_open,WTA China Open,2026-10-03T04:00:00+00:00,2026-10-03T05:00:00+01:00,Ashlyn Krueger,Ann Li,betfair_ex_uk,Betfair,2026-10-02T08:53:12Z,h2h,Ann Li,1.78,,0.5617977528089888,0.5572139303482587,0.2
2026-10-02T08:53:26.007991+00:00,2026-10-02T09:53:26.007991+01:00,d9e7e7e626da14e6c7e3fc511b56e194,tennis_wta_china_open,WTA China Open,2026-10-03T04:00:00+00:00,2026-10-03T05:00:00+01:00,Ashlyn Krueger,Ann Li,betfair_ex_uk,Betfair,2026-10-02T08:53:12Z,h2h,Ashlyn Krueger,2.24,,0.4464285714285714,0.4427860696517413,0.2
2026-10-02T08:53:26.007991+00:00,2026-10-02T09:53:26.007991+01:00,d9e7e7e626da14e6c7e3fc511b56e194,tennis_wta_china_open,WTA China Open,2026-10-03T04:00:00+00:00,2026-10-03T05:00:00+01:00,Ashlyn Krueger,Ann Li,betfair_ex_uk,Betfair,2026-10-02T08:53:12Z,h2h_lay,Ann Li,1.81,,0.5524861878453039,1.0,0.2
2026-10-02T08:53:26.007991+00:00,2026-10-02T09:53:26.007991+01:00,d9e7e7e626da14e6c7e3fc511b56e194,tennis_wta_china_open,WTA China Open,2026-10-03T04:00:00+00:00,2026-10-03T05:00:00+01:00,Ashlyn Krueger,Ann Li,betfair_ex_uk,Betfair,2026-10-02T08:53:12Z,h2h_lay,Ashlyn Krueger,2.28,,0.4385964912280702,1.0,0.2
2026-10-02T08:53:26.007991+00:00,2026-10-02T09:53:26.007991+01:00,d9e7e7e626da14e6c7e3fc511b56e194,tennis_wta_china_open,WTA China Open,2026-10-03T04:00:00+00:00,2026-10-03T05:00:00+01:00,Ashlyn Krueger,Ann Li,leovegas,LeoVegas,2026-10-02T08:52:34Z,h2h,Ann Li,1.65,,0.6060606060606061,0.56,0.2
2026-10-02T08:53:26.007991+00:00,2026-10-02T09:53:26.007991+01:00,d9e7e7e626da14e6c7e3fc511b56e194,tennis_wta_china_open,WTA China Open,2026-10-03T04:00:00+00:00,2026-10-03T05:00:00+01:00,Ashlyn Krueger,Ann Li,leovegas,LeoVegas,2026-10-02T08:52:34Z,h2h,Ashlyn Krueger,2.1,,0.47619047619047616,0.44,0.2
2026-10-02T08:53:26.007991+00:00,2026-10-02T09:53:26.007991+01:00,d9e7e7e626da14e6c7e3fc511b56e194,tennis_wta_china_open,WTA China Open,2026-10-03T04:00:00+00:00,2026-10-03T05:00:00+01:00,Ashlyn Krueger,Ann Li,betvictor,Bet Victor,2026-10-02T08:51:59Z,h2h,Ann Li,1.67,,0.5988023952095809,0.557029177718833,0.2
2026-10-02T08:53:26.007991+00:00,2026-10-02T09:53:26.007991+01:00,d9e7e7e626da14e6c7e3fc511b56e194,tennis_wta_china_open,WTA China Open,2026-10-03T04:00:00+00:00,2026-10-03T05:00:00+01:00,Ashlyn Krueger,Ann Li,betvictor,Bet Victor,2026-10-02T08:51:59Z,h2h,Ashlyn Krueger,2.1,,0.47619047619047616,0.44297082228116713,0.2
2026-10-02T08:53:26.007991+00:00,2026-10-02T09:53:26.007991+01:00,d9e7e7e626da14e6c7e3fc511b56e194,tennis_wta_china_open,WTA China Open,2026-10-03T04:00:00+00:00,2026-10-03T05:00:00+01:00,Ashlyn Krueger,Ann Li,paddypower,Paddy Power,2026-10-02T08:52:51Z,h2h,Ann Li,1.67,,0.5988023952095809,0.5684754521963824,0.2
2026-10-02T08:53:26.007991+00:00,2026-10-02T09:53:26.007991+01:00,d9e7e7e626da14e6c7e3fc511b56e194,tennis_wta_china_open,WTA China Open,2026-10-03T04:00:00+00:00,2026-10-03T05:00:00+01:00,Ashlyn Krueger,Ann Li,paddypower,Paddy Power,2026-10-02T08:52:51Z,h2h,Ashlyn Krueger,2.2,,0.45454545454545453,0.43152454780361754,0.2
2026-10-02T08:53:26.007991+00:00,2026-10-02T09:53:26.007991+01:00,d9e7e7e626da14e6c7e3fc511b56e194,tennis_wta_china_open,WTA China Open,2026-10-03T04:00:00+00:00,2026-10-03T05:00:00+01:00,Ashlyn Krueger,Ann Li,betano_uk,Betano (UK),2026-10-02T08:53:26Z,h2h,Ann Li,1.67,,0.5988023952095809,0.557029177718833,0.2
2026-10-02T08:53:26.007991+00:00,2026-10-02T09:53:26.007991+01:00,d9e7e7e626da14e6c7e3fc511b56e194,tennis_wta_china_open,WTA China Open,2026-10-03T04:00:00+00:00,2026-10-03T05:00:00+01:00,Ashlyn Krueger,Ann Li,betano_uk,Betano (UK),2026-10-02T08:53:26Z,h2h,Ashlyn Krueger,2.1,,0.47619047619047616,0.44297082228116713,0.2
2026-10-02T08:53:26.007991+00:00,2026-10-02T09:53:26.007991+01:00,d9e7e7e626da14e6c7e3fc511b56e194,tennis_wta_china_open,WTA China Open,2026-10-03T04:00:00+00:00,2026-10-03T05:00:00+01:00,Ashlyn Krueger,Ann Li,betway,Betway,2026-10-02T08:53:11Z,h2h,Ann Li,1.73,,0.5780346820809249,0.5483028720626633,0.2
2026-10-02T08:53:26.007991+00:00,2026-10-02T09:53:26.007991+01:00,d9e7e7e626da14e6c7e3fc511b56e194,tennis_wta_china_open,WTA China Open,2026-10-03T04:00:00+00:00,2026-10-03T05:00:00+01:00,Ashlyn Krueger,Ann Li,betway,Betway,2026-10-02T08:53:11Z,h2h,Ashlyn Krueger,2.1,,0.47619047619047616,0.4516971279373368,0.2
2026-10-02T08:53:26.007991+00:00,2026-10-02T09:53:26.007991+01:00,d9e7e7e626da14e6c7e3fc511b56e194,tennis_wta_china_open,WTA China Open,2026-10-03T04:00:00+00:00,2026-10-03T05:00:00+01:00,Ashlyn Krueger,Ann Li,skybet,Sky Bet,2026-10-02T08:52:51Z,h2h,Ann Li,1.67,,0.5988023952095809,0.5684754521963824,0.2
2026-10-02T08:53:26.007991+00:00,2026-10-02T09:53:26.007991+01:00,d9e7e7e626da14e6c7e3fc511b56e194,tennis_wta_china_open,WTA China Open,2026-10-03T04:00:00+00:00,2026-10-03T05:00:00+01:00,Ashlyn Krueger,Ann Li,skybet,Sky Bet,2026-10-02T08:52:51Z,h2h,Ashlyn Krueger,2.2,,0.45454545454545453,0.43152454780361754,0.2
2026-10-02T08:53:26.007991+00:00,2026-10-02T09:53:26.007991+01:00,d9e7e7e626da14e6c7e3fc511b56e194,tennis_wta_china_open,WTA China Open,2026-10-03T04:00:00+00:00,2026-10-03T05:00:00+01:00,Ashlyn Krueger,Ann Li,matchbook,Matchbook,2026-10-02T08:53:10Z,h2h,Ann Li,1.78,,0.5617977528089888,0.5572139303482587,0.2
2026-10-02T08:53:26.007991+00:00,2026-10-02T09:53:26.007991+01:00,d9e7e7e626da14e6c7e3fc511b56e194,tennis_wta_china_open,WTA China Open,2026-10-03T04:00:00+00:00,2026-10-03T05:00:00+01:00,Ashlyn Krueger,Ann Li,matchbook,Matchbook,2026-10-02T08:53:10Z,h2h,Ashlyn Krueger,2.24,,0.4464285714285714,0.4427860696517413,0.2
2026-10-02T08:53:26.007991+00:00,2026-10-02T09:53:26.007991+01:00,d9e7e7e626da14e6c7e3fc511b56e194,tennis_wta_china_open,WTA China Open,2026-10-03T04:00:00+00:00,2026-10-03T05:00:00+01:00,Ashlyn Krueger,Ann Li,matchbook,Matchbook,2026-10-02T08:53:10Z,h2h_lay,Ann Li,1.8,,0.5555555555555556,1.0,0.2
2026-10-02T08:53:26.007991+00:00,2026-10-02T09:53:26.007991+01:00,d9e7e7e626da14e6c7e3fc511b56e194,tennis_wta_china_open,WTA China Open,2026-10-03T04:00:00+00:00,2026-10-03T05:00:00+01:00,Ashlyn Krueger,Ann Li,matchbook,Matchbook,2026-10-02T08:53:10Z,h2h_lay,Ashlyn Krueger,2.28,,0.4385964912280702,1.0,0.2
2026-10-02T08:53:26.007991+00:00,2026-10-02T09:53:26.007991+01:00,d9e7e7e626da14e6c7e3fc511b56e194,tennis_wta_china_open,WTA China Open,2026-10-03T04:00:00+00:00,2026-10-03T05:00:00+01:00,Ashlyn Krueger,Ann Li,livescorebet,LiveScore Bet,2026-10-02T08:53:10Z,h2h,Ann Li,1.65,,0.6060606060606061,0.5747422680412371,0.2
2026-10-02T08:53:26.007991+00:00,2026-10-02T09:53:26.007991+01:00,d9e7e7e626da14e6c7e3fc511b56e194,tennis_wta_china_open,WTA China Open,2026-10-03T04:00:00+00:00,2026-10-03T05:00:00+01:00,Ashlyn Krueger,Ann Li,livescorebet,LiveScore Bet,2026-10-02T08:53:10Z,h2h,Ashlyn Krueger,2.23,,0.4484304932735426,0.4252577319587629,0.2
2026-10-02T08:53:26.007991+00:00,2026-10-02T09:53:26.007991+01:00,d9e7e7e626da14e6c7e3fc511b56e194,tennis_wta_china_open,WTA China Open,2026-10-03T04:00:00+00:00,2026-10-03T05:00:00+01:00,Ashlyn Krueger,Ann Li,casumo,Casumo,2026-10-02T08:52:51Z,h2h,Ann Li,1.65,,0.6060606060606061,0.5747422680412371,0.2
2026-10-02T08:53:26.007991+00:00,2026-10-02T09:53:26.007991+01:00,d9e7e7e626da14e6c7e3fc511b56e194,tennis_wta_china_open,WTA China Open,2026-10-03T04:00:00+00:00,2026-10-03T05:00:00+01:00,Ashlyn Krueger,Ann Li,casumo,Casumo,2026-10-02T08:52:51Z,h2h,Ashlyn Krueger,2.23,,0.4484304932735426,0.4252577319587629,0.2
2026-10-02T08:53:26.007991+00:00,2026-10-02T09:53:26.007991+01:00,d9e7e7e626da14e6c7e3fc511b56e194,tennis_wta_china_open,WTA China Open,2026-10-03T04:00:00+00:00,2026-10-03T05:00:00+01:00,Ashlyn Krueger,Ann Li,virginbet,Virgin Bet,2026-10-02T08:52:51Z,h2h,Ann Li,1.65,,0.6060606060606061,0.5747422680412371,0.2
2026-10-02T08:53:26.007991+00:00,2026-10-02T09:53:26.007991+01:00,d9e7e7e626da14e6c7e3fc511b56e194,tennis_wta_china_open,WTA China Open,2026-10-03T04:00:00+00:00,2026-10-03T05:00:00+01:00,Ashlyn Krueger,Ann Li,virginbet,Virgin Bet,2026-10-02T08:52:51Z,h2h,Ashlyn Krueger,2.23,,0.4484304932735426,0.4252577319587629,0.2
2026-10-02T08:53:26.007991+00:00,2026-10-02T09:53:26.007991+01:00,d9e7e7e626da14e6c7e3fc511b56e194,tennis_wta_china_open,WTA China Open,2026-10-03T04:00:00+00:00,2026-10-03T05:00:00+01:00,Ashlyn Krueger,Ann Li,grosvenor,Grosvenor,2026-10-02T08:52:35Z,h2h,Ann Li,1.65,,0.6060606060606061,0.5747422680412371,0.2
2026-10-02T08:53:26.007991+00:00,2026-10-02T09:53:26.007991+01:00,d9e7e7e626da14e6c7e3fc511b56e194,tennis_wta_china_open,WTA China Open,2026-10-03T04:00:00+00:00,2026-10-03T05:00:00+01:00,Ashlyn Krueger,Ann Li,grosvenor,Grosvenor,2026-10-02T08:52:35Z,h2h,Ashlyn Krueger,2.23,,0.4484304932735426,0.4252577319587629,0.2
2026-10-02T08:53:26.007991+00:00,2026-10-02T09:53:26.007991+01:00,d9e7e7e626da14e6c7e3fc511b56e194,tennis_wta_china_open,WTA China Open,2026-10-03T04:00:00+00:00,2026-10-03T05:00:00+01:00,Ashlyn Krueger,Ann Li,boylesports,BoyleSports,2026-10-02T08:53:17Z,h2h,Ann Li,1.67,,0.5988023952095809,0.5510752688172044,0.2
2026-10-02T08:53:26.007991+00:00,2026-10-02T09:53:26.007991+01:00,d9e7e7e626da14e6c7e3fc511b56e194,tennis_wta_china_open,WTA China Open,2026-10-03T04:00:00+00:00,2026-10-03T05:00:00+01:00,Ashlyn Krueger,Ann Li,boylesports,BoyleSports,2026-10-02T08:53:17Z,h2h,Ashlyn Krueger,2.05,,0.48780487804878053,0.44892473118279574,0.2
2026-10-02T08:53:26.007991+00:00,2026-10-02T09:53:26.007991+01:00,d9e7e7e626da14e6c7e3fc511b56e194,tennis_wta_china_open,WTA China Open,2026-10-03T04:00:00+00:00,2026-10-03T05:00:00+01:00,Ashlyn Krueger,Ann Li,ladbrokes_uk,Ladbrokes,2026-10-02T08:52:51Z,h2h,Ann Li,1.7,,0.5882352941176471,0.5466666666666666,0.2
2026-10-02T08:53:26.007991+00:00,2026-10-02T09:53:26.007991+01:00,d9e7e7e626da14e6c7e3fc511b56e194,tennis_wta_china_open,WTA China Open,2026-10-03T04:00:00+00:00,2026-10-03T05:00:00+01:00,Ashlyn Krueger,Ann Li,ladbrokes_uk,Ladbrokes,2026-10-02T08:52:51Z,h2h,Ashlyn Krueger,2.05,,0.48780487804878053,0.4533333333333333,0.2
2026-10-02T08:53:26.007991+00:00,2026-10-02T09:53:26.007991+01:00,d9e7e7e626da14e6c7e3fc511b56e194,tennis_wta_china_open,WTA China Open,2026-10-03T04:00:00+00:00,2026-10-03T05:00:00+01:00,Ashlyn Krueger,Ann Li,coral,Coral,2026-10-02T08:52:52Z,h2h,Ann Li,1.7,,0.5882352941176471,0.5466666666666666,0.2
2026-10-02T08:53:26.007991+00:00,2026-10-02T09:53:26.007991+01:00,d9e7e7e626da14e6c7e3fc511b56e194,tennis_wta_china_open,WTA China Open,2026-10-03T04:00:00+00:00,2026-10-03T05:00:00+01:00,Ashlyn Krueger,Ann Li,coral,Coral,2026-10-02T08:52:52Z,h2h,Ashlyn Krueger,2.05,,0.48780487804878053,0.4533333333333333,0.2
2026-10-02T08:53:26.007991+00:00,2026-10-02T09:53:26.007991+01:00,d9e7e7e626da14e6c7e3fc511b56e194,tennis_wta_china_open,WTA China Open,2026-10-03T04:00:00+00:00,2026-10-03T05:00:00+01:00,Ashlyn Krueger,Ann Li,betfair_sb_uk,Betfair Sportsbook,2026-10-02T08:51:15Z,h2h,Ann Li,1.67,,0.5988023952095809,0.5684754521963824,0.2
2026-10-02T08:53:26.007991+00:00,2026-10-02T09:53:26.007991+01:00,d9e7e7e626da14e6c7e3fc511b56e194,tennis_wta_china_open,WTA China Open,2026-10-03T04:00:00+00:00,2026-10-03T05:00:00+01:00,Ashlyn Krueger,Ann Li,betfair_sb_uk,Betfair Sportsbook,2026-10-02T08:51:15Z,h2h,Ashlyn Krueger,2.2,,0.45454545454545453,0.43152454780361754,0.2
2026-10-02T08:53:26.007991+00:00,2026-10-02T09:53:26.007991+01:00,ecfecd80927a50500f83832f5cb4bdcc,tennis_wta_china_open,WTA China Open,2026-10-03T04:00:00+00:00,2026-10-03T05:00:00+01:00,Qinwen Zheng,Anna Kalinskaya,unibet_uk,Unibet (UK),2026-10-02T08:52:36Z,h2h,Anna Kalinskaya,2.38,,0.42016806722689076,0.39285714285714285,0.2
2026-10-02T08:53:26.007991+00:00,2026-10-02T09:53:26.007991+01:00,ecfecd80927a50500f83832f5cb4bdcc,tennis_wta_china_open,WTA China Open,2026-10-03T04:00:00+00:00,2026-10-03T05:00:00+01:00,Qinwen Zheng,Anna Kalinskaya,unibet_uk,Unibet (UK),2026-10-02T08:52:36Z,h2h,Qinwen Zheng,1.54,,0.6493506493506493,0.6071428571428571,0.2
2026-10-02T08:53:26.007991+00:00,2026-10-02T09:53:26.007991+01:00,ecfecd80927a50500f83832f5cb4bdcc,tennis_wta_china_open,WTA China Open,2026-10-03T04:00:00+00:00,2026-10-03T05:00:00+01:00,Qinwen Zheng,Anna Kalinskaya,smarkets,Smarkets,2026-10-02T08:53:10Z,h2h,Anna Kalinskaya,2.44,,0.4098360655737705,0.38071065989847713,0.2
2026-10-02T08:53:26.007991+00:00,2026-10-02T09:53:26.007991+01:00,ecfecd80927a50500f83832f5cb4bdcc,tennis_wta_china_open,WTA China Open,2026-10-03T04:00:00+00:00,2026-10-03T05:00:00+01:00,Qinwen Zheng,Anna Kalinskaya,smarkets,Smarkets,2026-10-02T08:53:10Z,h2h,Qinwen Zheng,1.5,,0.6666666666666666,0.6192893401015228,0.2
2026-10-02T08:53:26.007991+00:00,2026-10-02T09:53:26.007991+01:00,ecfecd80927a50500f83832f5cb4bdcc,tennis_wta_china_open,WTA China Open,2026-10-03T04:00:00+00:00,2026-10-03T05:00:00+01:00,Qinwen Zheng,Anna Kalinskaya,smarkets,Smarkets,2026-10-02T08:53:10Z,h2h_lay,Anna Kalinskaya,2.96,,0.33783783783783783,1.0,0.2
2026-10-02T08:53:26.007991+00:00,2026-10-02T09:53:26.007991+01:00,ecfecd80927a50500f83832f5cb4bdcc,tennis_wta_china_open,WTA China Open,2026-10-03T04:00:00+00:00,2026-10-03T05:00:00+01:00,Qinwen Zheng,Anna Kalinskaya,smarkets,Smarkets,2026-10-02T08:53:10Z,h2h_lay,Qinwen Zheng,1.77,,0.5649717514124294,1.0,0.2
2026-10-02T08:53:26.007991+00:00,2026-10-02T09:53:26.007991+01:00,ecfecd80927a50500f83832f5cb4bdcc,tennis_wta_china_open,WTA China Open,2026-10-03T04:00:00+00:00,2026-10-03T05:00:00+01:00,Qinwen Zheng,Anna Kalinskaya,betfair_ex_uk,Betfair,2026-10-02T08:53:12Z,h2h,Anna Kalinskaya,2.56,,0.390625,0.383132530120482,0.2
2026-10-02T08:53:26.007991+00:00,2026-10-02T09:53:26.007991+01:00,ecfecd80927a50500f83832f5cb4bdcc,tennis_wta_china_open,WTA China Open,2026-10-03T04:00:00+00:00,2026-10-03T05:00:00+01:00,Qinwen Zheng,Anna Kalinskaya,betfair_ex_uk,Betfair,2026-10-02T08:53:12Z,h2h,Qinwen Zheng,1.59,,0.6289308176100629,0.6168674698795181,0.2
2026-10-02T08:53:26.007991+00:00,2026-10-02T09:53:26.007991+01:00,ecfecd80927a50500f83832f5cb4bdcc,tennis_wta_china_open,WTA China Open,2026-10-03T04:00:00+00:00,2026-10-03T05:00:00+01:00,Qinwen Zheng,Anna Kalinskaya,betfair_ex_uk,Betfair,2026-10-02T08:53:12Z,h2h_lay,Anna Kalinskaya,2.68,,0.3731343283582089,1.0,0.2
2026-10-02T08:53:26.007991+00:00,2026-10-02T09:53:26.007991+01:00,ecfecd80927a50500f83832f5cb4bdcc,tennis_wta_china_open,WTA China Open,2026-10-03T04:00:00+00:00,2026-10-03T05:00:00+01:00,Qinwen Zheng,Anna Kalinskaya,betfair_ex_uk,Betfair,2026-10-02T08:53:12Z,h2h_lay,Qinwen Zheng,1.64,,0.6097560975609756,1.0,0.2
2026-10-02T08:53:26.007991+00:00,2026-10-02T09:53:26.007991+01:00,ecfecd80927a50500f83832f5cb4bdcc,tennis_wta_china_open,WTA China Open,2026-10-03T04:00:00+00:00,2026-10-03T05:00:00+01:00,Qinwen Zheng,Anna Kalinskaya,leovegas,LeoVegas,2026-10-02T08:52:34Z,h2h,Anna Kalinskaya,2.35,,0.425531914893617,0.3943298969072165,0.2
2026-10-02T08:53:26.007991+00:00,2026-10-02T09:53:26.007991+01:00,ecfecd80927a50500f83832f5cb4bdcc,tennis_wta_china_open,WTA China Open,2026-10-03T04:00:00+00:00,2026-10-03T05:00:00+01:00,Qinwen Zheng,Anna Kalinskaya,leovegas,LeoVegas,2026-10-02T08:52:34Z,h2h,Qinwen Zheng,1.53,,0.6535947712418301,0.6056701030927835,0.2
2026-10-02T08:53:26.007991+00:00,2026-10-02T09:53:26.007991+01:00,ecfecd80927a50500f83832f5cb4bdcc,tennis_wta_china_open,WTA China Open,2026-10-03T04:00:00+00:00,2026-10-03T05:00:00+01:00,Qinwen Zheng,Anna Kalinskaya,sport888,888sport,2026-10-02T08:52:50Z,h2h,Anna Kalinskaya,2.5,,0.4,0.3796526054590571,0.2
2026-10-02T08:53:26.007991+00:00,2026-10-02T09:53:26.007991+01:00,ecfecd80927a50500f83832f5cb4bdcc,tennis_wta_china_open,WTA China Open,2026-10-03T04:00:00+00:00,2026-10-03T05:00:00+01:00,Qinwen Zheng,Anna Kalinskaya,sport888,888sport,2026-10-02T08:52:50Z,h2h,Qinwen Zheng,1.53,,0.6535947712418301,0.6203473945409429,0.2
2026-10-02T08:53:26.007991+00:00,2026-10-02T09:53:26.007991+01:00,ecfecd80927a50500f83832f5cb4bdcc,tennis_wta_china_open,WTA China Open,2026-10-03T04:00:00+00:00,2026-10-03T05:00:00+01:00,Qinwen Zheng,Anna Kalinskaya,betvictor,Bet Victor,2026-10-02T08:51:59Z,h2h,Anna Kalinskaya,2.38,,0.42016806722689076,0.391304347826087,0.2
2026-10-02T08:53:26.007991+00:00,2026-10-02T09:53:26.007991+01:00,ecfecd80927a50500f83832f5cb4bdcc,tennis_wta_china_open,WTA China Open,2026-10-03T04:00:00+00:00,2026-10-03T05:00:00+01:00,Qinwen Zheng,Anna Kalinskaya,betvictor,Bet Victor,2026-10-02T08:51:59Z,h2h,Qinwen Zheng,1.53,,0.6535947712418301,0.6086956521739131,0.2
2026-10-02T08:53:26.007991+00:00,2026-10-02T09:53:26.007991+01:00,ecfecd80927a50500f83832f5cb4bdcc,tennis_wta_china_open,WTA China Open,2026-10-03T04:00:00+00:00,2026-10-03T05:00:00+01:00,Qinwen Zheng,Anna Kalinskaya,paddypower,Paddy Power,2026-10-02T08:52:51Z,h2h,Anna Kalinskaya,2.4,,0.4166666666666667,0.3893129770992367,0.2
2026-10-02T08:53:26.007991+00:00,2026-10-02T09:53:26.007991+01:00,ecfecd80927a50500f83832f5cb4bdcc,tennis_wta_china_open,WTA China Open,2026-10-03T04:00:00+00:00,2026-10-03T05:00:00+01:00,Qinwen Zheng,Anna Kalinskaya,paddypower,Paddy Power,2026-10-02T08:52:51Z,h2h,Qinwen Zheng,1.53,,0.6535947712418301,0.6106870229007634,0.2
2026-10-02T08:53:26.007991+00:00,2026-10-02T09:53:26.007991+01:00,ecfecd80927a50500f83832f5cb4bdcc,tennis_wta_china_open,WTA China Open,2026-10-03T04:00:00+00:00,2026-10-03T05:00:00+01:00,Qinwen Zheng,Anna Kalinskaya,betano_uk,Betano (UK),2026-10-02T08:53:26Z,h2h,Anna Kalinskaya,2.38,,0.42016806722689076,0.391304347826087,0.2
2026-10-02T08:53:26.007991+00:00,2026-10-02T09:53:26.007991+01:00,ecfecd80927a50500f83832f5cb4bdcc,tennis_wta_china_open,WTA China Open,2026-10-03T04:00:00+00:00,2026-10-03T05:00:00+01:00,Qinwen Zheng,Anna Kalinskaya,betano_uk,Betano (UK),2026-10-02T08:53:26Z,h2h,Qinwen Zheng,1.53,,0.6535947712418301,0.6086956521739131,0.2
2026-10-02T08:53:26.007991+00:00,2026-10-02T09:53:26.007991+01:00,ecfecd80927a50500f83832f5cb4bdcc,tennis_wta_china_open,WTA China Open,2026-10-03T04:00:00+00:00,2026-10-03T05:00:00+01:00,Qinwen Zheng,Anna Kalinskaya,betway,Betway,2026-10-02T08:53:11Z,h2h,Anna Kalinskaya,2.4,,0.4166666666666667,0.3924050632911393,0.2
2026-10-02T08:53:26.007991+00:00,2026-10-02T09:53:26.007991+01:00,ecfecd80927a50500f83832f5cb4bdcc,tennis_wta_china_open,WTA China Open,2026-10-03T04:00:00+00:00,2026-10-03T05:00:00+01:00,Qinwen Zheng,Anna Kalinskaya,betway,Betway,2026-10-02T08:53:11Z,h2h,Qinwen Zheng,1.55,,0.6451612903225806,0.6075949367088608,0.2
2026-10-02T08:53:26.007991+00:00,2026-10-02T09:53:26.007991+01:00,ecfecd80927a50500f83832f5cb4bdcc,tennis_wta_china_open,WTA China Open,2026-10-03T04:00:00+00:00,2026-10-03T05:00:00+01:00,Qinwen Zheng,Anna Kalinskaya,skybet,Sky Bet,2026-10-02T08:52:51Z,h2h,Anna Kalinskaya,2.5,,0.4,0.3796526054590571,0.2
2026-10-02T08:53:26.007991+00:00,2026-10-02T09:53:26.007991+01:00,ecfecd80927a50500f83832f5cb4bdcc,tennis_wta_china_open,WTA China Open,2026-10-03T04:00:00+00:00,2026-10-03T05:00:00+01:00,Qinwen Zheng,Anna Kalinskaya,skybet,Sky Bet,2026-10-02T08:52:51Z,h2h,Qinwen Zheng,1.53,,0.6535947712418301,0.6203473945409429,0.2
2026-10-02T08:53:26.007991+00:00,2026-10-02T09:53:26.007991+01:00,ecfecd80927a50500f83832f5cb4bdcc,tennis_wta_china_open,WTA China Open,2026-10-03T04:00:00+00:00,2026-10-03T05:00:00+01:00,Qinwen Zheng,Anna Kalinskaya,matchbook,Matchbook,2026-10-02T08:53:10Z,h2h,Anna Kalinskaya,2.56,,0.390625,0.383132530120482,0.2
2026-10-02T08:53:26.007991+00:00,2026-10-02T09:53:26.007991+01:00,ecfecd80927a50500f83832f5cb4bdcc,tennis_wta_china_open,WTA China Open,2026-10-03T04:00:00+00:00,2026-10-03T05:00:00+01:00,Qinwen Zheng,Anna Kalinskaya,matchbook,Matchbook,2026-10-02T08:53:10Z,h2h,Qinwen Zheng,1.59,,0.6289308176100629,0.6168674698795181,0.2
2026-10-02T08:53:26.007991+00:00,2026-10-02T09:53:26.007991+01:00,ecfecd80927a50500f83832f5cb4bdcc,tennis_wta_china_open,WTA China Open,2026-10-03T04:00:00+00:00,2026-10-03T05:00:00+01:00,Qinwen Zheng,Anna Kalinskaya,matchbook,Matchbook,2026-10-02T08:53:10Z,h2h_lay,Anna Kalinskaya,2.68,,0.3731343283582089,1.0,0.2
2026-10-02T08:53:26.007991+00:00,2026-10-02T09:53:26.007991+01:00,ecfecd80927a50500f83832f5cb4bdcc,tennis_wta_china_open,WTA China Open,2026-10-03T04:00:00+00:00,2026-10-03T05:00:00+01:00,Qinwen Zheng,Anna Kalinskaya,matchbook,Matchbook,2026-10-02T08:53:10Z,h2h_lay,Qinwen Zheng,1.64,,0.6097560975609756,1.0,0.2
2026-10-02T08:53:26.007991+00:00,2026-10-02T09:53:26.007991+01:00,ecfecd80927a50500f83832f5cb4bdcc,tennis_wta_china_open,WTA China Open,2026-10-03T04:00:00+00:00,2026-10-03T05:00:00+01:00,Qinwen Zheng,Anna Kalinskaya,livescorebet,LiveScore Bet,2026-10-02T08:53:10Z,h2h,Anna Kalinskaya,2.38,,0.42016806722689076,0.39898989898989906,0.2
2026-10-02T08:53:26.007991+00:00,2026-10-02T09:53:26.007991+01:00,ecfecd80927a50500f83832f5cb4bdcc,tennis_wta_china_open,WTA China Open,2026-10-03T04:00:00+00:00,2026-10-03T05:00:00+01:00,Qinwen Zheng,Anna Kalinskaya,livescorebet,LiveScore Bet,2026-10-02T08:53:10Z,h2h,Qinwen Zheng,1.58,,0.6329113924050632,0.601010101010101,0.2
2026-10-02T08:53:26.007991+00:00,2026-10-02T09:53:26.007991+01:00,ecfecd80927a50500f83832f5cb4bdcc,tennis_wta_china_open,WTA China Open,2026-10-03T04:00:00+00:00,2026-10-03T05:00:00+01:00,Qinwen Zheng,Anna Kalinskaya,casumo,Casumo,2026-10-02T08:52:51Z,h2h,Anna Kalinskaya,2.38,,0.42016806722689076,0.39746835443037976,0.2
2026-10-02T08:53:26.007991+00:00,2026-10-02T09:53:26.007991+01:00,ecfecd80927a50500f83832f5cb4bdcc,tennis_wta_china_open,WTA China Open,2026-10-03T04:00:00+00:00,2026-10-03T05:00:00+01:00,Qinwen Zheng,Anna Kalinskaya,casumo,Casumo,2026-10-02T08:52:51Z,h2h,Qinwen Zheng,1.57,,0.6369426751592356,0.6025316455696202,0.2
2026-10-02T08:53:26.007991+00:00,2026-10-02T09:53:26.007991+01:00,ecfecd80927a50500f83832f5cb4bdcc,tennis_wta_china_open,WTA China Open,2026-10-03T04:00:00+00:00,2026-10-03T05:00:00+01:00,Qinwen Zheng,Anna Kalinskaya,grosvenor,Grosvenor,2026-10-02T08:52:35Z,h2h,Anna Kalinskaya,2.38,,0.42016806722689076,0.39746835443037976,0.2
2026-10-02T08:53:26.007991+00:00,2026-10-02T09:53:26.007991+01:00,ecfecd80927a50500f83832f5cb4bdcc,tennis_wta_china_open,WTA China Open,2026-10-03T04:00:00+00:00,2026-10-03T05:00:00+01:00,Qinwen Zheng,Anna Kalinskaya,grosvenor,Grosvenor,2026-10-02T08:52:35Z,h2h,Qinwen Zheng,1.57,,0.6369426751592356,0.6025316455696202,0.2
2026-10-02T08:53:26.007991+00:00,2026-10-02T09:53:26.007991+01:00,ecfecd80927a50500f83832f5cb4bdcc,tennis_wta_china_open,WTA China Open,2026-10-03T04:00:00+00:00,2026-10-03T05:00:00+01:00,Qinwen Zheng,Anna Kalinskaya,virginbet,Virgin Bet,2026-10-02T08:52:51Z,h2h,Anna Kalinskaya,2.38,,0.42016806722689076,0.39898989898989906,0.2
2026-10-02T08:53:26.007991+00:00,2026-10-02T09:53:26.007991+01:00,ecfecd80927a50500f83832f5cb4bdcc,tennis_wta_china_open,WTA China Open,2026-10-03T04:00:00+00:00,2026-10-03T05:00:00+01:00,Qinwen Zheng,Anna Kalinskaya,virginbet,Virgin Bet,2026-10-02T08:52:51Z,h2h,Qinwen Zheng,1.58,,0.6329113924050632,0.601010101010101,0.2
2026-10-02T08:53:26.007991+00:00,2026-10-02T09:53:26.007991+01:00,ecfecd80927a50500f83832f5cb4bdcc,tennis_wta_china_open,WTA China Open,2026-10-03T04:00:00+00:00,2026-10-03T05:00:00+01:00,Qinwen Zheng,Anna Kalinskaya,boylesports,BoyleSports,2026-10-02T08:53:17Z,h2h,Anna Kalinskaya,2.38,,0.42016806722689076,0.391304347826087,0.2
2026-10-02T08:53:26.007991+00:00,2026-10-02T09:53:26.007991+01:00,ecfecd80927a50500f83832f5cb4bdcc,tennis_wta_china_open,WTA China Open,2026-10-03T04:00:00+00:00,2026-10-03T05:00:00+01:00,Qinwen Zheng,Anna Kalinskaya,boylesports,BoyleSports,2026-10-02T08:53:17Z,h2h,Qinwen Zheng,1.53,,0.6535947712418301,0.6086956521739131,0.2
2026-10-02T08:53:26.007991+00:00,2026-10-02T09:53:26.007991+01:00,ecfecd80927a50500f83832f5cb4bdcc,tennis_wta_china_open,WTA China Open,2026-10-03T04:00:00+00:00,2026-10-03T05:00:00+01:00,Qinwen Zheng,Anna Kalinskaya,coral,Coral,2026-10-02T08:52:52Z,h2h,Anna Kalinskaya,2.4,,0.4166666666666667,0.3893129770992367,0.2
2026-10-02T08:53:26.007991+00:00,2026-10-02T09:53:26.007991+01:00,ecfecd80927a50500f83832f5cb4bdcc,tennis_wta_china_open,WTA China Open,2026-10-03T04:00:00+00:00,2026-10-03T05:00:00+01:00,Qinwen Zheng,Anna Kalinskaya,coral,Coral,2026-10-02T08:52:52Z,h2h,Qinwen Zheng,1.53,,0.6535947712418301,0.6106870229007634,0.2
2026-10-02T08:53:26.007991+00:00,2026-10-02T09:53:26.007991+01:00,ecfecd80927a50500f83832f5cb4bdcc,tennis_wta_china_open,WTA China Open,2026-10-03T04:00:00+00:00,2026-10-03T05:00:00+01:00,Qinwen Zheng,Anna Kalinskaya,ladbrokes_uk,Ladbrokes,2026-10-02T08:52:51Z,h2h,Anna Kalinskaya,2.4,,0.4166666666666667,0.3893129770992367,0.2
2026-10-02T08:53:26.007991+00:00,2026-10-02T09:53:26.007991+01:00,ecfecd80927a50500f83832f5cb4bdcc,tennis_wta_china_open,WTA China Open,2026-10-03T04:00:00+00:00,2026-10-03T05:00:00+01:00,Qinwen Zheng,Anna Kalinskaya,ladbrokes_uk,Ladbrokes,2026-10-02T08:52:51Z,h2h,Qinwen Zheng,1.53,,0.6535947712418301,0.6106870229007634,0.2
2026-10-02T08:53:26.007991+00:00,2026-10-02T09:53:26.007991+01:00,ecfecd80927a50500f83832f5cb4bdcc,tennis_wta_china_open,WTA China Open,2026-10-03T04:00:00+00:00,2026-10-03T05:00:00+01:00,Qinwen Zheng,Anna Kalinskaya,williamhill,William Hill,2026-10-02T08:52:37Z,h2h,Anna Kalinskaya,2.5,,0.4,0.3796526054590571,0.2
2026-10-02T08:53:26.007991+00:00,2026-10-02T09:53:26.007991+01:00,ecfecd80927a50500f83832f5cb4bdcc,tennis_wta_china_open,WTA China Open,2026-10-03T04:00:00+00:00,2026-10-03T05:00:00+01:00,Qinwen Zheng,Anna Kalinskaya,williamhill,William Hill,2026-10-02T08:52:37Z,h2h,Qinwen Zheng,1.53,,0.6535947712418301,0.6203473945409429,0.2
2026-10-02T08:53:26.007991+00:00,2026-10-02T09:53:26.007991+01:00,e303eb0e6c5680aa21e6700e8a764253,tennis_wta_china_open,WTA China Open,2026-10-03T04:00:00+00:00,2026-10-03T05:00:00+01:00,Coco Gauff,Maria Camila Osorio Serrano,leovegas,LeoVegas,2026-10-02T08:52:34Z,h2h,Coco Gauff,1.06,,0.9433962264150942,0.8761682242990654,0.2
2026-10-02T08:53:26.007991+00:00,2026-10-02T09:53:26.007991+01:00,e303eb0e6c5680aa21e6700e8a764253,tennis_wta_china_open,WTA China Open,2026-10-03T04:00:00+00:00,2026-10-03T05:00:00+01:00,Coco Gauff,Maria Camila Osorio Serrano,leovegas,LeoVegas,2026-10-02T08:52:34Z,h2h,Maria Camila Osorio Serrano,7.5,,0.13333333333333333,0.12383177570093458,0.2
2026-10-02T08:53:26.007991+00:00,2026-10-02T09:53:26.007991+01:00,e303eb0e6c5680aa21e6700e8a764253,tennis_wta_china_open,WTA China Open,2026-10-03T04:00:00+00:00,2026-10-03T05:00:00+01:00,Coco Gauff,Maria Camila Osorio Serrano,betfair_ex_uk,Betfair,2026-10-02T08:53:12Z,h2h,Coco Gauff,1.1,,0.9090909090909091,0.9009009009009009,0.2
2026-10-02T08:53:26.007991+00:00,2026-10-02T09:53:26.007991+01:00,e303eb0e6c5680aa21e6700e8a764253,tennis_wta_china_open,WTA China Open,2026-10-03T04:00:00+00:00,2026-10-03T05:00:00+01:00,Coco Gauff,Maria Camila Osorio Serrano,betfair_ex_uk,Betfair,2026-10-02T08:53:12Z,h2h,Maria Camila Osorio Serrano,10.0,,0.1,0.09909909909909911,0.2
2026-10-02T08:53:26.007991+00:00,2026-10-02T09:53:26.007991+01:00,e303eb0e6c5680aa21e6700e8a764253,tennis_wta_china_open,WTA China Open,2026-10-03T04:00:00+00:00,2026-10-03T05:00:00+01:00,Coco Gauff,Maria Camila Osorio Serrano,betfair_ex_uk,Betfair,2026-10-02T08:53:12Z,h2h_lay,Coco Gauff,1.11,,0.9009009009009008,1.0,0.2
2026-10-02T08:53:26.007991+00:00,2026-10-02T09:53:26.007991+01:00,e303eb0e6c5680aa21e6700e8a764253,tennis_wta_china_open,WTA China Open,2026-10-03T04:00:00+00:00,2026-10-03T05:00:00+01:00,Coco Gauff,Maria Camila Osorio Serrano,betfair_ex_uk,Betfair,2026-10-02T08:53:12Z,h2h_lay,Maria Camila Osorio Serrano,10.5,,0.09523809523809523,1.0,0.2
2026-10-02T08:53:26.007991+00:00,2026-10-02T09:53:26.007991+01:00,e303eb0e6c5680aa21e6700e8a764253,tennis_wta_china_open,WTA China Open,2026-10-03T04:00:00+00:00,2026-10-03T05:00:00+01:00,Coco Gauff,Maria Camila Osorio Serrano,smarkets,Smarkets,2026-10-02T08:53:10Z,h2h,Coco Gauff,1.05,,0.9523809523809523,0.8590604026845637,0.2
2026-10-02T08:53:26.007991+00:00,2026-10-02T09:53:26.007991+01:00,e303eb0e6c5680aa21e6700e8a764253,tennis_wta_china_open,WTA China Open,2026-10-03T04:00:00+00:00,2026-10-03T05:00:00+01:00,Coco Gauff,Maria Camila Osorio Serrano,smarkets,Smarkets,2026-10-02T08:53:10Z,h2h,Maria Camila Osorio Serrano,6.4,,0.15625,0.14093959731543626,0.2
2026-10-02T08:53:26.007991+00:00,2026-10-02T09:53:26.007991+01:00,e303eb0e6c5680aa21e6700e8a764253,tennis_wta_china_open,WTA China Open,2026-10-03T04:00:00+00:00,2026-10-03T05:00:00+01:00,Coco Gauff,Maria Camila Osorio Serrano,smarkets,Smarkets,2026-10-02T08:53:10Z,h2h_lay,Coco Gauff,1.19,,0.8403361344537815,1.0,0.2
2026-10-02T08:53:26.007991+00:00,2026-10-02T09:53:26.007991+01:00,e303eb0e6c5680aa21e6700e8a764253,tennis_wta_china_open,WTA China Open,2026-10-03T04:00:00+00:00,2026-10-03T05:00:00+01:00,Coco Gauff,Maria Camila Osorio Serrano,smarkets,Smarkets,2026-10-02T08:53:10Z,h2h_lay,Maria Camila Osorio Serrano,17.99,,0.05558643690939411,1.0,0.2
2026-10-02T08:53:26.007991+00:00,2026-10-02T09:53:26.007991+01:00,e303eb0e6c5680aa21e6700e8a764253,tennis_wta_china_open,WTA China Open,2026-10-03T04:00:00+00:00,2026-10-03T05:00:00+01:00,Coco Gauff,Maria Camila Osorio Serrano,sport888,888sport,2026-10-02T08:52:50Z,h2h,Coco Gauff,1.06,,0.9433962264150942,0.8830022075055188,0.2
2026-10-02T08:53:26.007991+00:00,2026-10-02T09:53:26.007991+01:00,e303eb0e6c5680aa21e6700e8a764253,tennis_wta_china_open,WTA China Open,2026-10-03T04:00:00+00:00,2026-10-03T05:00:00+01:00,Coco Gauff,Maria Camila Osorio Serrano,sport888,888sport,2026-10-02T08:52:50Z,h2h,Maria Camila Osorio Serrano,8.0,,0.125,0.11699779249448126,0.2
2026-10-02T08:53:26.007991+00:00,2026-10-02T09:53:26.007991+01:00,e303eb0e6c5680aa21e6700e8a764253,tennis_wta_china_open,WTA China Open,2026-10-03T04:00:00+00:00,2026-10-03T05:00:00+01:00,Coco Gauff,Maria Camila Osorio Serrano,williamhill,William Hill,2026-10-02T08:52:37Z,h2h,Coco Gauff,1.07,,0.9345794392523364,0.8820286659316426,0.2
2026-10-02T08:53:26.007991+00:00,2026-10-02T09:53:26.007991+01:00,e303eb0e6c5680aa21e6700e8a764253,tennis_wta_china_open,WTA China Open,2026-10-03T04:00:00+00:00,2026-10-03T05:00:00+01:00,Coco Gauff,Maria Camila Osorio Serrano,williamhill,William Hill,2026-10-02T08:52:37Z,h2h,Maria Camila Osorio Serrano,8.0,,0.125,0.1179713340683572,0.2
2026-10-02T08:53:26.007991+00:00,2026-10-02T09:53:26.007991+01:00,e303eb0e6c5680aa21e6700e8a764253,tennis_wta_china_open,WTA China Open,2026-10-03T04:00:00+00:00,2026-10-03T05:00:00+01:00,Coco Gauff,Maria Camila Osorio Serrano,unibet_uk,Unibet (UK),2026-10-02T08:52:36Z,h2h,Coco Gauff,1.07,,0.9345794392523364,0.8751458576429404,0.2
2026-10-02T08:53:26.007991+00:00,2026-10-02T09:53:26.007991+01:00,e303eb0e6c5680aa21e6700e8a764253,tennis_wta_china_open,WTA China Open,2026-10-03T04:00:00+00:00,2026-10-03T05:00:00+01:00,Coco Gauff,Maria Camila Osorio Serrano,unibet_uk,Unibet (UK),2026-10-02T08:52:36Z,h2h,Maria Camila Osorio Serrano,7.5,,0.13333333333333333,0.1248541423570595,0.2
2026-10-02T08:53:26.007991+00:00,2026-10-02T09:53:26.007991+01:00,e303eb0e6c5680aa21e6700e8a764253,tennis_wta_china_open,WTA China Open,2026-10-03T04:00:00+00:00,2026-10-03T05:00:00+01:00,Coco Gauff,Maria Camila Osorio Serrano,paddypower,Paddy Power,2026-10-02T08:52:51Z,h2h,Coco Gauff,1.07,,0.9345794392523364,0.893743793445879,0.2
2026-10-02T08:53:26.007991+00:00,2026-10-02T09:53:26.007991+01:00,e303eb0e6c5680aa21e6700e8a764253,tennis_wta_china_open,WTA China Open,2026-10-03T04:00:00+00:00,2026-10-03T05:00:00+01:00,Coco Gauff,Maria Camila Osorio Serrano,paddypower,Paddy Power,2026-10-02T08:52:51Z,h2h,Maria Camila Osorio Serrano,9.0,,0.1111111111111111,0.10625620655412116,0.2
2026-10-02T08:53:26.007991+00:00,2026-10-02T09:53:26.007991+01:00,e303eb0e6c5680aa21e6700e8a764253,tennis_wta_china_open,WTA China Open,2026-10-03T04:00:00+00:00,2026-10-03T05:00:00+01:00,Coco Gauff,Maria Camila Osorio Serrano,betway,Betway,2026-10-02T08:53:11Z,h2h,Coco Gauff,1.07,,0.9345794392523364,0.8881922675026124,0.2
2026-10-02T08:53:26.007991+00:00,2026-10-02T09:53:26.007991+01:00,e303eb0e6c5680aa21e6700e8a764253,tennis_wta_china_open,WTA China Open,2026-10-03T04:00:00+00:00,2026-10-03T05:00:00+01:00,Coco Gauff,Maria Camila Osorio Serrano,betway,Betway,2026-10-02T08:53:11Z,h2h,Maria Camila Osorio Serrano,8.5,,0.11764705882352941,0.11180773249738768,0.2
2026-10-02T08:53:26.007991+00:00,2026-10-02T09:53:26.007991+01:00,e303eb0e6c5680aa21e6700e8a764253,tennis_wta_china_open,WTA China Open,2026-10-03T04:00:00+00:00,2026-10-03T05:00:00+01:00,Coco Gauff,Maria Camila Osorio Serrano,skybet,Sky Bet,2026-10-02T08:52:51Z,h2h,Coco Gauff,1.07,,0.9345794392523364,0.893743793445879,0.2
2026-10-02T08:53:26.007991+00:00,2026-10-02T09:53:26.007991+01:00,e303eb0e6c5680aa21e6700e8a764253,tennis_wta_china_open,WTA China Open,2026-10-03T04:00:00+00:00,2026-10-03T05:00:00+01:00,Coco Gauff,Maria Camila Osorio Serrano,skybet,Sky Bet,2026-10-02T08:52:51Z,h2h,Maria Camila Osorio Serrano,9.0,,0.1111111111111111,0.10625620655412116,0.2
2026-10-02T08:53:26.007991+00:00,2026-10-02T09:53:26.007991+01:00,e303eb0e6c5680aa21e6700e8a764253,tennis_wta_china_open,WTA China Open,2026-10-03T04:00:00+00:00,2026-10-03T05:00:00+01:00,Coco Gauff,Maria Camila Osorio Serrano,casumo,Casumo,2026-10-02T08:52:51Z,h2h,Coco Gauff,1.11,,0.9009009009009008,0.8541392904073586,0.2
2026-10-02T08:53:26.007991+00:00,2026-10-02T09:53:26.007991+01:00,e303eb0e6c5680aa21e6700e8a764253,tennis_wta_china_open,WTA China Open,2026-10-03T04:00:00+00:00,2026-10-03T05:00:00+01:00,Coco Gauff,Maria Camila Osorio Serrano,casumo,Casumo,2026-10-02T08:52:51Z,h2h,Maria Camila Osorio Serrano,6.5,,0.15384615384615385,0.14586070959264127,0.2
2026-10-02T08:53:26.007991+00:00,2026-10-02T09:53:26.007991+01:00,e303eb0e6c5680aa21e6700e8a764253,tennis_wta_china_open,WTA China Open,2026-10-03T04:00:00+00:00,2026-10-03T05:00:00+01:00,Coco Gauff,Maria Camila Osorio Serrano,virginbet,Virgin Bet,2026-10-02T08:52:51Z,h2h,Coco Gauff,1.11,,0.9009009009009008,0.8541392904073586,0.2
2026-10-02T08:53:26.007991+00:00,2026-10-02T09:53:26.007991+01:00,e303eb0e6c5680aa21e6700e8a764253,tennis_wta_china_open,WTA China Open,2026-10-03T04:00:00+00:00,2026-10-03T05:00:00+01:00,Coco Gauff,Maria Camila Osorio Serrano,virginbet,Virgin Bet,2026-10-02T08:52:51Z,h2h,Maria Camila Osorio Serrano,6.5,,0.15384615384615385,0.14586070959264127,0.2
2026-10-02T08:53:26.007991+00:00,2026-10-02T09:53:26.007991+01:00,e303eb0e6c5680aa21e6700e8a764253,tennis_wta_china_open,WTA China Open,2026-10-03T04:00:00+00:00,2026-10-03T05:00:00+01:00,Coco Gauff,Maria Camila Osorio Serrano,livescorebet,LiveScore Bet,2026-10-02T08:53:10Z,h2h,Coco Gauff,1.11,,0.9009009009009008,0.8541392904073586,0.2
2026-10-02T08:53:26.007991+00:00,2026-10-02T09:53:26.007991+01:00,e303eb0e6c5680aa21e6700e8a764253,tennis_wta_china_open,WTA China Open,2026-10-03T04:00:00+00:00,2026-10-03T05:00:00+01:00,Coco Gauff,Maria Camila Osorio Serrano,livescorebet,LiveScore Bet,2026-10-02T08:53:10Z,h2h,Maria Camila Osorio Serrano,6.5,,0.15384615384615385,0.14586070959264127,0.2
2026-10-02T08:53:26.007991+00:00,2026-10-02T09:53:26.007991+01:00,e303eb0e6c5680aa21e6700e8a764253,tennis_wta_china_open,WTA China Open,2026-10-03T04:00:00+00:00,2026-10-03T05:00:00+01:00,Coco Gauff,Maria Camila Osorio Serrano,grosvenor,Grosvenor,2026-10-02T08:52:35Z,h2h,Coco Gauff,1.11,,0.9009009009009008,0.8541392904073586,0.2
2026-10-02T08:53:26.007991+00:00,2026-10-02T09:53:26.007991+01:00,e303eb0e6c5680aa21e6700e8a764253,tennis_wta_china_open,WTA China Open,2026-10-03T04:00:00+00:00,2026-10-03T05:00:00+01:00,Coco Gauff,Maria Camila Osorio Serrano,grosvenor,Grosvenor,2026-10-02T08:52:35Z,h2h,Maria Camila Osorio Serrano,6.5,,0.15384615384615385,0.14586070959264127,0.2
2026-10-02T08:53:26.007991+00:00,2026-10-02T09:53:26.007991+01:00,e303eb0e6c5680aa21e6700e8a764253,tennis_wta_china_open,WTA China Open,2026-10-03T04:00:00+00:00,2026-10-03T05:00:00+01:00,Coco Gauff,Maria Camila Osorio Serrano,coral,Coral,2026-10-02T08:52:52Z,h2h,Coco Gauff,1.06,,0.9433962264150942,0.8946322067594434,0.2
2026-10-02T08:53:26.007991+00:00,2026-10-02T09:53:26.007991+01:00,e303eb0e6c5680aa21e6700e8a764253,tennis_wta_china_open,WTA China Open,2026-10-03T04:00:00+00:00,2026-10-03T05:00:00+01:00,Coco Gauff,Maria Camila Osorio Serrano,coral,Coral,2026-10-02T08:52:52Z,h2h,Maria Camila Osorio Serrano,9.0,,0.1111111111111111,0.10536779324055667,0.2
2026-10-02T08:53:26.007991+00:00,2026-10-02T09:53:26.007991+01:00,e303eb0e6c5680aa21e6700e8a764253,tennis_wta_china_open,WTA China Open,2026-10-03T04:00:00+00:00,2026-10-03T05:00:00+01:00,Coco Gauff,Maria Camila Osorio Serrano,ladbrokes_uk,Ladbrokes,2026-10-02T08:52:51Z,h2h,Coco Gauff,1.06,,0.9433962264150942,0.8946322067594434,0.2
2026-10-02T08:53:26.007991+00:00,2026-10-02T09:53:26.007991+01:00,e303eb0e6c5680aa21e6700e8a764253,tennis_wta_china_open,WTA China Open,2026-10-03T04:00:00+00:00,2026-10-03T05:00:00+01:00,Coco Gauff,Maria Camila Osorio Serrano,ladbrokes_uk,Ladbrokes,2026-10-02T08:52:51Z,h2h,Maria Camila Osorio Serrano,9.0,,0.1111111111111111,0.10536779324055667,0.2
2026-10-02T08:53:26.007991+00:00,2026-10-02T09:53:26.007991+01:00,e303eb0e6c5680aa21e6700e8a764253,tennis_wta_china_open,WTA China Open,2026-10-03T04:00:00+00:00,2026-10-03T05:00:00+01:00,Coco Gauff,Maria Camila Osorio Serrano,matchbook,Matchbook,2026-10-02T08:53:10Z,h2h,Coco Gauff,1.1,,0.9090909090909091,0.9009009009009009,0.2
2026-10-02T08:53:26.007991+00:00,2026-10-02T09:53:26.007991+01:00,e303eb0e6c5680aa21e6700e8a764253,tennis_wta_china_open,WTA China Open,2026-10-03T04:00:00+00:00,2026-10-03T05:00:00+01:00,Coco Gauff,Maria Camila Osorio Serrano,matchbook,Matchbook,2026-10-02T08:53:10Z,h2h,Maria Camila Osorio Serrano,10.0,,0.1,0.09909909909909911,0.2
2026-10-02T08:53:26.007991+00:00,2026-10-02T09:53:26.007991+01:00,e303eb0e6c5680aa21e6700e8a764253,tennis_wta_china_open,WTA China Open,2026-10-03T04:00:00+00:00,2026-10-03T05:00:00+01:00,Coco Gauff,Maria Camila Osorio Serrano,matchbook,Matchbook,2026-10-02T08:53:10Z,h2h_lay,Coco Gauff,1.11,,0.9009009009009008,1.0,0.2
2026-10-02T08:53:26.007991+00:00,2026-10-02T09:53:26.007991+01:00,e303eb0e6c5680aa21e6700e8a764253,tennis_wta_china_open,WTA China Open,2026-10-03T04:00:00+00:00,2026-10-03T05:00:00+01:00,Coco Gauff,Maria Camila Osorio Serrano,matchbook,Matchbook,2026-10-02T08:53:10Z,h2h_lay,Maria Camila Osorio Serrano,11.0,,0.09090909090909091,1.0,0.2
2026-10-02T08:53:26.007991+00:00,2026-10-02T09:53:26.007991+01:00,e303eb0e6c5680aa21e6700e8a764253,tennis_wta_china_open,WTA China Open,2026-10-03T04:00:00+00:00,2026-10-03T05:00:00+01:00,Coco Gauff,Maria Camila Osorio Serrano,betano_uk,Betano (UK),2026-10-02T08:53:26Z,h2h,Coco Gauff,1.08,,0.9259259259259258,0.8575197889182057,0.2
2026-10-02T08:53:26.007991+00:00,2026-10-02T09:53:26.007991+01:00,e303eb0e6c5680aa21e6700e8a764253,tennis_wta_china_open,WTA China Open,2026-10-03T04:00:00+00:00,2026-10-03T05:00:00+01:00,Coco Gauff,Maria Camila Osorio Serrano,betano_uk,Betano (UK),2026-10-02T08:53:26Z,h2h,Maria Camila Osorio Serrano,6.5,,0.15384615384615385,0.1424802110817942,0.2
2026-10-02T08:53:26.007991+00:00,2026-10-02T09:53:26.007991+01:00,e303eb0e6c5680aa21e6700e8a764253,tennis_wta_china_open,WTA China Open,2026-10-03T04:00:00+00:00,2026-10-03T05:00:00+01:00,Coco Gauff,Maria Camila Osorio Serrano,betvictor,Bet Victor,2026-10-02T08:51:59Z,h2h,Coco Gauff,1.08,,0.9259259259259258,0.8575197889182057,0.2
2026-10-02T08:53:26.007991+00:00,2026-10-02T09:53:26.007991+01:00,e303eb0e6c5680aa21e6700e8a764253,tennis_wta_china_open,WTA China Open,2026-10-03T04:00:00+00:00,2026-10-03T05:00:00+01:00,Coco Gauff,Maria Camila Osorio Serrano,betvictor,Bet Victor,2026-10-02T08:51:59Z,h2h,Maria Camila Osorio Serrano,6.5,,0.15384615384615385,0.1424802110817942,0.2
2026-10-02T08:53:26.007991+00:00,2026-10-02T09:53:26.007991+01:00,e303eb0e6c5680aa21e6700e8a764253,tennis_wta_china_open,WTA China Open,2026-10-03T04:00:00+00:00,2026-10-03T05:00:00+01:00,Coco Gauff,Maria Camila Osorio Serrano,betfair_sb_uk,Betfair Sportsbook,2026-10-02T08:51:15Z,h2h,Coco Gauff,1.07,,0.9345794392523364,0.8820286659316426,0.2
2026-10-02T08:53:26.007991+00:00,2026-10-02T09:53:26.007991+01:00,e303eb0e6c5680aa21e6700e8a764253,tennis_wta_china_open,WTA China Open,2026-10-03T04:00:00+00:00,2026-10-03T05:00:00+01:00,Coco Gauff,Maria Camila Osorio Serrano,betfair_sb_uk,Betfair Sportsbook,2026-10-02T08:51:15Z,h2h,Maria Camila Osorio Serrano,8.0,,0.125,0.1179713340683572,0.2
2026-10-02T08:53:26.007991+00:00,2026-10-02T09:53:26.007991+01:00,c666871f9f247e6d225d808cf0a40c51,tennis_wta_china_open,WTA China Open,2026-10-03T04:00:00+00:00,2026-10-03T05:00:00+01:00,Sun Xinran,Cristina Bucsa,betway,Betway,2026-10-02T08:53:11Z,h2h,Cristina Bucsa,1.44,,0.6944444444444444,0.6563245823389022,0.2
2026-10-02T08:53:26.007991+00:00,2026-10-02T09:53:26.007991+01:00,c666871f9f247e6d225d808cf0a40c51,tennis_wta_china_open,WTA China Open,2026-10-03T04:00:00+00:00,2026-10-03T05:00:00+01:00,Sun Xinran,Cristina Bucsa,betway,Betway,2026-10-02T08:53:11Z,h2h,Sun Xinran,2.75,,0.36363636363636365,0.3436754176610979,0.2
2026-10-02T08:53:26.007991+00:00,2026-10-02T09:53:26.007991+01:00,c666871f9f247e6d225d808cf0a40c51,tennis_wta_china_open,WTA China Open,2026-10-03T04:00:00+00:00,2026-10-03T05:00:00+01:00,Sun Xinran,Cristina Bucsa,unibet_uk,Unibet (UK),2026-10-02T08:52:36Z,h2h,Cristina Bucsa,1.42,,0.7042253521126761,0.6553398058252428,0.2
2026-10-02T08:53:26.007991+00:00,2026-10-02T09:53:26.007991+01:00,c666871f9f247e6d225d808cf0a40c51,tennis_wta_china_open,WTA China Open,2026-10-03T04:00:00+00:00,2026-10-03T05:00:00+01:00,Sun Xinran,Cristina Bucsa,unibet_uk,Unibet (UK),2026-10-02T08:52:36Z,h2h,Sun Xinran,2.7,,0.37037037037037035,0.34466019417475724,0.2
2026-10-02T08:53:26.007991+00:00,2026-10-02T09:53:26.007991+01:00,c666871f9f247e6d225d808cf0a40c51,tennis_wta_china_open,WTA China Open,2026-10-03T04:00:00+00:00,2026-10-03T05:00:00+01:00,Sun Xinran,Cristina Bucsa,smarkets,Smarkets,2026-10-02T08:53:10Z,h2h,Cristina Bucsa,1.4,,0.7142857142857143,0.6682464454976303,0.2
2026-10-02T08:53:26.007991+00:00,2026-10-02T09:53:26.007991+01:00,c666871f9f247e6d225d808cf0a40c51,tennis_wta_china_open,WTA China Open,2026-10-03T04:00:00+00:00,2026-10-03T05:00:00+01:00,Sun Xinran,Cristina Bucsa,smarkets,Smarkets,2026-10-02T08:53:10Z,h2h,Sun Xinran,2.82,,0.3546099290780142,0.3317535545023697,0.2
2026-10-02T08:53:26.007991+00:00,2026-10-02T09:53:26.007991+01:00,c666871f9f247e6d225d808cf0a40c51,tennis_wta_china_open,WTA China Open,2026-10-03T04:00:00+00:00,2026-10-03T05:00:00+01:00,Sun Xinran,Cristina Bucsa,smarkets,Smarkets,2026-10-02T08:53:10Z,h2h_lay,Cristina Bucsa,1.63,,0.6134969325153374,1.0,0.2
2026-10-02T08:53:26.007991+00:00,2026-10-02T09:53:26.007991+01:00,c666871f9f247e6d225d808cf0a40c51,tennis_wta_china_open,WTA China Open,2026-10-03T04:00:00+00:00,2026-10-03T05:00:00+01:00,Sun Xinran,Cristina Bucsa,smarkets,Smarkets,2026-10-02T08:53:10Z,h2h_lay,Sun Xinran,3.4,,0.29411764705882354,1.0,0.2
2026-10-02T08:53:26.007991+00:00,2026-10-02T09:53:26.007991+01:00,c666871f9f247e6d225d808cf0a40c51,tennis_wta_china_open,WTA China Open,2026-10-03T04:00:00+00:00,2026-10-03T05:00:00+01:00,Sun Xinran,Cristina Bucsa,betfair_ex_uk,Betfair,2026-10-02T08:53:12Z,h2h,Cristina Bucsa,1.48,,0.6756756756756757,0.6696428571428572,0.2
2026-10-02T08:53:26.007991+00:00,2026-10-02T09:53:26.007991+01:00,c666871f9f247e6d225d808cf0a40c51,tennis_wta_china_open,WTA China Open,2026-10-03T04:00:00+00:00,2026-10-03T05:00:00+01:00,Sun Xinran,Cristina Bucsa,betfair_ex_uk,Betfair,2026-10-02T08:53:12Z,h2h,Sun Xinran,3.0,,0.3333333333333333,0.33035714285714285,0.2
2026-10-02T08:53:26.007991+00:00,2026-10-02T09:53:26.007991+01:00,c666871f9f247e6d225d808cf0a40c51,tennis_wta_china_open,WTA China Open,2026-10-03T04:00:00+00:00,2026-10-03T05:00:00+01:00,Sun Xinran,Cristina Bucsa,betfair_ex_uk,Betfair,2026-10-02T08:53:12Z,h2h_lay,Cristina Bucsa,1.5,,0.6666666666666666,1.0,0.2
2026-10-02T08:53:26.007991+00:00,2026-10-02T09:53:26.007991+01:00,c666871f9f247e6d225d808cf0a40c51,tennis_wta_china_open,WTA China Open,2026-10-03T04:00:00+00:00,2026-10-03T05:00:00+01:00,Sun Xinran,Cristina Bucsa,betfair_ex_uk,Betfair,2026-10-02T08:53:12Z,h2h_lay,Sun Xinran,3.1,,0.3225806451612903,1.0,0.2
2026-10-02T08:53:26.007991+00:00,2026-10-02T09:53:26.007991+01:00,c666871f9f247e6d225d808cf0a40c51,tennis_wta_china_open,WTA China Open,2026-10-03T04:00:00+00:00,2026-10-03T05:00:00+01:00,Sun Xinran,Cristina Bucsa,leovegas,LeoVegas,2026-10-02T08:52:34Z,h2h,Cristina Bucsa,1.4,,0.7142857142857143,0.6626506024096386,0.2
2026-10-02T08:53:26.007991+00:00,2026-10-02T09:53:26.007991+01:00,c666871f9f247e6d225d808cf0a40c51,tennis_wta_china_open,WTA China Open,2026-10-03T04:00:00+00:00,2026-10-03T05:00:00+01:00,Sun Xinran,Cristina Bucsa,leovegas,LeoVegas,2026-10-02T08:52:34Z,h2h,Sun Xinran,2.75,,0.36363636363636365,0.3373493975903614,0.2
2026-10-02T08:53:26.007991+00:00,2026-10-02T09:53:26.007991+01:00,c666871f9f247e6d225d808cf0a40c51,tennis_wta_china_open,WTA China Open,2026-10-03T04:00:00+00:00,2026-10-03T05:00:00+01:00,Sun Xinran,Cristina Bucsa,sport888,888sport,2026-10-02T08:52:50Z,h2h,Cristina Bucsa,1.4,,0.7142857142857143,0.6744186046511629,0.2
2026-10-02T08:53:26.007991+00:00,2026-10-02T09:53:26.007991+01:00,c666871f9f247e6d225d808cf0a40c51,tennis_wta_china_open,WTA China Open,2026-10-03T04:00:00+00:00,2026-10-03T05:00:00+01:00,Sun Xinran,Cristina Bucsa,sport888,888sport,2026-10-02T08:52:50Z,h2h,Sun Xinran,2.9,,0.3448275862068966,0.32558139534883723,0.2
2026-10-02T08:53:26.007991+00:00,2026-10-02T09:53:26.007991+01:00,c666871f9f247e6d225d808cf0a40c51,tennis_wta_china_open,WTA China Open,2026-10-03T04:00:00+00:00,2026-10-03T05:00:00+01:00,Sun Xinran,Cristina Bucsa,paddypower,Paddy Power,2026-10-02T08:52:51Z,h2h,Cristina Bucsa,1.44,,0.6944444444444444,0.6521739130434782,0.2
2026-10-02T08:53:26.007991+00:00,2026-10-02T09:53:26.007991+01:00,c666871f9f247e6d225d808cf0a40c51,tennis_wta_china_open,WTA China Open,2026-10-03T04:00:00+00:00,2026-10-03T05:00:00+01:00,Sun Xinran,Cristina Bucsa,paddypower,Paddy Power,2026-10-02T08:52:51Z,h2h,Sun Xinran,2.7,,0.37037037037037035,0.3478260869565217,0.2
2026-10-02T08:53:26.007991+00:00,2026-10-02T09:53:26.007991+01:00,c666871f9f247e6d225d808cf0a40c51,tennis_wta_china_open,WTA China Open,2026-10-03T04:00:00+00:00,2026-10-03T05:00:00+01:00,Sun Xinran,Cristina Bucsa,skybet,Sky Bet,2026-10-02T08:52:51Z,h2h,Cristina Bucsa,1.44,,0.6944444444444444,0.6461916461916463,0.2
2026-10-02T08:53:26.007991+00:00,2026-10-02T09:53:26.007991+01:00,c666871f9f247e6d225d808cf0a40c51,tennis_wta_china_open,WTA China Open,2026-10-03T04:00:00+00:00,2026-10-03T05:00:00+01:00,Sun Xinran,Cristina Bucsa,skybet,Sky Bet,2026-10-02T08:52:51Z,h2h,Sun Xinran,2.63,,0.3802281368821293,0.35380835380835385,0.2
2026-10-02T08:53:26.007991+00:00,2026-10-02T09:53:26.007991+01:00,c666871f9f247e6d225d808cf0a40c51,tennis_wta_china_open,WTA China Open,2026-10-03T04:00:00+00:00,2026-10-03T05:00:00+01:00,Sun Xinran,Cristina Bucsa,matchbook,Matchbook,2026-10-02T08:53:10Z,h2h,Cristina Bucsa,1.49,,0.6711409395973155,0.6666666666666666,0.2
2026-10-02T08:53:26.007991+00:00,2026-10-02T09:53:26.007991+01:00,c666871f9f247e6d225d808cf0a40c51,tennis_wta_china_open,WTA China Open,2026-10-03T04:00:00+00:00,2026-10-03T05:00:00+01:00,Sun Xinran,Cristina Bucsa,matchbook,Matchbook,2026-10-02T08:53:10Z,h2h,Sun Xinran,2.98,,0.33557046979865773,0.3333333333333333,0.2
2026-10-02T08:53:26.007991+00:00,2026-10-02T09:53:26.007991+01:00,c666871f9f247e6d225d808cf0a40c51,tennis_wta_china_open,WTA China Open,2026-10-03T04:00:00+00:00,2026-10-03T05:00:00+01:00,Sun Xinran,Cristina Bucsa,matchbook,Matchbook,2026-10-02T08:53:10Z,h2h_lay,Cristina Bucsa,1.51,,0.6622516556291391,1.0,0.2
2026-10-02T08:53:26.007991+00:00,2026-10-02T09:53:26.007991+01:00,c666871f9f247e6d225d808cf0a40c51,tennis_wta_china_open,WTA China Open,2026-10-03T04:00:00+00:00,2026-10-03T05:00:00+01:00,Sun Xinran,Cristina Bucsa,matchbook,Matchbook,2026-10-02T08:53:10Z,h2h_lay,Sun Xinran,3.05,,0.3278688524590164,1.0,0.2
2026-10-02T08:53:26.007991+00:00,2026-10-02T09:53:26.007991+01:00,c666871f9f247e6d225d808cf0a40c51,tennis_wta_china_open,WTA China Open,2026-10-03T04:00:00+00:00,2026-10-03T05:00:00+01:00,Sun Xinran,Cristina Bucsa,virginbet,Virgin Bet,2026-10-02T08:52:51Z,h2h,Cristina Bucsa,1.43,,0.6993006993006994,0.6658878504672897,0.2
2026-10-02T08:53:26.007991+00:00,2026-10-02T09:53:26.007991+01:00,c666871f9f247e6d225d808cf0a40c51,tennis_wta_china_open,WTA China Open,2026-10-03T04:00:00+00:00,2026-10-03T05:00:00+01:00,Sun Xinran,Cristina Bucsa,virginbet,Virgin Bet,2026-10-02T08:52:51Z,h2h,Sun Xinran,2.85,,0.3508771929824561,0.33411214953271023,0.2
2026-10-02T08:53:26.007991+00:00,2026-10-02T09:53:26.007991+01:00,c666871f9f247e6d225d808cf0a40c51,tennis_wta_china_open,WTA China Open,2026-10-03T04:00:00+00:00,2026-10-03T05:00:00+01:00,Sun Xinran,Cristina Bucsa,livescorebet,LiveScore Bet,2026-10-02T08:53:10Z,h2h,Cristina Bucsa,1.43,,0.6993006993006994,0.6658878504672897,0.2
2026-10-02T08:53:26.007991+00:00,2026-10-02T09:53:26.007991+01:00,c666871f9f247e6d225d808cf0a40c51,tennis_wta_china_open,WTA China Open,2026-10-03T04:00:00+00:00,2026-10-03T05:00:00+01:00,Sun Xinran,Cristina Bucsa,livescorebet,LiveScore Bet,2026-10-02T08:53:10Z,h2h,Sun Xinran,2.85,,0.3508771929824561,0.33411214953271023,0.2
2026-10-02T08:53:26.007991+00:00,2026-10-02T09:53:26.007991+01:00,c666871f9f247e6d225d808cf0a40c51,tennis_wta_china_open,WTA China Open,2026-10-03T04:00:00+00:00,2026-10-03T05:00:00+01:00,Sun Xinran,Cristina Bucsa,casumo,Casumo,2026-10-02T08:52:51Z,h2h,Cristina Bucsa,1.43,,0.6993006993006994,0.6658878504672897,0.2
2026-10-02T08:53:26.007991+00:00,2026-10-02T09:53:26.007991+01:00,c666871f9f247e6d225d808cf0a40c51,tennis_wta_china_open,WTA China Open,2026-10-03T04:00:00+00:00,2026-10-03T05:00:00+01:00,Sun Xinran,Cristina Bucsa,casumo,Casumo,2026-10-02T08:52:51Z,h2h,Sun Xinran,2.85,,0.3508771929824561,0.33411214953271023,0.2
2026-10-02T08:53:26.007991+00:00,2026-10-02T09:53:26.007991+01:00,c666871f9f247e6d225d808cf0a40c51,tennis_wta_china_open,WTA China Open,2026-10-03T04:00:00+00:00,2026-10-03T05:00:00+01:00,Sun Xinran,Cristina Bucsa,grosvenor,Grosvenor,2026-10-02T08:52:35Z,h2h,Cristina Bucsa,1.43,,0.6993006993006994,0.6658878504672897,0.2
2026-10-02T08:53:26.007991+00:00,2026-10-02T09:53:26.007991+01:00,c666871f9f247e6d225d808cf0a40c51,tennis_wta_china_open,WTA China Open,2026-10-03T04:00:00+00:00,2026-10-03T05:00:00+01:00,Sun Xinran,Cristina Bucsa,grosvenor,Grosvenor,2026-10-02T08:52:35Z,h2h,Sun Xinran,2.85,,0.3508771929824561,0.33411214953271023,0.2
2026-10-02T08:53:26.007991+00:00,2026-10-02T09:53:26.007991+01:00,c666871f9f247e6d225d808cf0a40c51,tennis_wta_china_open,WTA China Open,2026-10-03T04:00:00+00:00,2026-10-03T05:00:00+01:00,Sun Xinran,Cristina Bucsa,betano_uk,Betano (UK),2026-10-02T08:53:26Z,h2h,Cristina Bucsa,1.4,,0.7142857142857143,0.6585365853658537,0.2
2026-10-02T08:53:26.007991+00:00,2026-10-02T09:53:26.007991+01:00,c666871f9f247e6d225d808cf0a40c51,tennis_wta_china_open,WTA China Open,2026-10-03T04:00:00+00:00,2026-10-03T05:00:00+01:00,Sun Xinran,Cristina Bucsa,betano_uk,Betano (UK),2026-10-02T08:53:26Z,h2h,Sun Xinran,2.7,,0.37037037037037035,0.3414634146341463,0.2
2026-10-02T08:53:26.007991+00:00,2026-10-02T09:53:26.007991+01:00,c666871f9f247e6d225d808cf0a40c51,tennis_wta_china_open,WTA China Open,2026-10-03T04:00:00+00:00,2026-10-03T05:00:00+01:00,Sun Xinran,Cristina Bucsa,betvictor,Bet Victor,2026-10-02T08:51:59Z,h2h,Cristina Bucsa,1.4,,0.7142857142857143,0.6585365853658537,0.2
2026-10-02T08:53:26.007991+00:00,2026-10-02T09:53:26.007991+01:00,c666871f9f247e6d225d808cf0a40c51,tennis_wta_china_open,WTA China Open,2026-10-03T04:00:00+00:00,2026-10-03T05:00:00+01:00,Sun Xinran,Cristina Bucsa,betvictor,Bet Victor,2026-10-02T08:51:59Z,h2h,Sun Xinran,2.7,,0.37037037037037035,0.3414634146341463,0.2
2026-10-02T08:53:26.007991+00:00,2026-10-02T09:53:26.007991+01:00,c666871f9f247e6d225d808cf0a40c51,tennis_wta_china_open,WTA China Open,2026-10-03T04:00:00+00:00,2026-10-03T05:00:00+01:00,Sun Xinran,Cristina Bucsa,boylesports,BoyleSports,2026-10-02T08:53:17Z,h2h,Cristina Bucsa,1.4,,0.7142857142857143,0.6585365853658537,0.2
2026-10-02T08:53:26.007991+00:00,2026-10-02T09:53:26.007991+01:00,c666871f9f247e6d225d808cf0a40c51,tennis_wta_china_open,WTA China Open,2026-10-03T04:00:00+00:00,2026-10-03T05:00:00+01:00,Sun Xinran,Cristina Bucsa,boylesports,BoyleSports,2026-10-02T08:53:17Z,h2h,Sun Xinran,2.7,,0.37037037037037035,0.3414634146341463,0.2
2026-10-02T08:53:26.007991+00:00,2026-10-02T09:53:26.007991+01:00,c666871f9f247e6d225d808cf0a40c51,tennis_wta_china_open,WTA China Open,2026-10-03T04:00:00+00:00,2026-10-03T05:00:00+01:00,Sun Xinran,Cristina Bucsa,williamhill,William Hill,2026-10-02T08:52:37Z,h2h,Cristina Bucsa,1.4,,0.7142857142857143,0.6744186046511629,0.2
2026-10-02T08:53:26.007991+00:00,2026-10-02T09:53:26.007991+01:00,c666871f9f247e6d225d808cf0a40c51,tennis_wta_china_open,WTA China Open,2026-10-03T04:00:00+00:00,2026-10-03T05:00:00+01:00,Sun Xinran,Cristina Bucsa,williamhill,William Hill,2026-10-02T08:52:37Z,h2h,Sun Xinran,2.9,,0.3448275862068966,0.32558139534883723,0.2
2026-10-02T08:53:26.007991+00:00,2026-10-02T09:53:26.007991+01:00,ec364c645968d3b9192abc7859203a77,tennis_wta_china_open,WTA China Open,2026-10-03T04:00:00+00:00,2026-10-03T05:00:00+01:00,Donna Vekic,Lin Zhu,sport888,888sport,2026-10-02T08:52:50Z,h2h,Donna Vekic,1.53,,0.6535947712418301,0.6203473945409429,0.2
2026-10-02T08:53:26.007991+00:00,2026-10-02T09:53:26.007991+01:00,ec364c645968d3b9192abc7859203a77,tennis_wta_china_open,WTA China Open,2026-10-03T04:00:00+00:00,2026-10-03T05:00:00+01:00,Donna Vekic,Lin Zhu,sport888,888sport,2026-10-02T08:52:50Z,h2h,Lin Zhu,2.5,,0.4,0.3796526054590571,0.2
2026-10-02T08:53:26.007991+00:00,2026-10-02T09:53:26.007991+01:00,ec364c645968d3b9192abc7859203a77,tennis_wta_china_open,WTA China Open,2026-10-03T04:00:00+00:00,2026-10-03T05:00:00+01:00,Donna Vekic,Lin Zhu,betfair_ex_uk,Betfair,2026-10-02T08:53:12Z,h2h,Donna Vekic,1.56,,0.641025641025641,0.6338028169014085,0.2
2026-10-02T08:53:26.007991+00:00,2026-10-02T09:53:26.007991+01:00,ec364c645968d3b9192abc7859203a77,tennis_wta_china_open,WTA China Open,2026-10-03T04:00:00+00:00,2026-10-03T05:00:00+01:00,Donna Vekic,Lin Zhu,betfair_ex_uk,Betfair,2026-10-02T08:53:12Z,h2h,Lin Zhu,2.7,,0.37037037037037035,0.3661971830985916,0.2
2026-10-02T08:53:26.007991+00:00,2026-10-02T09:53:26.007991+01:00,ec364c645968d3b9192abc7859203a77,tennis_wta_china_open,WTA China Open,2026-10-03T04:00:00+00:00,2026-10-03T05:00:00+01:00,Donna Vekic,Lin Zhu,betfair_ex_uk,Betfair,2026-10-02T08:53:12Z,h2h_lay,Donna Vekic,1.59,,0.6289308176100629,1.0,0.2
2026-10-02T08:53:26.007991+00:00,2026-10-02T09:53:26.007991+01:00,ec364c645968d3b9192abc7859203a77,tennis_wta_china_open,WTA China Open,2026-10-03T04:00:00+00:00,2026-10-03T05:00:00+01:00,Donna Vekic,Lin Zhu,betfair_ex_uk,Betfair,2026-10-02T08:53:12Z,h2h_lay,Lin Zhu,2.8,,0.35714285714285715,1.0,0.2
2026-10-02T08:53:26.007991+00:00,2026-10-02T09:53:26.007991+01:00,ec364c645968d3b9192abc7859203a77,tennis_wta_china_open,WTA China Open,2026-10-03T04:00:00+00:00,2026-10-03T05:00:00+01:00,Donna Vekic,Lin Zhu,williamhill,William Hill,2026-10-02T08:52:37Z,h2h,Donna Vekic,1.53,,0.6535947712418301,0.6203473945409429,0.2
2026-10-02T08:53:26.007991+00:00,2026-10-02T09:53:26.007991+01:00,ec364c645968d3b9192abc7859203a77,tennis_wta_china_open,WTA China Open,2026-10-03T04:00:00+00:00,2026-10-03T05:00:00+01:00,Donna Vekic,Lin Zhu,williamhill,William Hill,2026-10-02T08:52:37Z,h2h,Lin Zhu,2.5,,0.4,0.3796526054590571,0.2
2026-10-02T08:53:26.007991+00:00,2026-10-02T09:53:26.007991+01:00,ec364c645968d3b9192abc7859203a77,tennis_wta_china_open,WTA China Open,2026-10-03T04:00:00+00:00,2026-10-03T05:00:00+01:00,Donna Vekic,Lin Zhu,smarkets,Smarkets,2026-10-02T08:53:10Z,h2h,Donna Vekic,1.54,,0.6493506493506493,0.624390243902439,0.2
2026-10-02T08:53:26.007991+00:00,2026-10-02T09:53:26.007991+01:00,ec364c645968d3b9192abc7859203a77,tennis_wta_china_open,WTA China Open,2026-10-03T04:00:00+00:00,2026-10-03T05:00:00+01:00,Donna Vekic,Lin Zhu,smarkets,Smarkets,2026-10-02T08:53:10Z,h2h,Lin Zhu,2.56,,0.390625,0.375609756097561,0.2
2026-10-02T08:53:26.007991+00:00,2026-10-02T09:53:26.007991+01:00,ec364c645968d3b9192abc7859203a77,tennis_wta_china_open,WTA China Open,2026-10-03T04:00:00+00:00,2026-10-03T05:00:00+01:00,Donna Vekic,Lin Zhu,smarkets,Smarkets,2026-10-02T08:53:10Z,h2h_lay,Donna Vekic,1.72,,0.5813953488372093,1.0,0.2
2026-10-02T08:53:26.007991+00:00,2026-10-02T09:53:26.007991+01:00,ec364c645968d3b9192abc7859203a77,tennis_wta_china_open,WTA China Open,2026-10-03T04:00:00+00:00,2026-10-03T05:00:00+01:00,Donna Vekic,Lin Zhu,smarkets,Smarkets,2026-10-02T08:53:10Z,h2h_lay,Lin Zhu,2.84,,0.35211267605633806,1.0,0.2
2026-10-02T08:53:26.007991+00:00,2026-10-02T09:53:26.007991+01:00,ec364c645968d3b9192abc7859203a77,tennis_wta_china_open,WTA China Open,2026-10-03T04:00:00+00:00,2026-10-03T05:00:00+01:00,Donna Vekic,Lin Zhu,leovegas,LeoVegas,2026-10-02T08:52:34Z,h2h,Donna Vekic,1.5,,0.6666666666666666,0.6153846153846154,0.2
2026-10-02T08:53:26.007991+00:00,2026-10-02T09:53:26.007991+01:00,ec364c645968d3b9192abc7859203a77,tennis_wta_china_open,WTA China Open,2026-10-03T04:00:00+00:00,2026-10-03T05:00:00+01:00,Donna Vekic,Lin Zhu,leovegas,LeoVegas,2026-10-02T08:52:34Z,h2h,Lin Zhu,2.4,,0.4166666666666667,0.38461538461538464,0.2
2026-10-02T08:53:26.007991+00:00,2026-10-02T09:53:26.007991+01:00,ec364c645968d3b9192abc7859203a77,tennis_wta_china_open,WTA China Open,2026-10-03T04:00:00+00:00,2026-10-03T05:00:00+01:00,Donna Vekic,Lin Zhu,betway,Betway,2026-10-02T08:53:11Z,h2h,Donna Vekic,1.5,,0.6666666666666666,0.6341463414634148,0.2
2026-10-02T08:53:26.007991+00:00,2026-10-02T09:53:26.007991+01:00,ec364c645968d3b9192abc7859203a77,tennis_wta_china_open,WTA China Open,2026-10-03T04:00:00+00:00,2026-10-03T05:00:00+01:00,Donna Vekic,Lin Zhu,betway,Betway,2026-10-02T08:53:11Z,h2h,Lin Zhu,2.6,,0.3846153846153846,0.3658536585365854,0.2
2026-10-02T08:53:26.007991+00:00,2026-10-02T09:53:26.007991+01:00,ec364c645968d3b9192abc7859203a77,tennis_wta_china_open,WTA China Open,2026-10-03T04:00:00+00:00,2026-10-03T05:00:00+01:00,Donna Vekic,Lin Zhu,paddypower,Paddy Power,2026-10-02T08:52:51Z,h2h,Donna Vekic,1.53,,0.6535947712418301,0.6106870229007634,0.2
2026-10-02T08:53:26.007991+00:00,2026-10-02T09:53:26.007991+01:00,ec364c645968d3b9192abc7859203a77,tennis_wta_china_open,WTA China Open,2026-10-03T04:00:00+00:00,2026-10-03T05:00:00+01:00,Donna Vekic,Lin Zhu,paddypower,Paddy Power,2026-10-02T08:52:51Z,h2h,Lin Zhu,2.4,,0.4166666666666667,0.3893129770992367,0.2
2026-10-02T08:53:26.007991+00:00,2026-10-02T09:53:26.007991+01:00,ec364c645968d3b9192abc7859203a77,tennis_wta_china_open,WTA China Open,2026-10-03T04:00:00+00:00,2026-10-03T05:00:00+01:00,Donna Vekic,Lin Zhu,unibet_uk,Unibet (UK),2026-10-02T08:52:36Z,h2h,Donna Vekic,1.54,,0.6493506493506493,0.6091370558375634,0.2
2026-10-02T08:53:26.007991+00:00,2026-10-02T09:53:26.007991+01:00,ec364c645968d3b9192abc7859203a77,tennis_wta_china_open,WTA China Open,2026-10-03T04:00:00+00:00,2026-10-03T05:00:00+01:00,Donna Vekic,Lin Zhu,unibet_uk,Unibet (UK),2026-10-02T08:52:36Z,h2h,Lin Zhu,2.4,,0.4166666666666667,0.39086294416243655,0.2
2026-10-02T08:53:26.007991+00:00,2026-10-02T09:53:26.007991+01:00,ec364c645968d3b9192abc7859203a77,tennis_wta_china_open,WTA China Open,2026-10-03T04:00:00+00:00,2026-10-03T05:00:00+01:00,Donna Vekic,Lin Zhu,skybet,Sky Bet,2026-10-02T08:52:51Z,h2h,Donna Vekic,1.53,,0.6535947712418301,0.6203473945409429,0.2
2026-10-02T08:53:26.007991+00:00,2026-10-02T09:53:26.007991+01:00,ec364c645968d3b9192abc7859203a77,tennis_wta_china_open,WTA China Open,2026-10-03T04:00:00+00:00,2026-10-03T05:00:00+01:00,Donna Vekic,Lin Zhu,skybet,Sky Bet,2026-10-02T08:52:51Z,h2h,Lin Zhu,2.5,,0.4,0.3796526054590571,0.2
2026-10-02T08:53:26.007991+00:00,2026-10-02T09:53:26.007991+01:00,ec364c645968d3b9192abc7859203a77,tennis_wta_china_open,WTA China Open,2026-10-03T04:00:00+00:00,2026-10-03T05:00:00+01:00,Donna Vekic,Lin Zhu,matchbook,Matchbook,2026-10-02T08:53:10Z,h2h,Donna Vekic,1.56,,0.641025641025641,0.6355140186915887,0.2
2026-10-02T08:53:26.007991+00:00,2026-10-02T09:53:26.007991+01:00,ec364c645968d3b9192abc7859203a77,tennis_wta_china_open,WTA China Open,2026-10-03T04:00:00+00:00,2026-10-03T05:00:00+01:00,Donna Vekic,Lin Zhu,matchbook,Matchbook,2026-10-02T08:53:10Z,h2h,Lin Zhu,2.72,,0.3676470588235294,0.3644859813084112,0.2
2026-10-02T08:53:26.007991+00:00,2026-10-02T09:53:26.007991+01:00,ec364c645968d3b9192abc7859203a77,tennis_wta_china_open,WTA China Open,2026-10-03T04:00:00+00:00,2026-10-03T05:00:00+01:00,Donna Vekic,Lin Zhu,matchbook,Matchbook,2026-10-02T08:53:10Z,h2h_lay,Donna Vekic,1.58,,0.6329113924050632,1.0,0.2
2026-10-02T08:53:26.007991+00:00,2026-10-02T09:53:26.007991+01:00,ec364c645968d3b9192abc7859203a77,tennis_wta_china_open,WTA China Open,2026-10-03T04:00:00+00:00,2026-10-03T05:00:00+01:00,Donna Vekic,Lin Zhu,matchbook,Matchbook,2026-10-02T08:53:10Z,h2h_lay,Lin Zhu,2.8,,0.35714285714285715,1.0,0.2
2026-10-02T08:53:26.007991+00:00,2026-10-02T09:53:26.007991+01:00,ec364c645968d3b9192abc7859203a77,tennis_wta_china_open,WTA China Open,2026-10-03T04:00:00+00:00,2026-10-03T05:00:00+01:00,Donna Vekic,Lin Zhu,boylesports,BoyleSports,2026-10-02T08:53:17Z,h2h,Donna Vekic,1.53,,0.6535947712418301,0.6086956521739131,0.2
2026-10-02T08:53:26.007991+00:00,2026-10-02T09:53:26.007991+01:00,ec364c645968d3b9192abc7859203a77,tennis_wta_china_open,WTA China Open,2026-10-03T04:00:00+00:00,2026-10-03T05:00:00+01:00,Donna Vekic,Lin Zhu,boylesports,BoyleSports,2026-10-02T08:53:17Z,h2h,Lin Zhu,2.38,,0.42016806722689076,0.391304347826087,0.2
2026-10-02T08:53:26.007991+00:00,2026-10-02T09:53:26.007991+01:00,ec364c645968d3b9192abc7859203a77,tennis_wta_china_open,WTA China Open,2026-10-03T04:00:00+00:00,2026-10-03T05:00:00+01:00,Donna Vekic,Lin Zhu,virginbet,Virgin Bet,2026-10-02T08:52:51Z,h2h,Donna Vekic,1.57,,0.6369426751592356,0.6045340050377834,0.2
2026-10-02T08:53:26.007991+00:00,2026-10-02T09:53:26.007991+01:00,ec364c645968d3b9192abc7859203a77,tennis_wta_china_open,WTA China Open,2026-10-03T04:00:00+00:00,2026-10-03T05:00:00+01:00,Donna Vekic,Lin Zhu,virginbet,Virgin Bet,2026-10-02T08:52:51Z,h2h,Lin Zhu,2.4,,0.4166666666666667,0.3954659949622167,0.2
2026-10-02T08:53:26.007991+00:00,2026-10-02T09:53:26.007991+01:00,ec364c645968d3b9192abc7859203a77,tennis_wta_china_open,WTA China Open,2026-10-03T04:00:00+00:00,2026-10-03T05:00:00+01:00,Donna Vekic,Lin Zhu,livescorebet,LiveScore Bet,2026-10-02T08:53:10Z,h2h,Donna Vekic,1.57,,0.6369426751592356,0.6045340050377834,0.2
2026-10-02T08:53:26.007991+00:00,2026-10-02T09:53:26.007991+01:00,ec364c645968d3b9192abc7859203a77,tennis_wta_china_open,WTA China Open,2026-10-03T04:00:00+00:00,2026-10-03T05:00:00+01:00,Donna Vekic,Lin Zhu,livescorebet,LiveScore Bet,2026-10-02T08:53:10Z,h2h,Lin Zhu,2.4,,0.4166666666666667,0.3954659949622167,0.2
2026-10-02T08:53:26.007991+00:00,2026-10-02T09:53:26.007991+01:00,ec364c645968d3b9192abc7859203a77,tennis_wta_china_open,WTA China Open,2026-10-03T04:00:00+00:00,2026-10-03T05:00:00+01:00,Donna Vekic,Lin Zhu,casumo,Casumo,2026-10-02T08:52:51Z,h2h,Donna Vekic,1.56,,0.641025641025641,0.606060606060606,0.2
2026-10-02T08:53:26.007991+00:00,2026-10-02T09:53:26.007991+01:00,ec364c645968d3b9192abc7859203a77,tennis_wta_china_open,WTA China Open,2026-10-03T04:00:00+00:00,2026-10-03T05:00:00+01:00,Donna Vekic,Lin Zhu,casumo,Casumo,2026-10-02T08:52:51Z,h2h,Lin Zhu,2.4,,0.4166666666666667,0.393939393939394,0.2
2026-10-02T08:53:26.007991+00:00,2026-10-02T09:53:26.007991+01:00,ec364c645968d3b9192abc7859203a77,tennis_wta_china_open,WTA China Open,2026-10-03T04:00:00+00:00,2026-10-03T05:00:00+01:00,Donna Vekic,Lin Zhu,grosvenor,Grosvenor,2026-10-02T08:52:35Z,h2h,Donna Vekic,1.56,,0.641025641025641,0.606060606060606,0.2
2026-10-02T08:53:26.007991+00:00,2026-10-02T09:53:26.007991+01:00,ec364c645968d3b9192abc7859203a77,tennis_wta_china_open,WTA China Open,2026-10-03T04:00:00+00:00,2026-10-03T05:00:00+01:00,Donna Vekic,Lin Zhu,grosvenor,Grosvenor,2026-10-02T08:52:35Z,h2h,Lin Zhu,2.4,,0.4166666666666667,0.393939393939394,0.2
2026-10-02T08:53:26.007991+00:00,2026-10-02T09:53:26.007991+01:00,ec364c645968d3b9192abc7859203a77,tennis_wta_china_open,WTA China Open,2026-10-03T04:00:00+00:00,2026-10-03T05:00:00+01:00,Donna Vekic,Lin Zhu,coral,Coral,2026-10-02T08:52:52Z,h2h,Donna Vekic,1.48,,0.6756756756756757,0.6281407035175879,0.2
2026-10-02T08:53:26.007991+00:00,2026-10-02T09:53:26.007991+01:00,ec364c645968d3b9192abc7859203a77,tennis_wta_china_open,WTA China Open,2026-10-03T04:00:00+00:00,2026-10-03T05:00:00+01:00,Donna Vekic,Lin Zhu,coral,Coral,2026-10-02T08:52:52Z,h2h,Lin Zhu,2.5,,0.4,0.37185929648241206,0.2
2026-10-02T08:53:26.007991+00:00,2026-10-02T09:53:26.007991+01:00,ec364c645968d3b9192abc7859203a77,tennis_wta_china_open,WTA China Open,2026-10-03T04:00:00+00:00,2026-10-03T05:00:00+01:00,Donna Vekic,Lin Zhu,ladbrokes_uk,Ladbrokes,2026-10-02T08:52:51Z,h2h,Donna Vekic,1.48,,0.6756756756756757,0.6281407035175879,0.2
2026-10-02T08:53:26.007991+00:00,2026-10-02T09:53:26.007991+01:00,ec364c645968d3b9192abc7859203a77,tennis_wta_china_open,WTA China Open,2026-10-03T04:00:00+00:00,2026-10-03T05:00:00+01:00,Donna Vekic,Lin Zhu,ladbrokes_uk,Ladbrokes,2026-10-02T08:52:51Z,h2h,Lin Zhu,2.5,,0.4,0.37185929648241206,0.2
2026-10-02T08:53:26.007991+00:00,2026-10-02T09:53:26.007991+01:00,ec364c645968d3b9192abc7859203a77,tennis_wta_china_open,WTA China Open,2026-10-03T04:00:00+00:00,2026-10-03T05:00:00+01:00,Donna Vekic,Lin Zhu,betano_uk,Betano (UK),2026-10-02T08:53:26Z,h2h,Donna Vekic,1.53,,0.6535947712418301,0.6086956521739131,0.2
2026-10-02T08:53:26.007991+00:00,2026-10-02T09:53:26.007991+01:00,ec364c645968d3b9192abc7859203a77,tennis_wta_china_open,WTA China Open,2026-10-03T04:00:00+00:00,2026-10-03T05:00:00+01:00,Donna Vekic,Lin Zhu,betano_uk,Betano (UK),2026-10-02T08:53:26Z,h2h,Lin Zhu,2.38,,0.42016806722689076,0.391304347826087,0.2
2026-10-02T08:53:26.007991+00:00,2026-10-02T09:53:26.007991+01:00,ec364c645968d3b9192abc7859203a77,tennis_wta_china_open,WTA China Open,2026-10-03T04:00:00+00:00,2026-10-03T05:00:00+01:00,Donna Vekic,Lin Zhu,betvictor,Bet Victor,2026-10-02T08:51:59Z,h2h,Donna Vekic,1.53,,0.6535947712418301,0.6086956521739131,0.2
2026-10-02T08:53:26.007991+00:00,2026-10-02T09:53:26.007991+01:00,ec364c645968d3b9192abc7859203a77,tennis_wta_china_open,WTA China Open,2026-10-03T04:00:00+00:00,2026-10-03T05:00:00+01:00,Donna Vekic,Lin Zhu,betvictor,Bet Victor,2026-10-02T08:51:59Z,h2h,Lin Zhu,2.38,,0.42016806722689076,0.391304347826087,0.2
2026-10-02T08:53:26.007991+00:00,2026-10-02T09:53:26.007991+01:00,44fcdd07c482fa1615fc60d12fa24698,tennis_wta_china_open,WTA China Open,2026-10-03T04:00:00+00:00,2026-10-03T05:00:00+01:00,Katerina Siniakova,Elina Svitolina,leovegas,LeoVegas,2026-10-02T08:52:34Z,h2h,Elina Svitolina,1.24,,0.8064516129032259,0.743801652892562,0.2
2026-10-02T08:53:26.007991+00:00,2026-10-02T09:53:26.007991+01:00,44fcdd07c482fa1615fc60d12fa24698,tennis_wta_china_open,WTA China Open,2026-10-03T04:00:00+00:00,2026-10-03T05:00:00+01:00,Katerina Siniakova,Elina Svitolina,leovegas,LeoVegas,2026-10-02T08:52:34Z,h2h,Katerina Siniakova,3.6,,0.2777777777777778,0.256198347107438,0.2
2026-10-02T08:53:26.007991+00:00,2026-10-02T09:53:26.007991+01:00,44fcdd07c482fa1615fc60d12fa24698,tennis_wta_china_open,WTA China Open,2026-10-03T04:00:00+00:00,2026-10-03T05:00:00+01:00,Katerina Siniakova,Elina Svitolina,betfair_ex_uk,Betfair,2026-10-02T08:53:12Z,h2h,Elina Svitolina,1.28,,0.78125,0.7706093189964158,0.2
2026-10-02T08:53:26.007991+00:00,2026-10-02T09:53:26.007991+01:00,44fcdd07c482fa1615fc60d12fa24698,tennis_wta_china_open,WTA China Open,2026-10-03T04:00:00+00:00,2026-10-03T05:00:00+01:00,Katerina Siniakova,Elina Svitolina,betfair_ex_uk,Betfair,2026-10-02T08:53:12Z,h2h,Katerina Siniakova,4.3,,0.23255813953488372,0.22939068100358423,0.2
2026-10-02T08:53:26.007991+00:00,2026-10-02T09:53:26.007991+01:00,44fcdd07c482fa1615fc60d12fa24698,tennis_wta_china_open,WTA China Open,2026-10-03T04:00:00+00:00,2026-10-03T05:00:00+01:00,Katerina Siniakova,Elina Svitolina,betfair_ex_uk,Betfair,2026-10-02T08:53:12Z,h2h_lay,Elina Svitolina,1.3,,0.7692307692307692,1.0,0.2
2026-10-02T08:53:26.007991+00:00,2026-10-02T09:53:26.007991+01:00,44fcdd07c482fa1615fc60d12fa24698,tennis_wta_china_open,WTA China Open,2026-10-03T04:00:00+00:00,2026-10-03T05:00:00+01:00,Katerina Siniakova,Elina Svitolina,betfair_ex_uk,Betfair,2026-10-02T08:53:12Z,h2h_lay,Katerina Siniakova,4.5,,0.2222222222222222,1.0,0.2
2026-10-02T08:53:26.007991+00:00,2026-10-02T09:53:26.007991+01:00,44fcdd07c482fa1615fc60d12fa24698,tennis_wta_china_open,WTA China Open,2026-10-03T04:00:00+00:00,2026-10-03T05:00:00+01:00,Katerina Siniakova,Elina Svitolina,smarkets,Smarkets,2026-10-02T08:53:10Z,h2h,Elina Svitolina,1.24,,0.8064516129032259,0.7633587786259541,0.2
2026-10-02T08:53:26.007991+00:00,2026-10-02T09:53:26.007991+01:00,44fcdd07c482fa1615fc60d12fa24698,tennis_wta_china_open,WTA China Open,2026-10-03T04:00:00+00:00,2026-10-03T05:00:00+01:00,Katerina Siniakova,Elina Svitolina,smarkets,Smarkets,2026-10-02T08:53:10Z,h2h,Katerina Siniakova,4.0,,0.25,0.23664122137404575,0.2
2026-10-02T08:53:26.007991+00:00,2026-10-02T09:53:26.007991+01:00,44fcdd07c482fa1615fc60d12fa24698,tennis_wta_china_open,WTA China Open,2026-10-03T04:00:00+00:00,2026-10-03T05:00:00+01:00,Katerina Siniakova,Elina Svitolina,smarkets,Smarkets,2026-10-02T08:53:10Z,h2h_lay,Elina Svitolina,1.41,,0.7092198581560284,1.0,0.2
2026-10-02T08:53:26.007991+00:00,2026-10-02T09:53:26.007991+01:00,44fcdd07c482fa1615fc60d12fa24698,tennis_wta_china_open,WTA China Open,2026-10-03T04:00:00+00:00,2026-10-03T05:00:00+01:00,Katerina Siniakova,Elina Svitolina,smarkets,Smarkets,2026-10-02T08:53:10Z,h2h_lay,Katerina Siniakova,5.2,,0.1923076923076923,1.0,0.2
2026-10-02T08:53:26.007991+00:00,2026-10-02T09:53:26.007991+01:00,44fcdd07c482fa1615fc60d12fa24698,tennis_wta_china_open,WTA China Open,2026-10-03T04:00:00+00:00,2026-10-03T05:00:00+01:00,Katerina Siniakova,Elina Svitolina,unibet_uk,Unibet (UK),2026-10-02T08:52:36Z,h2h,Elina Svitolina,1.25,,0.8,0.7474747474747475,0.2
2026-10-02T08:53:26.007991+00:00,2026-10-02T09:53:26.007991+01:00,44fcdd07c482fa1615fc60d12fa24698,tennis_wta_china_open,WTA China Open,2026-10-03T04:00:00+00:00,2026-10-03T05:00:00+01:00,Katerina Siniakova,Elina Svitolina,unibet_uk,Unibet (UK),2026-10-02T08:52:36Z,h2h,Katerina Siniakova,3.7,,0.27027027027027023,0.2525252525252525,0.2
2026-10-02T08:53:26.007991+00:00,2026-10-02T09:53:26.007991+01:00,44fcdd07c482fa1615fc60d12fa24698,tennis_wta_china_open,WTA China Open,2026-10-03T04:00:00+00:00,2026-10-03T05:00:00+01:00,Katerina Siniakova,Elina Svitolina,betvictor,Bet Victor,2026-10-02T08:51:59Z,h2h,Elina Svitolina,1.25,,0.8,0.7422680412371133,0.2
2026-10-02T08:53:26.007991+00:00,2026-10-02T09:53:26.007991+01:00,44fcdd07c482fa1615fc60d12fa24698,tennis_wta_china_open,WTA China Open,2026-10-03T04:00:00+00:00,2026-10-03T05:00:00+01:00,Katerina Siniakova,Elina Svitolina,betvictor,Bet Victor,2026-10-02T08:51:59Z,h2h,Katerina Siniakova,3.6,,0.2777777777777778,0.25773195876288657,0.2
2026-10-02T08:53:26.007991+00:00,2026-10-02T09:53:26.007991+01:00,44fcdd07c482fa1615fc60d12fa24698,tennis_wta_china_open,WTA China Open,2026-10-03T04:00:00+00:00,2026-10-03T05:00:00+01:00,Katerina Siniakova,Elina Svitolina,sport888,888sport,2026-10-02T08:52:50Z,h2h,Elina Svitolina,1.29,,0.7751937984496123,0.7361963190184049,0.2
2026-10-02T08:53:26.007991+00:00,2026-10-02T09:53:26.007991+01:00,44fcdd07c482fa1615fc60d12fa24698,tennis_wta_china_open,WTA China Open,2026-10-03T04:00:00+00:00,2026-10-03T05:00:00+01:00,Katerina Siniakova,Elina Svitolina,sport888,888sport,2026-10-02T08:52:50Z,h2h,Katerina Siniakova,3.6,,0.2777777777777778,0.2638036809815951,0.2
2026-10-02T08:53:26.007991+00:00,2026-10-02T09:53:26.007991+01:00,44fcdd07c482fa1615fc60d12fa24698,tennis_wta_china_open,WTA China Open,2026-10-03T04:00:00+00:00,2026-10-03T05:00:00+01:00,Katerina Siniakova,Elina Svitolina,betano_uk,Betano (UK),2026-10-02T08:53:26Z,h2h,Elina Svitolina,1.25,,0.8,0.7422680412371133,0.2
2026-10-02T08:53:26.007991+00:00,2026-10-02T09:53:26.007991+01:00,44fcdd07c482fa1615fc60d12fa24698,tennis_wta_china_open,WTA China Open,2026-10-03T04:00:00+00:00,2026-10-03T05:00:00+01:00,Katerina Siniakova,Elina Svitolina,betano_uk,Betano (UK),2026-10-02T08:53:26Z,h2h,Katerina Siniakova,3.6,,0.2777777777777778,0.25773195876288657,0.2
2026-10-02T08:53:26.007991+00:00,2026-10-02T09:53:26.007991+01:00,44fcdd07c482fa1615fc60d12fa24698,tennis_wta_china_open,WTA China Open,2026-10-03T04:00:00+00:00,2026-10-03T05:00:00+01:00,Katerina Siniakova,Elina Svitolina,paddypower,Paddy Power,2026-10-02T08:52:51Z,h2h,Elina Svitolina,1.25,,0.8,0.75,0.2
2026-10-02T08:53:26.007991+00:00,2026-10-02T09:53:26.007991+01:00,44fcdd07c482fa1615fc60d12fa24698,tennis_wta_china_open,WTA China Open,2026-10-03T04:00:00+00:00,2026-10-03T05:00:00+01:00,Katerina Siniakova,Elina Svitolina,paddypower,Paddy Power,2026-10-02T08:52:51Z,h2h,Katerina Siniakova,3.75,,0.26666666666666666,0.25,0.2
2026-10-02T08:53:26.007991+00:00,2026-10-02T09:53:26.007991+01:00,44fcdd07c482fa1615fc60d12fa24698,tennis_wta_china_open,WTA China Open,2026-10-03T04:00:00+00:00,2026-10-03T05:00:00+01:00,Katerina Siniakova,Elina Svitolina,skybet,Sky Bet,2026-10-02T08:52:51Z,h2h,Elina Svitolina,1.25,,0.8,0.75,0.2
2026-10-02T08:53:26.007991+00:00,2026-10-02T09:53:26.007991+01:00,44fcdd07c482fa1615fc60d12fa24698,tennis_wta_china_open,WTA China Open,2026-10-03T04:00:00+00:00,2026-10-03T05:00:00+01:00,Katerina Siniakova,Elina Svitolina,skybet,Sky Bet,2026-10-02T08:52:51Z,h2h,Katerina Siniakova,3.75,,0.26666666666666666,0.25,0.2
2026-10-02T08:53:26.007991+00:00,2026-10-02T09:53:26.007991+01:00,44fcdd07c482fa1615fc60d12fa24698,tennis_wta_china_open,WTA China Open,2026-10-03T04:00:00+00:00,2026-10-03T05:00:00+01:00,Katerina Siniakova,Elina Svitolina,betway,Betway,2026-10-02T08:53:11Z,h2h,Elina Svitolina,1.25,,0.8,0.7619047619047619,0.2
2026-10-02T08:53:26.007991+00:00,2026-10-02T09:53:26.007991+01:00,44fcdd07c482fa1615fc60d12fa24698,tennis_wta_china_open,WTA China Open,2026-10-03T04:00:00+00:00,2026-10-03T05:00:00+01:00,Katerina Siniakova,Elina Svitolina,betway,Betway,2026-10-02T08:53:11Z,h2h,Katerina Siniakova,4.0,,0.25,0.23809523809523808,0.2
2026-10-02T08:53:26.007991+00:00,2026-10-02T09:53:26.007991+01:00,44fcdd07c482fa1615fc60d12fa24698,tennis_wta_china_open,WTA China Open,2026-10-03T04:00:00+00:00,2026-10-03T05:00:00+01:00,Katerina Siniakova,Elina Svitolina,matchbook,Matchbook,2026-10-02T08:53:10Z,h2h,Elina Svitolina,1.28,,0.78125,0.7706093189964158,0.2
2026-10-02T08:53:26.007991+00:00,2026-10-02T09:53:26.007991+01:00,44fcdd07c482fa1615fc60d12fa24698,tennis_wta_china_open,WTA China Open,2026-10-03T04:00:00+00:00,2026-10-03T05:00:00+01:00,Katerina Siniakova,Elina Svitolina,matchbook,Matchbook,2026-10-02T08:53:10Z,h2h,Katerina Siniakova,4.3,,0.23255813953488372,0.22939068100358423,0.2
2026-10-02T08:53:26.007991+00:00,2026-10-02T09:53:26.007991+01:00,44fcdd07c482fa1615fc60d12fa24698,tennis_wta_china_open,WTA China Open,2026-10-03T04:00:00+00:00,2026-10-03T05:00:00+01:00,Katerina Siniakova,Elina Svitolina,matchbook,Matchbook,2026-10-02T08:53:10Z,h2h_lay,Elina Svitolina,1.3,,0.7692307692307692,1.0,0.2
2026-10-02T08:53:26.007991+00:00,2026-10-02T09:53:26.007991+01:00,44fcdd07c482fa1615fc60d12fa24698,tennis_wta_china_open,WTA China Open,2026-10-03T04:00:00+00:00,2026-10-03T05:00:00+01:00,Katerina Siniakova,Elina Svitolina,matchbook,Matchbook,2026-10-02T08:53:10Z,h2h_lay,Katerina Siniakova,4.5,,0.2222222222222222,1.0,0.2
2026-10-02T08:53:26.007991+00:00,2026-10-02T09:53:26.007991+01:00,44fcdd07c482fa1615fc60d12fa24698,tennis_wta_china_open,WTA China Open,2026-10-03T04:00:00+00:00,2026-10-03T05:00:00+01:00,Katerina Siniakova,Elina Svitolina,boylesports,BoyleSports,2026-10-02T08:53:17Z,h2h,Elina Svitolina,1.22,,0.819672131147541,0.7545271629778673,0.2
2026-10-02T08:53:26.007991+00:00,2026-10-02T09:53:26.007991+01:00,44fcdd07c482fa1615fc60d12fa24698,tennis_wta_china_open,WTA China Open,2026-10-03T04:00:00+00:00,2026-10-03T05:00:00+01:00,Katerina Siniakova,Elina Svitolina,boylesports,BoyleSports,2026-10-02T08:53:17Z,h2h,Katerina Siniakova,3.75,,0.26666666666666666,0.2454728370221328,0.2
2026-10-02T08:53:26.007991+00:00,2026-10-02T09:53:26.007991+01:00,44fcdd07c482fa1615fc60d12fa24698,tennis_wta_china_open,WTA China Open,2026-10-03T04:00:00+00:00,2026-10-03T05:00:00+01:00,Katerina Siniakova,Elina Svitolina,ladbrokes_uk,Ladbrokes,2026-10-02T08:52:51Z,h2h,Elina Svitolina,1.22,,0.819672131147541,0.76171875,0.2
2026-10-02T08:53:26.007991+00:00,2026-10-02T09:53:26.007991+01:00,44fcdd07c482fa1615fc60d12fa24698,tennis_wta_china_open,WTA China Open,2026-10-03T04:00:00+00:00,2026-10-03T05:00:00+01:00,Katerina Siniakova,Elina Svitolina,ladbrokes_uk,Ladbrokes,2026-10-02T08:52:51Z,h2h,Katerina Siniakova,3.9,,0.25641025641025644,0.23828125000000003,0.2
2026-10-02T08:53:26.007991+00:00,2026-10-02T09:53:26.007991+01:00,44fcdd07c482fa1615fc60d12fa24698,tennis_wta_china_open,WTA China Open,2026-10-03T04:00:00+00:00,2026-10-03T05:00:00+01:00,Katerina Siniakova,Elina Svitolina,coral,Coral,2026-10-02T08:52:52Z,h2h,Elina Svitolina,1.22,,0.819672131147541,0.76171875,0.2
2026-10-02T08:53:26.007991+00:00,2026-10-02T09:53:26.007991+01:00,44fcdd07c482fa1615fc60d12fa24698,tennis_wta_china_open,WTA China Open,2026-10-03T04:00:00+00:00,2026-10-03T05:00:00+01:00,Katerina Siniakova,Elina Svitolina,coral,Coral,2026-10-02T08:52:52Z,h2h,Katerina Siniakova,3.9,,0.25641025641025644,0.23828125000000003,0.2
2026-10-02T08:53:26.007991+00:00,2026-10-02T09:53:26.007991+01:00,44fcdd07c482fa1615fc60d12fa24698,tennis_wta_china_open,WTA China Open,2026-10-03T04:00:00+00:00,2026-10-03T05:00:00+01:00,Katerina Siniakova,Elina Svitolina,virginbet,Virgin Bet,2026-10-02T08:52:51Z,h2h,Elina Svitolina,1.27,,0.7874015748031495,0.7470119521912351,0.2
2026-10-02T08:53:26.007991+00:00,2026-10-02T09:53:26.007991+01:00,44fcdd07c482fa1615fc60d12fa24698,tennis_wta_china_open,WTA China Open,2026-10-03T04:00:00+00:00,2026-10-03T05:00:00+01:00,Katerina Siniakova,Elina Svitolina,virginbet,Virgin Bet,2026-10-02T08:52:51Z,h2h,Katerina Siniakova,3.75,,0.26666666666666666,0.252988047808765,0.2
2026-10-02T08:53:26.007991+00:00,2026-10-02T09:53:26.007991+01:00,44fcdd07c482fa1615fc60d12fa24698,tennis_wta_china_open,WTA China Open,2026-10-03T04:00:00+00:00,2026-10-03T05:00:00+01:00,Katerina Siniakova,Elina Svitolina,casumo,Casumo,2026-10-02T08:52:51Z,h2h,Elina Svitolina,1.27,,0.7874015748031495,0.7470119521912351,0.2
2026-10-02T08:53:26.007991+00:00,2026-10-02T09:53:26.007991+01:00,44fcdd07c482fa1615fc60d12fa24698,tennis_wta_china_open,WTA China Open,2026-10-03T04:00:00+00:00,2026-10-03T05:00:00+01:00,Katerina Siniakova,Elina Svitolina,casumo,Casumo,2026-10-02T08:52:51Z,h2h,Katerina Siniakova,3.75,,0.26666666666666666,0.252988047808765,0.2
2026-10-02T08:53:26.007991+00:00,2026-10-02T09:53:26.007991+01:00,44fcdd07c482fa1615fc60d12fa24698,tennis_wta_china_open,WTA China Open,2026-10-03T04:00:00+00:00,2026-10-03T05:00:00+01:00,Katerina Siniakova,Elina Svitolina,grosvenor,Grosvenor,2026-10-02T08:52:35Z,h2h,Elina Svitolina,1.27,,0.7874015748031495,0.7470119521912351,0.2
2026-10-02T08:53:26.007991+00:00,2026-10-02T09:53:26.007991+01:00,44fcdd07c482fa1615fc60d12fa24698,tennis_wta_china_open,WTA China Open,2026-10-03T04:00:00+00:00,2026-10-03T05:00:00+01:00,Katerina Siniakova,Elina Svitolina,grosvenor,Grosvenor,2026-10-02T08:52:35Z,h2h,Katerina Siniakova,3.75,,0.26666666666666666,0.252988047808765,0.2
2026-10-02T08:53:26.007991+00:00,2026-10-02T09:53:26.007991+01:00,44fcdd07c482fa1615fc60d12fa24698,tennis_wta_china_open,WTA China Open,2026-10-03T04:00:00+00:00,2026-10-03T05:00:00+01:00,Katerina Siniakova,Elina Svitolina,livescorebet,LiveScore Bet,2026-10-02T08:53:10Z,h2h,Elina Svitolina,1.27,,0.7874015748031495,0.7470119521912351,0.2
2026-10-02T08:53:26.007991+00:00,2026-10-02T09:53:26.007991+01:00,44fcdd07c482fa1615fc60d12fa24698,tennis_wta_china_open,WTA China Open,2026-10-03T04:00:00+00:00,2026-10-03T05:00:00+01:00,Katerina Siniakova,Elina Svitolina,livescorebet,LiveScore Bet,2026-10-02T08:53:10Z,h2h,Katerina Siniakova,3.75,,0.26666666666666666,0.252988047808765,0.2
2026-10-02T08:53:26.007991+00:00,2026-10-02T09:53:26.007991+01:00,44fcdd07c482fa1615fc60d12fa24698,tennis_wta_china_open,WTA China Open,2026-10-03T04:00:00+00:00,2026-10-03T05:00:00+01:00,Katerina Siniakova,Elina Svitolina,williamhill,William Hill,2026-10-02T08:52:37Z,h2h,Elina Svitolina,1.29,,0.7751937984496123,0.7361963190184049,0.2
2026-10-02T08:53:26.007991+00:00,2026-10-02T09:53:26.007991+01:00,44fcdd07c482fa1615fc60d12fa24698,tennis_wta_china_open,WTA China Open,2026-10-03T04:00:00+00:00,2026-10-03T05:00:00+01:00,Katerina Siniakova,Elina Svitolina,williamhill,William Hill,2026-10-02T08:52:37Z,h2h,Katerina Siniakova,3.6,,0.2777777777777778,0.2638036809815951,0.2
2026-10-02T08:53:26.007991+00:00,2026-10-02T09:53:26.007991+01:00,dbd8d0ad3c5bc6bfbf4cba388c0affe4,tennis_wta_china_open,WTA China Open,2026-10-03T04:00:00+00:00,2026-10-03T05:00:00+01:00,Katie Volynets,Elise Mertens,unibet_uk,Unibet (UK),2026-10-02T08:52:36Z,h2h,Elise Mertens,1.78,,0.5617977528089888,0.5253333333333333,0.2
2026-10-02T08:53:26.007991+00:00,2026-10-02T09:53:26.007991+01:00,dbd8d0ad3c5bc6bfbf4cba388c0affe4,tennis_wta_china_open,WTA China Open,2026-10-03T04:00:00+00:00,2026-10-03T05:00:00+01:00,Katie Volynets,Elise Mertens,unibet_uk,Unibet (UK),2026-10-02T08:52:36Z,h2h,Katie Volynets,1.97,,0.5076142131979695,0.4746666666666666,0.2
2026-10-02T08:53:26.007991+00:00,2026-10-02T09:53:26.007991+01:00,dbd8d0ad3c5bc6bfbf4cba388c0affe4,tennis_wta_china_open,WTA China Open,2026-10-03T04:00:00+00:00,2026-10-03T05:00:00+01:00,Katie Volynets,Elise Mertens,smarkets,Smarkets,2026-10-02T08:53:10Z,h2h,Elise Mertens,1.79,,0.5586592178770949,0.5239361702127661,0.2
2026-10-02T08:53:26.007991+00:00,2026-10-02T09:53:26.007991+01:00,dbd8d0ad3c5bc6bfbf4cba388c0affe4,tennis_wta_china_open,WTA China Open,2026-10-03T04:00:00+00:00,2026-10-03T05:00:00+01:00,Katie Volynets,Elise Mertens,smarkets,Smarkets,2026-10-02T08:53:10Z,h2h,Katie Volynets,1.97,,0.5076142131979695,0.4760638297872341,0.2
2026-10-02T08:53:26.007991+00:00,2026-10-02T09:53:26.007991+01:00,dbd8d0ad3c5bc6bfbf4cba388c0affe4,tennis_wta_china_open,WTA China Open,2026-10-03T04:00:00+00:00,2026-10-03T05:00:00+01:00,Katie Volynets,Elise Mertens,smarkets,Smarkets,2026-10-02T08:53:10Z,h2h_lay,Elise Mertens,2.0,,0.5,1.0,0.2
2026-10-02T08:53:26.007991+00:00,2026-10-02T09:53:26.007991+01:00,dbd8d0ad3c5bc6bfbf4cba388c0affe4,tennis_wta_china_open,WTA China Open,2026-10-03T04:00:00+00:00,2026-10-03T05:00:00+01:00,Katie Volynets,Elise Mertens,smarkets,Smarkets,2026-10-02T08:53:10Z,h2h_lay,Katie Volynets,2.36,,0.42372881355932207,1.0,0.2
2026-10-02T08:53:26.007991+00:00,2026-10-02T09:53:26.007991+01:00,dbd8d0ad3c5bc6bfbf4cba388c0affe4,tennis_wta_china_open,WTA China Open,2026-10-03T04:00:00+00:00,2026-10-03T05:00:00+01:00,Katie Volynets,Elise Mertens,betfair_ex_uk,Betfair,2026-10-02T08:53:12Z,h2h,Elise Mertens,1.84,,0.5434782608695652,0.5329949238578681,0.2
2026-10-02T08:53:26.007991+00:00,2026-10-02T09:53:26.007991+01:00,dbd8d0ad3c5bc6bfbf4cba388c0affe4,tennis_wta_china_open,WTA China Open,2026-10-03T04:00:00+00:00,2026-10-03T05:00:00+01:00,Katie Volynets,Elise Mertens,betfair_ex_uk,Betfair,2026-10-02T08:53:12Z,h2h,Katie Volynets,2.1,,0.47619047619047616,0.46700507614213205,0.2
2026-10-02T08:53:26.007991+00:00,2026-10-02T09:53:26.007991+01:00,dbd8d0ad3c5bc6bfbf4cba388c0affe4,tennis_wta_china_open,WTA China Open,2026-10-03T04:00:00+00:00,2026-10-03T05:00:00+01:00,Katie Volynets,Elise Mertens,betfair_ex_uk,Betfair,2026-10-02T08:53:12Z,h2h_lay,Elise Mertens,1.91,,0.5235602094240838,1.0,0.2
2026-10-02T08:53:26.007991+00:00,2026-10-02T09:53:26.007991+01:00,dbd8d0ad3c5bc6bfbf4cba388c0affe4,tennis_wta_china_open,WTA China Open,2026-10-03T04:00:00+00:00,2026-10-03T05:00:00+01:00,Katie Volynets,Elise Mertens,betfair_ex_uk,Betfair,2026-10-02T08:53:12Z,h2h_lay,Katie Volynets,2.2,,0.45454545454545453,1.0,0.2
2026-10-02T08:53:26.007991+00:00,2026-10-02T09:53:26.007991+01:00,dbd8d0ad3c5bc6bfbf4cba388c0affe4,tennis_wta_china_open,WTA China Open,2026-10-03T04:00:00+00:00,2026-10-03T05:00:00+01:00,Katie Volynets,Elise Mertens,leovegas,LeoVegas,2026-10-02T08:52:34Z,h2h,Elise Mertens,1.75,,0.5714285714285714,0.527027027027027,0.2
2026-10-02T08:53:26.007991+00:00,2026-10-02T09:53:26.007991+01:00,dbd8d0ad3c5bc6bfbf4cba388c0affe4,tennis_wta_china_open,WTA China Open,2026-10-03T04:00:00+00:00,2026-10-03T05:00:00+01:00,Katie Volynets,Elise Mertens,leovegas,LeoVegas,2026-10-02T08:52:34Z,h2h,Katie Volynets,1.95,,0.5128205128205129,0.47297297297297297,0.2
2026-10-02T08:53:26.007991+00:00,2026-10-02T09:53:26.007991+01:00,dbd8d0ad3c5bc6bfbf4cba388c0affe4,tennis_wta_china_open,WTA China Open,2026-10-03T04:00:00+00:00,2026-10-03T05:00:00+01:00,Katie Volynets,Elise Mertens,sport888,888sport,2026-10-02T08:52:50Z,h2h,Elise Mertens,1.8,,0.5555555555555556,0.5263157894736842,0.2
2026-10-02T08:53:26.007991+00:00,2026-10-02T09:53:26.007991+01:00,dbd8d0ad3c5bc6bfbf4cba388c0affe4,tennis_wta_china_open,WTA China Open,2026-10-03T04:00:00+00:00,2026-10-03T05:00:00+01:00,Katie Volynets,Elise Mertens,sport888,888sport,2026-10-02T08:52:50Z,h2h,Katie Volynets,2.0,,0.5,0.47368421052631576,0.2
2026-10-02T08:53:26.007991+00:00,2026-10-02T09:53:26.007991+01:00,dbd8d0ad3c5bc6bfbf4cba388c0affe4,tennis_wta_china_open,WTA China Open,2026-10-03T04:00:00+00:00,2026-10-03T05:00:00+01:00,Katie Volynets,Elise Mertens,betvictor,Bet Victor,2026-10-02T08:51:59Z,h2h,Elise Mertens,1.75,,0.5714285714285714,0.527027027027027,0.2
2026-10-02T08:53:26.007991+00:00,2026-10-02T09:53:26.007991+01:00,dbd8d0ad3c5bc6bfbf4cba388c0affe4,tennis_wta_china_open,WTA China Open,2026-10-03T04:00:00+00:00,2026-10-03T05:00:00+01:00,Katie Volynets,Elise Mertens,betvictor,Bet Victor,2026-10-02T08:51:59Z,h2h,Katie Volynets,1.95,,0.5128205128205129,0.47297297297297297,0.2
2026-10-02T08:53:26.007991+00:00,2026-10-02T09:53:26.007991+01:00,dbd8d0ad3c5bc6bfbf4cba388c0affe4,tennis_wta_china_open,WTA China Open,2026-10-03T04:00:00+00:00,2026-10-03T05:00:00+01:00,Katie Volynets,Elise Mertens,paddypower,Paddy Power,2026-10-02T08:52:51Z,h2h,Elise Mertens,1.8,,0.5555555555555556,0.5263157894736842,0.2
2026-10-02T08:53:26.007991+00:00,2026-10-02T09:53:26.007991+01:00,dbd8d0ad3c5bc6bfbf4cba388c0affe4,tennis_wta_china_open,WTA China Open,2026-10-03T04:00:00+00:00,2026-10-03T05:00:00+01:00,Katie Volynets,Elise Mertens,paddypower,Paddy Power,2026-10-02T08:52:51Z,h2h,Katie Volynets,2.0,,0.5,0.47368421052631576,0.2
2026-10-02T08:53:26.007991+00:00,2026-10-02T09:53:26.007991+01:00,dbd8d0ad3c5bc6bfbf4cba388c0affe4,tennis_wta_china_open,WTA China Open,2026-10-03T04:00:00+00:00,2026-10-03T05:00:00+01:00,Katie Volynets,Elise Mertens,betano_uk,Betano (UK),2026-10-02T08:53:26Z,h2h,Elise Mertens,1.75,,0.5714285714285714,0.527027027027027,0.2
2026-10-02T08:53:26.007991+00:00,2026-10-02T09:53:26.007991+01:00,dbd8d0ad3c5bc6bfbf4cba388c0affe4,tennis_wta_china_open,WTA China Open,2026-10-03T04:00:00+00:00,2026-10-03T05:00:00+01:00,Katie Volynets,Elise Mertens,betano_uk,Betano (UK),2026-10-02T08:53:26Z,h2h,Katie Volynets,1.95,,0.5128205128205129,0.47297297297297297,0.2
2026-10-02T08:53:26.007991+00:00,2026-10-02T09:53:26.007991+01:00,dbd8d0ad3c5bc6bfbf4cba388c0affe4,tennis_wta_china_open,WTA China Open,2026-10-03T04:00:00+00:00,2026-10-03T05:00:00+01:00,Katie Volynets,Elise Mertens,betway,Betway,2026-10-02T08:53:11Z,h2h,Elise Mertens,1.8,,0.5555555555555556,0.5263157894736842,0.2
2026-10-02T08:53:26.007991+00:00,2026-10-02T09:53:26.007991+01:00,dbd8d0ad3c5bc6bfbf4cba388c0affe4,tennis_wta_china_open,WTA China Open,2026-10-03T04:00:00+00:00,2026-10-03T05:00:00+01:00,Katie Volynets,Elise Mertens,betway,Betway,2026-10-02T08:53:11Z,h2h,Katie Volynets,2.0,,0.5,0.47368421052631576,0.2
2026-10-02T08:53:26.007991+00:00,2026-10-02T09:53:26.007991+01:00,dbd8d0ad3c5bc6bfbf4cba388c0affe4,tennis_wta_china_open,WTA China Open,2026-10-03T04:00:00+00:00,2026-10-03T05:00:00+01:00,Katie Volynets,Elise Mertens,skybet,Sky Bet,2026-10-02T08:52:51Z,h2h,Elise Mertens,1.8,,0.5555555555555556,0.5263157894736842,0.2
2026-10-02T08:53:26.007991+00:00,2026-10-02T09:53:26.007991+01:00,dbd8d0ad3c5bc6bfbf4cba388c0affe4,tennis_wta_china_open,WTA China Open,2026-10-03T04:00:00+00:00,2026-10-03T05:00:00+01:00,Katie Volynets,Elise Mertens,skybet,Sky Bet,2026-10-02T08:52:51Z,h2h,Katie Volynets,2.0,,0.5,0.47368421052631576,0.2
2026-10-02T08:53:26.007991+00:00,2026-10-02T09:53:26.007991+01:00,dbd8d0ad3c5bc6bfbf4cba388c0affe4,tennis_wta_china_open,WTA China Open,2026-10-03T04:00:00+00:00,2026-10-03T05:00:00+01:00,Katie Volynets,Elise Mertens,matchbook,Matchbook,2026-10-02T08:53:10Z,h2h,Elise Mertens,1.84,,0.5434782608695652,0.5329949238578681,0.2
2026-10-02T08:53:26.007991+00:00,2026-10-02T09:53:26.007991+01:00,dbd8d0ad3c5bc6bfbf4cba388c0affe4,tennis_wta_china_open,WTA China Open,2026-10-03T04:00:00+00:00,2026-10-03T05:00:00+01:00,Katie Volynets,Elise Mertens,matchbook,Matchbook,2026-10-02T08:53:10Z,h2h,Katie Volynets,2.1,,0.47619047619047616,0.46700507614213205,0.2
2026-10-02T08:53:26.007991+00:00,2026-10-02T09:53:26.007991+01:00,dbd8d0ad3c5bc6bfbf4cba388c0affe4,tennis_wta_china_open,WTA China Open,2026-10-03T04:00:00+00:00,2026-10-03T05:00:00+01:00,Katie Volynets,Elise Mertens,matchbook,Matchbook,2026-10-02T08:53:10Z,h2h_lay,Elise Mertens,1.91,,0.5235602094240838,1.0,0.2
2026-10-02T08:53:26.007991+00:00,2026-10-02T09:53:26.007991+01:00,dbd8d0ad3c5bc6bfbf4cba388c0affe4,tennis_wta_china_open,WTA China Open,2026-10-03T04:00:00+00:00,2026-10-03T05:00:00+01:00,Katie Volynets,Elise Mertens,matchbook,Matchbook,2026-10-02T08:53:10Z,h2h_lay,Katie Volynets,2.2,,0.45454545454545453,1.0,0.2
2026-10-02T08:53:26.007991+00:00,2026-10-02T09:53:26.007991+01:00,dbd8d0ad3c5bc6bfbf4cba388c0affe4,tennis_wta_china_open,WTA China Open,2026-10-03T04:00:00+00:00,2026-10-03T05:00:00+01:00,Katie Volynets,Elise Mertens,boylesports,BoyleSports,2026-10-02T08:53:17Z,h2h,Elise Mertens,1.8,,0.5555555555555556,0.5148247978436657,0.2
2026-10-02T08:53:26.007991+00:00,2026-10-02T09:53:26.007991+01:00,dbd8d0ad3c5bc6bfbf4cba388c0affe4,tennis_wta_china_open,WTA China Open,2026-10-03T04:00:00+00:00,2026-10-03T05:00:00+01:00,Katie Volynets,Elise Mertens,boylesports,BoyleSports,2026-10-02T08:53:17Z,h2h,Katie Volynets,1.91,,0.5235602094240838,0.4851752021563342,0.2
2026-10-02T08:53:26.007991+00:00,2026-10-02T09:53:26.007991+01:00,dbd8d0ad3c5bc6bfbf4cba388c0affe4,tennis_wta_china_open,WTA China Open,2026-10-03T04:00:00+00:00,2026-10-03T05:00:00+01:00,Katie Volynets,Elise Mertens,livescorebet,LiveScore Bet,2026-10-02T08:53:10Z,h2h,Elise Mertens,1.83,,0.5464480874316939,0.5196850393700787,0.2
2026-10-02T08:53:26.007991+00:00,2026-10-02T09:53:26.007991+01:00,dbd8d0ad3c5bc6bfbf4cba388c0affe4,tennis_wta_china_open,WTA China Open,2026-10-03T04:00:00+00:00,2026-10-03T05:00:00+01:00,Katie Volynets,Elise Mertens,livescorebet,LiveScore Bet,2026-10-02T08:53:10Z,h2h,Katie Volynets,1.98,,0.5050505050505051,0.48031496062992135,0.2
2026-10-02T08:53:26.007991+00:00,2026-10-02T09:53:26.007991+01:00,dbd8d0ad3c5bc6bfbf4cba388c0affe4,tennis_wta_china_open,WTA China Open,2026-10-03T04:00:00+00:00,2026-10-03T05:00:00+01:00,Katie Volynets,Elise Mertens,casumo,Casumo,2026-10-02T08:52:51Z,h2h,Elise Mertens,1.83,,0.5464480874316939,0.5184210526315789,0.2
2026-10-02T08:53:26.007991+00:00,2026-10-02T09:53:26.007991+01:00,dbd8d0ad3c5bc6bfbf4cba388c0affe4,tennis_wta_china_open,WTA China Open,2026-10-03T04:00:00+00:00,2026-10-03T05:00:00+01:00,Katie Volynets,Elise Mertens,casumo,Casumo,2026-10-02T08:52:51Z,h2h,Katie Volynets,1.97,,0.5076142131979695,0.48157894736842105,0.2
2026-10-02T08:53:26.007991+00:00,2026-10-02T09:53:26.007991+01:00,dbd8d0ad3c5bc6bfbf4cba388c0affe4,tennis_wta_china_open,WTA China Open,2026-10-03T04:00:00+00:00,2026-10-03T05:00:00+01:00,Katie Volynets,Elise Mertens,virginbet,Virgin Bet,2026-10-02T08:52:51Z,h2h,Elise Mertens,1.83,,0.5464480874316939,0.5196850393700787,0.2
2026-10-02T08:53:26.007991+00:00,2026-10-02T09:53:26.007991+01:00,dbd8d0ad3c5bc6bfbf4cba388c0affe4,tennis_wta_china_open,WTA China Open,2026-10-03T04:00:00+00:00,2026-10-03T05:00:00+01:00,Katie Volynets,Elise Mertens,virginbet,Virgin Bet,2026-10-02T08:52:51Z,h2h,Katie Volynets,1.98,,0.5050505050505051,0.48031496062992135,0.2
2026-10-02T08:53:26.007991+00:00,2026-10-02T09:53:26.007991+01:00,dbd8d0ad3c5bc6bfbf4cba388c0affe4,tennis_wta_china_open,WTA China Open,2026-10-03T04:00:00+00:00,2026-10-03T05:00:00+01:00,Katie Volynets,Elise Mertens,grosvenor,Grosvenor,2026-10-02T08:52:35Z,h2h,Elise Mertens,1.83,,0.5464480874316939,0.5184210526315789,0.2
2026-10-02T08:53:26.007991+00:00,2026-10-02T09:53:26.007991+01:00,dbd8d0ad3c5bc6bfbf4cba388c0affe4,tennis_wta_china_open,WTA China Open,2026-10-03T04:00:00+00:00,2026-10-03T05:00:00+01:00,Katie Volynets,Elise Mertens,grosvenor,Grosvenor,2026-10-02T08:52:35Z,h2h,Katie Volynets,1.97,,0.5076142131979695,0.48157894736842105,0.2
2026-10-02T08:53:26.007991+00:00,2026-10-02T09:53:26.007991+01:00,dbd8d0ad3c5bc6bfbf4cba388c0affe4,tennis_wta_china_open,WTA China Open,2026-10-03T04:00:00+00:00,2026-10-03T05:00:00+01:00,Katie Volynets,Elise Mertens,ladbrokes_uk,Ladbrokes,2026-10-02T08:52:51Z,h2h,Elise Mertens,1.8,,0.5555555555555556,0.5199999999999999,0.2
2026-10-02T08:53:26.007991+00:00,2026-10-02T09:53:26.007991+01:00,dbd8d0ad3c5bc6bfbf4cba388c0affe4,tennis_wta_china_open,WTA China Open,2026-10-03T04:00:00+00:00,2026-10-03T05:00:00+01:00,Katie Volynets,Elise Mertens,ladbrokes_uk,Ladbrokes,2026-10-02T08:52:51Z,h2h,Katie Volynets,1.95,,0.5128205128205129,0.48,0.2
2026-10-02T08:53:26.007991+00:00,2026-10-02T09:53:26.007991+01:00,dbd8d0ad3c5bc6bfbf4cba388c0affe4,tennis_wta_china_open,WTA China Open,2026-10-03T04:00:00+00:00,2026-10-03T05:00:00+01:00,Katie Volynets,Elise Mertens,coral,Coral,2026-10-02T08:52:52Z,h2h,Elise Mertens,1.8,,0.5555555555555556,0.5199999999999999,0.2
2026-10-02T08:53:26.007991+00:00,2026-10-02T09:53:26.007991+01:00,dbd8d0ad3c5bc6bfbf4cba388c0affe4,tennis_wta_china_open,WTA China Open,2026-10-03T04:00:00+00:00,2026-10-03T05:00:00+01:00,Katie Volynets,Elise Mertens,coral,Coral,2026-10-02T08:52:52Z,h2h,Katie Volynets,1.95,,0.5128205128205129,0.48,0.2
2026-10-02T08:53:26.007991+00:00,2026-10-02T09:53:26.007991+01:00,dbd8d0ad3c5bc6bfbf4cba388c0affe4,tennis_wta_china_open,WTA China Open,2026-10-03T04:00:00+00:00,2026-10-03T05:00:00+01:00,Katie Volynets,Elise Mertens,williamhill,William Hill,2026-10-02T08:52:37Z,h2h,Elise Mertens,1.8,,0.5555555555555556,0.5263157894736842,0.2
2026-10-02T08:53:26.007991+00:00,2026-10-02T09:53:26.007991+01:00,dbd8d0ad3c5bc6bfbf4cba388c0affe4,tennis_wta_china_open,WTA China Open,2026-10-03T04:00:00+00:00,2026-10-03T05:00:00+01:00,Katie Volynets,Elise Mertens,williamhill,William Hill,2026-10-02T08:52:37Z,h2h,Katie Volynets,2.0,,0.5,0.47368421052631576,0.2
2026-10-02T08:53:26.007991+00:00,2026-10-02T09:53:26.007991+01:00,b3093f7932ea06973dff88f56a7b5505,tennis_wta_china_open,WTA China Open,2026-10-03T04:00:00+00:00,2026-10-03T05:00:00+01:00,Iva Jović,Harriet Dart,leovegas,LeoVegas,2026-10-02T08:52:34Z,h2h,Harriet Dart,6.8,,0.14705882352941177,0.13595933926302414,0.2
2026-10-02T08:53:26.007991+00:00,2026-10-02T09:53:26.007991+01:00,b3093f7932ea06973dff88f56a7b5505,tennis_wta_china_open,WTA China Open,2026-10-03T04:00:00+00:00,2026-10-03T05:00:00+01:00,Iva Jović,Harriet Dart,leovegas,LeoVegas,2026-10-02T08:52:34Z,h2h,Iva Jović,1.07,,0.9345794392523364,0.8640406607369758,0.2
2026-10-02T08:53:26.007991+00:00,2026-10-02T09:53:26.007991+01:00,b3093f7932ea06973dff88f56a7b5505,tennis_wta_china_open,WTA China Open,2026-10-03T04:00:00+00:00,2026-10-03T05:00:00+01:00,Iva Jović,Harriet Dart,betfair_ex_uk,Betfair,2026-10-02T08:53:12Z,h2h,Harriet Dart,9.4,,0.10638297872340426,0.10476190476190478,0.2
2026-10-02T08:53:26.007991+00:00,2026-10-02T09:53:26.007991+01:00,b3093f7932ea06973dff88f56a7b5505,tennis_wta_china_open,WTA China Open,2026-10-03T04:00:00+00:00,2026-10-03T05:00:00+01:00,Iva Jović,Harriet Dart,betfair_ex_uk,Betfair,2026-10-02T08:53:12Z,h2h,Iva Jović,1.1,,0.9090909090909091,0.8952380952380953,0.2
2026-10-02T08:53:26.007991+00:00,2026-10-02T09:53:26.007991+01:00,b3093f7932ea06973dff88f56a7b5505,tennis_wta_china_open,WTA China Open,2026-10-03T04:00:00+00:00,2026-10-03T05:00:00+01:00,Iva Jović,Harriet Dart,betfair_ex_uk,Betfair,2026-10-02T08:53:12Z,h2h_lay,Harriet Dart,11.0,,0.09090909090909091,1.0,0.2
2026-10-02T08:53:26.007991+00:00,2026-10-02T09:53:26.007991+01:00,b3093f7932ea06973dff88f56a7b5505,tennis_wta_china_open,WTA China Open,2026-10-03T04:00:00+00:00,2026-10-03T05:00:00+01:00,Iva Jović,Harriet Dart,betfair_ex_uk,Betfair,2026-10-02T08:53:12Z,h2h_lay,Iva Jović,1.12,,0.8928571428571428,1.0,0.2
2026-10-02T08:53:26.007991+00:00,2026-10-02T09:53:26.007991+01:00,b3093f7932ea06973dff88f56a7b5505,tennis_wta_china_open,WTA China Open,2026-10-03T04:00:00+00:00,2026-10-03T05:00:00+01:00,Iva Jović,Harriet Dart,smarkets,Smarkets,2026-10-02T08:53:10Z,h2h,Harriet Dart,6.0,,0.16666666666666666,0.15254237288135594,0.2
2026-10-02T08:53:26.007991+00:00,2026-10-02T09:53:26.007991+01:00,b3093f7932ea06973dff88f56a7b5505,tennis_wta_china_open,WTA China Open,2026-10-03T04:00:00+00:00,2026-10-03T05:00:00+01:00,Iva Jović,Harriet Dart,smarkets,Smarkets,2026-10-02T08:53:10Z,h2h,Iva Jović,1.08,,0.9259259259259258,0.847457627118644,0.2
2026-10-02T08:53:26.007991+00:00,2026-10-02T09:53:26.007991+01:00,b3093f7932ea06973dff88f56a7b5505,tennis_wta_china_open,WTA China Open,2026-10-03T04:00:00+00:00,2026-10-03T05:00:00+01:00,Iva Jović,Harriet Dart,smarkets,Smarkets,2026-10-02T08:53:10Z,h2h_lay,Harriet Dart,15.5,,0.06451612903225806,1.0,0.2
2026-10-02T08:53:26.007991+00:00,2026-10-02T09:53:26.007991+01:00,b3093f7932ea06973dff88f56a7b5505,tennis_wta_china_open,WTA China Open,2026-10-03T04:00:00+00:00,2026-10-03T05:00:00+01:00,Iva Jović,Harriet Dart,smarkets,Smarkets,2026-10-02T08:53:10Z,h2h_lay,Iva Jović,1.14,,0.8771929824561404,1.0,0.2
2026-10-02T08:53:26.007991+00:00,2026-10-02T09:53:26.007991+01:00,b3093f7932ea06973dff88f56a7b5505,tennis_wta_china_open,WTA China Open,2026-10-03T04:00:00+00:00,2026-10-03T05:00:00+01:00,Iva Jović,Harriet Dart,sport888,888sport,2026-10-02T08:52:50Z,h2h,Harriet Dart,7.5,,0.13333333333333333,0.1258741258741259,0.2
2026-10-02T08:53:26.007991+00:00,2026-10-02T09:53:26.007991+01:00,b3093f7932ea06973dff88f56a7b5505,tennis_wta_china_open,WTA China Open,2026-10-03T04:00:00+00:00,2026-10-03T05:00:00+01:00,Iva Jović,Harriet Dart,sport888,888sport,2026-10-02T08:52:50Z,h2h,Iva Jović,1.08,,0.9259259259259258,0.8741258741258742,0.2
2026-10-02T08:53:26.007991+00:00,2026-10-02T09:53:26.007991+01:00,b3093f7932ea06973dff88f56a7b5505,tennis_wta_china_open,WTA China Open,2026-10-03T04:00:00+00:00,2026-10-03T05:00:00+01:00,Iva Jović,Harriet Dart,betway,Betway,2026-10-02T08:53:11Z,h2h,Harriet Dart,8.5,,0.11764705882352941,0.11180773249738768,0.2
2026-10-02T08:53:26.007991+00:00,2026-10-02T09:53:26.007991+01:00,b3093f7932ea06973dff88f56a7b5505,tennis_wta_china_open,WTA China Open,2026-10-03T04:00:00+00:00,2026-10-03T05:00:00+01:00,Iva Jović,Harriet Dart,betway,Betway,2026-10-02T08:53:11Z,h2h,Iva Jović,1.07,,0.9345794392523364,0.8881922675026124,0.2
2026-10-02T08:53:26.007991+00:00,2026-10-02T09:53:26.007991+01:00,b3093f7932ea06973dff88f56a7b5505,tennis_wta_china_open,WTA China Open,2026-10-03T04:00:00+00:00,2026-10-03T05:00:00+01:00,Iva Jović,Harriet Dart,unibet_uk,Unibet (UK),2026-10-02T08:52:36Z,h2h,Harriet Dart,7.0,,0.14285714285714285,0.13366336633663367,0.2
2026-10-02T08:53:26.007991+00:00,2026-10-02T09:53:26.007991+01:00,b3093f7932ea06973dff88f56a7b5505,tennis_wta_china_open,WTA China Open,2026-10-03T04:00:00+00:00,2026-10-03T05:00:00+01:00,Iva Jović,Harriet Dart,unibet_uk,Unibet (UK),2026-10-02T08:52:36Z,h2h,Iva Jović,1.08,,0.9259259259259258,0.8663366336633663,0.2
2026-10-02T08:53:26.007991+00:00,2026-10-02T09:53:26.007991+01:00,b3093f7932ea06973dff88f56a7b5505,tennis_wta_china_open,WTA China Open,2026-10-03T04:00:00+00:00,2026-10-03T05:00:00+01:00,Iva Jović,Harriet Dart,paddypower,Paddy Power,2026-10-02T08:52:51Z,h2h,Harriet Dart,8.5,,0.11764705882352941,0.11180773249738768,0.2
2026-10-02T08:53:26.007991+00:00,2026-10-02T09:53:26.007991+01:00,b3093f7932ea06973dff88f56a7b5505,tennis_wta_china_open,WTA China Open,2026-10-03T04:00:00+00:00,2026-10-03T05:00:00+01:00,Iva Jović,Harriet Dart,paddypower,Paddy Power,2026-10-02T08:52:51Z,h2h,Iva Jović,1.07,,0.9345794392523364,0.8881922675026124,0.2
2026-10-02T08:53:26.007991+00:00,2026-10-02T09:53:26.007991+01:00,b3093f7932ea06973dff88f56a7b5505,tennis_wta_china_open,WTA China Open,2026-10-03T04:00:00+00:00,2026-10-03T05:00:00+01:00,Iva Jović,Harriet Dart,skybet,Sky Bet,2026-10-02T08:52:51Z,h2h,Harriet Dart,8.5,,0.11764705882352941,0.11180773249738768,0.2
2026-10-02T08:53:26.007991+00:00,2026-10-02T09:53:26.007991+01:00,b3093f7932ea06973dff88f56a7b5505,tennis_wta_china_open,WTA China Open,2026-10-03T04:00:00+00:00,2026-10-03T05:00:00+01:00,Iva Jović,Harriet Dart,skybet,Sky Bet,2026-10-02T08:52:51Z,h2h,Iva Jović,1.07,,0.9345794392523364,0.8881922675026124,0.2
2026-10-02T08:53:26.007991+00:00,2026-10-02T09:53:26.007991+01:00,b3093f7932ea06973dff88f56a7b5505,tennis_wta_china_open,WTA China Open,2026-10-03T04:00:00+00:00,2026-10-03T05:00:00+01:00,Iva Jović,Harriet Dart,casumo,Casumo,2026-10-02T08:52:51Z,h2h,Harriet Dart,7.5,,0.13333333333333333,0.12689173457508732,0.2
2026-10-02T08:53:26.007991+00:00,2026-10-02T09:53:26.007991+01:00,b3093f7932ea06973dff88f56a7b5505,tennis_wta_china_open,WTA China Open,2026-10-03T04:00:00+00:00,2026-10-03T05:00:00+01:00,Iva Jović,Harriet Dart,casumo,Casumo,2026-10-02T08:52:51Z,h2h,Iva Jović,1.09,,0.9174311926605504,0.8731082654249126,0.2
2026-10-02T08:53:26.007991+00:00,2026-10-02T09:53:26.007991+01:00,b3093f7932ea06973dff88f56a7b5505,tennis_wta_china_open,WTA China Open,2026-10-03T04:00:00+00:00,2026-10-03T05:00:00+01:00,Iva Jović,Harriet Dart,virginbet,Virgin Bet,2026-10-02T08:52:51Z,h2h,Harriet Dart,7.5,,0.13333333333333333,0.12689173457508732,0.2
2026-10-02T08:53:26.007991+00:00,2026-10-02T09:53:26.007991+01:00,b3093f7932ea06973dff88f56a7b5505,tennis_wta_china_open,WTA China Open,2026-10-03T04:00:00+00:00,2026-10-03T05:00:00+01:00,Iva Jović,Harriet Dart,virginbet,Virgin Bet,2026-10-02T08:52:51Z,h2h,Iva Jović,1.09,,0.9174311926605504,0.8731082654249126,0.2
2026-10-02T08:53:26.007991+00:00,2026-10-02T09:53:26.007991+01:00,b3093f7932ea06973dff88f56a7b5505,tennis_wta_china_open,WTA China Open,2026-10-03T04:00:00+00:00,2026-10-03T05:00:00+01:00,Iva Jović,Harriet Dart,livescorebet,LiveScore Bet,2026-10-02T08:53:10Z,h2h,Harriet Dart,7.5,,0.13333333333333333,0.12689173457508732,0.2
2026-10-02T08:53:26.007991+00:00,2026-10-02T09:53:26.007991+01:00,b3093f7932ea06973dff88f56a7b5505,tennis_wta_china_open,WTA China Open,2026-10-03T04:00:00+00:00,2026-10-03T05:00:00+01:00,Iva Jović,Harriet Dart,livescorebet,LiveScore Bet,2026-10-02T08:53:10Z,h2h,Iva Jović,1.09,,0.9174311926605504,0.8731082654249126,0.2
2026-10-02T08:53:26.007991+00:00,2026-10-02T09:53:26.007991+01:00,b3093f7932ea06973dff88f56a7b5505,tennis_wta_china_open,WTA China Open,2026-10-03T04:00:00+00:00,2026-10-03T05:00:00+01:00,Iva Jović,Harriet Dart,grosvenor,Grosvenor,2026-10-02T08:52:35Z,h2h,Harriet Dart,7.5,,0.13333333333333333,0.12689173457508732,0.2
2026-10-02T08:53:26.007991+00:00,2026-10-02T09:53:26.007991+01:00,b3093f7932ea06973dff88f56a7b5505,tennis_wta_china_open,WTA China Open,2026-10-03T04:00:00+00:00,2026-10-03T05:00:00+01:00,Iva Jović,Harriet Dart,grosvenor,Grosvenor,2026-10-02T08:52:35Z,h2h,Iva Jović,1.09,,0.9174311926605504,0.8731082654249126,0.2
2026-10-02T08:53:26.007991+00:00,2026-10-02T09:53:26.007991+01:00,b3093f7932ea06973dff88f56a7b5505,tennis_wta_china_open,WTA China Open,2026-10-03T04:00:00+00:00,2026-10-03T05:00:00+01:00,Iva Jović,Harriet Dart,matchbook,Matchbook,2026-10-02T08:53:10Z,h2h,Harriet Dart,9.6,,0.10416666666666667,0.10280373831775702,0.2
2026-10-02T08:53:26.007991+00:00,2026-10-02T09:53:26.007991+01:00,b3093f7932ea06973dff88f56a7b5505,tennis_wta_china_open,WTA China Open,2026-10-03T04:00:00+00:00,2026-10-03T05:00:00+01:00,Iva Jović,Harriet Dart,matchbook,Matchbook,2026-10-02T08:53:10Z,h2h,Iva Jović,1.1,,0.9090909090909091,0.897196261682243,0.2
2026-10-02T08:53:26.007991+00:00,2026-10-02T09:53:26.007991+01:00,b3093f7932ea06973dff88f56a7b5505,tennis_wta_china_open,WTA China Open,2026-10-03T04:00:00+00:00,2026-10-03T05:00:00+01:00,Iva Jović,Harriet Dart,matchbook,Matchbook,2026-10-02T08:53:10Z,h2h_lay,Harriet Dart,11.0,,0.09090909090909091,1.0,0.2
2026-10-02T08:53:26.007991+00:00,2026-10-02T09:53:26.007991+01:00,b3093f7932ea06973dff88f56a7b5505,tennis_wta_china_open,WTA China Open,2026-10-03T04:00:00+00:00,2026-10-03T05:00:00+01:00,Iva Jović,Harriet Dart,matchbook,Matchbook,2026-10-02T08:53:10Z,h2h_lay,Iva Jović,1.12,,0.8928571428571428,1.0,0.2
2026-10-02T08:53:26.007991+00:00,2026-10-02T09:53:26.007991+01:00,b3093f7932ea06973dff88f56a7b5505,tennis_wta_china_open,WTA China Open,2026-10-03T04:00:00+00:00,2026-10-03T05:00:00+01:00,Iva Jović,Harriet Dart,coral,Coral,2026-10-02T08:52:52Z,h2h,Harriet Dart,7.5,,0.13333333333333333,0.1258741258741259,0.2
2026-10-02T08:53:26.007991+00:00,2026-10-02T09:53:26.007991+01:00,b3093f7932ea06973dff88f56a7b5505,tennis_wta_china_open,WTA China Open,2026-10-03T04:00:00+00:00,2026-10-03T05:00:00+01:00,Iva Jović,Harriet Dart,coral,Coral,2026-10-02T08:52:52Z,h2h,Iva Jović,1.08,,0.9259259259259258,0.8741258741258742,0.2
2026-10-02T08:53:26.007991+00:00,2026-10-02T09:53:26.007991+01:00,b3093f7932ea06973dff88f56a7b5505,tennis_wta_china_open,WTA China Open,2026-10-03T04:00:00+00:00,2026-10-03T05:00:00+01:00,Iva Jović,Harriet Dart,ladbrokes_uk,Ladbrokes,2026-10-02T08:52:51Z,h2h,Harriet Dart,7.5,,0.13333333333333333,0.1258741258741259,0.2
2026-10-02T08:53:26.007991+00:00,2026-10-02T09:53:26.007991+01:00,b3093f7932ea06973dff88f56a7b5505,tennis_wta_china_open,WTA China Open,2026-10-03T04:00:00+00:00,2026-10-03T05:00:00+01:00,Iva Jović,Harriet Dart,ladbrokes_uk,Ladbrokes,2026-10-02T08:52:51Z,h2h,Iva Jović,1.08,,0.9259259259259258,0.8741258741258742,0.2
2026-10-02T08:53:26.007991+00:00,2026-10-02T09:53:26.007991+01:00,b3093f7932ea06973dff88f56a7b5505,tennis_wta_china_open,WTA China Open,2026-10-03T04:00:00+00:00,2026-10-03T05:00:00+01:00,Iva Jović,Harriet Dart,betano_uk,Betano (UK),2026-10-02T08:53:26Z,h2h,Harriet Dart,6.5,,0.15384615384615385,0.1424802110817942,0.2
2026-10-02T08:53:26.007991+00:00,2026-10-02T09:53:26.007991+01:00,b3093f7932ea06973dff88f56a7b5505,tennis_wta_china_open,WTA China Open,2026-10-03T04:00:00+00:00,2026-10-03T05:00:00+01:00,Iva Jović,Harriet Dart,betano_uk,Betano (UK),2026-10-02T08:53:26Z,h2h,Iva Jović,1.08,,0.9259259259259258,0.8575197889182057,0.2
2026-10-02T08:53:26.007991+00:00,2026-10-02T09:53:26.007991+01:00,b3093f7932ea06973dff88f56a7b5505,tennis_wta_china_open,WTA China Open,2026-10-03T04:00:00+00:00,2026-10-03T05:00:00+01:00,Iva Jović,Harriet Dart,betvictor,Bet Victor,2026-10-02T08:51:59Z,h2h,Harriet Dart,6.5,,0.15384615384615385,0.1424802110817942,0.2
2026-10-02T08:53:26.007991+00:00,2026-10-02T09:53:26.007991+01:00,b3093f7932ea06973dff88f56a7b5505,tennis_wta_china_open,WTA China Open,2026-10-03T04:00:00+00:00,2026-10-03T05:00:00+01:00,Iva Jović,Harriet Dart,betvictor,Bet Victor,2026-10-02T08:51:59Z,h2h,Iva Jović,1.08,,0.9259259259259258,0.8575197889182057,0.2
2026-10-02T08:53:26.007991+00:00,2026-10-02T09:53:26.007991+01:00,b3093f7932ea06973dff88f56a7b5505,tennis_wta_china_open,WTA China Open,2026-10-03T04:00:00+00:00,2026-10-03T05:00:00+01:00,Iva Jović,Harriet Dart,williamhill,William Hill,2026-10-02T08:52:37Z,h2h,Harriet Dart,7.5,,0.13333333333333333,0.1258741258741259,0.2
2026-10-02T08:53:26.007991+00:00,2026-10-02T09:53:26.007991+01:00,b3093f7932ea06973dff88f56a7b5505,tennis_wta_china_open,WTA China Open,2026-10-03T04:00:00+00:00,2026-10-03T05:00:00+01:00,Iva Jović,Harriet Dart,williamhill,William Hill,2026-10-02T08:52:37Z,h2h,Iva Jović,1.08,,0.9259259259259258,0.8741258741258742,0.2
2026-10-02T08:53:26.007991+00:00,2026-10-02T09:53:26.007991+01:00,b3093f7932ea06973dff88f56a7b5505,tennis_wta_china_open,WTA China Open,2026-10-03T04:00:00+00:00,2026-10-03T05:00:00+01:00,Iva Jović,Harriet Dart,boylesports,BoyleSports,2026-10-02T08:53:17Z,h2h,Harriet Dart,8.5,,0.11764705882352941,0.1127348643006263,0.2
2026-10-02T08:53:26.007991+00:00,2026-10-02T09:53:26.007991+01:00,b3093f7932ea06973dff88f56a7b5505,tennis_wta_china_open,WTA China Open,2026-10-03T04:00:00+00:00,2026-10-03T05:00:00+01:00,Iva Jović,Harriet Dart,boylesports,BoyleSports,2026-10-02T08:53:17Z,h2h,Iva Jović,1.08,,0.9259259259259258,0.8872651356993737,0.2
2026-10-02T08:53:26.007991+00:00,2026-10-02T09:53:26.007991+01:00,6bf6841c79aa53815b86f5fd0463dbe3,tennis_wta_china_open,WTA China Open,2026-10-03T04:00:00+00:00,2026-10-03T05:00:00+01:00,Xinyu Gao,Iga Swiatek,betway,Betway,2026-10-02T08:53:11Z,h2h,Iga Swiatek,1.01,,0.9900990099009901,0.9626064420584968,0.2
2026-10-02T08:53:26.007991+00:00,2026-10-02T09:53:26.007991+01:00,6bf6841c79aa53815b86f5fd0463dbe3,tennis_wta_china_open,WTA China Open,2026-10-03T04:00:00+00:00,2026-10-03T05:00:00+01:00,Xinyu Gao,Iga Swiatek,betway,Betway,2026-10-02T08:53:11Z,h2h,Xinyu Gao,26.0,,0.038461538461538464,0.03739355794150315,0.2
2026-10-02T08:53:26.007991+00:00,2026-10-02T09:53:26.007991+01:00,6bf6841c79aa53815b86f5fd0463dbe3,tennis_wta_china_open,WTA China Open,2026-10-03T04:00:00+00:00,2026-10-03T05:00:00+01:00,Xinyu Gao,Iga Swiatek,smarkets,Smarkets,2026-10-02T08:53:10Z,h2h,Iga Swiatek,1.01,,0.9900990099009901,0.972687939426717,0.2
2026-10-02T08:53:26.007991+00:00,2026-10-02T09:53:26.007991+01:00,6bf6841c79aa53815b86f5fd0463dbe3,tennis_wta_china_open,WTA China Open,2026-10-03T04:00:00+00:00,2026-10-03T05:00:00+01:00,Xinyu Gao,Iga Swiatek,smarkets,Smarkets,2026-10-02T08:53:10Z,h2h,Xinyu Gao,35.97,,0.027800945232137893,0.027312060573282854,0.2
2026-10-02T08:53:26.007991+00:00,2026-10-02T09:53:26.007991+01:00,6bf6841c79aa53815b86f5fd0463dbe3,tennis_wta_china_open,WTA China Open,2026-10-03T04:00:00+00:00,2026-10-03T05:00:00+01:00,Xinyu Gao,Iga Swiatek,smarkets,Smarkets,2026-10-02T08:53:10Z,h2h_lay,Iga Swiatek,1.04,,0.9615384615384615,1.0,0.2
2026-10-02T08:53:26.007991+00:00,2026-10-02T09:53:26.007991+01:00,6bf6841c79aa53815b86f5fd0463dbe3,tennis_wta_china_open,WTA China Open,2026-10-03T04:00:00+00:00,2026-10-03T05:00:00+01:00,Xinyu Gao,Iga Swiatek,smarkets,Smarkets,2026-10-02T08:53:10Z,h2h_lay,Xinyu Gao,59.88,,0.0167000668002672,1.0,0.2
2026-10-02T08:53:26.007991+00:00,2026-10-02T09:53:26.007991+01:00,6bf6841c79aa53815b86f5fd0463dbe3,tennis_wta_china_open,WTA China Open,2026-10-03T04:00:00+00:00,2026-10-03T05:00:00+01:00,Xinyu Gao,Iga Swiatek,betfair_ex_uk,Betfair,2026-10-02T08:53:12Z,h2h,Iga Swiatek,1.02,,0.9803921568627451,0.9635974304068522,0.2
2026-10-02T08:53:26.007991+00:00,2026-10-02T09:53:26.007991+01:00,6bf6841c79aa53815b86f5fd0463dbe3,tennis_wta_china_open,WTA China Open,2026-10-03T04:00:00+00:00,2026-10-03T05:00:00+01:00,Xinyu Gao,Iga Swiatek,betfair_ex_uk,Betfair,2026-10-02T08:53:12Z,h2h,Xinyu Gao,27.0,,0.037037037037037035,0.03640256959314775,0.2
2026-10-02T08:53:26.007991+00:00,2026-10-02T09:53:26.007991+01:00,6bf6841c79aa53815b86f5fd0463dbe3,tennis_wta_china_open,WTA China Open,2026-10-03T04:00:00+00:00,2026-10-03T05:00:00+01:00,Xinyu Gao,Iga Swiatek,betfair_ex_uk,Betfair,2026-10-02T08:53:12Z,h2h_lay,Iga Swiatek,1.04,,0.9615384615384615,1.0,0.2
2026-10-02T08:53:26.007991+00:00,2026-10-02T09:53:26.007991+01:00,6bf6841c79aa53815b86f5fd0463dbe3,tennis_wta_china_open,WTA China Open,2026-10-03T04:00:00+00:00,2026-10-03T05:00:00+01:00,Xinyu Gao,Iga Swiatek,betfair_ex_uk,Betfair,2026-10-02T08:53:12Z,h2h_lay,Xinyu Gao,55.0,,0.01818181818181818,1.0,0.2
2026-10-02T08:53:26.007991+00:00,2026-10-02T09:53:26.007991+01:00,6bf6841c79aa53815b86f5fd0463dbe3,tennis_wta_china_open,WTA China Open,2026-10-03T04:00:00+00:00,2026-10-03T05:00:00+01:00,Xinyu Gao,Iga Swiatek,sport888,888sport,2026-10-02T08:52:50Z,h2h,Iga Swiatek,1.01,,0.9900990099009901,0.9541117673784643,0.2
2026-10-02T08:53:26.007991+00:00,2026-10-02T09:53:26.007991+01:00,6bf6841c79aa53815b86f5fd0463dbe3,tennis_wta_china_open,WTA China Open,2026-10-03T04:00:00+00:00,2026-10-03T05:00:00+01:00,Xinyu Gao,Iga Swiatek,sport888,888sport,2026-10-02T08:52:50Z,h2h,Xinyu Gao,21.0,,0.047619047619047616,0.045888232621535664,0.2
2026-10-02T08:53:26.007991+00:00,2026-10-02T09:53:26.007991+01:00,6bf6841c79aa53815b86f5fd0463dbe3,tennis_wta_china_open,WTA China Open,2026-10-03T04:00:00+00:00,2026-10-03T05:00:00+01:00,Xinyu Gao,Iga Swiatek,leovegas,LeoVegas,2026-10-02T08:52:34Z,h2h,Iga Swiatek,1.01,,0.9900990099009901,0.9192645883293366,0.2
2026-10-02T08:53:26.007991+00:00,2026-10-02T09:53:26.007991+01:00,6bf6841c79aa53815b86f5fd0463dbe3,tennis_wta_china_open,WTA China Open,2026-10-03T04:00:00+00:00,2026-10-03T05:00:00+01:00,Xinyu Gao,Iga Swiatek,leovegas,LeoVegas,2026-10-02T08:52:34Z,h2h,Xinyu Gao,11.5,,0.08695652173913043,0.08073541167066348,0.2
2026-10-02T08:53:26.007991+00:00,2026-10-02T09:53:26.007991+01:00,6bf6841c79aa53815b86f5fd0463dbe3,tennis_wta_china_open,WTA China Open,2026-10-03T04:00:00+00:00,2026-10-03T05:00:00+01:00,Xinyu Gao,Iga Swiatek,unibet_uk,Unibet (UK),2026-10-02T08:52:36Z,h2h,Iga Swiatek,1.01,,0.9900990099009901,0.9495252373813095,0.2
2026-10-02T08:53:26.007991+00:00,2026-10-02T09:53:26.007991+01:00,6bf6841c79aa53815b86f5fd0463dbe3,tennis_wta_china_open,WTA China Open,2026-10-03T04:00:00+00:00,2026-10-03T05:00:00+01:00,Xinyu Gao,Iga Swiatek,unibet_uk,Unibet (UK),2026-10-02T08:52:36Z,h2h,Xinyu Gao,19.0,,0.05263157894736842,0.050474762618690654,0.2
2026-10-02T08:53:26.007991+00:00,2026-10-02T09:53:26.007991+01:00,6bf6841c79aa53815b86f5fd0463dbe3,tennis_wta_china_open,WTA China Open,2026-10-03T04:00:00+00:00,2026-10-03T05:00:00+01:00,Xinyu Gao,Iga Swiatek,paddypower,Paddy Power,2026-10-02T08:52:51Z,h2h,Iga Swiatek,1.02,,0.9803921568627451,0.9514747859181732,0.2
2026-10-02T08:53:26.007991+00:00,2026-10-02T09:53:26.007991+01:00,6bf6841c79aa53815b86f5fd0463dbe3,tennis_wta_china_open,WTA China Open,2026-10-03T04:00:00+00:00,2026-10-03T05:00:00+01:00,Xinyu Gao,Iga Swiatek,paddypower,Paddy Power,2026-10-02T08:52:51Z,h2h,Xinyu Gao,20.0,,0.05,0.04852521408182684,0.2
2026-10-02T08:53:26.007991+00:00,2026-10-02T09:53:26.007991+01:00,6bf6841c79aa53815b86f5fd0463dbe3,tennis_wta_china_open,WTA China Open,2026-10-03T04:00:00+00:00,2026-10-03T05:00:00+01:00,Xinyu Gao,Iga Swiatek,skybet,Sky Bet,2026-10-02T08:52:51Z,h2h,Iga Swiatek,1.03,,0.970873786407767,0.9532455742169768,0.2
2026-10-02T08:53:26.007991+00:00,2026-10-02T09:53:26.007991+01:00,6bf6841c79aa53815b86f5fd0463dbe3,tennis_wta_china_open,WTA China Open,2026-10-03T04:00:00+00:00,2026-10-03T05:00:00+01:00,Xinyu Gao,Iga Swiatek,skybet,Sky Bet,2026-10-02T08:52:51Z,h2h,Xinyu Gao,21.0,,0.047619047619047616,0.04675442578302314,0.2
2026-10-02T08:53:26.007991+00:00,2026-10-02T09:53:26.007991+01:00,6bf6841c79aa53815b86f5fd0463dbe3,tennis_wta_china_open,WTA China Open,2026-10-03T04:00:00+00:00,2026-10-03T05:00:00+01:00,Xinyu Gao,Iga Swiatek,matchbook,Matchbook,2026-10-02T08:53:10Z,h2h,Iga Swiatek,1.02,,0.9803921568627451,0.9724473257698542,0.2
2026-10-02T08:53:26.007991+00:00,2026-10-02T09:53:26.007991+01:00,6bf6841c79aa53815b86f5fd0463dbe3,tennis_wta_china_open,WTA China Open,2026-10-03T04:00:00+00:00,2026-10-03T05:00:00+01:00,Xinyu Gao,Iga Swiatek,matchbook,Matchbook,2026-10-02T08:53:10Z,h2h,Xinyu Gao,36.0,,0.027777777777777776,0.027552674230145867,0.2
2026-10-02T08:53:26.007991+00:00,2026-10-02T09:53:26.007991+01:00,6bf6841c79aa53815b86f5fd0463dbe3,tennis_wta_china_open,WTA China Open,2026-10-03T04:00:00+00:00,2026-10-03T05:00:00+01:00,Xinyu Gao,Iga Swiatek,matchbook,Matchbook,2026-10-02T08:53:10Z,h2h_lay,Iga Swiatek,1.03,,0.970873786407767,1.0,0.2
2026-10-02T08:53:26.007991+00:00,2026-10-02T09:53:26.007991+01:00,6bf6841c79aa53815b86f5fd0463dbe3,tennis_wta_china_open,WTA China Open,2026-10-03T04:00:00+00:00,2026-10-03T05:00:00+01:00,Xinyu Gao,Iga Swiatek,matchbook,Matchbook,2026-10-02T08:53:10Z,h2h_lay,Xinyu Gao,55.0,,0.01818181818181818,1.0,0.2
2026-10-02T08:53:26.007991+00:00,2026-10-02T09:53:26.007991+01:00,6bf6841c79aa53815b86f5fd0463dbe3,tennis_wta_china_open,WTA China Open,2026-10-03T04:00:00+00:00,2026-10-03T05:00:00+01:00,Xinyu Gao,Iga Swiatek,betano_uk,Betano (UK),2026-10-02T08:53:26Z,h2h,Iga Swiatek,1.02,,0.9803921568627451,0.9074410163339383,0.2
2026-10-02T08:53:26.007991+00:00,2026-10-02T09:53:26.007991+01:00,6bf6841c79aa53815b86f5fd0463dbe3,tennis_wta_china_open,WTA China Open,2026-10-03T04:00:00+00:00,2026-10-03T05:00:00+01:00,Xinyu Gao,Iga Swiatek,betano_uk,Betano (UK),2026-10-02T08:53:26Z,h2h,Xinyu Gao,10.0,,0.1,0.09255898366606172,0.2
2026-10-02T08:53:26.007991+00:00,2026-10-02T09:53:26.007991+01:00,6bf6841c79aa53815b86f5fd0463dbe3,tennis_wta_china_open,WTA China Open,2026-10-03T04:00:00+00:00,2026-10-03T05:00:00+01:00,Xinyu Gao,Iga Swiatek,betvictor,Bet Victor,2026-10-02T08:51:59Z,h2h,Iga Swiatek,1.02,,0.9803921568627451,0.9074410163339383,0.2
2026-10-02T08:53:26.007991+00:00,2026-10-02T09:53:26.007991+01:00,6bf6841c79aa53815b86f5fd0463dbe3,tennis_wta_china_open,WTA China Open,2026-10-03T04:00:00+00:00,2026-10-03T05:00:00+01:00,Xinyu Gao,Iga Swiatek,betvictor,Bet Victor,2026-10-02T08:51:59Z,h2h,Xinyu Gao,10.0,,0.1,0.09255898366606172,0.2
2026-10-02T08:53:26.007991+00:00,2026-10-02T09:53:26.007991+01:00,6bf6841c79aa53815b86f5fd0463dbe3,tennis_wta_china_open,WTA China Open,2026-10-03T04:00:00+00:00,2026-10-03T05:00:00+01:00,Xinyu Gao,Iga Swiatek,boylesports,BoyleSports,2026-10-02T08:53:17Z,h2h,Iga Swiatek,1.03,,0.970873786407767,0.9428729894620077,0.2
2026-10-02T08:53:26.007991+00:00,2026-10-02T09:53:26.007991+01:00,6bf6841c79aa53815b86f5fd0463dbe3,tennis_wta_china_open,WTA China Open,2026-10-03T04:00:00+00:00,2026-10-03T05:00:00+01:00,Xinyu Gao,Iga Swiatek,boylesports,BoyleSports,2026-10-02T08:53:17Z,h2h,Xinyu Gao,17.0,,0.058823529411764705,0.05712701053799223,0.2
2026-10-02T08:53:26.007991+00:00,2026-10-02T09:53:26.007991+01:00,6bf6841c79aa53815b86f5fd0463dbe3,tennis_wta_china_open,WTA China Open,2026-10-03T04:00:00+00:00,2026-10-03T05:00:00+01:00,Xinyu Gao,Iga Swiatek,coral,Coral,2026-10-02T08:52:52Z,h2h,Iga Swiatek,1.02,,0.9803921568627451,0.949050949050949,0.2
2026-10-02T08:53:26.007991+00:00,2026-10-02T09:53:26.007991+01:00,6bf6841c79aa53815b86f5fd0463dbe3,tennis_wta_china_open,WTA China Open,2026-10-03T04:00:00+00:00,2026-10-03T05:00:00+01:00,Xinyu Gao,Iga Swiatek,coral,Coral,2026-10-02T08:52:52Z,h2h,Xinyu Gao,19.0,,0.05263157894736842,0.050949050949050945,0.2
2026-10-02T08:53:26.007991+00:00,2026-10-02T09:53:26.007991+01:00,6bf6841c79aa53815b86f5fd0463dbe3,tennis_wta_china_open,WTA China Open,2026-10-03T04:00:00+00:00,2026-10-03T05:00:00+01:00,Xinyu Gao,Iga Swiatek,ladbrokes_uk,Ladbrokes,2026-10-02T08:52:51Z,h2h,Iga Swiatek,1.02,,0.9803921568627451,0.949050949050949,0.2
2026-10-02T08:53:26.007991+00:00,2026-10-02T09:53:26.007991+01:00,6bf6841c79aa53815b86f5fd0463dbe3,tennis_wta_china_open,WTA China Open,2026-10-03T04:00:00+00:00,2026-10-03T05:00:00+01:00,Xinyu Gao,Iga Swiatek,ladbrokes_uk,Ladbrokes,2026-10-02T08:52:51Z,h2h,Xinyu Gao,19.0,,0.05263157894736842,0.050949050949050945,0.2
2026-10-02T08:53:26.007991+00:00,2026-10-02T09:53:26.007991+01:00,6bf6841c79aa53815b86f5fd0463dbe3,tennis_wta_china_open,WTA China Open,2026-10-03T04:00:00+00:00,2026-10-03T05:00:00+01:00,Xinyu Gao,Iga Swiatek,williamhill,William Hill,2026-10-02T08:52:37Z,h2h,Iga Swiatek,1.01,,0.9900990099009901,0.9541117673784643,0.2
2026-10-02T08:53:26.007991+00:00,2026-10-02T09:53:26.007991+01:00,6bf6841c79aa53815b86f5fd0463dbe3,tennis_wta_china_open,WTA China Open,2026-10-03T04:00:00+00:00,2026-10-03T05:00:00+01:00,Xinyu Gao,Iga Swiatek,williamhill,William Hill,2026-10-02T08:52:37Z,h2h,Xinyu Gao,21.0,,0.047619047619047616,0.045888232621535664,0.2
2026-10-02T08:53:26.007991+00:00,2026-10-02T09:53:26.007991+01:00,49a219b3e9fe502b903f289a5b49c773,tennis_wta_china_open,WTA China Open,2026-10-03T04:00:00+00:00,2026-10-03T05:00:00+01:00,Jelena Ostapenko,Paula Badosa,leovegas,LeoVegas,2026-10-02T08:52:34Z,h2h,Jelena Ostapenko,2.4,,0.4166666666666667,0.38461538461538464,0.2
2026-10-02T08:53:26.007991+00:00,2026-10-02T09:53:26.007991+01:00,49a219b3e9fe502b903f289a5b49c773,tennis_wta_china_open,WTA China Open,2026-10-03T04:00:00+00:00,2026-10-03T05:00:00+01:00,Jelena Ostapenko,Paula Badosa,leovegas,LeoVegas,2026-10-02T08:52:34Z,h2h,Paula Badosa,1.5,,0.6666666666666666,0.6153846153846154,0.2
2026-10-02T08:53:26.007991+00:00,2026-10-02T09:53:26.007991+01:00,49a219b3e9fe502b903f289a5b49c773,tennis_wta_china_open,WTA China Open,2026-10-03T04:00:00+00:00,2026-10-03T05:00:00+01:00,Jelena Ostapenko,Paula Badosa,betfair_ex_uk,Betfair,2026-10-02T08:53:12Z,h2h,Jelena Ostapenko,2.6,,0.3846153846153846,0.37649880095923266,0.2
2026-10-02T08:53:26.007991+00:00,2026-10-02T09:53:26.007991+01:00,49a219b3e9fe502b903f289a5b49c773,tennis_wta_china_open,WTA China Open,2026-10-03T04:00:00+00:00,2026-10-03T05:00:00+01:00,Jelena Ostapenko,Paula Badosa,betfair_ex_uk,Betfair,2026-10-02T08:53:12Z,h2h,Paula Badosa,1.57,,0.6369426751592356,0.6235011990407675,0.2
2026-10-02T08:53:26.007991+00:00,2026-10-02T09:53:26.007991+01:00,49a219b3e9fe502b903f289a5b49c773,tennis_wta_china_open,WTA China Open,2026-10-03T04:00:00+00:00,2026-10-03T05:00:00+01:00,Jelena Ostapenko,Paula Badosa,betfair_ex_uk,Betfair,2026-10-02T08:53:12Z,h2h_lay,Jelena Ostapenko,2.74,,0.36496350364963503,1.0,0.2
2026-10-02T08:53:26.007991+00:00,2026-10-02T09:53:26.007991+01:00,49a219b3e9fe502b903f289a5b49c773,tennis_wta_china_open,WTA China Open,2026-10-03T04:00:00+00:00,2026-10-03T05:00:00+01:00,Jelena Ostapenko,Paula Badosa,betfair_ex_uk,Betfair,2026-10-02T08:53:12Z,h2h_lay,Paula Badosa,1.62,,0.6172839506172839,1.0,0.2
2026-10-02T08:53:26.007991+00:00,2026-10-02T09:53:26.007991+01:00,49a219b3e9fe502b903f289a5b49c773,tennis_wta_china_open,WTA China Open,2026-10-03T04:00:00+00:00,2026-10-03T05:00:00+01:00,Jelena Ostapenko,Paula Badosa,smarkets,Smarkets,2026-10-02T08:53:10Z,h2h,Jelena Ostapenko,2.42,,0.4132231404958678,0.38734177215189874,0.2
2026-10-02T08:53:26.007991+00:00,2026-10-02T09:53:26.007991+01:00,49a219b3e9fe502b903f289a5b49c773,tennis_wta_china_open,WTA China Open,2026-10-03T04:00:00+00:00,2026-10-03T05:00:00+01:00,Jelena Ostapenko,Paula Badosa,smarkets,Smarkets,2026-10-02T08:53:10Z,h2h,Paula Badosa,1.53,,0.6535947712418301,0.6126582278481012,0.2
2026-10-02T08:53:26.007991+00:00,2026-10-02T09:53:26.007991+01:00,49a219b3e9fe502b903f289a5b49c773,tennis_wta_china_open,WTA China Open,2026-10-03T04:00:00+00:00,2026-10-03T05:00:00+01:00,Jelena Ostapenko,Paula Badosa,smarkets,Smarkets,2026-10-02T08:53:10Z,h2h_lay,Jelena Ostapenko,3.0,,0.3333333333333333,1.0,0.2
2026-10-02T08:53:26.007991+00:00,2026-10-02T09:53:26.007991+01:00,49a219b3e9fe502b903f289a5b49c773,tennis_wta_china_open,WTA China Open,2026-10-03T04:00:00+00:00,2026-10-03T05:00:00+01:00,Jelena Ostapenko,Paula Badosa,smarkets,Smarkets,2026-10-02T08:53:10Z,h2h_lay,Paula Badosa,1.69,,0.591715976331361,1.0,0.2
2026-10-02T08:53:26.007991+00:00,2026-10-02T09:53:26.007991+01:00,49a219b3e9fe502b903f289a5b49c773,tennis_wta_china_open,WTA China Open,2026-10-03T04:00:00+00:00,2026-10-03T05:00:00+01:00,Jelena Ostapenko,Paula Badosa,unibet_uk,Unibet (UK),2026-10-02T08:52:36Z,h2h,Jelena Ostapenko,2.42,,0.4132231404958678,0.38578680203045684,0.2
2026-10-02T08:53:26.007991+00:00,2026-10-02T09:53:26.007991+01:00,49a219b3e9fe502b903f289a5b49c773,tennis_wta_china_open,WTA China Open,2026-10-03T04:00:00+00:00,2026-10-03T05:00:00+01:00,Jelena Ostapenko,Paula Badosa,unibet_uk,Unibet (UK),2026-10-02T08:52:36Z,h2h,Paula Badosa,1.52,,0.6578947368421053,0.6142131979695432,0.2
2026-10-02T08:53:26.007991+00:00,2026-10-02T09:53:26.007991+01:00,49a219b3e9fe502b903f289a5b49c773,tennis_wta_china_open,WTA China Open,2026-10-03T04:00:00+00:00,2026-10-03T05:00:00+01:00,Jelena Ostapenko,Paula Badosa,betvictor,Bet Victor,2026-10-02T08:51:59Z,h2h,Jelena Ostapenko,2.4,,0.4166666666666667,0.38461538461538464,0.2
2026-10-02T08:53:26.007991+00:00,2026-10-02T09:53:26.007991+01:00,49a219b3e9fe502b903f289a5b49c773,tennis_wta_china_open,WTA China Open,2026-10-03T04:00:00+00:00,2026-10-03T05:00:00+01:00,Jelena Ostapenko,Paula Badosa,betvictor,Bet Victor,2026-10-02T08:51:59Z,h2h,Paula Badosa,1.5,,0.6666666666666666,0.6153846153846154,0.2
2026-10-02T08:53:26.007991+00:00,2026-10-02T09:53:26.007991+01:00,49a219b3e9fe502b903f289a5b49c773,tennis_wta_china_open,WTA China Open,2026-10-03T04:00:00+00:00,2026-10-03T05:00:00+01:00,Jelena Ostapenko,Paula Badosa,sport888,888sport,2026-10-02T08:52:50Z,h2h,Jelena Ostapenko,2.38,,0.42016806722689076,0.39746835443037976,0.2
2026-10-02T08:53:26.007991+00:00,2026-10-02T09:53:26.007991+01:00,49a219b3e9fe502b903f289a5b49c773,tennis_wta_china_open,WTA China Open,2026-10-03T04:00:00+00:00,2026-10-03T05:00:00+01:00,Jelena Ostapenko,Paula Badosa,sport888,888sport,2026-10-02T08:52:50Z,h2h,Paula Badosa,1.57,,0.6369426751592356,0.6025316455696202,0.2
2026-10-02T08:53:26.007991+00:00,2026-10-02T09:53:26.007991+01:00,49a219b3e9fe502b903f289a5b49c773,tennis_wta_china_open,WTA China Open,2026-10-03T04:00:00+00:00,2026-10-03T05:00:00+01:00,Jelena Ostapenko,Paula Badosa,betway,Betway,2026-10-02T08:53:11Z,h2h,Jelena Ostapenko,2.4,,0.4166666666666667,0.3924050632911393,0.2
2026-10-02T08:53:26.007991+00:00,2026-10-02T09:53:26.007991+01:00,49a219b3e9fe502b903f289a5b49c773,tennis_wta_china_open,WTA China Open,2026-10-03T04:00:00+00:00,2026-10-03T05:00:00+01:00,Jelena Ostapenko,Paula Badosa,betway,Betway,2026-10-02T08:53:11Z,h2h,Paula Badosa,1.55,,0.6451612903225806,0.6075949367088608,0.2
2026-10-02T08:53:26.007991+00:00,2026-10-02T09:53:26.007991+01:00,49a219b3e9fe502b903f289a5b49c773,tennis_wta_china_open,WTA China Open,2026-10-03T04:00:00+00:00,2026-10-03T05:00:00+01:00,Jelena Ostapenko,Paula Badosa,betano_uk,Betano (UK),2026-10-02T08:53:26Z,h2h,Jelena Ostapenko,2.4,,0.4166666666666667,0.38461538461538464,0.2
2026-10-02T08:53:26.007991+00:00,2026-10-02T09:53:26.007991+01:00,49a219b3e9fe502b903f289a5b49c773,tennis_wta_china_open,WTA China Open,2026-10-03T04:00:00+00:00,2026-10-03T05:00:00+01:00,Jelena Ostapenko,Paula Badosa,betano_uk,Betano (UK),2026-10-02T08:53:26Z,h2h,Paula Badosa,1.5,,0.6666666666666666,0.6153846153846154,0.2
2026-10-02T08:53:26.007991+00:00,2026-10-02T09:53:26.007991+01:00,49a219b3e9fe502b903f289a5b49c773,tennis_wta_china_open,WTA China Open,2026-10-03T04:00:00+00:00,2026-10-03T05:00:00+01:00,Jelena Ostapenko,Paula Badosa,paddypower,Paddy Power,2026-10-02T08:52:51Z,h2h,Jelena Ostapenko,2.6,,0.3846153846153846,0.3658536585365854,0.2
2026-10-02T08:53:26.007991+00:00,2026-10-02T09:53:26.007991+01:00,49a219b3e9fe502b903f289a5b49c773,tennis_wta_china_open,WTA China Open,2026-10-03T04:00:00+00:00,2026-10-03T05:00:00+01:00,Jelena Ostapenko,Paula Badosa,paddypower,Paddy Power,2026-10-02T08:52:51Z,h2h,Paula Badosa,1.5,,0.6666666666666666,0.6341463414634148,0.2
2026-10-02T08:53:26.007991+00:00,2026-10-02T09:53:26.007991+01:00,49a219b3e9fe502b903f289a5b49c773,tennis_wta_china_open,WTA China Open,2026-10-03T04:00:00+00:00,2026-10-03T05:00:00+01:00,Jelena Ostapenko,Paula Badosa,skybet,Sky Bet,2026-10-02T08:52:51Z,h2h,Jelena Ostapenko,2.63,,0.3802281368821293,0.36319612590799033,0.2
2026-10-02T08:53:26.007991+00:00,2026-10-02T09:53:26.007991+01:00,49a219b3e9fe502b903f289a5b49c773,tennis_wta_china_open,WTA China Open,2026-10-03T04:00:00+00:00,2026-10-03T05:00:00+01:00,Jelena Ostapenko,Paula Badosa,skybet,Sky Bet,2026-10-02T08:52:51Z,h2h,Paula Badosa,1.5,,0.6666666666666666,0.6368038740920097,0.2
2026-10-02T08:53:26.007991+00:00,2026-10-02T09:53:26.007991+01:00,49a219b3e9fe502b903f289a5b49c773,tennis_wta_china_open,WTA China Open,2026-10-03T04:00:00+00:00,2026-10-03T05:00:00+01:00,Jelena Ostapenko,Paula Badosa,matchbook,Matchbook,2026-10-02T08:53:10Z,h2h,Jelena Ostapenko,2.6,,0.3846153846153846,0.37649880095923266,0.2
2026-10-02T08:53:26.007991+00:00,2026-10-02T09:53:26.007991+01:00,49a219b3e9fe502b903f289a5b49c773,tennis_wta_china_open,WTA China Open,2026-10-03T04:00:00+00:00,2026-10-03T05:00:00+01:00,Jelena Ostapenko,Paula Badosa,matchbook,Matchbook,2026-10-02T08:53:10Z,h2h,Paula Badosa,1.57,,0.6369426751592356,0.6235011990407675,0.2
2026-10-02T08:53:26.007991+00:00,2026-10-02T09:53:26.007991+01:00,49a219b3e9fe502b903f289a5b49c773,tennis_wta_china_open,WTA China Open,2026-10-03T04:00:00+00:00,2026-10-03T05:00:00+01:00,Jelena Ostapenko,Paula Badosa,matchbook,Matchbook,2026-10-02T08:53:10Z,h2h_lay,Jelena Ostapenko,2.74,,0.36496350364963503,1.0,0.2
2026-10-02T08:53:26.007991+00:00,2026-10-02T09:53:26.007991+01:00,49a219b3e9fe502b903f289a5b49c773,tennis_wta_china_open,WTA China Open,2026-10-03T04:00:00+00:00,2026-10-03T05:00:00+01:00,Jelena Ostapenko,Paula Badosa,matchbook,Matchbook,2026-10-02T08:53:10Z,h2h_lay,Paula Badosa,1.62,,0.6172839506172839,1.0,0.2
2026-10-02T08:53:26.007991+00:00,2026-10-02T09:53:26.007991+01:00,49a219b3e9fe502b903f289a5b49c773,tennis_wta_china_open,WTA China Open,2026-10-03T04:00:00+00:00,2026-10-03T05:00:00+01:00,Jelena Ostapenko,Paula Badosa,boylesports,BoyleSports,2026-10-02T08:53:17Z,h2h,Jelena Ostapenko,2.38,,0.42016806722689076,0.3865979381443299,0.2
2026-10-02T08:53:26.007991+00:00,2026-10-02T09:53:26.007991+01:00,49a219b3e9fe502b903f289a5b49c773,tennis_wta_china_open,WTA China Open,2026-10-03T04:00:00+00:00,2026-10-03T05:00:00+01:00,Jelena Ostapenko,Paula Badosa,boylesports,BoyleSports,2026-10-02T08:53:17Z,h2h,Paula Badosa,1.5,,0.6666666666666666,0.6134020618556701,0.2
2026-10-02T08:53:26.007991+00:00,2026-10-02T09:53:26.007991+01:00,49a219b3e9fe502b903f289a5b49c773,tennis_wta_china_open,WTA China Open,2026-10-03T04:00:00+00:00,2026-10-03T05:00:00+01:00,Jelena Ostapenko,Paula Badosa,coral,Coral,2026-10-02T08:52:52Z,h2h,Jelena Ostapenko,2.4,,0.4166666666666667,0.3893129770992367,0.2
2026-10-02T08:53:26.007991+00:00,2026-10-02T09:53:26.007991+01:00,49a219b3e9fe502b903f289a5b49c773,tennis_wta_china_open,WTA China Open,2026-10-03T04:00:00+00:00,2026-10-03T05:00:00+01:00,Jelena Ostapenko,Paula Badosa,coral,Coral,2026-10-02T08:52:52Z,h2h,Paula Badosa,1.53,,0.6535947712418301,0.6106870229007634,0.2
2026-10-02T08:53:26.007991+00:00,2026-10-02T09:53:26.007991+01:00,49a219b3e9fe502b903f289a5b49c773,tennis_wta_china_open,WTA China Open,2026-10-03T04:00:00+00:00,2026-10-03T05:00:00+01:00,Jelena Ostapenko,Paula Badosa,ladbrokes_uk,Ladbrokes,2026-10-02T08:52:51Z,h2h,Jelena Ostapenko,2.4,,0.4166666666666667,0.3893129770992367,0.2
2026-10-02T08:53:26.007991+00:00,2026-10-02T09:53:26.007991+01:00,49a219b3e9fe502b903f289a5b49c773,tennis_wta_china_open,WTA China Open,2026-10-03T04:00:00+00:00,2026-10-03T05:00:00+01:00,Jelena Ostapenko,Paula Badosa,ladbrokes_uk,Ladbrokes,2026-10-02T08:52:51Z,h2h,Paula Badosa,1.53,,0.6535947712418301,0.6106870229007634,0.2
2026-10-02T08:53:26.007991+00:00,2026-10-02T09:53:26.007991+01:00,49a219b3e9fe502b903f289a5b49c773,tennis_wta_china_open,WTA China Open,2026-10-03T04:00:00+00:00,2026-10-03T05:00:00+01:00,Jelena Ostapenko,Paula Badosa,livescorebet,LiveScore Bet,2026-10-02T08:53:10Z,h2h,Jelena Ostapenko,2.5,,0.4,0.37810945273631846,0.2
2026-10-02T08:53:26.007991+00:00,2026-10-02T09:53:26.007991+01:00,49a219b3e9fe502b903f289a5b49c773,tennis_wta_china_open,WTA China Open,2026-10-03T04:00:00+00:00,2026-10-03T05:00:00+01:00,Jelena Ostapenko,Paula Badosa,livescorebet,LiveScore Bet,2026-10-02T08:53:10Z,h2h,Paula Badosa,1.52,,0.6578947368421053,0.6218905472636816,0.2
2026-10-02T08:53:26.007991+00:00,2026-10-02T09:53:26.007991+01:00,49a219b3e9fe502b903f289a5b49c773,tennis_wta_china_open,WTA China Open,2026-10-03T04:00:00+00:00,2026-10-03T05:00:00+01:00,Jelena Ostapenko,Paula Badosa,casumo,Casumo,2026-10-02T08:52:51Z,h2h,Jelena Ostapenko,2.5,,0.4,0.3765586034912718,0.2
2026-10-02T08:53:26.007991+00:00,2026-10-02T09:53:26.007991+01:00,49a219b3e9fe502b903f289a5b49c773,tennis_wta_china_open,WTA China Open,2026-10-03T04:00:00+00:00,2026-10-03T05:00:00+01:00,Jelena Ostapenko,Paula Badosa,casumo,Casumo,2026-10-02T08:52:51Z,h2h,Paula Badosa,1.51,,0.6622516556291391,0.6234413965087281,0.2
2026-10-02T08:53:26.007991+00:00,2026-10-02T09:53:26.007991+01:00,49a219b3e9fe502b903f289a5b49c773,tennis_wta_china_open,WTA China Open,2026-10-03T04:00:00+00:00,2026-10-03T05:00:00+01:00,Jelena Ostapenko,Paula Badosa,virginbet,Virgin Bet,2026-10-02T08:52:51Z,h2h,Jelena Ostapenko,2.5,,0.4,0.37810945273631846,0.2
2026-10-02T08:53:26.007991+00:00,2026-10-02T09:53:26.007991+01:00,49a219b3e9fe502b903f289a5b49c773,tennis_wta_china_open,WTA China Open,2026-10-03T04:00:00+00:00,2026-10-03T05:00:00+01:00,Jelena Ostapenko,Paula Badosa,virginbet,Virgin Bet,2026-10-02T08:52:51Z,h2h,Paula Badosa,1.52,,0.6578947368421053,0.6218905472636816,0.2
2026-10-02T08:53:26.007991+00:00,2026-10-02T09:53:26.007991+01:00,49a219b3e9fe502b903f289a5b49c773,tennis_wta_china_open,WTA China Open,2026-10-03T04:00:00+00:00,2026-10-03T05:00:00+01:00,Jelena Ostapenko,Paula Badosa,grosvenor,Grosvenor,2026-10-02T08:52:35Z,h2h,Jelena Ostapenko,2.5,,0.4,0.3765586034912718,0.2
2026-10-02T08:53:26.007991+00:00,2026-10-02T09:53:26.007991+01:00,49a219b3e9fe502b903f289a5b49c773,tennis_wta_china_open,WTA China Open,2026-10-03T04:00:00+00:00,2026-10-03T05:00:00+01:00,Jelena Ostapenko,Paula Badosa,grosvenor,Grosvenor,2026-10-02T08:52:35Z,h2h,Paula Badosa,1.51,,0.6622516556291391,0.6234413965087281,0.2
2026-10-02T08:53:26.007991+00:00,2026-10-02T09:53:26.007991+01:00,49a219b3e9fe502b903f289a5b49c773,tennis_wta_china_open,WTA China Open,2026-10-03T04:00:00+00:00,2026-10-03T05:00:00+01:00,Jelena Ostapenko,Paula Badosa,williamhill,William Hill,2026-10-02T08:52:37Z,h2h,Jelena Ostapenko,2.38,,0.42016806722689076,0.39746835443037976,0.2
2026-10-02T08:53:26.007991+00:00,2026-10-02T09:53:26.007991+01:00,49a219b3e9fe502b903f289a5b49c773,tennis_wta_china_open,WTA China Open,2026-10-03T04:00:00+00:00,2026-10-03T05:00:00+01:00,Jelena Ostapenko,Paula Badosa,williamhill,William Hill,2026-10-02T08:52:37Z,h2h,Paula Badosa,1.57,,0.6369426751592356,0.6025316455696202,0.2
2026-10-02T08:53:26.007991+00:00,2026-10-02T09:53:26.007991+01:00,39032a3e8201f3579fb82fa4026abf11,tennis_wta_china_open,WTA China Open,2026-10-03T04:00:00+00:00,2026-10-03T05:00:00+01:00,Kamilla Rakhimova,Leylah Fernandez,betfair_ex_uk,Betfair,2026-10-02T08:53:12Z,h2h,Kamilla Rakhimova,3.95,,0.2531645569620253,0.24904942965779464,0.2
2026-10-02T08:53:26.007991+00:00,2026-10-02T09:53:26.007991+01:00,39032a3e8201f3579fb82fa4026abf11,tennis_wta_china_open,WTA China Open,2026-10-03T04:00:00+00:00,2026-10-03T05:00:00+01:00,Kamilla Rakhimova,Leylah Fernandez,betfair_ex_uk,Betfair,2026-10-02T08:53:12Z,h2h,Leylah Fernandez,1.31,,0.7633587786259541,0.7509505703422052,0.2
2026-10-02T08:53:26.007991+00:00,2026-10-02T09:53:26.007991+01:00,39032a3e8201f3579fb82fa4026abf11,tennis_wta_china_open,WTA China Open,2026-10-03T04:00:00+00:00,2026-10-03T05:00:00+01:00,Kamilla Rakhimova,Leylah Fernandez,betfair_ex_uk,Betfair,2026-10-02T08:53:12Z,h2h_lay,Kamilla Rakhimova,4.2,,0.23809523809523808,1.0,0.2
2026-10-02T08:53:26.007991+00:00,2026-10-02T09:53:26.007991+01:00,39032a3e8201f3579fb82fa4026abf11,tennis_wta_china_open,WTA China Open,2026-10-03T04:00:00+00:00,2026-10-03T05:00:00+01:00,Kamilla Rakhimova,Leylah Fernandez,betfair_ex_uk,Betfair,2026-10-02T08:53:12Z,h2h_lay,Leylah Fernandez,1.34,,0.7462686567164178,1.0,0.2
2026-10-02T08:53:26.007991+00:00,2026-10-02T09:53:26.007991+01:00,39032a3e8201f3579fb82fa4026abf11,tennis_wta_china_open,WTA China Open,2026-10-03T04:00:00+00:00,2026-10-03T05:00:00+01:00,Kamilla Rakhimova,Leylah Fernandez,leovegas,LeoVegas,2026-10-02T08:52:34Z,h2h,Kamilla Rakhimova,3.45,,0.2898550724637681,0.267515923566879,0.2
2026-10-02T08:53:26.007991+00:00,2026-10-02T09:53:26.007991+01:00,39032a3e8201f3579fb82fa4026abf11,tennis_wta_china_open,WTA China Open,2026-10-03T04:00:00+00:00,2026-10-03T05:00:00+01:00,Kamilla Rakhimova,Leylah Fernandez,leovegas,LeoVegas,2026-10-02T08:52:34Z,h2h,Leylah Fernandez,1.26,,0.7936507936507936,0.732484076433121,0.2
2026-10-02T08:53:26.007991+00:00,2026-10-02T09:53:26.007991+01:00,39032a3e8201f3579fb82fa4026abf11,tennis_wta_china_open,WTA China Open,2026-10-03T04:00:00+00:00,2026-10-03T05:00:00+01:00,Kamilla Rakhimova,Leylah Fernandez,unibet_uk,Unibet (UK),2026-10-02T08:52:36Z,h2h,Kamilla Rakhimova,3.5,,0.2857142857142857,0.26624737945492666,0.2
2026-10-02T08:53:26.007991+00:00,2026-10-02T09:53:26.007991+01:00,39032a3e8201f3579fb82fa4026abf11,tennis_wta_china_open,WTA China Open,2026-10-03T04:00:00+00:00,2026-10-03T05:00:00+01:00,Kamilla Rakhimova,Leylah Fernandez,unibet_uk,Unibet (UK),2026-10-02T08:52:36Z,h2h,Leylah Fernandez,1.27,,0.7874015748031495,0.7337526205450734,0.2
2026-10-02T08:53:26.007991+00:00,2026-10-02T09:53:26.007991+01:00,39032a3e8201f3579fb82fa4026abf11,tennis_wta_china_open,WTA China Open,2026-10-03T04:00:00+00:00,2026-10-03T05:00:00+01:00,Kamilla Rakhimova,Leylah Fernandez,sport888,888sport,2026-10-02T08:52:50Z,h2h,Kamilla Rakhimova,3.5,,0.2857142857142857,0.27083333333333337,0.2
2026-10-02T08:53:26.007991+00:00,2026-10-02T09:53:26.007991+01:00,39032a3e8201f3579fb82fa4026abf11,tennis_wta_china_open,WTA China Open,2026-10-03T04:00:00+00:00,2026-10-03T05:00:00+01:00,Kamilla Rakhimova,Leylah Fernandez,sport888,888sport,2026-10-02T08:52:50Z,h2h,Leylah Fernandez,1.3,,0.7692307692307692,0.7291666666666667,0.2
2026-10-02T08:53:26.007991+00:00,2026-10-02T09:53:26.007991+01:00,39032a3e8201f3579fb82fa4026abf11,tennis_wta_china_open,WTA China Open,2026-10-03T04:00:00+00:00,2026-10-03T05:00:00+01:00,Kamilla Rakhimova,Leylah Fernandez,betvictor,Bet Victor,2026-10-02T08:51:59Z,h2h,Kamilla Rakhimova,3.25,,0.3076923076923077,0.28414096916299564,0.2
2026-10-02T08:53:26.007991+00:00,2026-10-02T09:53:26.007991+01:00,39032a3e8201f3579fb82fa4026abf11,tennis_wta_china_open,WTA China Open,2026-10-03T04:00:00+00:00,2026-10-03T05:00:00+01:00,Kamilla Rakhimova,Leylah Fernandez,betvictor,Bet Victor,2026-10-02T08:51:59Z,h2h,Leylah Fernandez,1.29,,0.7751937984496123,0.7158590308370044,0.2
2026-10-02T08:53:26.007991+00:00,2026-10-02T09:53:26.007991+01:00,39032a3e8201f3579fb82fa4026abf11,tennis_wta_china_open,WTA China Open,2026-10-03T04:00:00+00:00,2026-10-03T05:00:00+01:00,Kamilla Rakhimova,Leylah Fernandez,betway,Betway,2026-10-02T08:53:11Z,h2h,Kamilla Rakhimova,3.75,,0.26666666666666666,0.25595238095238093,0.2
2026-10-02T08:53:26.007991+00:00,2026-10-02T09:53:26.007991+01:00,39032a3e8201f3579fb82fa4026abf11,tennis_wta_china_open,WTA China Open,2026-10-03T04:00:00+00:00,2026-10-03T05:00:00+01:00,Kamilla Rakhimova,Leylah Fernandez,betway,Betway,2026-10-02T08:53:11Z,h2h,Leylah Fernandez,1.29,,0.7751937984496123,0.744047619047619,0.2
2026-10-02T08:53:26.007991+00:00,2026-10-02T09:53:26.007991+01:00,39032a3e8201f3579fb82fa4026abf11,tennis_wta_china_open,WTA China Open,2026-10-03T04:00:00+00:00,2026-10-03T05:00:00+01:00,Kamilla Rakhimova,Leylah Fernandez,smarkets,Smarkets,2026-10-02T08:53:10Z,h2h,Kamilla Rakhimova,3.65,,0.273972602739726,0.2566191446028513,0.2
2026-10-02T08:53:26.007991+00:00,2026-10-02T09:53:26.007991+01:00,39032a3e8201f3579fb82fa4026abf11,tennis_wta_china_open,WTA China Open,2026-10-03T04:00:00+00:00,2026-10-03T05:00:00+01:00,Kamilla Rakhimova,Leylah Fernandez,smarkets,Smarkets,2026-10-02T08:53:10Z,h2h,Leylah Fernandez,1.26,,0.7936507936507936,0.7433808553971486,0.2
2026-10-02T08:53:26.007991+00:00,2026-10-02T09:53:26.007991+01:00,39032a3e8201f3579fb82fa4026abf11,tennis_wta_china_open,WTA China Open,2026-10-03T04:00:00+00:00,2026-10-03T05:00:00+01:00,Kamilla Rakhimova,Leylah Fernandez,smarkets,Smarkets,2026-10-02T08:53:10Z,h2h_lay,Kamilla Rakhimova,4.7,,0.2127659574468085,1.0,0.2
2026-10-02T08:53:26.007991+00:00,2026-10-02T09:53:26.007991+01:00,39032a3e8201f3579fb82fa4026abf11,tennis_wta_china_open,WTA China Open,2026-10-03T04:00:00+00:00,2026-10-03T05:00:00+01:00,Kamilla Rakhimova,Leylah Fernandez,smarkets,Smarkets,2026-10-02T08:53:10Z,h2h_lay,Leylah Fernandez,1.43,,0.6993006993006994,1.0,0.2
2026-10-02T08:53:26.007991+00:00,2026-10-02T09:53:26.007991+01:00,39032a3e8201f3579fb82fa4026abf11,tennis_wta_china_open,WTA China Open,2026-10-03T04:00:00+00:00,2026-10-03T05:00:00+01:00,Kamilla Rakhimova,Leylah Fernandez,betano_uk,Betano (UK),2026-10-02T08:53:26Z,h2h,Kamilla Rakhimova,3.25,,0.3076923076923077,0.28414096916299564,0.2
2026-10-02T08:53:26.007991+00:00,2026-10-02T09:53:26.007991+01:00,39032a3e8201f3579fb82fa4026abf11,tennis_wta_china_open,WTA China Open,2026-10-03T04:00:00+00:00,2026-10-03T05:00:00+01:00,Kamilla Rakhimova,Leylah Fernandez,betano_uk,Betano (UK),2026-10-02T08:53:26Z,h2h,Leylah Fernandez,1.29,,0.7751937984496123,0.7158590308370044,0.2
2026-10-02T08:53:26.007991+00:00,2026-10-02T09:53:26.007991+01:00,39032a3e8201f3579fb82fa4026abf11,tennis_wta_china_open,WTA China Open,2026-10-03T04:00:00+00:00,2026-10-03T05:00:00+01:00,Kamilla Rakhimova,Leylah Fernandez,paddypower,Paddy Power,2026-10-02T08:52:51Z,h2h,Kamilla Rakhimova,3.75,,0.26666666666666666,0.25,0.2
2026-10-02T08:53:26.007991+00:00,2026-10-02T09:53:26.007991+01:00,39032a3e8201f3579fb82fa4026abf11,tennis_wta_china_open,WTA China Open,2026-10-03T04:00:00+00:00,2026-10-03T05:00:00+01:00,Kamilla Rakhimova,Leylah Fernandez,paddypower,Paddy Power,2026-10-02T08:52:51Z,h2h,Leylah Fernandez,1.25,,0.8,0.75,0.2
2026-10-02T08:53:26.007991+00:00,2026-10-02T09:53:26.007991+01:00,39032a3e8201f3579fb82fa4026abf11,tennis_wta_china_open,WTA China Open,2026-10-03T04:00:00+00:00,2026-10-03T05:00:00+01:00,Kamilla Rakhimova,Leylah Fernandez,skybet,Sky Bet,2026-10-02T08:52:51Z,h2h,Kamilla Rakhimova,3.75,,0.26666666666666666,0.25,0.2
2026-10-02T08:53:26.007991+00:00,2026-10-02T09:53:26.007991+01:00,39032a3e8201f3579fb82fa4026abf11,tennis_wta_china_open,WTA China Open,2026-10-03T04:00:00+00:00,2026-10-03T05:00:00+01:00,Kamilla Rakhimova,Leylah Fernandez,skybet,Sky Bet,2026-10-02T08:52:51Z,h2h,Leylah Fernandez,1.25,,0.8,0.75,0.2
2026-10-02T08:53:26.007991+00:00,2026-10-02T09:53:26.007991+01:00,39032a3e8201f3579fb82fa4026abf11,tennis_wta_china_open,WTA China Open,2026-10-03T04:00:00+00:00,2026-10-03T05:00:00+01:00,Kamilla Rakhimova,Leylah Fernandez,matchbook,Matchbook,2026-10-02T08:53:10Z,h2h,Kamilla Rakhimova,3.95,,0.2531645569620253,0.24904942965779464,0.2
2026-10-02T08:53:26.007991+00:00,2026-10-02T09:53:26.007991+01:00,39032a3e8201f3579fb82fa4026abf11,tennis_wta_china_open,WTA China Open,2026-10-03T04:00:00+00:00,2026-10-03T05:00:00+01:00,Kamilla Rakhimova,Leylah Fernandez,matchbook,Matchbook,2026-10-02T08:53:10Z,h2h,Leylah Fernandez,1.31,,0.7633587786259541,0.7509505703422052,0.2
2026-10-02T08:53:26.007991+00:00,2026-10-02T09:53:26.007991+01:00,39032a3e8201f3579fb82fa4026abf11,tennis_wta_china_open,WTA China Open,2026-10-03T04:00:00+00:00,2026-10-03T05:00:00+01:00,Kamilla Rakhimova,Leylah Fernandez,matchbook,Matchbook,2026-10-02T08:53:10Z,h2h_lay,Kamilla Rakhimova,4.2,,0.23809523809523808,1.0,0.2
2026-10-02T08:53:26.007991+00:00,2026-10-02T09:53:26.007991+01:00,39032a3e8201f3579fb82fa4026abf11,tennis_wta_china_open,WTA China Open,2026-10-03T04:00:00+00:00,2026-10-03T05:00:00+01:00,Kamilla Rakhimova,Leylah Fernandez,matchbook,Matchbook,2026-10-02T08:53:10Z,h2h_lay,Leylah Fernandez,1.34,,0.7462686567164178,1.0,0.2
2026-10-02T08:53:26.007991+00:00,2026-10-02T09:53:26.007991+01:00,39032a3e8201f3579fb82fa4026abf11,tennis_wta_china_open,WTA China Open,2026-10-03T04:00:00+00:00,2026-10-03T05:00:00+01:00,Kamilla Rakhimova,Leylah Fernandez,boylesports,BoyleSports,2026-10-02T08:53:17Z,h2h,Kamilla Rakhimova,3.5,,0.2857142857142857,0.26315789473684204,0.2
2026-10-02T08:53:26.007991+00:00,2026-10-02T09:53:26.007991+01:00,39032a3e8201f3579fb82fa4026abf11,tennis_wta_china_open,WTA China Open,2026-10-03T04:00:00+00:00,2026-10-03T05:00:00+01:00,Kamilla Rakhimova,Leylah Fernandez,boylesports,BoyleSports,2026-10-02T08:53:17Z,h2h,Leylah Fernandez,1.25,,0.8,0.7368421052631579,0.2
2026-10-02T08:53:26.007991+00:00,2026-10-02T09:53:26.007991+01:00,39032a3e8201f3579fb82fa4026abf11,tennis_wta_china_open,WTA China Open,2026-10-03T04:00:00+00:00,2026-10-03T05:00:00+01:00,Kamilla Rakhimova,Leylah Fernandez,ladbrokes_uk,Ladbrokes,2026-10-02T08:52:51Z,h2h,Kamilla Rakhimova,3.7,,0.27027027027027023,0.2525252525252525,0.2
2026-10-02T08:53:26.007991+00:00,2026-10-02T09:53:26.007991+01:00,39032a3e8201f3579fb82fa4026abf11,tennis_wta_china_open,WTA China Open,2026-10-03T04:00:00+00:00,2026-10-03T05:00:00+01:00,Kamilla Rakhimova,Leylah Fernandez,ladbrokes_uk,Ladbrokes,2026-10-02T08:52:51Z,h2h,Leylah Fernandez,1.25,,0.8,0.7474747474747475,0.2
2026-10-02T08:53:26.007991+00:00,2026-10-02T09:53:26.007991+01:00,39032a3e8201f3579fb82fa4026abf11,tennis_wta_china_open,WTA China Open,2026-10-03T04:00:00+00:00,2026-10-03T05:00:00+01:00,Kamilla Rakhimova,Leylah Fernandez,coral,Coral,2026-10-02T08:52:52Z,h2h,Kamilla Rakhimova,3.7,,0.27027027027027023,0.2525252525252525,0.2
2026-10-02T08:53:26.007991+00:00,2026-10-02T09:53:26.007991+01:00,39032a3e8201f3579fb82fa4026abf11,tennis_wta_china_open,WTA China Open,2026-10-03T04:00:00+00:00,2026-10-03T05:00:00+01:00,Kamilla Rakhimova,Leylah Fernandez,coral,Coral,2026-10-02T08:52:52Z,h2h,Leylah Fernandez,1.25,,0.8,0.7474747474747475,0.2
2026-10-02T08:53:26.007991+00:00,2026-10-02T09:53:26.007991+01:00,39032a3e8201f3579fb82fa4026abf11,tennis_wta_china_open,WTA China Open,2026-10-03T04:00:00+00:00,2026-10-03T05:00:00+01:00,Kamilla Rakhimova,Leylah Fernandez,virginbet,Virgin Bet,2026-10-02T08:52:51Z,h2h,Kamilla Rakhimova,3.45,,0.2898550724637681,0.2736842105263158,0.2
2026-10-02T08:53:26.007991+00:00,2026-10-02T09:53:26.007991+01:00,39032a3e8201f3579fb82fa4026abf11,tennis_wta_china_open,WTA China Open,2026-10-03T04:00:00+00:00,2026-10-03T05:00:00+01:00,Kamilla Rakhimova,Leylah Fernandez,virginbet,Virgin Bet,2026-10-02T08:52:51Z,h2h,Leylah Fernandez,1.3,,0.7692307692307692,0.7263157894736842,0.2
2026-10-02T08:53:26.007991+00:00,2026-10-02T09:53:26.007991+01:00,39032a3e8201f3579fb82fa4026abf11,tennis_wta_china_open,WTA China Open,2026-10-03T04:00:00+00:00,2026-10-03T05:00:00+01:00,Kamilla Rakhimova,Leylah Fernandez,casumo,Casumo,2026-10-02T08:52:51Z,h2h,Kamilla Rakhimova,3.45,,0.2898550724637681,0.2736842105263158,0.2
2026-10-02T08:53:26.007991+00:00,2026-10-02T09:53:26.007991+01:00,39032a3e8201f3579fb82fa4026abf11,tennis_wta_china_open,WTA China Open,2026-10-03T04:00:00+00:00,2026-10-03T05:00:00+01:00,Kamilla Rakhimova,Leylah Fernandez,casumo,Casumo,2026-10-02T08:52:51Z,h2h,Leylah Fernandez,1.3,,0.7692307692307692,0.7263157894736842,0.2
2026-10-02T08:53:26.007991+00:00,2026-10-02T09:53:26.007991+01:00,39032a3e8201f3579fb82fa4026abf11,tennis_wta_china_open,WTA China Open,2026-10-03T04:00:00+00:00,2026-10-03T05:00:00+01:00,Kamilla Rakhimova,Leylah Fernandez,grosvenor,Grosvenor,2026-10-02T08:52:35Z,h2h,Kamilla Rakhimova,3.45,,0.2898550724637681,0.2736842105263158,0.2
2026-10-02T08:53:26.007991+00:00,2026-10-02T09:53:26.007991+01:00,39032a3e8201f3579fb82fa4026abf11,tennis_wta_china_open,WTA China Open,2026-10-03T04:00:00+00:00,2026-10-03T05:00:00+01:00,Kamilla Rakhimova,Leylah Fernandez,grosvenor,Grosvenor,2026-10-02T08:52:35Z,h2h,Leylah Fernandez,1.3,,0.7692307692307692,0.7263157894736842,0.2
2026-10-02T08:53:26.007991+00:00,2026-10-02T09:53:26.007991+01:00,39032a3e8201f3579fb82fa4026abf11,tennis_wta_china_open,WTA China Open,2026-10-03T04:00:00+00:00,2026-10-03T05:00:00+01:00,Kamilla Rakhimova,Leylah Fernandez,livescorebet,LiveScore Bet,2026-10-02T08:53:10Z,h2h,Kamilla Rakhimova,3.45,,0.2898550724637681,0.2736842105263158,0.2
2026-10-02T08:53:26.007991+00:00,2026-10-02T09:53:26.007991+01:00,39032a3e8201f3579fb82fa4026abf11,tennis_wta_china_open,WTA China Open,2026-10-03T04:00:00+00:00,2026-10-03T05:00:00+01:00,Kamilla Rakhimova,Leylah Fernandez,livescorebet,LiveScore Bet,2026-10-02T08:53:10Z,h2h,Leylah Fernandez,1.3,,0.7692307692307692,0.7263157894736842,0.2
2026-10-02T08:53:26.007991+00:00,2026-10-02T09:53:26.007991+01:00,39032a3e8201f3579fb82fa4026abf11,tennis_wta_china_open,WTA China Open,2026-10-03T04:00:00+00:00,2026-10-03T05:00:00+01:00,Kamilla Rakhimova,Leylah Fernandez,williamhill,William Hill,2026-10-02T08:52:37Z,h2h,Kamilla Rakhimova,3.5,,0.2857142857142857,0.27083333333333337,0.2
2026-10-02T08:53:26.007991+00:00,2026-10-02T09:53:26.007991+01:00,39032a3e8201f3579fb82fa4026abf11,tennis_wta_china_open,WTA China Open,2026-10-03T04:00:00+00:00,2026-10-03T05:00:00+01:00,Kamilla Rakhimova,Leylah Fernandez,williamhill,William Hill,2026-10-02T08:52:37Z,h2h,Leylah Fernandez,1.3,,0.7692307692307692,0.7291666666666667,0.2
2026-10-02T08:53:26.007991+00:00,2026-10-02T09:53:26.007991+01:00,79657d5f6b239c5710a9d3ea165a4f51,tennis_wta_china_open,WTA China Open,2026-10-03T04:00:00+00:00,2026-10-03T05:00:00+01:00,Marie Bouzkova,Kimberly Birrell,leovegas,LeoVegas,2026-10-02T08:52:34Z,h2h,Kimberly Birrell,2.7,,0.37037037037037035,0.3414634146341463,0.2
2026-10-02T08:53:26.007991+00:00,2026-10-02T09:53:26.007991+01:00,79657d5f6b239c5710a9d3ea165a4f51,tennis_wta_china_open,WTA China Open,2026-10-03T04:00:00+00:00,2026-10-03T05:00:00+01:00,Marie Bouzkova,Kimberly Birrell,leovegas,LeoVegas,2026-10-02T08:52:34Z,h2h,Marie Bouzkova,1.4,,0.7142857142857143,0.6585365853658537,0.2
2026-10-02T08:53:26.007991+00:00,2026-10-02T09:53:26.007991+01:00,79657d5f6b239c5710a9d3ea165a4f51,tennis_wta_china_open,WTA China Open,2026-10-03T04:00:00+00:00,2026-10-03T05:00:00+01:00,Marie Bouzkova,Kimberly Birrell,betfair_ex_uk,Betfair,2026-10-02T08:53:12Z,h2h,Kimberly Birrell,3.05,,0.3278688524590164,0.32222222222222224,0.2
2026-10-02T08:53:26.007991+00:00,2026-10-02T09:53:26.007991+01:00,79657d5f6b239c5710a9d3ea165a4f51,tennis_wta_china_open,WTA China Open,2026-10-03T04:00:00+00:00,2026-10-03T05:00:00+01:00,Marie Bouzkova,Kimberly Birrell,betfair_ex_uk,Betfair,2026-10-02T08:53:12Z,h2h,Marie Bouzkova,1.45,,0.6896551724137931,0.6777777777777778,0.2
2026-10-02T08:53:26.007991+00:00,2026-10-02T09:53:26.007991+01:00,79657d5f6b239c5710a9d3ea165a4f51,tennis_wta_china_open,WTA China Open,2026-10-03T04:00:00+00:00,2026-10-03T05:00:00+01:00,Marie Bouzkova,Kimberly Birrell,betfair_ex_uk,Betfair,2026-10-02T08:53:12Z,h2h_lay,Kimberly Birrell,3.2,,0.3125,1.0,0.2
2026-10-02T08:53:26.007991+00:00,2026-10-02T09:53:26.007991+01:00,79657d5f6b239c5710a9d3ea165a4f51,tennis_wta_china_open,WTA China Open,2026-10-03T04:00:00+00:00,2026-10-03T05:00:00+01:00,Marie Bouzkova,Kimberly Birrell,betfair_ex_uk,Betfair,2026-10-02T08:53:12Z,h2h_lay,Marie Bouzkova,1.49,,0.6711409395973155,1.0,0.2
2026-10-02T08:53:26.007991+00:00,2026-10-02T09:53:26.007991+01:00,79657d5f6b239c5710a9d3ea165a4f51,tennis_wta_china_open,WTA China Open,2026-10-03T04:00:00+00:00,2026-10-03T05:00:00+01:00,Marie Bouzkova,Kimberly Birrell,smarkets,Smarkets,2026-10-02T08:53:10Z,h2h,Kimberly Birrell,2.88,,0.3472222222222222,0.32867132867132864,0.2
2026-10-02T08:53:26.007991+00:00,2026-10-02T09:53:26.007991+01:00,79657d5f6b239c5710a9d3ea165a4f51,tennis_wta_china_open,WTA China Open,2026-10-03T04:00:00+00:00,2026-10-03T05:00:00+01:00,Marie Bouzkova,Kimberly Birrell,smarkets,Smarkets,2026-10-02T08:53:10Z,h2h,Marie Bouzkova,1.41,,0.7092198581560284,0.6713286713286714,0.2
2026-10-02T08:53:26.007991+00:00,2026-10-02T09:53:26.007991+01:00,79657d5f6b239c5710a9d3ea165a4f51,tennis_wta_china_open,WTA China Open,2026-10-03T04:00:00+00:00,2026-10-03T05:00:00+01:00,Marie Bouzkova,Kimberly Birrell,smarkets,Smarkets,2026-10-02T08:53:10Z,h2h_lay,Kimberly Birrell,3.5,,0.2857142857142857,1.0,0.2
2026-10-02T08:53:26.007991+00:00,2026-10-02T09:53:26.007991+01:00,79657d5f6b239c5710a9d3ea165a4f51,tennis_wta_china_open,WTA China Open,2026-10-03T04:00:00+00:00,2026-10-03T05:00:00+01:00,Marie Bouzkova,Kimberly Birrell,smarkets,Smarkets,2026-10-02T08:53:10Z,h2h_lay,Marie Bouzkova,1.56,,0.641025641025641,1.0,0.2
2026-10-02T08:53:26.007991+00:00,2026-10-02T09:53:26.007991+01:00,79657d5f6b239c5710a9d3ea165a4f51,tennis_wta_china_open,WTA China Open,2026-10-03T04:00:00+00:00,2026-10-03T05:00:00+01:00,Marie Bouzkova,Kimberly Birrell,unibet_uk,Unibet (UK),2026-10-02T08:52:36Z,h2h,Kimberly Birrell,2.7,,0.37037037037037035,0.34466019417475724,0.2
2026-10-02T08:53:26.007991+00:00,2026-10-02T09:53:26.007991+01:00,79657d5f6b239c5710a9d3ea165a4f51,tennis_wta_china_open,WTA China Open,2026-10-03T04:00:00+00:00,2026-10-03T05:00:00+01:00,Marie Bouzkova,Kimberly Birrell,unibet_uk,Unibet (UK),2026-10-02T08:52:36Z,h2h,Marie Bouzkova,1.42,,0.7042253521126761,0.6553398058252428,0.2
2026-10-02T08:53:26.007991+00:00,2026-10-02T09:53:26.007991+01:00,79657d5f6b239c5710a9d3ea165a4f51,tennis_wta_china_open,WTA China Open,2026-10-03T04:00:00+00:00,2026-10-03T05:00:00+01:00,Marie Bouzkova,Kimberly Birrell,betvictor,Bet Victor,2026-10-02T08:51:59Z,h2h,Kimberly Birrell,2.62,,0.38167938931297707,0.35467980295566504,0.2
2026-10-02T08:53:26.007991+00:00,2026-10-02T09:53:26.007991+01:00,79657d5f6b239c5710a9d3ea165a4f51,tennis_wta_china_open,WTA China Open,2026-10-03T04:00:00+00:00,2026-10-03T05:00:00+01:00,Marie Bouzkova,Kimberly Birrell,betvictor,Bet Victor,2026-10-02T08:51:59Z,h2h,Marie Bouzkova,1.44,,0.6944444444444444,0.645320197044335,0.2
2026-10-02T08:53:26.007991+00:00,2026-10-02T09:53:26.007991+01:00,79657d5f6b239c5710a9d3ea165a4f51,tennis_wta_china_open,WTA China Open,2026-10-03T04:00:00+00:00,2026-10-03T05:00:00+01:00,Marie Bouzkova,Kimberly Birrell,sport888,888sport,2026-10-02T08:52:50Z,h2h,Kimberly Birrell,2.9,,0.3448275862068966,0.32558139534883723,0.2
2026-10-02T08:53:26.007991+00:00,2026-10-02T09:53:26.007991+01:00,79657d5f6b239c5710a9d3ea165a4f51,tennis_wta_china_open,WTA China Open,2026-10-03T04:00:00+00:00,2026-10-03T05:00:00+01:00,Marie Bouzkova,Kimberly Birrell,sport888,888sport,2026-10-02T08:52:50Z,h2h,Marie Bouzkova,1.4,,0.7142857142857143,0.6744186046511629,0.2
2026-10-02T08:53:26.007991+00:00,2026-10-02T09:53:26.007991+01:00,79657d5f6b239c5710a9d3ea165a4f51,tennis_wta_china_open,WTA China Open,2026-10-03T04:00:00+00:00,2026-10-03T05:00:00+01:00,Marie Bouzkova,Kimberly Birrell,betway,Betway,2026-10-02T08:53:11Z,h2h,Kimberly Birrell,2.75,,0.36363636363636365,0.3436754176610979,0.2
2026-10-02T08:53:26.007991+00:00,2026-10-02T09:53:26.007991+01:00,79657d5f6b239c5710a9d3ea165a4f51,tennis_wta_china_open,WTA China Open,2026-10-03T04:00:00+00:00,2026-10-03T05:00:00+01:00,Marie Bouzkova,Kimberly Birrell,betway,Betway,2026-10-02T08:53:11Z,h2h,Marie Bouzkova,1.44,,0.6944444444444444,0.6563245823389022,0.2
2026-10-02T08:53:26.007991+00:00,2026-10-02T09:53:26.007991+01:00,79657d5f6b239c5710a9d3ea165a4f51,tennis_wta_china_open,WTA China Open,2026-10-03T04:00:00+00:00,2026-10-03T05:00:00+01:00,Marie Bouzkova,Kimberly Birrell,betano_uk,Betano (UK),2026-10-02T08:53:26Z,h2h,Kimberly Birrell,2.62,,0.38167938931297707,0.35467980295566504,0.2
2026-10-02T08:53:26.007991+00:00,2026-10-02T09:53:26.007991+01:00,79657d5f6b239c5710a9d3ea165a4f51,tennis_wta_china_open,WTA China Open,2026-10-03T04:00:00+00:00,2026-10-03T05:00:00+01:00,Marie Bouzkova,Kimberly Birrell,betano_uk,Betano (UK),2026-10-02T08:53:26Z,h2h,Marie Bouzkova,1.44,,0.6944444444444444,0.645320197044335,0.2
2026-10-02T08:53:26.007991+00:00,2026-10-02T09:53:26.007991+01:00,79657d5f6b239c5710a9d3ea165a4f51,tennis_wta_china_open,WTA China Open,2026-10-03T04:00:00+00:00,2026-10-03T05:00:00+01:00,Marie Bouzkova,Kimberly Birrell,paddypower,Paddy Power,2026-10-02T08:52:51Z,h2h,Kimberly Birrell,2.8,,0.35714285714285715,0.33962264150943394,0.2
2026-10-02T08:53:26.007991+00:00,2026-10-02T09:53:26.007991+01:00,79657d5f6b239c5710a9d3ea165a4f51,tennis_wta_china_open,WTA China Open,2026-10-03T04:00:00+00:00,2026-10-03T05:00:00+01:00,Marie Bouzkova,Kimberly Birrell,paddypower,Paddy Power,2026-10-02T08:52:51Z,h2h,Marie Bouzkova,1.44,,0.6944444444444444,0.660377358490566,0.2
2026-10-02T08:53:26.007991+00:00,2026-10-02T09:53:26.007991+01:00,79657d5f6b239c5710a9d3ea165a4f51,tennis_wta_china_open,WTA China Open,2026-10-03T04:00:00+00:00,2026-10-03T05:00:00+01:00,Marie Bouzkova,Kimberly Birrell,skybet,Sky Bet,2026-10-02T08:52:51Z,h2h,Kimberly Birrell,2.75,,0.36363636363636365,0.3436754176610979,0.2
2026-10-02T08:53:26.007991+00:00,2026-10-02T09:53:26.007991+01:00,79657d5f6b239c5710a9d3ea165a4f51,tennis_wta_china_open,WTA China Open,2026-10-03T04:00:00+00:00,2026-10-03T05:00:00+01:00,Marie Bouzkova,Kimberly Birrell,skybet,Sky Bet,2026-10-02T08:52:51Z,h2h,Marie Bouzkova,1.44,,0.6944444444444444,0.6563245823389022,0.2
2026-10-02T08:53:26.007991+00:00,2026-10-02T09:53:26.007991+01:00,79657d5f6b239c5710a9d3ea165a4f51,tennis_wta_china_open,WTA China Open,2026-10-03T04:00:00+00:00,2026-10-03T05:00:00+01:00,Marie Bouzkova,Kimberly Birrell,matchbook,Matchbook,2026-10-02T08:53:10Z,h2h,Kimberly Birrell,3.05,,0.3278688524590164,0.32372505543237257,0.2
2026-10-02T08:53:26.007991+00:00,2026-10-02T09:53:26.007991+01:00,79657d5f6b239c5710a9d3ea165a4f51,tennis_wta_china_open,WTA China Open,2026-10-03T04:00:00+00:00,2026-10-03T05:00:00+01:00,Marie Bouzkova,Kimberly Birrell,matchbook,Matchbook,2026-10-02T08:53:10Z,h2h,Marie Bouzkova,1.46,,0.684931506849315,0.6762749445676275,0.2
2026-10-02T08:53:26.007991+00:00,2026-10-02T09:53:26.007991+01:00,79657d5f6b239c5710a9d3ea165a4f51,tennis_wta_china_open,WTA China Open,2026-10-03T04:00:00+00:00,2026-10-03T05:00:00+01:00,Marie Bouzkova,Kimberly Birrell,matchbook,Matchbook,2026-10-02T08:53:10Z,h2h_lay,Kimberly Birrell,3.15,,0.31746031746031744,1.0,0.2
2026-10-02T08:53:26.007991+00:00,2026-10-02T09:53:26.007991+01:00,79657d5f6b239c5710a9d3ea165a4f51,tennis_wta_china_open,WTA China Open,2026-10-03T04:00:00+00:00,2026-10-03T05:00:00+01:00,Marie Bouzkova,Kimberly Birrell,matchbook,Matchbook,2026-10-02T08:53:10Z,h2h_lay,Marie Bouzkova,1.48,,0.6756756756756757,1.0,0.2
2026-10-02T08:53:26.007991+00:00,2026-10-02T09:53:26.007991+01:00,79657d5f6b239c5710a9d3ea165a4f51,tennis_wta_china_open,WTA China Open,2026-10-03T04:00:00+00:00,2026-10-03T05:00:00+01:00,Marie Bouzkova,Kimberly Birrell,boylesports,BoyleSports,2026-10-02T08:53:17Z,h2h,Kimberly Birrell,2.7,,0.37037037037037035,0.3414634146341463,0.2
2026-10-02T08:53:26.007991+00:00,2026-10-02T09:53:26.007991+01:00,79657d5f6b239c5710a9d3ea165a4f51,tennis_wta_china_open,WTA China Open,2026-10-03T04:00:00+00:00,2026-10-03T05:00:00+01:00,Marie Bouzkova,Kimberly Birrell,boylesports,BoyleSports,2026-10-02T08:53:17Z,h2h,Marie Bouzkova,1.4,,0.7142857142857143,0.6585365853658537,0.2
2026-10-02T08:53:26.007991+00:00,2026-10-02T09:53:26.007991+01:00,79657d5f6b239c5710a9d3ea165a4f51,tennis_wta_china_open,WTA China Open,2026-10-03T04:00:00+00:00,2026-10-03T05:00:00+01:00,Marie Bouzkova,Kimberly Birrell,coral,Coral,2026-10-02T08:52:52Z,h2h,Kimberly Birrell,2.7,,0.37037037037037035,0.3478260869565217,0.2
2026-10-02T08:53:26.007991+00:00,2026-10-02T09:53:26.007991+01:00,79657d5f6b239c5710a9d3ea165a4f51,tennis_wta_china_open,WTA China Open,2026-10-03T04:00:00+00:00,2026-10-03T05:00:00+01:00,Marie Bouzkova,Kimberly Birrell,coral,Coral,2026-10-02T08:52:52Z,h2h,Marie Bouzkova,1.44,,0.6944444444444444,0.6521739130434782,0.2
2026-10-02T08:53:26.007991+00:00,2026-10-02T09:53:26.007991+01:00,79657d5f6b239c5710a9d3ea165a4f51,tennis_wta_china_open,WTA China Open,2026-10-03T04:00:00+00:00,2026-10-03T05:00:00+01:00,Marie Bouzkova,Kimberly Birrell,ladbrokes_uk,Ladbrokes,2026-10-02T08:52:51Z,h2h,Kimberly Birrell,2.7,,0.37037037037037035,0.3478260869565217,0.2
2026-10-02T08:53:26.007991+00:00,2026-10-02T09:53:26.007991+01:00,79657d5f6b239c5710a9d3ea165a4f51,tennis_wta_china_open,WTA China Open,2026-10-03T04:00:00+00:00,2026-10-03T05:00:00+01:00,Marie Bouzkova,Kimberly Birrell,ladbrokes_uk,Ladbrokes,2026-10-02T08:52:51Z,h2h,Marie Bouzkova,1.44,,0.6944444444444444,0.6521739130434782,0.2
2026-10-02T08:53:26.007991+00:00,2026-10-02T09:53:26.007991+01:00,79657d5f6b239c5710a9d3ea165a4f51,tennis_wta_china_open,WTA China Open,2026-10-03T04:00:00+00:00,2026-10-03T05:00:00+01:00,Marie Bouzkova,Kimberly Birrell,livescorebet,LiveScore Bet,2026-10-02T08:53:10Z,h2h,Kimberly Birrell,2.63,,0.3802281368821293,0.3600973236009733,0.2
2026-10-02T08:53:26.007991+00:00,2026-10-02T09:53:26.007991+01:00,79657d5f6b239c5710a9d3ea165a4f51,tennis_wta_china_open,WTA China Open,2026-10-03T04:00:00+00:00,2026-10-03T05:00:00+01:00,Marie Bouzkova,Kimberly Birrell,livescorebet,LiveScore Bet,2026-10-02T08:53:10Z,h2h,Marie Bouzkova,1.48,,0.6756756756756757,0.6399026763990268,0.2
2026-10-02T08:53:26.007991+00:00,2026-10-02T09:53:26.007991+01:00,79657d5f6b239c5710a9d3ea165a4f51,tennis_wta_china_open,WTA China Open,2026-10-03T04:00:00+00:00,2026-10-03T05:00:00+01:00,Marie Bouzkova,Kimberly Birrell,casumo,Casumo,2026-10-02T08:52:51Z,h2h,Kimberly Birrell,2.63,,0.3802281368821293,0.3600973236009733,0.2
2026-10-02T08:53:26.007991+00:00,2026-10-02T09:53:26.007991+01:00,79657d5f6b239c5710a9d3ea165a4f51,tennis_wta_china_open,WTA China Open,2026-10-03T04:00:00+00:00,2026-10-03T05:00:00+01:00,Marie Bouzkova,Kimberly Birrell,casumo,Casumo,2026-10-02T08:52:51Z,h2h,Marie Bouzkova,1.48,,0.6756756756756757,0.6399026763990268,0.2
2026-10-02T08:53:26.007991+00:00,2026-10-02T09:53:26.007991+01:00,79657d5f6b239c5710a9d3ea165a4f51,tennis_wta_china_open,WTA China Open,2026-10-03T04:00:00+00:00,2026-10-03T05:00:00+01:00,Marie Bouzkova,Kimberly Birrell,virginbet,Virgin Bet,2026-10-02T08:52:51Z,h2h,Kimberly Birrell,2.63,,0.3802281368821293,0.3600973236009733,0.2
2026-10-02T08:53:26.007991+00:00,2026-10-02T09:53:26.007991+01:00,79657d5f6b239c5710a9d3ea165a4f51,tennis_wta_china_open,WTA China Open,2026-10-03T04:00:00+00:00,2026-10-03T05:00:00+01:00,Marie Bouzkova,Kimberly Birrell,virginbet,Virgin Bet,2026-10-02T08:52:51Z,h2h,Marie Bouzkova,1.48,,0.6756756756756757,0.6399026763990268,0.2
2026-10-02T08:53:26.007991+00:00,2026-10-02T09:53:26.007991+01:00,79657d5f6b239c5710a9d3ea165a4f51,tennis_wta_china_open,WTA China Open,2026-10-03T04:00:00+00:00,2026-10-03T05:00:00+01:00,Marie Bouzkova,Kimberly Birrell,grosvenor,Grosvenor,2026-10-02T08:52:35Z,h2h,Kimberly Birrell,2.63,,0.3802281368821293,0.3600973236009733,0.2
2026-10-02T08:53:26.007991+00:00,2026-10-02T09:53:26.007991+01:00,79657d5f6b239c5710a9d3ea165a4f51,tennis_wta_china_open,WTA China Open,2026-10-03T04:00:00+00:00,2026-10-03T05:00:00+01:00,Marie Bouzkova,Kimberly Birrell,grosvenor,Grosvenor,2026-10-02T08:52:35Z,h2h,Marie Bouzkova,1.48,,0.6756756756756757,0.6399026763990268,0.2
2026-10-02T08:53:26.007991+00:00,2026-10-02T09:53:26.007991+01:00,79657d5f6b239c5710a9d3ea165a4f51,tennis_wta_china_open,WTA China Open,2026-10-03T04:00:00+00:00,2026-10-03T05:00:00+01:00,Marie Bouzkova,Kimberly Birrell,williamhill,William Hill,2026-10-02T08:52:37Z,h2h,Kimberly Birrell,2.9,,0.3448275862068966,0.32558139534883723,0.2
2026-10-02T08:53:26.007991+00:00,2026-10-02T09:53:26.007991+01:00,79657d5f6b239c5710a9d3ea165a4f51,tennis_wta_china_open,WTA China Open,2026-10-03T04:00:00+00:00,2026-10-03T05:00:00+01:00,Marie Bouzkova,Kimberly Birrell,williamhill,William Hill,2026-10-02T08:52:37Z,h2h,Marie Bouzkova,1.4,,0.7142857142857143,0.6744186046511629,0.2
2026-10-02T08:53:26.007991+00:00,2026-10-02T09:53:26.007991+01:00,0642ea82817d319579dab471f14fc8f4,tennis_wta_china_open,WTA China Open,2026-10-03T04:00:00+00:00,2026-10-03T05:00:00+01:00,Maria Sakkari,Storm Hunter,leovegas,LeoVegas,2026-10-02T08:52:34Z,h2h,Maria Sakkari,1.33,,0.7518796992481203,0.6928406466512702,0.2
2026-10-02T08:53:26.007991+00:00,2026-10-02T09:53:26.007991+01:00,0642ea82817d319579dab471f14fc8f4,tennis_wta_china_open,WTA China Open,2026-10-03T04:00:00+00:00,2026-10-03T05:00:00+01:00,Maria Sakkari,Storm Hunter,leovegas,LeoVegas,2026-10-02T08:52:34Z,h2h,Storm Hunter,3.0,,0.3333333333333333,0.3071593533487298,0.2
2026-10-02T08:53:26.007991+00:00,2026-10-02T09:53:26.007991+01:00,0642ea82817d319579dab471f14fc8f4,tennis_wta_china_open,WTA China Open,2026-10-03T04:00:00+00:00,2026-10-03T05:00:00+01:00,Maria Sakkari,Storm Hunter,betfair_ex_uk,Betfair,2026-10-02T08:53:12Z,h2h,Maria Sakkari,1.42,,0.7042253521126761,0.6991525423728814,0.2
2026-10-02T08:53:26.007991+00:00,2026-10-02T09:53:26.007991+01:00,0642ea82817d319579dab471f14fc8f4,tennis_wta_china_open,WTA China Open,2026-10-03T04:00:00+00:00,2026-10-03T05:00:00+01:00,Maria Sakkari,Storm Hunter,betfair_ex_uk,Betfair,2026-10-02T08:53:12Z,h2h,Storm Hunter,3.3,,0.30303030303030304,0.3008474576271186,0.2
2026-10-02T08:53:26.007991+00:00,2026-10-02T09:53:26.007991+01:00,0642ea82817d319579dab471f14fc8f4,tennis_wta_china_open,WTA China Open,2026-10-03T04:00:00+00:00,2026-10-03T05:00:00+01:00,Maria Sakkari,Storm Hunter,betfair_ex_uk,Betfair,2026-10-02T08:53:12Z,h2h_lay,Maria Sakkari,1.43,,0.6993006993006994,1.0,0.2
2026-10-02T08:53:26.007991+00:00,2026-10-02T09:53:26.007991+01:00,0642ea82817d319579dab471f14fc8f4,tennis_wta_china_open,WTA China Open,2026-10-03T04:00:00+00:00,2026-10-03T05:00:00+01:00,Maria Sakkari,Storm Hunter,betfair_ex_uk,Betfair,2026-10-02T08:53:12Z,h2h_lay,Storm Hunter,3.35,,0.29850746268656714,1.0,0.2
2026-10-02T08:53:26.007991+00:00,2026-10-02T09:53:26.007991+01:00,0642ea82817d319579dab471f14fc8f4,tennis_wta_china_open,WTA China Open,2026-10-03T04:00:00+00:00,2026-10-03T05:00:00+01:00,Maria Sakkari,Storm Hunter,unibet_uk,Unibet (UK),2026-10-02T08:52:36Z,h2h,Maria Sakkari,1.37,,0.7299270072992701,0.6864988558352403,0.2
2026-10-02T08:53:26.007991+00:00,2026-10-02T09:53:26.007991+01:00,0642ea82817d319579dab471f14fc8f4,tennis_wta_china_open,WTA China Open,2026-10-03T04:00:00+00:00,2026-10-03T05:00:00+01:00,Maria Sakkari,Storm Hunter,unibet_uk,Unibet (UK),2026-10-02T08:52:36Z,h2h,Storm Hunter,3.0,,0.3333333333333333,0.3135011441647597,0.2
2026-10-02T08:53:26.007991+00:00,2026-10-02T09:53:26.007991+01:00,0642ea82817d319579dab471f14fc8f4,tennis_wta_china_open,WTA China Open,2026-10-03T04:00:00+00:00,2026-10-03T05:00:00+01:00,Maria Sakkari,Storm Hunter,smarkets,Smarkets,2026-10-02T08:53:10Z,h2h,Maria Sakkari,1.36,,0.7352941176470588,0.695067264573991,0.2
2026-10-02T08:53:26.007991+00:00,2026-10-02T09:53:26.007991+01:00,0642ea82817d319579dab471f14fc8f4,tennis_wta_china_open,WTA China Open,2026-10-03T04:00:00+00:00,2026-10-03T05:00:00+01:00,Maria Sakkari,Storm Hunter,smarkets,Smarkets,2026-10-02T08:53:10Z,h2h,Storm Hunter,3.1,,0.3225806451612903,0.30493273542600896,0.2
2026-10-02T08:53:26.007991+00:00,2026-10-02T09:53:26.007991+01:00,0642ea82817d319579dab471f14fc8f4,tennis_wta_china_open,WTA China Open,2026-10-03T04:00:00+00:00,2026-10-03T05:00:00+01:00,Maria Sakkari,Storm Hunter,smarkets,Smarkets,2026-10-02T08:53:10Z,h2h_lay,Maria Sakkari,1.49,,0.6711409395973155,1.0,0.2
2026-10-02T08:53:26.007991+00:00,2026-10-02T09:53:26.007991+01:00,0642ea82817d319579dab471f14fc8f4,tennis_wta_china_open,WTA China Open,2026-10-03T04:00:00+00:00,2026-10-03T05:00:00+01:00,Maria Sakkari,Storm Hunter,smarkets,Smarkets,2026-10-02T08:53:10Z,h2h_lay,Storm Hunter,3.65,,0.273972602739726,1.0,0.2
2026-10-02T08:53:26.007991+00:00,2026-10-02T09:53:26.007991+01:00,0642ea82817d319579dab471f14fc8f4,tennis_wta_china_open,WTA China Open,2026-10-03T04:00:00+00:00,2026-10-03T05:00:00+01:00,Maria Sakkari,Storm Hunter,sport888,888sport,2026-10-02T08:52:50Z,h2h,Maria Sakkari,1.36,,0.7352941176470588,0.695067264573991,0.2
2026-10-02T08:53:26.007991+00:00,2026-10-02T09:53:26.007991+01:00,0642ea82817d319579dab471f14fc8f4,tennis_wta_china_open,WTA China Open,2026-10-03T04:00:00+00:00,2026-10-03T05:00:00+01:00,Maria Sakkari,Storm Hunter,sport888,888sport,2026-10-02T08:52:50Z,h2h,Storm Hunter,3.1,,0.3225806451612903,0.30493273542600896,0.2
2026-10-02T08:53:26.007991+00:00,2026-10-02T09:53:26.007991+01:00,0642ea82817d319579dab471f14fc8f4,tennis_wta_china_open,WTA China Open,2026-10-03T04:00:00+00:00,2026-10-03T05:00:00+01:00,Maria Sakkari,Storm Hunter,betway,Betway,2026-10-02T08:53:11Z,h2h,Maria Sakkari,1.35,,0.7407407407407407,0.7032967032967032,0.2
2026-10-02T08:53:26.007991+00:00,2026-10-02T09:53:26.007991+01:00,0642ea82817d319579dab471f14fc8f4,tennis_wta_china_open,WTA China Open,2026-10-03T04:00:00+00:00,2026-10-03T05:00:00+01:00,Maria Sakkari,Storm Hunter,betway,Betway,2026-10-02T08:53:11Z,h2h,Storm Hunter,3.2,,0.3125,0.2967032967032967,0.2
2026-10-02T08:53:26.007991+00:00,2026-10-02T09:53:26.007991+01:00,0642ea82817d319579dab471f14fc8f4,tennis_wta_china_open,WTA China Open,2026-10-03T04:00:00+00:00,2026-10-03T05:00:00+01:00,Maria Sakkari,Storm Hunter,paddypower,Paddy Power,2026-10-02T08:52:51Z,h2h,Maria Sakkari,1.36,,0.7352941176470588,0.6880733944954128,0.2
2026-10-02T08:53:26.007991+00:00,2026-10-02T09:53:26.007991+01:00,0642ea82817d319579dab471f14fc8f4,tennis_wta_china_open,WTA China Open,2026-10-03T04:00:00+00:00,2026-10-03T05:00:00+01:00,Maria Sakkari,Storm Hunter,paddypower,Paddy Power,2026-10-02T08:52:51Z,h2h,Storm Hunter,3.0,,0.3333333333333333,0.3119266055045871,0.2
2026-10-02T08:53:26.007991+00:00,2026-10-02T09:53:26.007991+01:00,0642ea82817d319579dab471f14fc8f4,tennis_wta_china_open,WTA China Open,2026-10-03T04:00:00+00:00,2026-10-03T05:00:00+01:00,Maria Sakkari,Storm Hunter,skybet,Sky Bet,2026-10-02T08:52:51Z,h2h,Maria Sakkari,1.36,,0.7352941176470588,0.6880733944954128,0.2
2026-10-02T08:53:26.007991+00:00,2026-10-02T09:53:26.007991+01:00,0642ea82817d319579dab471f14fc8f4,tennis_wta_china_open,WTA China Open,2026-10-03T04:00:00+00:00,2026-10-03T05:00:00+01:00,Maria Sakkari,Storm Hunter,skybet,Sky Bet,2026-10-02T08:52:51Z,h2h,Storm Hunter,3.0,,0.3333333333333333,0.3119266055045871,0.2
2026-10-02T08:53:26.007991+00:00,2026-10-02T09:53:26.007991+01:00,0642ea82817d319579dab471f14fc8f4,tennis_wta_china_open,WTA China Open,2026-10-03T04:00:00+00:00,2026-10-03T05:00:00+01:00,Maria Sakkari,Storm Hunter,betano_uk,Betano (UK),2026-10-02T08:53:26Z,h2h,Maria Sakkari,1.36,,0.7352941176470588,0.6792452830188679,0.2
2026-10-02T08:53:26.007991+00:00,2026-10-02T09:53:26.007991+01:00,0642ea82817d319579dab471f14fc8f4,tennis_wta_china_open,WTA China Open,2026-10-03T04:00:00+00:00,2026-10-03T05:00:00+01:00,Maria Sakkari,Storm Hunter,betano_uk,Betano (UK),2026-10-02T08:53:26Z,h2h,Storm Hunter,2.88,,0.3472222222222222,0.32075471698113206,0.2
2026-10-02T08:53:26.007991+00:00,2026-10-02T09:53:26.007991+01:00,0642ea82817d319579dab471f14fc8f4,tennis_wta_china_open,WTA China Open,2026-10-03T04:00:00+00:00,2026-10-03T05:00:00+01:00,Maria Sakkari,Storm Hunter,betvictor,Bet Victor,2026-10-02T08:51:59Z,h2h,Maria Sakkari,1.36,,0.7352941176470588,0.6792452830188679,0.2
2026-10-02T08:53:26.007991+00:00,2026-10-02T09:53:26.007991+01:00,0642ea82817d319579dab471f14fc8f4,tennis_wta_china_open,WTA China Open,2026-10-03T04:00:00+00:00,2026-10-03T05:00:00+01:00,Maria Sakkari,Storm Hunter,betvictor,Bet Victor,2026-10-02T08:51:59Z,h2h,Storm Hunter,2.88,,0.3472222222222222,0.32075471698113206,0.2
2026-10-02T08:53:26.007991+00:00,2026-10-02T09:53:26.007991+01:00,0642ea82817d319579dab471f14fc8f4,tennis_wta_china_open,WTA China Open,2026-10-03T04:00:00+00:00,2026-10-03T05:00:00+01:00,Maria Sakkari,Storm Hunter,matchbook,Matchbook,2026-10-02T08:53:10Z,h2h,Maria Sakkari,1.42,,0.7042253521126761,0.6991525423728814,0.2
2026-10-02T08:53:26.007991+00:00,2026-10-02T09:53:26.007991+01:00,0642ea82817d319579dab471f14fc8f4,tennis_wta_china_open,WTA China Open,2026-10-03T04:00:00+00:00,2026-10-03T05:00:00+01:00,Maria Sakkari,Storm Hunter,matchbook,Matchbook,2026-10-02T08:53:10Z,h2h,Storm Hunter,3.3,,0.30303030303030304,0.3008474576271186,0.2
2026-10-02T08:53:26.007991+00:00,2026-10-02T09:53:26.007991+01:00,0642ea82817d319579dab471f14fc8f4,tennis_wta_china_open,WTA China Open,2026-10-03T04:00:00+00:00,2026-10-03T05:00:00+01:00,Maria Sakkari,Storm Hunter,matchbook,Matchbook,2026-10-02T08:53:10Z,h2h_lay,Maria Sakkari,1.43,,0.6993006993006994,1.0,0.2
2026-10-02T08:53:26.007991+00:00,2026-10-02T09:53:26.007991+01:00,0642ea82817d319579dab471f14fc8f4,tennis_wta_china_open,WTA China Open,2026-10-03T04:00:00+00:00,2026-10-03T05:00:00+01:00,Maria Sakkari,Storm Hunter,matchbook,Matchbook,2026-10-02T08:53:10Z,h2h_lay,Storm Hunter,3.35,,0.29850746268656714,1.0,0.2
2026-10-02T08:53:26.007991+00:00,2026-10-02T09:53:26.007991+01:00,0642ea82817d319579dab471f14fc8f4,tennis_wta_china_open,WTA China Open,2026-10-03T04:00:00+00:00,2026-10-03T05:00:00+01:00,Maria Sakkari,Storm Hunter,boylesports,BoyleSports,2026-10-02T08:53:17Z,h2h,Maria Sakkari,1.33,,0.7518796992481203,0.6928406466512702,0.2
2026-10-02T08:53:26.007991+00:00,2026-10-02T09:53:26.007991+01:00,0642ea82817d319579dab471f14fc8f4,tennis_wta_china_open,WTA China Open,2026-10-03T04:00:00+00:00,2026-10-03T05:00:00+01:00,Maria Sakkari,Storm Hunter,boylesports,BoyleSports,2026-10-02T08:53:17Z,h2h,Storm Hunter,3.0,,0.3333333333333333,0.3071593533487298,0.2
2026-10-02T08:53:26.007991+00:00,2026-10-02T09:53:26.007991+01:00,0642ea82817d319579dab471f14fc8f4,tennis_wta_china_open,WTA China Open,2026-10-03T04:00:00+00:00,2026-10-03T05:00:00+01:00,Maria Sakkari,Storm Hunter,livescorebet,LiveScore Bet,2026-10-02T08:53:10Z,h2h,Maria Sakkari,1.42,,0.7042253521126761,0.6697674418604651,0.2
2026-10-02T08:53:26.007991+00:00,2026-10-02T09:53:26.007991+01:00,0642ea82817d319579dab471f14fc8f4,tennis_wta_china_open,WTA China Open,2026-10-03T04:00:00+00:00,2026-10-03T05:00:00+01:00,Maria Sakkari,Storm Hunter,livescorebet,LiveScore Bet,2026-10-02T08:53:10Z,h2h,Storm Hunter,2.88,,0.3472222222222222,0.33023255813953484,0.2
2026-10-02T08:53:26.007991+00:00,2026-10-02T09:53:26.007991+01:00,0642ea82817d319579dab471f14fc8f4,tennis_wta_china_open,WTA China Open,2026-10-03T04:00:00+00:00,2026-10-03T05:00:00+01:00,Maria Sakkari,Storm Hunter,casumo,Casumo,2026-10-02T08:52:51Z,h2h,Maria Sakkari,1.42,,0.7042253521126761,0.6697674418604651,0.2
2026-10-02T08:53:26.007991+00:00,2026-10-02T09:53:26.007991+01:00,0642ea82817d319579dab471f14fc8f4,tennis_wta_china_open,WTA China Open,2026-10-03T04:00:00+00:00,2026-10-03T05:00:00+01:00,Maria Sakkari,Storm Hunter,casumo,Casumo,2026-10-02T08:52:51Z,h2h,Storm Hunter,2.88,,0.3472222222222222,0.33023255813953484,0.2
2026-10-02T08:53:26.007991+00:00,2026-10-02T09:53:26.007991+01:00,0642ea82817d319579dab471f14fc8f4,tennis_wta_china_open,WTA China Open,2026-10-03T04:00:00+00:00,2026-10-03T05:00:00+01:00,Maria Sakkari,Storm Hunter,virginbet,Virgin Bet,2026-10-02T08:52:51Z,h2h,Maria Sakkari,1.42,,0.7042253521126761,0.6697674418604651,0.2
2026-10-02T08:53:26.007991+00:00,2026-10-02T09:53:26.007991+01:00,0642ea82817d319579dab471f14fc8f4,tennis_wta_china_open,WTA China Open,2026-10-03T04:00:00+00:00,2026-10-03T05:00:00+01:00,Maria Sakkari,Storm Hunter,virginbet,Virgin Bet,2026-10-02T08:52:51Z,h2h,Storm Hunter,2.88,,0.3472222222222222,0.33023255813953484,0.2
2026-10-02T08:53:26.007991+00:00,2026-10-02T09:53:26.007991+01:00,0642ea82817d319579dab471f14fc8f4,tennis_wta_china_open,WTA China Open,2026-10-03T04:00:00+00:00,2026-10-03T05:00:00+01:00,Maria Sakkari,Storm Hunter,grosvenor,Grosvenor,2026-10-02T08:52:35Z,h2h,Maria Sakkari,1.42,,0.7042253521126761,0.6697674418604651,0.2
2026-10-02T08:53:26.007991+00:00,2026-10-02T09:53:26.007991+01:00,0642ea82817d319579dab471f14fc8f4,tennis_wta_china_open,WTA China Open,2026-10-03T04:00:00+00:00,2026-10-03T05:00:00+01:00,Maria Sakkari,Storm Hunter,grosvenor,Grosvenor,2026-10-02T08:52:35Z,h2h,Storm Hunter,2.88,,0.3472222222222222,0.33023255813953484,0.2
2026-10-02T08:53:26.007991+00:00,2026-10-02T09:53:26.007991+01:00,0642ea82817d319579dab471f14fc8f4,tennis_wta_china_open,WTA China Open,2026-10-03T04:00:00+00:00,2026-10-03T05:00:00+01:00,Maria Sakkari,Storm Hunter,coral,Coral,2026-10-02T08:52:52Z,h2h,Maria Sakkari,1.33,,0.7518796992481203,0.6997742663656885,0.2
2026-10-02T08:53:26.007991+00:00,2026-10-02T09:53:26.007991+01:00,0642ea82817d319579dab471f14fc8f4,tennis_wta_china_open,WTA China Open,2026-10-03T04:00:00+00:00,2026-10-03T05:00:00+01:00,Maria Sakkari,Storm Hunter,coral,Coral,2026-10-02T08:52:52Z,h2h,Storm Hunter,3.1,,0.3225806451612903,0.30022573363431154,0.2
2026-10-02T08:53:26.007991+00:00,2026-10-02T09:53:26.007991+01:00,0642ea82817d319579dab471f14fc8f4,tennis_wta_china_open,WTA China Open,2026-10-03T04:00:00+00:00,2026-10-03T05:00:00+01:00,Maria Sakkari,Storm Hunter,ladbrokes_uk,Ladbrokes,2026-10-02T08:52:51Z,h2h,Maria Sakkari,1.33,,0.7518796992481203,0.6997742663656885,0.2
2026-10-02T08:53:26.007991+00:00,2026-10-02T09:53:26.007991+01:00,0642ea82817d319579dab471f14fc8f4,tennis_wta_china_open,WTA China Open,2026-10-03T04:00:00+00:00,2026-10-03T05:00:00+01:00,Maria Sakkari,Storm Hunter,ladbrokes_uk,Ladbrokes,2026-10-02T08:52:51Z,h2h,Storm Hunter,3.1,,0.3225806451612903,0.30022573363431154,0.2
2026-10-02T08:53:26.007991+00:00,2026-10-02T09:53:26.007991+01:00,0642ea82817d319579dab471f14fc8f4,tennis_wta_china_open,WTA China Open,2026-10-03T04:00:00+00:00,2026-10-03T05:00:00+01:00,Maria Sakkari,Storm Hunter,williamhill,William Hill,2026-10-02T08:52:37Z,h2h,Maria Sakkari,1.36,,0.7352941176470588,0.695067264573991,0.2
2026-10-02T08:53:26.007991+00:00,2026-10-02T09:53:26.007991+01:00,0642ea82817d319579dab471f14fc8f4,tennis_wta_china_open,WTA China Open,2026-10-03T04:00:00+00:00,2026-10-03T05:00:00+01:00,Maria Sakkari,Storm Hunter,williamhill,William Hill,2026-10-02T08:52:37Z,h2h,Storm Hunter,3.1,,0.3225806451612903,0.30493273542600896,0.2
2026-10-02T08:53:26.007991+00:00,2026-10-02T09:53:26.007991+01:00,98247d9182513d3430cff642b77bbca1,tennis_wta_china_open,WTA China Open,2026-10-03T04:00:00+00:00,2026-10-03T05:00:00+01:00,Sonay Kartal,Xinyu Wang,betfair_ex_uk,Betfair,2026-10-02T08:53:12Z,h2h,Sonay Kartal,1.89,,0.5291005291005292,0.5190839694656489,0.2
2026-10-02T08:53:26.007991+00:00,2026-10-02T09:53:26.007991+01:00,98247d9182513d3430cff642b77bbca1,tennis_wta_china_open,WTA China Open,2026-10-03T04:00:00+00:00,2026-10-03T05:00:00+01:00,Sonay Kartal,Xinyu Wang,betfair_ex_uk,Betfair,2026-10-02T08:53:12Z,h2h,Xinyu Wang,2.04,,0.49019607843137253,0.4809160305343511,0.2
2026-10-02T08:53:26.007991+00:00,2026-10-02T09:53:26.007991+01:00,98247d9182513d3430cff642b77bbca1,tennis_wta_china_open,WTA China Open,2026-10-03T04:00:00+00:00,2026-10-03T05:00:00+01:00,Sonay Kartal,Xinyu Wang,betfair_ex_uk,Betfair,2026-10-02T08:53:12Z,h2h_lay,Sonay Kartal,1.96,,0.5102040816326531,1.0,0.2
2026-10-02T08:53:26.007991+00:00,2026-10-02T09:53:26.007991+01:00,98247d9182513d3430cff642b77bbca1,tennis_wta_china_open,WTA China Open,2026-10-03T04:00:00+00:00,2026-10-03T05:00:00+01:00,Sonay Kartal,Xinyu Wang,betfair_ex_uk,Betfair,2026-10-02T08:53:12Z,h2h_lay,Xinyu Wang,2.12,,0.4716981132075471,1.0,0.2
2026-10-02T08:53:26.007991+00:00,2026-10-02T09:53:26.007991+01:00,98247d9182513d3430cff642b77bbca1,tennis_wta_china_open,WTA China Open,2026-10-03T04:00:00+00:00,2026-10-03T05:00:00+01:00,Sonay Kartal,Xinyu Wang,unibet_uk,Unibet (UK),2026-10-02T08:52:36Z,h2h,Sonay Kartal,1.8,,0.5555555555555556,0.5199999999999999,0.2
2026-10-02T08:53:26.007991+00:00,2026-10-02T09:53:26.007991+01:00,98247d9182513d3430cff642b77bbca1,tennis_wta_china_open,WTA China Open,2026-10-03T04:00:00+00:00,2026-10-03T05:00:00+01:00,Sonay Kartal,Xinyu Wang,unibet_uk,Unibet (UK),2026-10-02T08:52:36Z,h2h,Xinyu Wang,1.95,,0.5128205128205129,0.48,0.2
2026-10-02T08:53:26.007991+00:00,2026-10-02T09:53:26.007991+01:00,98247d9182513d3430cff642b77bbca1,tennis_wta_china_open,WTA China Open,2026-10-03T04:00:00+00:00,2026-10-03T05:00:00+01:00,Sonay Kartal,Xinyu Wang,sport888,888sport,2026-10-02T08:52:50Z,h2h,Sonay Kartal,1.8,,0.5555555555555556,0.5263157894736842,0.2
2026-10-02T08:53:26.007991+00:00,2026-10-02T09:53:26.007991+01:00,98247d9182513d3430cff642b77bbca1,tennis_wta_china_open,WTA China Open,2026-10-03T04:00:00+00:00,2026-10-03T05:00:00+01:00,Sonay Kartal,Xinyu Wang,sport888,888sport,2026-10-02T08:52:50Z,h2h,Xinyu Wang,2.0,,0.5,0.47368421052631576,0.2
2026-10-02T08:53:26.007991+00:00,2026-10-02T09:53:26.007991+01:00,98247d9182513d3430cff642b77bbca1,tennis_wta_china_open,WTA China Open,2026-10-03T04:00:00+00:00,2026-10-03T05:00:00+01:00,Sonay Kartal,Xinyu Wang,smarkets,Smarkets,2026-10-02T08:53:10Z,h2h,Sonay Kartal,1.78,,0.5617977528089888,0.5215053763440861,0.2
2026-10-02T08:53:26.007991+00:00,2026-10-02T09:53:26.007991+01:00,98247d9182513d3430cff642b77bbca1,tennis_wta_china_open,WTA China Open,2026-10-03T04:00:00+00:00,2026-10-03T05:00:00+01:00,Sonay Kartal,Xinyu Wang,smarkets,Smarkets,2026-10-02T08:53:10Z,h2h,Xinyu Wang,1.94,,0.5154639175257733,0.47849462365591405,0.2
2026-10-02T08:53:26.007991+00:00,2026-10-02T09:53:26.007991+01:00,98247d9182513d3430cff642b77bbca1,tennis_wta_china_open,WTA China Open,2026-10-03T04:00:00+00:00,2026-10-03T05:00:00+01:00,Sonay Kartal,Xinyu Wang,smarkets,Smarkets,2026-10-02T08:53:10Z,h2h_lay,Sonay Kartal,2.06,,0.4854368932038835,1.0,0.2
2026-10-02T08:53:26.007991+00:00,2026-10-02T09:53:26.007991+01:00,98247d9182513d3430cff642b77bbca1,tennis_wta_china_open,WTA China Open,2026-10-03T04:00:00+00:00,2026-10-03T05:00:00+01:00,Sonay Kartal,Xinyu Wang,smarkets,Smarkets,2026-10-02T08:53:10Z,h2h_lay,Xinyu Wang,2.3,,0.4347826086956522,1.0,0.2
2026-10-02T08:53:26.007991+00:00,2026-10-02T09:53:26.007991+01:00,98247d9182513d3430cff642b77bbca1,tennis_wta_china_open,WTA China Open,2026-10-03T04:00:00+00:00,2026-10-03T05:00:00+01:00,Sonay Kartal,Xinyu Wang,leovegas,LeoVegas,2026-10-02T08:52:34Z,h2h,Sonay Kartal,1.8,,0.5555555555555556,0.517426273458445,0.2
2026-10-02T08:53:26.007991+00:00,2026-10-02T09:53:26.007991+01:00,98247d9182513d3430cff642b77bbca1,tennis_wta_china_open,WTA China Open,2026-10-03T04:00:00+00:00,2026-10-03T05:00:00+01:00,Sonay Kartal,Xinyu Wang,leovegas,LeoVegas,2026-10-02T08:52:34Z,h2h,Xinyu Wang,1.93,,0.5181347150259068,0.482573726541555,0.2
2026-10-02T08:53:26.007991+00:00,2026-10-02T09:53:26.007991+01:00,98247d9182513d3430cff642b77bbca1,tennis_wta_china_open,WTA China Open,2026-10-03T04:00:00+00:00,2026-10-03T05:00:00+01:00,Sonay Kartal,Xinyu Wang,betvictor,Bet Victor,2026-10-02T08:51:59Z,h2h,Sonay Kartal,1.8,,0.5555555555555556,0.5148247978436657,0.2
2026-10-02T08:53:26.007991+00:00,2026-10-02T09:53:26.007991+01:00,98247d9182513d3430cff642b77bbca1,tennis_wta_china_open,WTA China Open,2026-10-03T04:00:00+00:00,2026-10-03T05:00:00+01:00,Sonay Kartal,Xinyu Wang,betvictor,Bet Victor,2026-10-02T08:51:59Z,h2h,Xinyu Wang,1.91,,0.5235602094240838,0.4851752021563342,0.2
2026-10-02T08:53:26.007991+00:00,2026-10-02T09:53:26.007991+01:00,98247d9182513d3430cff642b77bbca1,tennis_wta_china_open,WTA China Open,2026-10-03T04:00:00+00:00,2026-10-03T05:00:00+01:00,Sonay Kartal,Xinyu Wang,betway,Betway,2026-10-02T08:53:11Z,h2h,Sonay Kartal,1.8,,0.5555555555555556,0.5263157894736842,0.2
2026-10-02T08:53:26.007991+00:00,2026-10-02T09:53:26.007991+01:00,98247d9182513d3430cff642b77bbca1,tennis_wta_china_open,WTA China Open,2026-10-03T04:00:00+00:00,2026-10-03T05:00:00+01:00,Sonay Kartal,Xinyu Wang,betway,Betway,2026-10-02T08:53:11Z,h2h,Xinyu Wang,2.0,,0.5,0.47368421052631576,0.2
2026-10-02T08:53:26.007991+00:00,2026-10-02T09:53:26.007991+01:00,98247d9182513d3430cff642b77bbca1,tennis_wta_china_open,WTA China Open,2026-10-03T04:00:00+00:00,2026-10-03T05:00:00+01:00,Sonay Kartal,Xinyu Wang,betano_uk,Betano (UK),2026-10-02T08:53:26Z,h2h,Sonay Kartal,1.8,,0.5555555555555556,0.5148247978436657,0.2
2026-10-02T08:53:26.007991+00:00,2026-10-02T09:53:26.007991+01:00,98247d9182513d3430cff642b77bbca1,tennis_wta_china_open,WTA China Open,2026-10-03T04:00:00+00:00,2026-10-03T05:00:00+01:00,Sonay Kartal,Xinyu Wang,betano_uk,Betano (UK),2026-10-02T08:53:26Z,h2h,Xinyu Wang,1.91,,0.5235602094240838,0.4851752021563342,0.2
2026-10-02T08:53:26.007991+00:00,2026-10-02T09:53:26.007991+01:00,98247d9182513d3430cff642b77bbca1,tennis_wta_china_open,WTA China Open,2026-10-03T04:00:00+00:00,2026-10-03T05:00:00+01:00,Sonay Kartal,Xinyu Wang,paddypower,Paddy Power,2026-10-02T08:52:51Z,h2h,Sonay Kartal,1.83,,0.5464480874316939,0.5106951871657753,0.2
2026-10-02T08:53:26.007991+00:00,2026-10-02T09:53:26.007991+01:00,98247d9182513d3430cff642b77bbca1,tennis_wta_china_open,WTA China Open,2026-10-03T04:00:00+00:00,2026-10-03T05:00:00+01:00,Sonay Kartal,Xinyu Wang,paddypower,Paddy Power,2026-10-02T08:52:51Z,h2h,Xinyu Wang,1.91,,0.5235602094240838,0.48930481283422456,0.2
2026-10-02T08:53:26.007991+00:00,2026-10-02T09:53:26.007991+01:00,98247d9182513d3430cff642b77bbca1,tennis_wta_china_open,WTA China Open,2026-10-03T04:00:00+00:00,2026-10-03T05:00:00+01:00,Sonay Kartal,Xinyu Wang,skybet,Sky Bet,2026-10-02T08:52:51Z,h2h,Sonay Kartal,1.83,,0.5464480874316939,0.5106951871657753,0.2
2026-10-02T08:53:26.007991+00:00,2026-10-02T09:53:26.007991+01:00,98247d9182513d3430cff642b77bbca1,tennis_wta_china_open,WTA China Open,2026-10-03T04:00:00+00:00,2026-10-03T05:00:00+01:00,Sonay Kartal,Xinyu Wang,skybet,Sky Bet,2026-10-02T08:52:51Z,h2h,Xinyu Wang,1.91,,0.5235602094240838,0.48930481283422456,0.2
2026-10-02T08:53:26.007991+00:00,2026-10-02T09:53:26.007991+01:00,98247d9182513d3430cff642b77bbca1,tennis_wta_china_open,WTA China Open,2026-10-03T04:00:00+00:00,2026-10-03T05:00:00+01:00,Sonay Kartal,Xinyu Wang,matchbook,Matchbook,2026-10-02T08:53:10Z,h2h,Sonay Kartal,1.89,,0.5291005291005292,0.5215189873417723,0.2
2026-10-02T08:53:26.007991+00:00,2026-10-02T09:53:26.007991+01:00,98247d9182513d3430cff642b77bbca1,tennis_wta_china_open,WTA China Open,2026-10-03T04:00:00+00:00,2026-10-03T05:00:00+01:00,Sonay Kartal,Xinyu Wang,matchbook,Matchbook,2026-10-02T08:53:10Z,h2h,Xinyu Wang,2.06,,0.4854368932038835,0.47848101265822784,0.2
2026-10-02T08:53:26.007991+00:00,2026-10-02T09:53:26.007991+01:00,98247d9182513d3430cff642b77bbca1,tennis_wta_china_open,WTA China Open,2026-10-03T04:00:00+00:00,2026-10-03T05:00:00+01:00,Sonay Kartal,Xinyu Wang,matchbook,Matchbook,2026-10-02T08:53:10Z,h2h_lay,Sonay Kartal,1.95,,0.5128205128205129,1.0,0.2
2026-10-02T08:53:26.007991+00:00,2026-10-02T09:53:26.007991+01:00,98247d9182513d3430cff642b77bbca1,tennis_wta_china_open,WTA China Open,2026-10-03T04:00:00+00:00,2026-10-03T05:00:00+01:00,Sonay Kartal,Xinyu Wang,matchbook,Matchbook,2026-10-02T08:53:10Z,h2h_lay,Xinyu Wang,2.12,,0.4716981132075471,1.0,0.2
2026-10-02T08:53:26.007991+00:00,2026-10-02T09:53:26.007991+01:00,98247d9182513d3430cff642b77bbca1,tennis_wta_china_open,WTA China Open,2026-10-03T04:00:00+00:00,2026-10-03T05:00:00+01:00,Sonay Kartal,Xinyu Wang,livescorebet,LiveScore Bet,2026-10-02T08:53:10Z,h2h,Sonay Kartal,1.92,,0.5208333333333334,0.49473684210526314,0.2
2026-10-02T08:53:26.007991+00:00,2026-10-02T09:53:26.007991+01:00,98247d9182513d3430cff642b77bbca1,tennis_wta_china_open,WTA China Open,2026-10-03T04:00:00+00:00,2026-10-03T05:00:00+01:00,Sonay Kartal,Xinyu Wang,livescorebet,LiveScore Bet,2026-10-02T08:53:10Z,h2h,Xinyu Wang,1.88,,0.5319148936170213,0.5052631578947367,0.2
2026-10-02T08:53:26.007991+00:00,2026-10-02T09:53:26.007991+01:00,98247d9182513d3430cff642b77bbca1,tennis_wta_china_open,WTA China Open,2026-10-03T04:00:00+00:00,2026-10-03T05:00:00+01:00,Sonay Kartal,Xinyu Wang,casumo,Casumo,2026-10-02T08:52:51Z,h2h,Sonay Kartal,1.92,,0.5208333333333334,0.49473684210526314,0.2
2026-10-02T08:53:26.007991+00:00,2026-10-02T09:53:26.007991+01:00,98247d9182513d3430cff642b77bbca1,tennis_wta_china_open,WTA China Open,2026-10-03T04:00:00+00:00,2026-10-03T05:00:00+01:00,Sonay Kartal,Xinyu Wang,casumo,Casumo,2026-10-02T08:52:51Z,h2h,Xinyu Wang,1.88,,0.5319148936170213,0.5052631578947367,0.2
2026-10-02T08:53:26.007991+00:00,2026-10-02T09:53:26.007991+01:00,98247d9182513d3430cff642b77bbca1,tennis_wta_china_open,WTA China Open,2026-10-03T04:00:00+00:00,2026-10-03T05:00:00+01:00,Sonay Kartal,Xinyu Wang,grosvenor,Grosvenor,2026-10-02T08:52:35Z,h2h,Sonay Kartal,1.92,,0.5208333333333334,0.49473684210526314,0.2
2026-10-02T08:53:26.007991+00:00,2026-10-02T09:53:26.007991+01:00,98247d9182513d3430cff642b77bbca1,tennis_wta_china_open,WTA China Open,2026-10-03T04:00:00+00:00,2026-10-03T05:00:00+01:00,Sonay Kartal,Xinyu Wang,grosvenor,Grosvenor,2026-10-02T08:52:35Z,h2h,Xinyu Wang,1.88,,0.5319148936170213,0.5052631578947367,0.2
2026-10-02T08:53:26.007991+00:00,2026-10-02T09:53:26.007991+01:00,98247d9182513d3430cff642b77bbca1,tennis_wta_china_open,WTA China Open,2026-10-03T04:00:00+00:00,2026-10-03T05:00:00+01:00,Sonay Kartal,Xinyu Wang,virginbet,Virgin Bet,2026-10-02T08:52:51Z,h2h,Sonay Kartal,1.92,,0.5208333333333334,0.49473684210526314,0.2
2026-10-02T08:53:26.007991+00:00,2026-10-02T09:53:26.007991+01:00,98247d9182513d3430cff642b77bbca1,tennis_wta_china_open,WTA China Open,2026-10-03T04:00:00+00:00,2026-10-03T05:00:00+01:00,Sonay Kartal,Xinyu Wang,virginbet,Virgin Bet,2026-10-02T08:52:51Z,h2h,Xinyu Wang,1.88,,0.5319148936170213,0.5052631578947367,0.2
2026-10-02T08:53:26.007991+00:00,2026-10-02T09:53:26.007991+01:00,98247d9182513d3430cff642b77bbca1,tennis_wta_china_open,WTA China Open,2026-10-03T04:00:00+00:00,2026-10-03T05:00:00+01:00,Sonay Kartal,Xinyu Wang,boylesports,BoyleSports,2026-10-02T08:53:17Z,h2h,Sonay Kartal,1.8,,0.5555555555555556,0.5148247978436657,0.2
2026-10-02T08:53:26.007991+00:00,2026-10-02T09:53:26.007991+01:00,98247d9182513d3430cff642b77bbca1,tennis_wta_china_open,WTA China Open,2026-10-03T04:00:00+00:00,2026-10-03T05:00:00+01:00,Sonay Kartal,Xinyu Wang,boylesports,BoyleSports,2026-10-02T08:53:17Z,h2h,Xinyu Wang,1.91,,0.5235602094240838,0.4851752021563342,0.2
2026-10-02T08:53:26.007991+00:00,2026-10-02T09:53:26.007991+01:00,98247d9182513d3430cff642b77bbca1,tennis_wta_china_open,WTA China Open,2026-10-03T04:00:00+00:00,2026-10-03T05:00:00+01:00,Sonay Kartal,Xinyu Wang,coral,Coral,2026-10-02T08:52:52Z,h2h,Sonay Kartal,1.8,,0.5555555555555556,0.5148247978436657,0.2
2026-10-02T08:53:26.007991+00:00,2026-10-02T09:53:26.007991+01:00,98247d9182513d3430cff642b77bbca1,tennis_wta_china_open,WTA China Open,2026-10-03T04:00:00+00:00,2026-10-03T05:00:00+01:00,Sonay Kartal,Xinyu Wang,coral,Coral,2026-10-02T08:52:52Z,h2h,Xinyu Wang,1.91,,0.5235602094240838,0.4851752021563342,0.2
2026-10-02T08:53:26.007991+00:00,2026-10-02T09:53:26.007991+01:00,98247d9182513d3430cff642b77bbca1,tennis_wta_china_open,WTA China Open,2026-10-03T04:00:00+00:00,2026-10-03T05:00:00+01:00,Sonay Kartal,Xinyu Wang,ladbrokes_uk,Ladbrokes,2026-10-02T08:52:51Z,h2h,Sonay Kartal,1.8,,0.5555555555555556,0.5148247978436657,0.2
2026-10-02T08:53:26.007991+00:00,2026-10-02T09:53:26.007991+01:00,98247d9182513d3430cff642b77bbca1,tennis_wta_china_open,WTA China Open,2026-10-03T04:00:00+00:00,2026-10-03T05:00:00+01:00,Sonay Kartal,Xinyu Wang,ladbrokes_uk,Ladbrokes,2026-10-02T08:52:51Z,h2h,Xinyu Wang,1.91,,0.5235602094240838,0.4851752021563342,0.2
2026-10-02T08:53:26.007991+00:00,2026-10-02T09:53:26.007991+01:00,98247d9182513d3430cff642b77bbca1,tennis_wta_china_open,WTA China Open,2026-10-03T04:00:00+00:00,2026-10-03T05:00:00+01:00,Sonay Kartal,Xinyu Wang,williamhill,William Hill,2026-10-02T08:52:37Z,h2h,Sonay Kartal,1.8,,0.5555555555555556,0.5263157894736842,0.2
2026-10-02T08:53:26.007991+00:00,2026-10-02T09:53:26.007991+01:00,98247d9182513d3430cff642b77bbca1,tennis_wta_china_open,WTA China Open,2026-10-03T04:00:00+00:00,2026-10-03T05:00:00+01:00,Sonay Kartal,Xinyu Wang,williamhill,William Hill,2026-10-02T08:52:37Z,h2h,Xinyu Wang,2.0,,0.5,0.47368421052631576,0.2
2026-10-02T19:56:06.389579+00:00,2026-10-02T20:56:06.389579+01:00,43e43648462dd5400f6604d48f4278b1,baseball_kbo,KBO,2026-10-03T05:00:00+00:00,2026-10-03T06:00:00+01:00,Samsung Lions,Doosan Bears,leovegas,LeoVegas,2026-10-02T19:55:01Z,h2h,Doosan Bears,2.2,,0.45454545454545453,0.42408376963350786,0.2
2026-10-02T19:56:06.389579+00:00,2026-10-02T20:56:06.389579+01:00,43e43648462dd5400f6604d48f4278b1,baseball_kbo,KBO,2026-10-03T05:00:00+00:00,2026-10-03T06:00:00+01:00,Samsung Lions,Doosan Bears,leovegas,LeoVegas,2026-10-02T19:55:01Z,h2h,Samsung Lions,1.62,,0.6172839506172839,0.5759162303664922,0.2
2026-10-02T19:56:06.389579+00:00,2026-10-02T20:56:06.389579+01:00,43e43648462dd5400f6604d48f4278b1,baseball_kbo,KBO,2026-10-03T05:00:00+00:00,2026-10-03T06:00:00+01:00,Samsung Lions,Doosan Bears,leovegas,LeoVegas,2026-10-02T19:55:01Z,spreads,Doosan Bears,1.67,1.5,0.5988023952095809,0.5593667546174144,0.2
2026-10-02T19:56:06.389579+00:00,2026-10-02T20:56:06.389579+01:00,43e43648462dd5400f6604d48f4278b1,baseball_kbo,KBO,2026-10-03T05:00:00+00:00,2026-10-03T06:00:00+01:00,Samsung Lions,Doosan Bears,leovegas,LeoVegas,2026-10-02T19:55:01Z,spreads,Samsung Lions,2.12,-1.5,0.4716981132075471,0.44063324538258575,0.2
2026-10-02T19:56:06.389579+00:00,2026-10-02T20:56:06.389579+01:00,43e43648462dd5400f6604d48f4278b1,baseball_kbo,KBO,2026-10-03T05:00:00+00:00,2026-10-03T06:00:00+01:00,Samsung Lions,Doosan Bears,leovegas,LeoVegas,2026-10-02T19:55:01Z,totals,Over,1.85,11.5,0.5405405405405405,0.5040214477211796,0.2
2026-10-02T19:56:06.389579+00:00,2026-10-02T20:56:06.389579+01:00,43e43648462dd5400f6604d48f4278b1,baseball_kbo,KBO,2026-10-03T05:00:00+00:00,2026-10-03T06:00:00+01:00,Samsung Lions,Doosan Bears,leovegas,LeoVegas,2026-10-02T19:55:01Z,totals,Under,1.88,11.5,0.5319148936170213,0.4959785522788205,0.2
2026-10-02T19:56:06.389579+00:00,2026-10-02T20:56:06.389579+01:00,43e43648462dd5400f6604d48f4278b1,baseball_kbo,KBO,2026-10-03T05:00:00+00:00,2026-10-03T06:00:00+01:00,Samsung Lions,Doosan Bears,livescorebet,LiveScore Bet,2026-10-02T19:55:18Z,totals,Over,1.89,11.5,0.5291005291005292,0.4932975871313674,0.2
2026-10-02T19:56:06.389579+00:00,2026-10-02T20:56:06.389579+01:00,43e43648462dd5400f6604d48f4278b1,baseball_kbo,KBO,2026-10-03T05:00:00+00:00,2026-10-03T06:00:00+01:00,Samsung Lions,Doosan Bears,livescorebet,LiveScore Bet,2026-10-02T19:55:18Z,totals,Under,1.84,11.5,0.5434782608695652,0.5067024128686327,0.2
2026-10-02T19:56:06.389579+00:00,2026-10-02T20:56:06.389579+01:00,43e43648462dd5400f6604d48f4278b1,baseball_kbo,KBO,2026-10-03T05:00:00+00:00,2026-10-03T06:00:00+01:00,Samsung Lions,Doosan Bears,boylesports,BoyleSports,2026-10-02T19:55:00Z,h2h,Doosan Bears,2.2,,0.45454545454545453,0.42408376963350786,0.2
2026-10-02T19:56:06.389579+00:00,2026-10-02T20:56:06.389579+01:00,43e43648462dd5400f6604d48f4278b1,baseball_kbo,KBO,2026-10-03T05:00:00+00:00,2026-10-03T06:00:00+01:00,Samsung Lions,Doosan Bears,boylesports,BoyleSports,2026-10-02T19:55:00Z,h2h,Samsung Lions,1.62,,0.6172839506172839,0.5759162303664922,0.2
2026-10-02T19:56:06.389579+00:00,2026-10-02T20:56:06.389579+01:00,43e43648462dd5400f6604d48f4278b1,baseball_kbo,KBO,2026-10-03T05:00:00+00:00,2026-10-03T06:00:00+01:00,Samsung Lions,Doosan Bears,betway,Betway,2026-10-02T19:55:52Z,h2h,Doosan Bears,2.2,,0.45454545454545453,0.4225721784776903,0.2
2026-10-02T19:56:06.389579+00:00,2026-10-02T20:56:06.389579+01:00,43e43648462dd5400f6604d48f4278b1,baseball_kbo,KBO,2026-10-03T05:00:00+00:00,2026-10-03T06:00:00+01:00,Samsung Lions,Doosan Bears,betway,Betway,2026-10-02T19:55:52Z,h2h,Samsung Lions,1.61,,0.6211180124223602,0.5774278215223098,0.2
2026-10-02T19:56:06.389579+00:00,2026-10-02T20:56:06.389579+01:00,e7b4638379d701bc60904ae4ebee3a24,baseball_kbo,KBO,2026-10-03T05:00:00+00:00,2026-10-03T06:00:00+01:00,Hanwha Eagles,Kiwoom Heroes,leovegas,LeoVegas,2026-10-02T19:55:01Z,h2h,Hanwha Eagles,1.6,,0.625,0.5844155844155844,0.2
2026-10-02T19:56:06.389579+00:00,2026-10-02T20:56:06.389579+01:00,e7b4638379d701bc60904ae4ebee3a24,baseball_kbo,KBO,2026-10-03T05:00:00+00:00,2026-10-03T06:00:00+01:00,Hanwha Eagles,Kiwoom Heroes,leovegas,LeoVegas,2026-10-02T19:55:01Z,h2h,Kiwoom Heroes,2.25,,0.4444444444444444,0.41558441558441556,0.2
2026-10-02T19:56:06.389579+00:00,2026-10-02T20:56:06.389579+01:00,e7b4638379d701bc60904ae4ebee3a24,baseball_kbo,KBO,2026-10-03T05:00:00+00:00,2026-10-03T06:00:00+01:00,Hanwha Eagles,Kiwoom Heroes,leovegas,LeoVegas,2026-10-02T19:55:01Z,spreads,Hanwha Eagles,2.12,-1.5,0.4716981132075471,0.44063324538258575,0.2
2026-10-02T19:56:06.389579+00:00,2026-10-02T20:56:06.389579+01:00,e7b4638379d701bc60904ae4ebee3a24,baseball_kbo,KBO,2026-10-03T05:00:00+00:00,2026-10-03T06:00:00+01:00,Hanwha Eagles,Kiwoom Heroes,leovegas,LeoVegas,2026-10-02T19:55:01Z,spreads,Kiwoom Heroes,1.67,1.5,0.5988023952095809,0.5593667546174144,0.2
2026-10-02T19:56:06.389579+00:00,2026-10-02T20:56:06.389579+01:00,e7b4638379d701bc60904ae4ebee3a24,baseball_kbo,KBO,2026-10-03T05:00:00+00:00,2026-10-03T06:00:00+01:00,Hanwha Eagles,Kiwoom Heroes,leovegas,LeoVegas,2026-10-02T19:55:01Z,totals,Over,1.92,10.5,0.5208333333333334,0.4880000000000001,0.2
2026-10-02T19:56:06.389579+00:00,2026-10-02T20:56:06.389579+01:00,e7b4638379d701bc60904ae4ebee3a24,baseball_kbo,KBO,2026-10-03T05:00:00+00:00,2026-10-03T06:00:00+01:00,Hanwha Eagles,Kiwoom Heroes,leovegas,LeoVegas,2026-10-02T19:55:01Z,totals,Under,1.83,10.5,0.5464480874316939,0.512,0.2
2026-10-02T19:56:06.389579+00:00,2026-10-02T20:56:06.389579+01:00,e7b4638379d701bc60904ae4ebee3a24,baseball_kbo,KBO,2026-10-03T05:00:00+00:00,2026-10-03T06:00:00+01:00,Hanwha Eagles,Kiwoom Heroes,livescorebet,LiveScore Bet,2026-10-02T19:55:18Z,totals,Over,1.91,10.5,0.5235602094240838,0.4865591397849462,0.2
2026-10-02T19:56:06.389579+00:00,2026-10-02T20:56:06.389579+01:00,e7b4638379d701bc60904ae4ebee3a24,baseball_kbo,KBO,2026-10-03T05:00:00+00:00,2026-10-03T06:00:00+01:00,Hanwha Eagles,Kiwoom Heroes,livescorebet,LiveScore Bet,2026-10-02T19:55:18Z,totals,Under,1.81,10.5,0.5524861878453039,0.5134408602150538,0.2
2026-10-02T19:56:06.389579+00:00,2026-10-02T20:56:06.389579+01:00,e7b4638379d701bc60904ae4ebee3a24,baseball_kbo,KBO,2026-10-03T05:00:00+00:00,2026-10-03T06:00:00+01:00,Hanwha Eagles,Kiwoom Heroes,boylesports,BoyleSports,2026-10-02T19:55:00Z,h2h,Hanwha Eagles,1.62,,0.6172839506172839,0.5813953488372093,0.2
2026-10-02T19:56:06.389579+00:00,2026-10-02T20:56:06.389579+01:00,e7b4638379d701bc60904ae4ebee3a24,baseball_kbo,KBO,2026-10-03T05:00:00+00:00,2026-10-03T06:00:00+01:00,Hanwha Eagles,Kiwoom Heroes,boylesports,BoyleSports,2026-10-02T19:55:00Z,h2h,Kiwoom Heroes,2.25,,0.4444444444444444,0.4186046511627907,0.2
2026-10-02T19:56:06.389579+00:00,2026-10-02T20:56:06.389579+01:00,e7b4638379d701bc60904ae4ebee3a24,baseball_kbo,KBO,2026-10-03T05:00:00+00:00,2026-10-03T06:00:00+01:00,Hanwha Eagles,Kiwoom Heroes,betway,Betway,2026-10-02T19:55:52Z,h2h,Hanwha Eagles,1.57,,0.6369426751592356,0.5890052356020942,0.2
2026-10-02T19:56:06.389579+00:00,2026-10-02T20:56:06.389579+01:00,e7b4638379d701bc60904ae4ebee3a24,baseball_kbo,KBO,2026-10-03T05:00:00+00:00,2026-10-03T06:00:00+01:00,Hanwha Eagles,Kiwoom Heroes,betway,Betway,2026-10-02T19:55:52Z,h2h,Kiwoom Heroes,2.25,,0.4444444444444444,0.4109947643979057,0.2
2026-10-02T19:56:06.389579+00:00,2026-10-02T20:56:06.389579+01:00,07a71b923c0bb8447f71344db0b10ba4,baseball_kbo,KBO,2026-10-03T05:00:00+00:00,2026-10-03T06:00:00+01:00,KT Wiz,Lotte Giants,leovegas,LeoVegas,2026-10-02T19:55:01Z,h2h,KT Wiz,1.62,,0.6172839506172839,0.5813953488372093,0.2
2026-10-02T19:56:06.389579+00:00,2026-10-02T20:56:06.389579+01:00,07a71b923c0bb8447f71344db0b10ba4,baseball_kbo,KBO,2026-10-03T05:00:00+00:00,2026-10-03T06:00:00+01:00,KT Wiz,Lotte Giants,leovegas,LeoVegas,2026-10-02T19:55:01Z,h2h,Lotte Giants,2.25,,0.4444444444444444,0.4186046511627907,0.2
2026-10-02T19:56:06.389579+00:00,2026-10-02T20:56:06.389579+01:00,07a71b923c0bb8447f71344db0b10ba4,baseball_kbo,KBO,2026-10-03T05:00:00+00:00,2026-10-03T06:00:00+01:00,KT Wiz,Lotte Giants,leovegas,LeoVegas,2026-10-02T19:55:01Z,spreads,KT Wiz,2.18,-1.5,0.4587155963302752,0.4263157894736842,0.2
2026-10-02T19:56:06.389579+00:00,2026-10-02T20:56:06.389579+01:00,07a71b923c0bb8447f71344db0b10ba4,baseball_kbo,KBO,2026-10-03T05:00:00+00:00,2026-10-03T06:00:00+01:00,KT Wiz,Lotte Giants,leovegas,LeoVegas,2026-10-02T19:55:01Z,spreads,Lotte Giants,1.62,1.5,0.6172839506172839,0.5736842105263158,0.2
2026-10-02T19:56:06.389579+00:00,2026-10-02T20:56:06.389579+01:00,07a71b923c0bb8447f71344db0b10ba4,baseball_kbo,KBO,2026-10-03T05:00:00+00:00,2026-10-03T06:00:00+01:00,KT Wiz,Lotte Giants,leovegas,LeoVegas,2026-10-02T19:55:01Z,totals,Over,2.05,9.5,0.48780487804878053,0.4562334217506631,0.2
2026-10-02T19:56:06.389579+00:00,2026-10-02T20:56:06.389579+01:00,07a71b923c0bb8447f71344db0b10ba4,baseball_kbo,KBO,2026-10-03T05:00:00+00:00,2026-10-03T06:00:00+01:00,KT Wiz,Lotte Giants,leovegas,LeoVegas,2026-10-02T19:55:01Z,totals,Under,1.72,9.5,0.5813953488372093,0.5437665782493368,0.2
2026-10-02T19:56:06.389579+00:00,2026-10-02T20:56:06.389579+01:00,07a71b923c0bb8447f71344db0b10ba4,baseball_kbo,KBO,2026-10-03T05:00:00+00:00,2026-10-03T06:00:00+01:00,KT Wiz,Lotte Giants,livescorebet,LiveScore Bet,2026-10-02T19:55:18Z,totals,Over,1.72,8.5,0.5813953488372093,0.5401069518716577,0.2
2026-10-02T19:56:06.389579+00:00,2026-10-02T20:56:06.389579+01:00,07a71b923c0bb8447f71344db0b10ba4,baseball_kbo,KBO,2026-10-03T05:00:00+00:00,2026-10-03T06:00:00+01:00,KT Wiz,Lotte Giants,livescorebet,LiveScore Bet,2026-10-02T19:55:18Z,totals,Under,2.02,8.5,0.49504950495049505,0.4598930481283422,0.2
2026-10-02T19:56:06.389579+00:00,2026-10-02T20:56:06.389579+01:00,07a71b923c0bb8447f71344db0b10ba4,baseball_kbo,KBO,2026-10-03T05:00:00+00:00,2026-10-03T06:00:00+01:00,KT Wiz,Lotte Giants,boylesports,BoyleSports,2026-10-02T19:55:00Z,h2h,KT Wiz,1.62,,0.6172839506172839,0.5813953488372093,0.2
2026-10-02T19:56:06.389579+00:00,2026-10-02T20:56:06.389579+01:00,07a71b923c0bb8447f71344db0b10ba4,baseball_kbo,KBO,2026-10-03T05:00:00+00:00,2026-10-03T06:00:00+01:00,KT Wiz,Lotte Giants,boylesports,BoyleSports,2026-10-02T19:55:00Z,h2h,Lotte Giants,2.25,,0.4444444444444444,0.4186046511627907,0.2
2026-10-02T19:56:06.389579+00:00,2026-10-02T20:56:06.389579+01:00,07a71b923c0bb8447f71344db0b10ba4,baseball_kbo,KBO,2026-10-03T05:00:00+00:00,2026-10-03T06:00:00+01:00,KT Wiz,Lotte Giants,betway,Betway,2026-10-02T19:55:52Z,h2h,KT Wiz,1.61,,0.6211180124223602,0.5774278215223098,0.2
2026-10-02T19:56:06.389579+00:00,2026-10-02T20:56:06.389579+01:00,07a71b923c0bb8447f71344db0b10ba4,baseball_kbo,KBO,2026-10-03T05:00:00+00:00,2026-10-03T06:00:00+01:00,KT Wiz,Lotte Giants,betway,Betway,2026-10-02T19:55:52Z,h2h,Lotte Giants,2.2,,0.45454545454545453,0.4225721784776903,0.2
2026-10-02T19:56:06.389579+00:00,2026-10-02T20:56:06.389579+01:00,864c5e4b94020dbe5a699aa947b6a6ff,baseball_kbo,KBO,2026-10-03T05:00:00+00:00,2026-10-03T06:00:00+01:00,LG Twins,Kia Tigers,leovegas,LeoVegas,2026-10-02T19:55:01Z,h2h,Kia Tigers,1.98,,0.5050505050505051,0.4761904761904762,0.2
2026-10-02T19:56:06.389579+00:00,2026-10-02T20:56:06.389579+01:00,864c5e4b94020dbe5a699aa947b6a6ff,baseball_kbo,KBO,2026-10-03T05:00:00+00:00,2026-10-03T06:00:00+01:00,LG Twins,Kia Tigers,leovegas,LeoVegas,2026-10-02T19:55:01Z,h2h,LG Twins,1.8,,0.5555555555555556,0.5238095238095238,0.2
2026-10-02T19:56:06.389579+00:00,2026-10-02T20:56:06.389579+01:00,864c5e4b94020dbe5a699aa947b6a6ff,baseball_kbo,KBO,2026-10-03T05:00:00+00:00,2026-10-03T06:00:00+01:00,LG Twins,Kia Tigers,leovegas,LeoVegas,2026-10-02T19:55:01Z,spreads,Kia Tigers,1.47,1.5,0.6802721088435374,0.6343283582089552,0.2
2026-10-02T19:56:06.389579+00:00,2026-10-02T20:56:06.389579+01:00,864c5e4b94020dbe5a699aa947b6a6ff,baseball_kbo,KBO,2026-10-03T05:00:00+00:00,2026-10-03T06:00:00+01:00,LG Twins,Kia Tigers,leovegas,LeoVegas,2026-10-02T19:55:01Z,spreads,LG Twins,2.55,-1.5,0.3921568627450981,0.36567164179104483,0.2
2026-10-02T19:56:06.389579+00:00,2026-10-02T20:56:06.389579+01:00,864c5e4b94020dbe5a699aa947b6a6ff,baseball_kbo,KBO,2026-10-03T05:00:00+00:00,2026-10-03T06:00:00+01:00,LG Twins,Kia Tigers,leovegas,LeoVegas,2026-10-02T19:55:01Z,totals,Over,1.83,8.5,0.5464480874316939,0.5106951871657753,0.2
2026-10-02T19:56:06.389579+00:00,2026-10-02T20:56:06.389579+01:00,864c5e4b94020dbe5a699aa947b6a6ff,baseball_kbo,KBO,2026-10-03T05:00:00+00:00,2026-10-03T06:00:00+01:00,LG Twins,Kia Tigers,leovegas,LeoVegas,2026-10-02T19:55:01Z,totals,Under,1.91,8.5,0.5235602094240838,0.48930481283422456,0.2
2026-10-02T19:56:06.389579+00:00,2026-10-02T20:56:06.389579+01:00,864c5e4b94020dbe5a699aa947b6a6ff,baseball_kbo,KBO,2026-10-03T05:00:00+00:00,2026-10-03T06:00:00+01:00,LG Twins,Kia Tigers,livescorebet,LiveScore Bet,2026-10-02T19:55:18Z,totals,Over,1.79,8.5,0.5586592178770949,0.5188172043010751,0.2
2026-10-02T19:56:06.389579+00:00,2026-10-02T20:56:06.389579+01:00,864c5e4b94020dbe5a699aa947b6a6ff,baseball_kbo,KBO,2026-10-03T05:00:00+00:00,2026-10-03T06:00:00+01:00,LG Twins,Kia Tigers,livescorebet,LiveScore Bet,2026-10-02T19:55:18Z,totals,Under,1.93,8.5,0.5181347150259068,0.48118279569892475,0.2
2026-10-02T19:56:06.389579+00:00,2026-10-02T20:56:06.389579+01:00,864c5e4b94020dbe5a699aa947b6a6ff,baseball_kbo,KBO,2026-10-03T05:00:00+00:00,2026-10-03T06:00:00+01:00,LG Twins,Kia Tigers,boylesports,BoyleSports,2026-10-02T19:55:00Z,h2h,Kia Tigers,2.0,,0.5,0.47368421052631576,0.2
2026-10-02T19:56:06.389579+00:00,2026-10-02T20:56:06.389579+01:00,864c5e4b94020dbe5a699aa947b6a6ff,baseball_kbo,KBO,2026-10-03T05:00:00+00:00,2026-10-03T06:00:00+01:00,LG Twins,Kia Tigers,boylesports,BoyleSports,2026-10-02T19:55:00Z,h2h,LG Twins,1.8,,0.5555555555555556,0.5263157894736842,0.2
2026-10-02T19:56:06.389579+00:00,2026-10-02T20:56:06.389579+01:00,864c5e4b94020dbe5a699aa947b6a6ff,baseball_kbo,KBO,2026-10-03T05:00:00+00:00,2026-10-03T06:00:00+01:00,LG Twins,Kia Tigers,betway,Betway,2026-10-02T19:55:52Z,h2h,Kia Tigers,1.95,,0.5128205128205129,0.4715447154471546,0.2
2026-10-02T19:56:06.389579+00:00,2026-10-02T20:56:06.389579+01:00,864c5e4b94020dbe5a699aa947b6a6ff,baseball_kbo,KBO,2026-10-03T05:00:00+00:00,2026-10-03T06:00:00+01:00,LG Twins,Kia Tigers,betway,Betway,2026-10-02T19:55:52Z,h2h,LG Twins,1.74,,0.5747126436781609,0.5284552845528455,0.2
2026-10-02T19:56:06.389579+00:00,2026-10-02T20:56:06.389579+01:00,fc3f3bede8fc6077b3b1f253d31e7a2c,baseball_kbo,KBO,2026-10-03T05:00:00+00:00,2026-10-03T06:00:00+01:00,NC Dinos,SSG Landers,leovegas,LeoVegas,2026-10-02T19:55:01Z,h2h,NC Dinos,1.55,,0.6451612903225806,0.6025641025641025,0.2
2026-10-02T19:56:06.389579+00:00,2026-10-02T20:56:06.389579+01:00,fc3f3bede8fc6077b3b1f253d31e7a2c,baseball_kbo,KBO,2026-10-03T05:00:00+00:00,2026-10-03T06:00:00+01:00,NC Dinos,SSG Landers,leovegas,LeoVegas,2026-10-02T19:55:01Z,h2h,SSG Landers,2.35,,0.425531914893617,0.3974358974358974,0.2
2026-10-02T19:56:06.389579+00:00,2026-10-02T20:56:06.389579+01:00,fc3f3bede8fc6077b3b1f253d31e7a2c,baseball_kbo,KBO,2026-10-03T05:00:00+00:00,2026-10-03T06:00:00+01:00,NC Dinos,SSG Landers,leovegas,LeoVegas,2026-10-02T19:55:01Z,spreads,NC Dinos,2.08,-1.5,0.4807692307692307,0.4497354497354497,0.2
2026-10-02T19:56:06.389579+00:00,2026-10-02T20:56:06.389579+01:00,fc3f3bede8fc6077b3b1f253d31e7a2c,baseball_kbo,KBO,2026-10-03T05:00:00+00:00,2026-10-03T06:00:00+01:00,NC Dinos,SSG Landers,leovegas,LeoVegas,2026-10-02T19:55:01Z,spreads,SSG Landers,1.7,1.5,0.5882352941176471,0.5502645502645503,0.2
2026-10-02T19:56:06.389579+00:00,2026-10-02T20:56:06.389579+01:00,fc3f3bede8fc6077b3b1f253d31e7a2c,baseball_kbo,KBO,2026-10-03T05:00:00+00:00,2026-10-03T06:00:00+01:00,NC Dinos,SSG Landers,leovegas,LeoVegas,2026-10-02T19:55:01Z,totals,Over,2.0,9.5,0.5,0.4666666666666667,0.2
2026-10-02T19:56:06.389579+00:00,2026-10-02T20:56:06.389579+01:00,fc3f3bede8fc6077b3b1f253d31e7a2c,baseball_kbo,KBO,2026-10-03T05:00:00+00:00,2026-10-03T06:00:00+01:00,NC Dinos,SSG Landers,leovegas,LeoVegas,2026-10-02T19:55:01Z,totals,Under,1.75,9.5,0.5714285714285714,0.5333333333333333,0.2
2026-10-02T19:56:06.389579+00:00,2026-10-02T20:56:06.389579+01:00,fc3f3bede8fc6077b3b1f253d31e7a2c,baseball_kbo,KBO,2026-10-03T05:00:00+00:00,2026-10-03T06:00:00+01:00,NC Dinos,SSG Landers,livescorebet,LiveScore Bet,2026-10-02T19:55:18Z,totals,Over,1.97,9.5,0.5076142131979695,0.4732620320855615,0.2
2026-10-02T19:56:06.389579+00:00,2026-10-02T20:56:06.389579+01:00,fc3f3bede8fc6077b3b1f253d31e7a2c,baseball_kbo,KBO,2026-10-03T05:00:00+00:00,2026-10-03T06:00:00+01:00,NC Dinos,SSG Landers,livescorebet,LiveScore Bet,2026-10-02T19:55:18Z,totals,Under,1.77,9.5,0.5649717514124294,0.5267379679144386,0.2
2026-10-02T19:56:06.389579+00:00,2026-10-02T20:56:06.389579+01:00,fc3f3bede8fc6077b3b1f253d31e7a2c,baseball_kbo,KBO,2026-10-03T05:00:00+00:00,2026-10-03T06:00:00+01:00,NC Dinos,SSG Landers,boylesports,BoyleSports,2026-10-02T19:55:00Z,h2h,NC Dinos,1.53,,0.6535947712418301,0.6086956521739131,0.2
2026-10-02T19:56:06.389579+00:00,2026-10-02T20:56:06.389579+01:00,fc3f3bede8fc6077b3b1f253d31e7a2c,baseball_kbo,KBO,2026-10-03T05:00:00+00:00,2026-10-03T06:00:00+01:00,NC Dinos,SSG Landers,boylesports,BoyleSports,2026-10-02T19:55:00Z,h2h,SSG Landers,2.38,,0.42016806722689076,0.391304347826087,0.2
2026-10-02T19:56:06.389579+00:00,2026-10-02T20:56:06.389579+01:00,fc3f3bede8fc6077b3b1f253d31e7a2c,baseball_kbo,KBO,2026-10-03T05:00:00+00:00,2026-10-03T06:00:00+01:00,NC Dinos,SSG Landers,betway,Betway,2026-10-02T19:55:52Z,h2h,NC Dinos,1.53,,0.6535947712418301,0.6056701030927835,0.2
2026-10-02T19:56:06.389579+00:00,2026-10-02T20:56:06.389579+01:00,fc3f3bede8fc6077b3b1f253d31e7a2c,baseball_kbo,KBO,2026-10-03T05:00:00+00:00,2026-10-03T06:00:00+01:00,NC Dinos,SSG Landers,betway,Betway,2026-10-02T19:55:52Z,h2h,SSG Landers,2.35,,0.425531914893617,0.3943298969072165,0.2
2026-10-02T19:56:06.389579+00:00,2026-10-02T20:56:06.389579+01:00,5b5466f836933f5fb3ed4b9f267cce75,icehockey_nhl,NHL,2026-10-02T22:40:00+00:00,2026-10-02T23:40:00+01:00,Detroit Red Wings,New York Rangers,unibet_uk,Unibet (UK),2026-10-02T19:55:45Z,h2h,Detroit Red Wings,2.27,,0.44052863436123346,0.42032470316315307,0.2
2026-10-02T19:56:06.389579+00:00,2026-10-02T20:56:06.389579+01:00,5b5466f836933f5fb3ed4b9f267cce75,icehockey_nhl,NHL,2026-10-02T22:40:00+00:00,2026-10-02T23:40:00+01:00,Detroit Red Wings,New York Rangers,unibet_uk,Unibet (UK),2026-10-02T19:55:45Z,h2h,New York Rangers,2.75,,0.36363636363636365,0.3469589367928573,0.2
2026-10-02T19:56:06.389579+00:00,2026-10-02T20:56:06.389579+01:00,5b5466f836933f5fb3ed4b9f267cce75,icehockey_nhl,NHL,2026-10-02T22:40:00+00:00,2026-10-02T23:40:00+01:00,Detroit Red Wings,New York Rangers,unibet_uk,Unibet (UK),2026-10-02T19:55:45Z,h2h,Draw,4.1,,0.24390243902439027,0.23271636004398966,0.2
2026-10-02T19:56:06.389579+00:00,2026-10-02T20:56:06.389579+01:00,5b5466f836933f5fb3ed4b9f267cce75,icehockey_nhl,NHL,2026-10-02T22:40:00+00:00,2026-10-02T23:40:00+01:00,Detroit Red Wings,New York Rangers,williamhill,William Hill,2026-10-02T19:55:10Z,h2h,Detroit Red Wings,1.73,,0.5780346820809249,0.5483028720626633,0.2
2026-10-02T19:56:06.389579+00:00,2026-10-02T20:56:06.389579+01:00,5b5466f836933f5fb3ed4b9f267cce75,icehockey_nhl,NHL,2026-10-02T22:40:00+00:00,2026-10-02T23:40:00+01:00,Detroit Red Wings,New York Rangers,williamhill,William Hill,2026-10-02T19:55:10Z,h2h,New York Rangers,2.1,,0.47619047619047616,0.4516971279373368,0.2
2026-10-02T19:56:06.389579+00:00,2026-10-02T20:56:06.389579+01:00,5b5466f836933f5fb3ed4b9f267cce75,icehockey_nhl,NHL,2026-10-02T22:40:00+00:00,2026-10-02T23:40:00+01:00,Detroit Red Wings,New York Rangers,smarkets,Smarkets,2026-10-02T19:56:01Z,h2h,Detroit Red Wings,1.82,,0.5494505494505494,0.5380710659898477,0.2
2026-10-02T19:56:06.389579+00:00,2026-10-02T20:56:06.389579+01:00,5b5466f836933f5fb3ed4b9f267cce75,icehockey_nhl,NHL,2026-10-02T22:40:00+00:00,2026-10-02T23:40:00+01:00,Detroit Red Wings,New York Rangers,smarkets,Smarkets,2026-10-02T19:56:01Z,h2h,New York Rangers,2.12,,0.4716981132075471,0.4619289340101523,0.2
2026-10-02T19:56:06.389579+00:00,2026-10-02T20:56:06.389579+01:00,5b5466f836933f5fb3ed4b9f267cce75,icehockey_nhl,NHL,2026-10-02T22:40:00+00:00,2026-10-02T23:40:00+01:00,Detroit Red Wings,New York Rangers,smarkets,Smarkets,2026-10-02T19:56:01Z,h2h_lay,Detroit Red Wings,1.89,,0.5291005291005292,1.0,0.2
2026-10-02T19:56:06.389579+00:00,2026-10-02T20:56:06.389579+01:00,5b5466f836933f5fb3ed4b9f267cce75,icehockey_nhl,NHL,2026-10-02T22:40:00+00:00,2026-10-02T23:40:00+01:00,Detroit Red Wings,New York Rangers,smarkets,Smarkets,2026-10-02T19:56:01Z,h2h_lay,New York Rangers,2.2,,0.45454545454545453,1.0,0.2
2026-10-02T19:56:06.389579+00:00,2026-10-02T20:56:06.389579+01:00,5b5466f836933f5fb3ed4b9f267cce75,icehockey_nhl,NHL,2026-10-02T22:40:00+00:00,2026-10-02T23:40:00+01:00,Detroit Red Wings,New York Rangers,ladbrokes_uk,Ladbrokes,2026-10-02T19:55:45Z,h2h,Detroit Red Wings,1.8,,0.5555555555555556,0.5324675324675325,0.2
2026-10-02T19:56:06.389579+00:00,2026-10-02T20:56:06.389579+01:00,5b5466f836933f5fb3ed4b9f267cce75,icehockey_nhl,NHL,2026-10-02T22:40:00+00:00,2026-10-02T23:40:00+01:00,Detroit Red Wings,New York Rangers,ladbrokes_uk,Ladbrokes,2026-10-02T19:55:45Z,h2h,New York Rangers,2.05,,0.48780487804878053,0.4675324675324676,0.2
2026-10-02T19:56:06.389579+00:00,2026-10-02T20:56:06.389579+01:00,5b5466f836933f5fb3ed4b9f267cce75,icehockey_nhl,NHL,2026-10-02T22:40:00+00:00,2026-10-02T23:40:00+01:00,Detroit Red Wings,New York Rangers,coral,Coral,2026-10-02T19:54:52Z,h2h,Detroit Red Wings,1.8,,0.5555555555555556,0.5324675324675325,0.2
2026-10-02T19:56:06.389579+00:00,2026-10-02T20:56:06.389579+01:00,5b5466f836933f5fb3ed4b9f267cce75,icehockey_nhl,NHL,2026-10-02T22:40:00+00:00,2026-10-02T23:40:00+01:00,Detroit Red Wings,New York Rangers,coral,Coral,2026-10-02T19:54:52Z,h2h,New York Rangers,2.05,,0.48780487804878053,0.4675324675324676,0.2
2026-10-02T19:56:06.389579+00:00,2026-10-02T20:56:06.389579+01:00,5b5466f836933f5fb3ed4b9f267cce75,icehockey_nhl,NHL,2026-10-02T22:40:00+00:00,2026-10-02T23:40:00+01:00,Detroit Red Wings,New York Rangers,betvictor,Bet Victor,2026-10-02T19:53:27Z,h2h,Detroit Red Wings,1.75,,0.5714285714285714,0.5394736842105263,0.2
2026-10-02T19:56:06.389579+00:00,2026-10-02T20:56:06.389579+01:00,5b5466f836933f5fb3ed4b9f267cce75,icehockey_nhl,NHL,2026-10-02T22:40:00+00:00,2026-10-02T23:40:00+01:00,Detroit Red Wings,New York Rangers,betvictor,Bet Victor,2026-10-02T19:53:27Z,h2h,New York Rangers,2.05,,0.48780487804878053,0.46052631578947373,0.2
2026-10-02T19:56:06.389579+00:00,2026-10-02T20:56:06.389579+01:00,5b5466f836933f5fb3ed4b9f267cce75,icehockey_nhl,NHL,2026-10-02T22:40:00+00:00,2026-10-02T23:40:00+01:00,Detroit Red Wings,New York Rangers,betano_uk,Betano (UK),2026-10-02T19:55:23Z,h2h,Detroit Red Wings,1.75,,0.5714285714285714,0.5394736842105263,0.2
2026-10-02T19:56:06.389579+00:00,2026-10-02T20:56:06.389579+01:00,5b5466f836933f5fb3ed4b9f267cce75,icehockey_nhl,NHL,2026-10-02T22:40:00+00:00,2026-10-02T23:40:00+01:00,Detroit Red Wings,New York Rangers,betano_uk,Betano (UK),2026-10-02T19:55:23Z,h2h,New York Rangers,2.05,,0.48780487804878053,0.46052631578947373,0.2
2026-10-02T19:56:06.389579+00:00,2026-10-02T20:56:06.389579+01:00,5b5466f836933f5fb3ed4b9f267cce75,icehockey_nhl,NHL,2026-10-02T22:40:00+00:00,2026-10-02T23:40:00+01:00,Detroit Red Wings,New York Rangers,betway,Betway,2026-10-02T19:55:10Z,h2h,Detroit Red Wings,2.2,,0.45454545454545453,0.42013476020610385,0.2
2026-10-02T19:56:06.389579+00:00,2026-10-02T20:56:06.389579+01:00,5b5466f836933f5fb3ed4b9f267cce75,icehockey_nhl,NHL,2026-10-02T22:40:00+00:00,2026-10-02T23:40:00+01:00,Detroit Red Wings,New York Rangers,betway,Betway,2026-10-02T19:55:10Z,h2h,New York Rangers,2.65,,0.37735849056603776,0.3487911216805391,0.2
2026-10-02T19:56:06.389579+00:00,2026-10-02T20:56:06.389579+01:00,5b5466f836933f5fb3ed4b9f267cce75,icehockey_nhl,NHL,2026-10-02T22:40:00+00:00,2026-10-02T23:40:00+01:00,Detroit Red Wings,New York Rangers,betway,Betway,2026-10-02T19:55:10Z,h2h,Draw,4.0,,0.25,0.23107411811335712,0.2
2026-10-02T19:56:06.389579+00:00,2026-10-02T20:56:06.389579+01:00,5b5466f836933f5fb3ed4b9f267cce75,icehockey_nhl,NHL,2026-10-02T22:40:00+00:00,2026-10-02T23:40:00+01:00,Detroit Red Wings,New York Rangers,paddypower,Paddy Power,2026-10-02T19:55:10Z,h2h,Detroit Red Wings,1.8,,0.5555555555555556,0.5324675324675325,0.2
2026-10-02T19:56:06.389579+00:00,2026-10-02T20:56:06.389579+01:00,5b5466f836933f5fb3ed4b9f267cce75,icehockey_nhl,NHL,2026-10-02T22:40:00+00:00,2026-10-02T23:40:00+01:00,Detroit Red Wings,New York Rangers,paddypower,Paddy Power,2026-10-02T19:55:10Z,h2h,New York Rangers,2.05,,0.48780487804878053,0.4675324675324676,0.2
2026-10-02T19:56:06.389579+00:00,2026-10-02T20:56:06.389579+01:00,5b5466f836933f5fb3ed4b9f267cce75,icehockey_nhl,NHL,2026-10-02T22:40:00+00:00,2026-10-02T23:40:00+01:00,Detroit Red Wings,New York Rangers,casumo,Casumo,2026-10-02T19:55:10Z,h2h,Detroit Red Wings,2.2,,0.45454545454545453,0.430327868852459,0.2
2026-10-02T19:56:06.389579+00:00,2026-10-02T20:56:06.389579+01:00,5b5466f836933f5fb3ed4b9f267cce75,icehockey_nhl,NHL,2026-10-02T22:40:00+00:00,2026-10-02T23:40:00+01:00,Detroit Red Wings,New York Rangers,casumo,Casumo,2026-10-02T19:55:10Z,h2h,New York Rangers,2.75,,0.36363636363636365,0.3442622950819672,0.2
2026-10-02T19:56:06.389579+00:00,2026-10-02T20:56:06.389579+01:00,5b5466f836933f5fb3ed4b9f267cce75,icehockey_nhl,NHL,2026-10-02T22:40:00+00:00,2026-10-02T23:40:00+01:00,Detroit Red Wings,New York Rangers,casumo,Casumo,2026-10-02T19:55:10Z,h2h,Draw,4.2,,0.23809523809523808,0.22540983606557377,0.2
2026-10-02T19:56:06.389579+00:00,2026-10-02T20:56:06.389579+01:00,5b5466f836933f5fb3ed4b9f267cce75,icehockey_nhl,NHL,2026-10-02T22:40:00+00:00,2026-10-02T23:40:00+01:00,Detroit Red Wings,New York Rangers,grosvenor,Grosvenor,2026-10-02T19:55:27Z,h2h,Detroit Red Wings,2.2,,0.45454545454545453,0.430327868852459,0.2
2026-10-02T19:56:06.389579+00:00,2026-10-02T20:56:06.389579+01:00,5b5466f836933f5fb3ed4b9f267cce75,icehockey_nhl,NHL,2026-10-02T22:40:00+00:00,2026-10-02T23:40:00+01:00,Detroit Red Wings,New York Rangers,grosvenor,Grosvenor,2026-10-02T19:55:27Z,h2h,New York Rangers,2.75,,0.36363636363636365,0.3442622950819672,0.2
2026-10-02T19:56:06.389579+00:00,2026-10-02T20:56:06.389579+01:00,5b5466f836933f5fb3ed4b9f267cce75,icehockey_nhl,NHL,2026-10-02T22:40:00+00:00,2026-10-02T23:40:00+01:00,Detroit Red Wings,New York Rangers,grosvenor,Grosvenor,2026-10-02T19:55:27Z,h2h,Draw,4.2,,0.23809523809523808,0.22540983606557377,0.2
2026-10-02T19:56:06.389579+00:00,2026-10-02T20:56:06.389579+01:00,5b5466f836933f5fb3ed4b9f267cce75,icehockey_nhl,NHL,2026-10-02T22:40:00+00:00,2026-10-02T23:40:00+01:00,Detroit Red Wings,New York Rangers,betfair_sb_uk,Betfair Sportsbook,2026-10-02T19:55:26Z,h2h,Detroit Red Wings,1.8,,0.5555555555555556,0.5324675324675325,0.2
2026-10-02T19:56:06.389579+00:00,2026-10-02T20:56:06.389579+01:00,5b5466f836933f5fb3ed4b9f267cce75,icehockey_nhl,NHL,2026-10-02T22:40:00+00:00,2026-10-02T23:40:00+01:00,Detroit Red Wings,New York Rangers,betfair_sb_uk,Betfair Sportsbook,2026-10-02T19:55:26Z,h2h,New York Rangers,2.05,,0.48780487804878053,0.4675324675324676,0.2
2026-10-02T19:56:06.389579+00:00,2026-10-02T20:56:06.389579+01:00,5b5466f836933f5fb3ed4b9f267cce75,icehockey_nhl,NHL,2026-10-02T22:40:00+00:00,2026-10-02T23:40:00+01:00,Detroit Red Wings,New York Rangers,matchbook,Matchbook,2026-10-02T19:55:44Z,h2h,Detroit Red Wings,1.84,,0.5434782608695652,0.5399999999999999,0.2
2026-10-02T19:56:06.389579+00:00,2026-10-02T20:56:06.389579+01:00,5b5466f836933f5fb3ed4b9f267cce75,icehockey_nhl,NHL,2026-10-02T22:40:00+00:00,2026-10-02T23:40:00+01:00,Detroit Red Wings,New York Rangers,matchbook,Matchbook,2026-10-02T19:55:44Z,h2h,New York Rangers,2.16,,0.4629629629629629,0.4599999999999999,0.2
2026-10-02T19:56:06.389579+00:00,2026-10-02T20:56:06.389579+01:00,5b5466f836933f5fb3ed4b9f267cce75,icehockey_nhl,NHL,2026-10-02T22:40:00+00:00,2026-10-02T23:40:00+01:00,Detroit Red Wings,New York Rangers,matchbook,Matchbook,2026-10-02T19:55:44Z,h2h_lay,Detroit Red Wings,1.86,,0.5376344086021505,1.0,0.2
2026-10-02T19:56:06.389579+00:00,2026-10-02T20:56:06.389579+01:00,5b5466f836933f5fb3ed4b9f267cce75,icehockey_nhl,NHL,2026-10-02T22:40:00+00:00,2026-10-02T23:40:00+01:00,Detroit Red Wings,New York Rangers,matchbook,Matchbook,2026-10-02T19:55:44Z,h2h_lay,New York Rangers,2.18,,0.4587155963302752,1.0,0.2
2026-10-02T19:56:06.389579+00:00,2026-10-02T20:56:06.389579+01:00,5b5466f836933f5fb3ed4b9f267cce75,icehockey_nhl,NHL,2026-10-02T22:40:00+00:00,2026-10-02T23:40:00+01:00,Detroit Red Wings,New York Rangers,betfair_ex_uk,Betfair,2026-10-02T19:55:59Z,h2h,Detroit Red Wings,1.85,,0.5405405405405405,0.5386533665835411,0.2
2026-10-02T19:56:06.389579+00:00,2026-10-02T20:56:06.389579+01:00,5b5466f836933f5fb3ed4b9f267cce75,icehockey_nhl,NHL,2026-10-02T22:40:00+00:00,2026-10-02T23:40:00+01:00,Detroit Red Wings,New York Rangers,betfair_ex_uk,Betfair,2026-10-02T19:55:59Z,h2h,New York Rangers,2.16,,0.4629629629629629,0.4613466334164589,0.2
2026-10-02T19:56:06.389579+00:00,2026-10-02T20:56:06.389579+01:00,5b5466f836933f5fb3ed4b9f267cce75,icehockey_nhl,NHL,2026-10-02T22:40:00+00:00,2026-10-02T23:40:00+01:00,Detroit Red Wings,New York Rangers,betfair_ex_uk,Betfair,2026-10-02T19:55:59Z,h2h_lay,Detroit Red Wings,1.86,,0.5376344086021505,1.0,0.2
2026-10-02T19:56:06.389579+00:00,2026-10-02T20:56:06.389579+01:00,5b5466f836933f5fb3ed4b9f267cce75,icehockey_nhl,NHL,2026-10-02T22:40:00+00:00,2026-10-02T23:40:00+01:00,Detroit Red Wings,New York Rangers,betfair_ex_uk,Betfair,2026-10-02T19:55:59Z,h2h_lay,New York Rangers,2.18,,0.4587155963302752,1.0,0.2
2026-10-02T19:56:06.389579+00:00,2026-10-02T20:56:06.389579+01:00,dfc3a73fc50d3d1c4b58150c834e2e7d,icehockey_nhl,NHL,2026-10-02T23:10:00+00:00,2026-10-03T00:10:00+01:00,Carolina Hurricanes,Washington Capitals,unibet_uk,Unibet (UK),2026-10-02T19:55:45Z,h2h,Carolina Hurricanes,2.15,,0.46511627906976744,0.4449860095676505,0.2
2026-10-02T19:56:06.389579+00:00,2026-10-02T20:56:06.389579+01:00,dfc3a73fc50d3d1c4b58150c834e2e7d,icehockey_nhl,NHL,2026-10-02T23:10:00+00:00,2026-10-03T00:10:00+01:00,Carolina Hurricanes,Washington Capitals,unibet_uk,Unibet (UK),2026-10-02T19:55:45Z,h2h,Washington Capitals,2.9,,0.3448275862068966,0.3299034208863616,0.2
2026-10-02T19:56:06.389579+00:00,2026-10-02T20:56:06.389579+01:00,dfc3a73fc50d3d1c4b58150c834e2e7d,icehockey_nhl,NHL,2026-10-02T23:10:00+00:00,2026-10-03T00:10:00+01:00,Carolina Hurricanes,Washington Capitals,unibet_uk,Unibet (UK),2026-10-02T19:55:45Z,h2h,Draw,4.25,,0.23529411764705882,0.2251105695459879,0.2
2026-10-02T19:56:06.389579+00:00,2026-10-02T20:56:06.389579+01:00,dfc3a73fc50d3d1c4b58150c834e2e7d,icehockey_nhl,NHL,2026-10-02T23:10:00+00:00,2026-10-03T00:10:00+01:00,Carolina Hurricanes,Washington Capitals,paddypower,Paddy Power,2026-10-02T19:55:10Z,h2h,Carolina Hurricanes,1.69,,0.591715976331361,0.5655526992287918,0.2
2026-10-02T19:56:06.389579+00:00,2026-10-02T20:56:06.389579+01:00,dfc3a73fc50d3d1c4b58150c834e2e7d,icehockey_nhl,NHL,2026-10-02T23:10:00+00:00,2026-10-03T00:10:00+01:00,Carolina Hurricanes,Washington Capitals,paddypower,Paddy Power,2026-10-02T19:55:10Z,h2h,Washington Capitals,2.2,,0.45454545454545453,0.43444730077120824,0.2
2026-10-02T19:56:06.389579+00:00,2026-10-02T20:56:06.389579+01:00,dfc3a73fc50d3d1c4b58150c834e2e7d,icehockey_nhl,NHL,2026-10-02T23:10:00+00:00,2026-10-03T00:10:00+01:00,Carolina Hurricanes,Washington Capitals,betano_uk,Betano (UK),2026-10-02T19:55:23Z,h2h,Carolina Hurricanes,1.67,,0.5988023952095809,0.5628272251308901,0.2
2026-10-02T19:56:06.389579+00:00,2026-10-02T20:56:06.389579+01:00,dfc3a73fc50d3d1c4b58150c834e2e7d,icehockey_nhl,NHL,2026-10-02T23:10:00+00:00,2026-10-03T00:10:00+01:00,Carolina Hurricanes,Washington Capitals,betano_uk,Betano (UK),2026-10-02T19:55:23Z,h2h,Washington Capitals,2.15,,0.46511627906976744,0.43717277486910994,0.2
2026-10-02T19:56:06.389579+00:00,2026-10-02T20:56:06.389579+01:00,dfc3a73fc50d3d1c4b58150c834e2e7d,icehockey_nhl,NHL,2026-10-02T23:10:00+00:00,2026-10-03T00:10:00+01:00,Carolina Hurricanes,Washington Capitals,betvictor,Bet Victor,2026-10-02T19:53:27Z,h2h,Carolina Hurricanes,1.67,,0.5988023952095809,0.5628272251308901,0.2
2026-10-02T19:56:06.389579+00:00,2026-10-02T20:56:06.389579+01:00,dfc3a73fc50d3d1c4b58150c834e2e7d,icehockey_nhl,NHL,2026-10-02T23:10:00+00:00,2026-10-03T00:10:00+01:00,Carolina Hurricanes,Washington Capitals,betvictor,Bet Victor,2026-10-02T19:53:27Z,h2h,Washington Capitals,2.15,,0.46511627906976744,0.43717277486910994,0.2
2026-10-02T19:56:06.389579+00:00,2026-10-02T20:56:06.389579+01:00,dfc3a73fc50d3d1c4b58150c834e2e7d,icehockey_nhl,NHL,2026-10-02T23:10:00+00:00,2026-10-03T00:10:00+01:00,Carolina Hurricanes,Washington Capitals,smarkets,Smarkets,2026-10-02T19:56:01Z,h2h,Carolina Hurricanes,1.71,,0.5847953216374269,0.575682382133995,0.2
2026-10-02T19:56:06.389579+00:00,2026-10-02T20:56:06.389579+01:00,dfc3a73fc50d3d1c4b58150c834e2e7d,icehockey_nhl,NHL,2026-10-02T23:10:00+00:00,2026-10-03T00:10:00+01:00,Carolina Hurricanes,Washington Capitals,smarkets,Smarkets,2026-10-02T19:56:01Z,h2h,Washington Capitals,2.32,,0.4310344827586207,0.42431761786600497,0.2
2026-10-02T19:56:06.389579+00:00,2026-10-02T20:56:06.389579+01:00,dfc3a73fc50d3d1c4b58150c834e2e7d,icehockey_nhl,NHL,2026-10-02T23:10:00+00:00,2026-10-03T00:10:00+01:00,Carolina Hurricanes,Washington Capitals,smarkets,Smarkets,2026-10-02T19:56:01Z,h2h_lay,Carolina Hurricanes,1.75,,0.5714285714285714,1.0,0.2
2026-10-02T19:56:06.389579+00:00,2026-10-02T20:56:06.389579+01:00,dfc3a73fc50d3d1c4b58150c834e2e7d,icehockey_nhl,NHL,2026-10-02T23:10:00+00:00,2026-10-03T00:10:00+01:00,Carolina Hurricanes,Washington Capitals,smarkets,Smarkets,2026-10-02T19:56:01Z,h2h_lay,Washington Capitals,2.4,,0.4166666666666667,1.0,0.2
2026-10-02T19:56:06.389579+00:00,2026-10-02T20:56:06.389579+01:00,dfc3a73fc50d3d1c4b58150c834e2e7d,icehockey_nhl,NHL,2026-10-02T23:10:00+00:00,2026-10-03T00:10:00+01:00,Carolina Hurricanes,Washington Capitals,grosvenor,Grosvenor,2026-10-02T19:55:27Z,h2h,Carolina Hurricanes,2.18,,0.4587155963302752,0.4378360583781411,0.2
2026-10-02T19:56:06.389579+00:00,2026-10-02T20:56:06.389579+01:00,dfc3a73fc50d3d1c4b58150c834e2e7d,icehockey_nhl,NHL,2026-10-02T23:10:00+00:00,2026-10-03T00:10:00+01:00,Carolina Hurricanes,Washington Capitals,grosvenor,Grosvenor,2026-10-02T19:55:27Z,h2h,Washington Capitals,2.85,,0.3508771929824561,0.3349061779874904,0.2
2026-10-02T19:56:06.389579+00:00,2026-10-02T20:56:06.389579+01:00,dfc3a73fc50d3d1c4b58150c834e2e7d,icehockey_nhl,NHL,2026-10-02T23:10:00+00:00,2026-10-03T00:10:00+01:00,Carolina Hurricanes,Washington Capitals,grosvenor,Grosvenor,2026-10-02T19:55:27Z,h2h,Draw,4.2,,0.23809523809523808,0.22725776363436848,0.2
2026-10-02T19:56:06.389579+00:00,2026-10-02T20:56:06.389579+01:00,dfc3a73fc50d3d1c4b58150c834e2e7d,icehockey_nhl,NHL,2026-10-02T23:10:00+00:00,2026-10-03T00:10:00+01:00,Carolina Hurricanes,Washington Capitals,casumo,Casumo,2026-10-02T19:55:10Z,h2h,Carolina Hurricanes,2.18,,0.4587155963302752,0.4378360583781411,0.2
2026-10-02T19:56:06.389579+00:00,2026-10-02T20:56:06.389579+01:00,dfc3a73fc50d3d1c4b58150c834e2e7d,icehockey_nhl,NHL,2026-10-02T23:10:00+00:00,2026-10-03T00:10:00+01:00,Carolina Hurricanes,Washington Capitals,casumo,Casumo,2026-10-02T19:55:10Z,h2h,Washington Capitals,2.85,,0.3508771929824561,0.3349061779874904,0.2
2026-10-02T19:56:06.389579+00:00,2026-10-02T20:56:06.389579+01:00,dfc3a73fc50d3d1c4b58150c834e2e7d,icehockey_nhl,NHL,2026-10-02T23:10:00+00:00,2026-10-03T00:10:00+01:00,Carolina Hurricanes,Washington Capitals,casumo,Casumo,2026-10-02T19:55:10Z,h2h,Draw,4.2,,0.23809523809523808,0.22725776363436848,0.2
2026-10-02T19:56:06.389579+00:00,2026-10-02T20:56:06.389579+01:00,dfc3a73fc50d3d1c4b58150c834e2e7d,icehockey_nhl,NHL,2026-10-02T23:10:00+00:00,2026-10-03T00:10:00+01:00,Carolina Hurricanes,Washington Capitals,ladbrokes_uk,Ladbrokes,2026-10-02T19:55:45Z,h2h,Carolina Hurricanes,1.7,,0.5882352941176471,0.5641025641025641,0.2
2026-10-02T19:56:06.389579+00:00,2026-10-02T20:56:06.389579+01:00,dfc3a73fc50d3d1c4b58150c834e2e7d,icehockey_nhl,NHL,2026-10-02T23:10:00+00:00,2026-10-03T00:10:00+01:00,Carolina Hurricanes,Washington Capitals,ladbrokes_uk,Ladbrokes,2026-10-02T19:55:45Z,h2h,Washington Capitals,2.2,,0.45454545454545453,0.4358974358974359,0.2
2026-10-02T19:56:06.389579+00:00,2026-10-02T20:56:06.389579+01:00,dfc3a73fc50d3d1c4b58150c834e2e7d,icehockey_nhl,NHL,2026-10-02T23:10:00+00:00,2026-10-03T00:10:00+01:00,Carolina Hurricanes,Washington Capitals,coral,Coral,2026-10-02T19:54:52Z,h2h,Carolina Hurricanes,1.7,,0.5882352941176471,0.5641025641025641,0.2
2026-10-02T19:56:06.389579+00:00,2026-10-02T20:56:06.389579+01:00,dfc3a73fc50d3d1c4b58150c834e2e7d,icehockey_nhl,NHL,2026-10-02T23:10:00+00:00,2026-10-03T00:10:00+01:00,Carolina Hurricanes,Washington Capitals,coral,Coral,2026-10-02T19:54:52Z,h2h,Washington Capitals,2.2,,0.45454545454545453,0.4358974358974359,0.2
2026-10-02T19:56:06.389579+00:00,2026-10-02T20:56:06.389579+01:00,dfc3a73fc50d3d1c4b58150c834e2e7d,icehockey_nhl,NHL,2026-10-02T23:10:00+00:00,2026-10-03T00:10:00+01:00,Carolina Hurricanes,Washington Capitals,matchbook,Matchbook,2026-10-02T19:55:44Z,h2h,Carolina Hurricanes,1.73,,0.5780346820809249,0.5749385749385749,0.2
2026-10-02T19:56:06.389579+00:00,2026-10-02T20:56:06.389579+01:00,dfc3a73fc50d3d1c4b58150c834e2e7d,icehockey_nhl,NHL,2026-10-02T23:10:00+00:00,2026-10-03T00:10:00+01:00,Carolina Hurricanes,Washington Capitals,matchbook,Matchbook,2026-10-02T19:55:44Z,h2h,Washington Capitals,2.34,,0.4273504273504274,0.425061425061425,0.2
2026-10-02T19:56:06.389579+00:00,2026-10-02T20:56:06.389579+01:00,dfc3a73fc50d3d1c4b58150c834e2e7d,icehockey_nhl,NHL,2026-10-02T23:10:00+00:00,2026-10-03T00:10:00+01:00,Carolina Hurricanes,Washington Capitals,matchbook,Matchbook,2026-10-02T19:55:44Z,h2h_lay,Carolina Hurricanes,1.75,,0.5714285714285714,1.0,0.2
2026-10-02T19:56:06.389579+00:00,2026-10-02T20:56:06.389579+01:00,dfc3a73fc50d3d1c4b58150c834e2e7d,icehockey_nhl,NHL,2026-10-02T23:10:00+00:00,2026-10-03T00:10:00+01:00,Carolina Hurricanes,Washington Capitals,matchbook,Matchbook,2026-10-02T19:55:44Z,h2h_lay,Washington Capitals,2.38,,0.42016806722689076,1.0,0.2
2026-10-02T19:56:06.389579+00:00,2026-10-02T20:56:06.389579+01:00,dfc3a73fc50d3d1c4b58150c834e2e7d,icehockey_nhl,NHL,2026-10-02T23:10:00+00:00,2026-10-03T00:10:00+01:00,Carolina Hurricanes,Washington Capitals,betfair_ex_uk,Betfair,2026-10-02T19:55:59Z,h2h,Carolina Hurricanes,1.73,,0.5780346820809249,0.5728395061728395,0.2
2026-10-02T19:56:06.389579+00:00,2026-10-02T20:56:06.389579+01:00,dfc3a73fc50d3d1c4b58150c834e2e7d,icehockey_nhl,NHL,2026-10-02T23:10:00+00:00,2026-10-03T00:10:00+01:00,Carolina Hurricanes,Washington Capitals,betfair_ex_uk,Betfair,2026-10-02T19:55:59Z,h2h,Washington Capitals,2.32,,0.4310344827586207,0.42716049382716054,0.2
2026-10-02T19:56:06.389579+00:00,2026-10-02T20:56:06.389579+01:00,dfc3a73fc50d3d1c4b58150c834e2e7d,icehockey_nhl,NHL,2026-10-02T23:10:00+00:00,2026-10-03T00:10:00+01:00,Carolina Hurricanes,Washington Capitals,betfair_ex_uk,Betfair,2026-10-02T19:55:59Z,h2h_lay,Carolina Hurricanes,1.75,,0.5714285714285714,1.0,0.2
2026-10-02T19:56:06.389579+00:00,2026-10-02T20:56:06.389579+01:00,dfc3a73fc50d3d1c4b58150c834e2e7d,icehockey_nhl,NHL,2026-10-02T23:10:00+00:00,2026-10-03T00:10:00+01:00,Carolina Hurricanes,Washington Capitals,betfair_ex_uk,Betfair,2026-10-02T19:55:59Z,h2h_lay,Washington Capitals,2.38,,0.42016806722689076,1.0,0.2
2026-10-02T19:56:06.389579+00:00,2026-10-02T20:56:06.389579+01:00,dfc3a73fc50d3d1c4b58150c834e2e7d,icehockey_nhl,NHL,2026-10-02T23:10:00+00:00,2026-10-03T00:10:00+01:00,Carolina Hurricanes,Washington Capitals,betfair_sb_uk,Betfair Sportsbook,2026-10-02T19:55:26Z,h2h,Carolina Hurricanes,1.69,,0.591715976331361,0.5655526992287918,0.2
2026-10-02T19:56:06.389579+00:00,2026-10-02T20:56:06.389579+01:00,dfc3a73fc50d3d1c4b58150c834e2e7d,icehockey_nhl,NHL,2026-10-02T23:10:00+00:00,2026-10-03T00:10:00+01:00,Carolina Hurricanes,Washington Capitals,betfair_sb_uk,Betfair Sportsbook,2026-10-02T19:55:26Z,h2h,Washington Capitals,2.2,,0.45454545454545453,0.43444730077120824,0.2
2026-10-02T19:56:06.389579+00:00,2026-10-02T20:56:06.389579+01:00,dfc3a73fc50d3d1c4b58150c834e2e7d,icehockey_nhl,NHL,2026-10-02T23:10:00+00:00,2026-10-03T00:10:00+01:00,Carolina Hurricanes,Washington Capitals,williamhill,William Hill,2026-10-02T19:55:10Z,h2h,Carolina Hurricanes,1.67,,0.5988023952095809,0.5684754521963824,0.2
2026-10-02T19:56:06.389579+00:00,2026-10-02T20:56:06.389579+01:00,dfc3a73fc50d3d1c4b58150c834e2e7d,icehockey_nhl,NHL,2026-10-02T23:10:00+00:00,2026-10-03T00:10:00+01:00,Carolina Hurricanes,Washington Capitals,williamhill,William Hill,2026-10-02T19:55:10Z,h2h,Washington Capitals,2.2,,0.45454545454545453,0.43152454780361754,0.2
2026-10-02T19:56:06.389579+00:00,2026-10-02T20:56:06.389579+01:00,dfc3a73fc50d3d1c4b58150c834e2e7d,icehockey_nhl,NHL,2026-10-02T23:10:00+00:00,2026-10-03T00:10:00+01:00,Carolina Hurricanes,Washington Capitals,betway,Betway,2026-10-02T19:55:10Z,h2h,Carolina Hurricanes,2.1,,0.47619047619047616,0.4369414101290963,0.2
2026-10-02T19:56:06.389579+00:00,2026-10-02T20:56:06.389579+01:00,dfc3a73fc50d3d1c4b58150c834e2e7d,icehockey_nhl,NHL,2026-10-02T23:10:00+00:00,2026-10-03T00:10:00+01:00,Carolina Hurricanes,Washington Capitals,betway,Betway,2026-10-02T19:55:10Z,h2h,Washington Capitals,2.75,,0.36363636363636365,0.3336643495531281,0.2
2026-10-02T19:56:06.389579+00:00,2026-10-02T20:56:06.389579+01:00,dfc3a73fc50d3d1c4b58150c834e2e7d,icehockey_nhl,NHL,2026-10-02T23:10:00+00:00,2026-10-03T00:10:00+01:00,Carolina Hurricanes,Washington Capitals,betway,Betway,2026-10-02T19:55:10Z,h2h,Draw,4.0,,0.25,0.22939424031777558,0.2
2026-10-02T19:56:06.389579+00:00,2026-10-02T20:56:06.389579+01:00,f5a9759e52a784d5fdcc1f3a2fcfc5a2,icehockey_nhl,NHL,2026-10-03T00:10:00+00:00,2026-10-03T01:10:00+01:00,Winnipeg Jets,Boston Bruins,ladbrokes_uk,Ladbrokes,2026-10-02T19:55:45Z,h2h,Boston Bruins,2.0,,0.5,0.47780678851174935,0.2
2026-10-02T19:56:06.389579+00:00,2026-10-02T20:56:06.389579+01:00,f5a9759e52a784d5fdcc1f3a2fcfc5a2,icehockey_nhl,NHL,2026-10-03T00:10:00+00:00,2026-10-03T01:10:00+01:00,Winnipeg Jets,Boston Bruins,ladbrokes_uk,Ladbrokes,2026-10-02T19:55:45Z,h2h,Winnipeg Jets,1.83,,0.5464480874316939,0.5221932114882506,0.2
2026-10-02T19:56:06.389579+00:00,2026-10-02T20:56:06.389579+01:00,f5a9759e52a784d5fdcc1f3a2fcfc5a2,icehockey_nhl,NHL,2026-10-03T00:10:00+00:00,2026-10-03T01:10:00+01:00,Winnipeg Jets,Boston Bruins,coral,Coral,2026-10-02T19:54:52Z,h2h,Boston Bruins,2.0,,0.5,0.47780678851174935,0.2
2026-10-02T19:56:06.389579+00:00,2026-10-02T20:56:06.389579+01:00,f5a9759e52a784d5fdcc1f3a2fcfc5a2,icehockey_nhl,NHL,2026-10-03T00:10:00+00:00,2026-10-03T01:10:00+01:00,Winnipeg Jets,Boston Bruins,coral,Coral,2026-10-02T19:54:52Z,h2h,Winnipeg Jets,1.83,,0.5464480874316939,0.5221932114882506,0.2
2026-10-02T19:56:06.389579+00:00,2026-10-02T20:56:06.389579+01:00,f5a9759e52a784d5fdcc1f3a2fcfc5a2,icehockey_nhl,NHL,2026-10-03T00:10:00+00:00,2026-10-03T01:10:00+01:00,Winnipeg Jets,Boston Bruins,smarkets,Smarkets,2026-10-02T19:56:01Z,h2h,Boston Bruins,2.06,,0.4854368932038835,0.4744897959183674,0.2
2026-10-02T19:56:06.389579+00:00,2026-10-02T20:56:06.389579+01:00,f5a9759e52a784d5fdcc1f3a2fcfc5a2,icehockey_nhl,NHL,2026-10-03T00:10:00+00:00,2026-10-03T01:10:00+01:00,Winnipeg Jets,Boston Bruins,smarkets,Smarkets,2026-10-02T19:56:01Z,h2h,Winnipeg Jets,1.86,,0.5376344086021505,0.5255102040816326,0.2
2026-10-02T19:56:06.389579+00:00,2026-10-02T20:56:06.389579+01:00,f5a9759e52a784d5fdcc1f3a2fcfc5a2,icehockey_nhl,NHL,2026-10-03T00:10:00+00:00,2026-10-03T01:10:00+01:00,Winnipeg Jets,Boston Bruins,smarkets,Smarkets,2026-10-02T19:56:01Z,h2h_lay,Boston Bruins,2.14,,0.4672897196261682,1.0,0.2
2026-10-02T19:56:06.389579+00:00,2026-10-02T20:56:06.389579+01:00,f5a9759e52a784d5fdcc1f3a2fcfc5a2,icehockey_nhl,NHL,2026-10-03T00:10:00+00:00,2026-10-03T01:10:00+01:00,Winnipeg Jets,Boston Bruins,smarkets,Smarkets,2026-10-02T19:56:01Z,h2h_lay,Winnipeg Jets,1.92,,0.5208333333333334,1.0,0.2
2026-10-02T19:56:06.389579+00:00,2026-10-02T20:56:06.389579+01:00,f5a9759e52a784d5fdcc1f3a2fcfc5a2,icehockey_nhl,NHL,2026-10-03T00:10:00+00:00,2026-10-03T01:10:00+01:00,Winnipeg Jets,Boston Bruins,unibet_uk,Unibet (UK),2026-10-02T19:55:45Z,h2h,Boston Bruins,2.6,,0.3846153846153846,0.3648930126869911,0.2
2026-10-02T19:56:06.389579+00:00,2026-10-02T20:56:06.389579+01:00,f5a9759e52a784d5fdcc1f3a2fcfc5a2,icehockey_nhl,NHL,2026-10-03T00:10:00+00:00,2026-10-03T01:10:00+01:00,Winnipeg Jets,Boston Bruins,unibet_uk,Unibet (UK),2026-10-02T19:55:45Z,h2h,Winnipeg Jets,2.35,,0.425531914893617,0.4037114182919902,0.2
2026-10-02T19:56:06.389579+00:00,2026-10-02T20:56:06.389579+01:00,f5a9759e52a784d5fdcc1f3a2fcfc5a2,icehockey_nhl,NHL,2026-10-03T00:10:00+00:00,2026-10-03T01:10:00+01:00,Winnipeg Jets,Boston Bruins,unibet_uk,Unibet (UK),2026-10-02T19:55:45Z,h2h,Draw,4.1,,0.24390243902439027,0.2313955690210188,0.2
2026-10-02T19:56:06.389579+00:00,2026-10-02T20:56:06.389579+01:00,f5a9759e52a784d5fdcc1f3a2fcfc5a2,icehockey_nhl,NHL,2026-10-03T00:10:00+00:00,2026-10-03T01:10:00+01:00,Winnipeg Jets,Boston Bruins,betway,Betway,2026-10-02T19:55:10Z,h2h,Boston Bruins,2.55,,0.3921568627450981,0.36414011478329705,0.2
2026-10-02T19:56:06.389579+00:00,2026-10-02T20:56:06.389579+01:00,f5a9759e52a784d5fdcc1f3a2fcfc5a2,icehockey_nhl,NHL,2026-10-03T00:10:00+00:00,2026-10-03T01:10:00+01:00,Winnipeg Jets,Boston Bruins,betway,Betway,2026-10-02T19:55:10Z,h2h,Winnipeg Jets,2.3,,0.4347826086956522,0.40372056204235107,0.2
2026-10-02T19:56:06.389579+00:00,2026-10-02T20:56:06.389579+01:00,f5a9759e52a784d5fdcc1f3a2fcfc5a2,icehockey_nhl,NHL,2026-10-03T00:10:00+00:00,2026-10-03T01:10:00+01:00,Winnipeg Jets,Boston Bruins,betway,Betway,2026-10-02T19:55:10Z,h2h,Draw,4.0,,0.25,0.23213932317435185,0.2
2026-10-02T19:56:06.389579+00:00,2026-10-02T20:56:06.389579+01:00,f5a9759e52a784d5fdcc1f3a2fcfc5a2,icehockey_nhl,NHL,2026-10-03T00:10:00+00:00,2026-10-03T01:10:00+01:00,Winnipeg Jets,Boston Bruins,betano_uk,Betano (UK),2026-10-02T19:55:23Z,h2h,Boston Bruins,1.95,,0.5128205128205129,0.48412698412698413,0.2
2026-10-02T19:56:06.389579+00:00,2026-10-02T20:56:06.389579+01:00,f5a9759e52a784d5fdcc1f3a2fcfc5a2,icehockey_nhl,NHL,2026-10-03T00:10:00+00:00,2026-10-03T01:10:00+01:00,Winnipeg Jets,Boston Bruins,betano_uk,Betano (UK),2026-10-02T19:55:23Z,h2h,Winnipeg Jets,1.83,,0.5464480874316939,0.5158730158730157,0.2
2026-10-02T19:56:06.389579+00:00,2026-10-02T20:56:06.389579+01:00,f5a9759e52a784d5fdcc1f3a2fcfc5a2,icehockey_nhl,NHL,2026-10-03T00:10:00+00:00,2026-10-03T01:10:00+01:00,Winnipeg Jets,Boston Bruins,betvictor,Bet Victor,2026-10-02T19:53:27Z,h2h,Boston Bruins,1.95,,0.5128205128205129,0.48412698412698413,0.2
2026-10-02T19:56:06.389579+00:00,2026-10-02T20:56:06.389579+01:00,f5a9759e52a784d5fdcc1f3a2fcfc5a2,icehockey_nhl,NHL,2026-10-03T00:10:00+00:00,2026-10-03T01:10:00+01:00,Winnipeg Jets,Boston Bruins,betvictor,Bet Victor,2026-10-02T19:53:27Z,h2h,Winnipeg Jets,1.83,,0.5464480874316939,0.5158730158730157,0.2
2026-10-02T19:56:06.389579+00:00,2026-10-02T20:56:06.389579+01:00,f5a9759e52a784d5fdcc1f3a2fcfc5a2,icehockey_nhl,NHL,2026-10-03T00:10:00+00:00,2026-10-03T01:10:00+01:00,Winnipeg Jets,Boston Bruins,grosvenor,Grosvenor,2026-10-02T19:55:27Z,h2h,Boston Bruins,2.75,,0.36363636363636365,0.3447348193697156,0.2
2026-10-02T19:56:06.389579+00:00,2026-10-02T20:56:06.389579+01:00,f5a9759e52a784d5fdcc1f3a2fcfc5a2,icehockey_nhl,NHL,2026-10-03T00:10:00+00:00,2026-10-03T01:10:00+01:00,Winnipeg Jets,Boston Bruins,grosvenor,Grosvenor,2026-10-02T19:55:27Z,h2h,Winnipeg Jets,2.3,,0.4347826086956522,0.41218293620292085,0.2
2026-10-02T19:56:06.389579+00:00,2026-10-02T20:56:06.389579+01:00,f5a9759e52a784d5fdcc1f3a2fcfc5a2,icehockey_nhl,NHL,2026-10-03T00:10:00+00:00,2026-10-03T01:10:00+01:00,Winnipeg Jets,Boston Bruins,grosvenor,Grosvenor,2026-10-02T19:55:27Z,h2h,Draw,3.9,,0.25641025641025644,0.2430822444273636,0.2
2026-10-02T19:56:06.389579+00:00,2026-10-02T20:56:06.389579+01:00,f5a9759e52a784d5fdcc1f3a2fcfc5a2,icehockey_nhl,NHL,2026-10-03T00:10:00+00:00,2026-10-03T01:10:00+01:00,Winnipeg Jets,Boston Bruins,casumo,Casumo,2026-10-02T19:55:10Z,h2h,Boston Bruins,2.75,,0.36363636363636365,0.3447348193697156,0.2
2026-10-02T19:56:06.389579+00:00,2026-10-02T20:56:06.389579+01:00,f5a9759e52a784d5fdcc1f3a2fcfc5a2,icehockey_nhl,NHL,2026-10-03T00:10:00+00:00,2026-10-03T01:10:00+01:00,Winnipeg Jets,Boston Bruins,casumo,Casumo,2026-10-02T19:55:10Z,h2h,Winnipeg Jets,2.3,,0.4347826086956522,0.41218293620292085,0.2
2026-10-02T19:56:06.389579+00:00,2026-10-02T20:56:06.389579+01:00,f5a9759e52a784d5fdcc1f3a2fcfc5a2,icehockey_nhl,NHL,2026-10-03T00:10:00+00:00,2026-10-03T01:10:00+01:00,Winnipeg Jets,Boston Bruins,casumo,Casumo,2026-10-02T19:55:10Z,h2h,Draw,3.9,,0.25641025641025644,0.2430822444273636,0.2
2026-10-02T19:56:06.389579+00:00,2026-10-02T20:56:06.389579+01:00,f5a9759e52a784d5fdcc1f3a2fcfc5a2,icehockey_nhl,NHL,2026-10-03T00:10:00+00:00,2026-10-03T01:10:00+01:00,Winnipeg Jets,Boston Bruins,paddypower,Paddy Power,2026-10-02T19:55:10Z,h2h,Boston Bruins,2.0,,0.5,0.47780678851174935,0.2
2026-10-02T19:56:06.389579+00:00,2026-10-02T20:56:06.389579+01:00,f5a9759e52a784d5fdcc1f3a2fcfc5a2,icehockey_nhl,NHL,2026-10-03T00:10:00+00:00,2026-10-03T01:10:00+01:00,Winnipeg Jets,Boston Bruins,paddypower,Paddy Power,2026-10-02T19:55:10Z,h2h,Winnipeg Jets,1.83,,0.5464480874316939,0.5221932114882506,0.2
2026-10-02T19:56:06.389579+00:00,2026-10-02T20:56:06.389579+01:00,f5a9759e52a784d5fdcc1f3a2fcfc5a2,icehockey_nhl,NHL,2026-10-03T00:10:00+00:00,2026-10-03T01:10:00+01:00,Winnipeg Jets,Boston Bruins,betfair_ex_uk,Betfair,2026-10-02T19:55:59Z,h2h,Boston Bruins,2.1,,0.47619047619047616,0.47368421052631576,0.2
2026-10-02T19:56:06.389579+00:00,2026-10-02T20:56:06.389579+01:00,f5a9759e52a784d5fdcc1f3a2fcfc5a2,icehockey_nhl,NHL,2026-10-03T00:10:00+00:00,2026-10-03T01:10:00+01:00,Winnipeg Jets,Boston Bruins,betfair_ex_uk,Betfair,2026-10-02T19:55:59Z,h2h,Winnipeg Jets,1.89,,0.5291005291005292,0.5263157894736843,0.2
2026-10-02T19:56:06.389579+00:00,2026-10-02T20:56:06.389579+01:00,f5a9759e52a784d5fdcc1f3a2fcfc5a2,icehockey_nhl,NHL,2026-10-03T00:10:00+00:00,2026-10-03T01:10:00+01:00,Winnipeg Jets,Boston Bruins,betfair_ex_uk,Betfair,2026-10-02T19:55:59Z,h2h_lay,Boston Bruins,2.14,,0.4672897196261682,1.0,0.2
2026-10-02T19:56:06.389579+00:00,2026-10-02T20:56:06.389579+01:00,f5a9759e52a784d5fdcc1f3a2fcfc5a2,icehockey_nhl,NHL,2026-10-03T00:10:00+00:00,2026-10-03T01:10:00+01:00,Winnipeg Jets,Boston Bruins,betfair_ex_uk,Betfair,2026-10-02T19:55:59Z,h2h_lay,Winnipeg Jets,1.9,,0.5263157894736842,1.0,0.2
2026-10-02T19:56:06.389579+00:00,2026-10-02T20:56:06.389579+01:00,f5a9759e52a784d5fdcc1f3a2fcfc5a2,icehockey_nhl,NHL,2026-10-03T00:10:00+00:00,2026-10-03T01:10:00+01:00,Winnipeg Jets,Boston Bruins,matchbook,Matchbook,2026-10-02T19:55:44Z,h2h,Boston Bruins,2.1,,0.47619047619047616,0.47236180904522607,0.2
2026-10-02T19:56:06.389579+00:00,2026-10-02T20:56:06.389579+01:00,f5a9759e52a784d5fdcc1f3a2fcfc5a2,icehockey_nhl,NHL,2026-10-03T00:10:00+00:00,2026-10-03T01:10:00+01:00,Winnipeg Jets,Boston Bruins,matchbook,Matchbook,2026-10-02T19:55:44Z,h2h,Winnipeg Jets,1.88,,0.5319148936170213,0.5276381909547738,0.2
2026-10-02T19:56:06.389579+00:00,2026-10-02T20:56:06.389579+01:00,f5a9759e52a784d5fdcc1f3a2fcfc5a2,icehockey_nhl,NHL,2026-10-03T00:10:00+00:00,2026-10-03T01:10:00+01:00,Winnipeg Jets,Boston Bruins,matchbook,Matchbook,2026-10-02T19:55:44Z,h2h_lay,Boston Bruins,2.14,,0.4672897196261682,1.0,0.2
2026-10-02T19:56:06.389579+00:00,2026-10-02T20:56:06.389579+01:00,f5a9759e52a784d5fdcc1f3a2fcfc5a2,icehockey_nhl,NHL,2026-10-03T00:10:00+00:00,2026-10-03T01:10:00+01:00,Winnipeg Jets,Boston Bruins,matchbook,Matchbook,2026-10-02T19:55:44Z,h2h_lay,Winnipeg Jets,1.9,,0.5263157894736842,1.0,0.2
2026-10-02T19:56:06.389579+00:00,2026-10-02T20:56:06.389579+01:00,f5a9759e52a784d5fdcc1f3a2fcfc5a2,icehockey_nhl,NHL,2026-10-03T00:10:00+00:00,2026-10-03T01:10:00+01:00,Winnipeg Jets,Boston Bruins,betfair_sb_uk,Betfair Sportsbook,2026-10-02T19:55:26Z,h2h,Boston Bruins,2.0,,0.5,0.47780678851174935,0.2
2026-10-02T19:56:06.389579+00:00,2026-10-02T20:56:06.389579+01:00,f5a9759e52a784d5fdcc1f3a2fcfc5a2,icehockey_nhl,NHL,2026-10-03T00:10:00+00:00,2026-10-03T01:10:00+01:00,Winnipeg Jets,Boston Bruins,betfair_sb_uk,Betfair Sportsbook,2026-10-02T19:55:26Z,h2h,Winnipeg Jets,1.83,,0.5464480874316939,0.5221932114882506,0.2
2026-10-02T19:56:06.389579+00:00,2026-10-02T20:56:06.389579+01:00,f5a9759e52a784d5fdcc1f3a2fcfc5a2,icehockey_nhl,NHL,2026-10-03T00:10:00+00:00,2026-10-03T01:10:00+01:00,Winnipeg Jets,Boston Bruins,williamhill,William Hill,2026-10-02T19:55:10Z,h2h,Boston Bruins,2.0,,0.5,0.47368421052631576,0.2
2026-10-02T19:56:06.389579+00:00,2026-10-02T20:56:06.389579+01:00,f5a9759e52a784d5fdcc1f3a2fcfc5a2,icehockey_nhl,NHL,2026-10-03T00:10:00+00:00,2026-10-03T01:10:00+01:00,Winnipeg Jets,Boston Bruins,williamhill,William Hill,2026-10-02T19:55:10Z,h2h,Winnipeg Jets,1.8,,0.5555555555555556,0.5263157894736842,0.2
2026-10-02T19:56:06.389579+00:00,2026-10-02T20:56:06.389579+01:00,797f03124f9bb08624b199c28f621c61,icehockey_nhl,NHL,2026-10-03T01:10:00+00:00,2026-10-03T02:10:00+01:00,Dallas Stars,St Louis Blues,unibet_uk,Unibet (UK),2026-10-02T19:55:45Z,h2h,Dallas Stars,1.92,,0.5208333333333334,0.4972112637736363,0.2
2026-10-02T19:56:06.389579+00:00,2026-10-02T20:56:06.389579+01:00,797f03124f9bb08624b199c28f621c61,icehockey_nhl,NHL,2026-10-03T01:10:00+00:00,2026-10-03T02:10:00+01:00,Dallas Stars,St Louis Blues,unibet_uk,Unibet (UK),2026-10-02T19:55:45Z,h2h,St Louis Blues,3.4,,0.29411764705882354,0.28077812542511227,0.2
2026-10-02T19:56:06.389579+00:00,2026-10-02T20:56:06.389579+01:00,797f03124f9bb08624b199c28f621c61,icehockey_nhl,NHL,2026-10-03T01:10:00+00:00,2026-10-03T02:10:00+01:00,Dallas Stars,St Louis Blues,unibet_uk,Unibet (UK),2026-10-02T19:55:45Z,h2h,Draw,4.3,,0.23255813953488372,0.22201061080125153,0.2
2026-10-02T19:56:06.389579+00:00,2026-10-02T20:56:06.389579+01:00,797f03124f9bb08624b199c28f621c61,icehockey_nhl,NHL,2026-10-03T01:10:00+00:00,2026-10-03T02:10:00+01:00,Dallas Stars,St Louis Blues,williamhill,William Hill,2026-10-02T19:55:10Z,h2h,Dallas Stars,1.53,,0.6535947712418301,0.6203473945409429,0.2
2026-10-02T19:56:06.389579+00:00,2026-10-02T20:56:06.389579+01:00,797f03124f9bb08624b199c28f621c61,icehockey_nhl,NHL,2026-10-03T01:10:00+00:00,2026-10-03T02:10:00+01:00,Dallas Stars,St Louis Blues,williamhill,William Hill,2026-10-02T19:55:10Z,h2h,St Louis Blues,2.5,,0.4,0.3796526054590571,0.2
2026-10-02T19:56:06.389579+00:00,2026-10-02T20:56:06.389579+01:00,797f03124f9bb08624b199c28f621c61,icehockey_nhl,NHL,2026-10-03T01:10:00+00:00,2026-10-03T02:10:00+01:00,Dallas Stars,St Louis Blues,smarkets,Smarkets,2026-10-02T19:56:01Z,h2h,Dallas Stars,1.58,,0.6329113924050632,0.6238095238095239,0.2
2026-10-02T19:56:06.389579+00:00,2026-10-02T20:56:06.389579+01:00,797f03124f9bb08624b199c28f621c61,icehockey_nhl,NHL,2026-10-03T01:10:00+00:00,2026-10-03T02:10:00+01:00,Dallas Stars,St Louis Blues,smarkets,Smarkets,2026-10-02T19:56:01Z,h2h,St Louis Blues,2.62,,0.38167938931297707,0.37619047619047624,0.2
2026-10-02T19:56:06.389579+00:00,2026-10-02T20:56:06.389579+01:00,797f03124f9bb08624b199c28f621c61,icehockey_nhl,NHL,2026-10-03T01:10:00+00:00,2026-10-03T02:10:00+01:00,Dallas Stars,St Louis Blues,smarkets,Smarkets,2026-10-02T19:56:01Z,h2h_lay,Dallas Stars,1.63,,0.6134969325153374,1.0,0.2
2026-10-02T19:56:06.389579+00:00,2026-10-02T20:56:06.389579+01:00,797f03124f9bb08624b199c28f621c61,icehockey_nhl,NHL,2026-10-03T01:10:00+00:00,2026-10-03T02:10:00+01:00,Dallas Stars,St Louis Blues,smarkets,Smarkets,2026-10-02T19:56:01Z,h2h_lay,St Louis Blues,2.72,,0.3676470588235294,1.0,0.2
2026-10-02T19:56:06.389579+00:00,2026-10-02T20:56:06.389579+01:00,797f03124f9bb08624b199c28f621c61,icehockey_nhl,NHL,2026-10-03T01:10:00+00:00,2026-10-03T02:10:00+01:00,Dallas Stars,St Louis Blues,coral,Coral,2026-10-02T19:54:52Z,h2h,Dallas Stars,1.57,,0.6369426751592356,0.609452736318408,0.2
2026-10-02T19:56:06.389579+00:00,2026-10-02T20:56:06.389579+01:00,797f03124f9bb08624b199c28f621c61,icehockey_nhl,NHL,2026-10-03T01:10:00+00:00,2026-10-03T02:10:00+01:00,Dallas Stars,St Louis Blues,coral,Coral,2026-10-02T19:54:52Z,h2h,St Louis Blues,2.45,,0.4081632653061224,0.39054726368159204,0.2
2026-10-02T19:56:06.389579+00:00,2026-10-02T20:56:06.389579+01:00,797f03124f9bb08624b199c28f621c61,icehockey_nhl,NHL,2026-10-03T01:10:00+00:00,2026-10-03T02:10:00+01:00,Dallas Stars,St Louis Blues,ladbrokes_uk,Ladbrokes,2026-10-02T19:55:45Z,h2h,Dallas Stars,1.57,,0.6369426751592356,0.609452736318408,0.2
2026-10-02T19:56:06.389579+00:00,2026-10-02T20:56:06.389579+01:00,797f03124f9bb08624b199c28f621c61,icehockey_nhl,NHL,2026-10-03T01:10:00+00:00,2026-10-03T02:10:00+01:00,Dallas Stars,St Louis Blues,ladbrokes_uk,Ladbrokes,2026-10-02T19:55:45Z,h2h,St Louis Blues,2.45,,0.4081632653061224,0.39054726368159204,0.2
2026-10-02T19:56:06.389579+00:00,2026-10-02T20:56:06.389579+01:00,797f03124f9bb08624b199c28f621c61,icehockey_nhl,NHL,2026-10-03T01:10:00+00:00,2026-10-03T02:10:00+01:00,Dallas Stars,St Louis Blues,betway,Betway,2026-10-02T19:55:10Z,h2h,Dallas Stars,1.87,,0.53475935828877,0.4970414201183432,0.2
2026-10-02T19:56:06.389579+00:00,2026-10-02T20:56:06.389579+01:00,797f03124f9bb08624b199c28f621c61,icehockey_nhl,NHL,2026-10-03T01:10:00+00:00,2026-10-03T02:10:00+01:00,Dallas Stars,St Louis Blues,betway,Betway,2026-10-02T19:55:10Z,h2h,St Louis Blues,3.3,,0.30303030303030304,0.28165680473372784,0.2
2026-10-02T19:56:06.389579+00:00,2026-10-02T20:56:06.389579+01:00,797f03124f9bb08624b199c28f621c61,icehockey_nhl,NHL,2026-10-03T01:10:00+00:00,2026-10-03T02:10:00+01:00,Dallas Stars,St Louis Blues,betway,Betway,2026-10-02T19:55:10Z,h2h,Draw,4.2,,0.23809523809523808,0.221301775147929,0.2
2026-10-02T19:56:06.389579+00:00,2026-10-02T20:56:06.389579+01:00,797f03124f9bb08624b199c28f621c61,icehockey_nhl,NHL,2026-10-03T01:10:00+00:00,2026-10-03T02:10:00+01:00,Dallas Stars,St Louis Blues,betano_uk,Betano (UK),2026-10-02T19:55:23Z,h2h,Dallas Stars,1.53,,0.6535947712418301,0.6203473945409429,0.2
2026-10-02T19:56:06.389579+00:00,2026-10-02T20:56:06.389579+01:00,797f03124f9bb08624b199c28f621c61,icehockey_nhl,NHL,2026-10-03T01:10:00+00:00,2026-10-03T02:10:00+01:00,Dallas Stars,St Louis Blues,betano_uk,Betano (UK),2026-10-02T19:55:23Z,h2h,St Louis Blues,2.5,,0.4,0.3796526054590571,0.2
2026-10-02T19:56:06.389579+00:00,2026-10-02T20:56:06.389579+01:00,797f03124f9bb08624b199c28f621c61,icehockey_nhl,NHL,2026-10-03T01:10:00+00:00,2026-10-03T02:10:00+01:00,Dallas Stars,St Louis Blues,betvictor,Bet Victor,2026-10-02T19:53:27Z,h2h,Dallas Stars,1.53,,0.6535947712418301,0.6203473945409429,0.2
2026-10-02T19:56:06.389579+00:00,2026-10-02T20:56:06.389579+01:00,797f03124f9bb08624b199c28f621c61,icehockey_nhl,NHL,2026-10-03T01:10:00+00:00,2026-10-03T02:10:00+01:00,Dallas Stars,St Louis Blues,betvictor,Bet Victor,2026-10-02T19:53:27Z,h2h,St Louis Blues,2.5,,0.4,0.3796526054590571,0.2
2026-10-02T19:56:06.389579+00:00,2026-10-02T20:56:06.389579+01:00,797f03124f9bb08624b199c28f621c61,icehockey_nhl,NHL,2026-10-03T01:10:00+00:00,2026-10-03T02:10:00+01:00,Dallas Stars,St Louis Blues,paddypower,Paddy Power,2026-10-02T19:55:10Z,h2h,Dallas Stars,1.53,,0.6535947712418301,0.62953995157385,0.2
2026-10-02T19:56:06.389579+00:00,2026-10-02T20:56:06.389579+01:00,797f03124f9bb08624b199c28f621c61,icehockey_nhl,NHL,2026-10-03T01:10:00+00:00,2026-10-03T02:10:00+01:00,Dallas Stars,St Louis Blues,paddypower,Paddy Power,2026-10-02T19:55:10Z,h2h,St Louis Blues,2.6,,0.3846153846153846,0.37046004842615016,0.2
2026-10-02T19:56:06.389579+00:00,2026-10-02T20:56:06.389579+01:00,797f03124f9bb08624b199c28f621c61,icehockey_nhl,NHL,2026-10-03T01:10:00+00:00,2026-10-03T02:10:00+01:00,Dallas Stars,St Louis Blues,grosvenor,Grosvenor,2026-10-02T19:55:27Z,h2h,Dallas Stars,1.83,,0.5464480874316939,0.5180518051805181,0.2
2026-10-02T19:56:06.389579+00:00,2026-10-02T20:56:06.389579+01:00,797f03124f9bb08624b199c28f621c61,icehockey_nhl,NHL,2026-10-03T01:10:00+00:00,2026-10-03T02:10:00+01:00,Dallas Stars,St Louis Blues,grosvenor,Grosvenor,2026-10-02T19:55:27Z,h2h,St Louis Blues,3.7,,0.27027027027027023,0.25622562256225623,0.2
2026-10-02T19:56:06.389579+00:00,2026-10-02T20:56:06.389579+01:00,797f03124f9bb08624b199c28f621c61,icehockey_nhl,NHL,2026-10-03T01:10:00+00:00,2026-10-03T02:10:00+01:00,Dallas Stars,St Louis Blues,grosvenor,Grosvenor,2026-10-02T19:55:27Z,h2h,Draw,4.2,,0.23809523809523808,0.22572257225722572,0.2
2026-10-02T19:56:06.389579+00:00,2026-10-02T20:56:06.389579+01:00,797f03124f9bb08624b199c28f621c61,icehockey_nhl,NHL,2026-10-03T01:10:00+00:00,2026-10-03T02:10:00+01:00,Dallas Stars,St Louis Blues,casumo,Casumo,2026-10-02T19:55:10Z,h2h,Dallas Stars,1.83,,0.5464480874316939,0.5180518051805181,0.2
2026-10-02T19:56:06.389579+00:00,2026-10-02T20:56:06.389579+01:00,797f03124f9bb08624b199c28f621c61,icehockey_nhl,NHL,2026-10-03T01:10:00+00:00,2026-10-03T02:10:00+01:00,Dallas Stars,St Louis Blues,casumo,Casumo,2026-10-02T19:55:10Z,h2h,St Louis Blues,3.7,,0.27027027027027023,0.25622562256225623,0.2
2026-10-02T19:56:06.389579+00:00,2026-10-02T20:56:06.389579+01:00,797f03124f9bb08624b199c28f621c61,icehockey_nhl,NHL,2026-10-03T01:10:00+00:00,2026-10-03T02:10:00+01:00,Dallas Stars,St Louis Blues,casumo,Casumo,2026-10-02T19:55:10Z,h2h,Draw,4.2,,0.23809523809523808,0.22572257225722572,0.2
2026-10-02T19:56:06.389579+00:00,2026-10-02T20:56:06.389579+01:00,797f03124f9bb08624b199c28f621c61,icehockey_nhl,NHL,2026-10-03T01:10:00+00:00,2026-10-03T02:10:00+01:00,Dallas Stars,St Louis Blues,betfair_ex_uk,Betfair,2026-10-02T19:55:59Z,h2h,Dallas Stars,1.59,,0.6289308176100629,0.6258823529411764,0.2
2026-10-02T19:56:06.389579+00:00,2026-10-02T20:56:06.389579+01:00,797f03124f9bb08624b199c28f621c61,icehockey_nhl,NHL,2026-10-03T01:10:00+00:00,2026-10-03T02:10:00+01:00,Dallas Stars,St Louis Blues,betfair_ex_uk,Betfair,2026-10-02T19:55:59Z,h2h,St Louis Blues,2.66,,0.37593984962406013,0.37411764705882355,0.2
2026-10-02T19:56:06.389579+00:00,2026-10-02T20:56:06.389579+01:00,797f03124f9bb08624b199c28f621c61,icehockey_nhl,NHL,2026-10-03T01:10:00+00:00,2026-10-03T02:10:00+01:00,Dallas Stars,St Louis Blues,betfair_ex_uk,Betfair,2026-10-02T19:55:59Z,h2h_lay,Dallas Stars,1.61,,0.6211180124223602,1.0,0.2
2026-10-02T19:56:06.389579+00:00,2026-10-02T20:56:06.389579+01:00,797f03124f9bb08624b199c28f621c61,icehockey_nhl,NHL,2026-10-03T01:10:00+00:00,2026-10-03T02:10:00+01:00,Dallas Stars,St Louis Blues,betfair_ex_uk,Betfair,2026-10-02T19:55:59Z,h2h_lay,St Louis Blues,2.68,,0.3731343283582089,1.0,0.2
2026-10-02T19:56:06.389579+00:00,2026-10-02T20:56:06.389579+01:00,797f03124f9bb08624b199c28f621c61,icehockey_nhl,NHL,2026-10-03T01:10:00+00:00,2026-10-03T02:10:00+01:00,Dallas Stars,St Louis Blues,matchbook,Matchbook,2026-10-02T19:55:44Z,h2h,Dallas Stars,1.59,,0.6289308176100629,0.6258823529411764,0.2
2026-10-02T19:56:06.389579+00:00,2026-10-02T20:56:06.389579+01:00,797f03124f9bb08624b199c28f621c61,icehockey_nhl,NHL,2026-10-03T01:10:00+00:00,2026-10-03T02:10:00+01:00,Dallas Stars,St Louis Blues,matchbook,Matchbook,2026-10-02T19:55:44Z,h2h,St Louis Blues,2.66,,0.37593984962406013,0.37411764705882355,0.2
2026-10-02T19:56:06.389579+00:00,2026-10-02T20:56:06.389579+01:00,797f03124f9bb08624b199c28f621c61,icehockey_nhl,NHL,2026-10-03T01:10:00+00:00,2026-10-03T02:10:00+01:00,Dallas Stars,St Louis Blues,matchbook,Matchbook,2026-10-02T19:55:44Z,h2h_lay,Dallas Stars,1.61,,0.6211180124223602,1.0,0.2
2026-10-02T19:56:06.389579+00:00,2026-10-02T20:56:06.389579+01:00,797f03124f9bb08624b199c28f621c61,icehockey_nhl,NHL,2026-10-03T01:10:00+00:00,2026-10-03T02:10:00+01:00,Dallas Stars,St Louis Blues,matchbook,Matchbook,2026-10-02T19:55:44Z,h2h_lay,St Louis Blues,2.68,,0.3731343283582089,1.0,0.2
2026-10-02T19:56:06.389579+00:00,2026-10-02T20:56:06.389579+01:00,797f03124f9bb08624b199c28f621c61,icehockey_nhl,NHL,2026-10-03T01:10:00+00:00,2026-10-03T02:10:00+01:00,Dallas Stars,St Louis Blues,betfair_sb_uk,Betfair Sportsbook,2026-10-02T19:55:26Z,h2h,Dallas Stars,1.53,,0.6535947712418301,0.62953995157385,0.2
2026-10-02T19:56:06.389579+00:00,2026-10-02T20:56:06.389579+01:00,797f03124f9bb08624b199c28f621c61,icehockey_nhl,NHL,2026-10-03T01:10:00+00:00,2026-10-03T02:10:00+01:00,Dallas Stars,St Louis Blues,betfair_sb_uk,Betfair Sportsbook,2026-10-02T19:55:26Z,h2h,St Louis Blues,2.6,,0.3846153846153846,0.37046004842615016,0.2
2026-10-02T19:56:06.389579+00:00,2026-10-02T20:56:06.389579+01:00,bae72d1f63e132b366d199db2807c4df,icehockey_nhl,NHL,2026-10-03T02:10:00+00:00,2026-10-03T03:10:00+01:00,Vegas Golden Knights,Anaheim Ducks,betvictor,Bet Victor,2026-10-02T19:53:27Z,h2h,Anaheim Ducks,2.5,,0.4,0.3670886075949367,0.2
2026-10-02T19:56:06.389579+00:00,2026-10-02T20:56:06.389579+01:00,bae72d1f63e132b366d199db2807c4df,icehockey_nhl,NHL,2026-10-03T02:10:00+00:00,2026-10-03T03:10:00+01:00,Vegas Golden Knights,Anaheim Ducks,betvictor,Bet Victor,2026-10-02T19:53:27Z,h2h,Vegas Golden Knights,1.45,,0.6896551724137931,0.6329113924050633,0.2
2026-10-02T19:56:06.389579+00:00,2026-10-02T20:56:06.389579+01:00,bae72d1f63e132b366d199db2807c4df,icehockey_nhl,NHL,2026-10-03T02:10:00+00:00,2026-10-03T03:10:00+01:00,Vegas Golden Knights,Anaheim Ducks,unibet_uk,Unibet (UK),2026-10-02T19:55:45Z,h2h,Anaheim Ducks,3.5,,0.2857142857142857,0.2722245577725318,0.2
2026-10-02T19:56:06.389579+00:00,2026-10-02T20:56:06.389579+01:00,bae72d1f63e132b366d199db2807c4df,icehockey_nhl,NHL,2026-10-03T02:10:00+00:00,2026-10-03T03:10:00+01:00,Vegas Golden Knights,Anaheim Ducks,unibet_uk,Unibet (UK),2026-10-02T19:55:45Z,h2h,Vegas Golden Knights,1.83,,0.5464480874316939,0.5206480613135853,0.2
2026-10-02T19:56:06.389579+00:00,2026-10-02T20:56:06.389579+01:00,bae72d1f63e132b366d199db2807c4df,icehockey_nhl,NHL,2026-10-03T02:10:00+00:00,2026-10-03T03:10:00+01:00,Vegas Golden Knights,Anaheim Ducks,unibet_uk,Unibet (UK),2026-10-02T19:55:45Z,h2h,Draw,4.6,,0.2173913043478261,0.2071273809138829,0.2
2026-10-02T19:56:06.389579+00:00,2026-10-02T20:56:06.389579+01:00,bae72d1f63e132b366d199db2807c4df,icehockey_nhl,NHL,2026-10-03T02:10:00+00:00,2026-10-03T03:10:00+01:00,Vegas Golden Knights,Anaheim Ducks,smarkets,Smarkets,2026-10-02T19:56:01Z,h2h,Anaheim Ducks,2.86,,0.3496503496503497,0.34403669724770647,0.2
2026-10-02T19:56:06.389579+00:00,2026-10-02T20:56:06.389579+01:00,bae72d1f63e132b366d199db2807c4df,icehockey_nhl,NHL,2026-10-03T02:10:00+00:00,2026-10-03T03:10:00+01:00,Vegas Golden Knights,Anaheim Ducks,smarkets,Smarkets,2026-10-02T19:56:01Z,h2h,Vegas Golden Knights,1.5,,0.6666666666666666,0.6559633027522935,0.2
2026-10-02T19:56:06.389579+00:00,2026-10-02T20:56:06.389579+01:00,bae72d1f63e132b366d199db2807c4df,icehockey_nhl,NHL,2026-10-03T02:10:00+00:00,2026-10-03T03:10:00+01:00,Vegas Golden Knights,Anaheim Ducks,smarkets,Smarkets,2026-10-02T19:56:01Z,h2h_lay,Anaheim Ducks,2.98,,0.33557046979865773,1.0,0.2
2026-10-02T19:56:06.389579+00:00,2026-10-02T20:56:06.389579+01:00,bae72d1f63e132b366d199db2807c4df,icehockey_nhl,NHL,2026-10-03T02:10:00+00:00,2026-10-03T03:10:00+01:00,Vegas Golden Knights,Anaheim Ducks,smarkets,Smarkets,2026-10-02T19:56:01Z,h2h_lay,Vegas Golden Knights,1.55,,0.6451612903225806,1.0,0.2
2026-10-02T19:56:06.389579+00:00,2026-10-02T20:56:06.389579+01:00,bae72d1f63e132b366d199db2807c4df,icehockey_nhl,NHL,2026-10-03T02:10:00+00:00,2026-10-03T03:10:00+01:00,Vegas Golden Knights,Anaheim Ducks,betano_uk,Betano (UK),2026-10-02T19:55:23Z,h2h,Anaheim Ducks,2.5,,0.4,0.3670886075949367,0.2
2026-10-02T19:56:06.389579+00:00,2026-10-02T20:56:06.389579+01:00,bae72d1f63e132b366d199db2807c4df,icehockey_nhl,NHL,2026-10-03T02:10:00+00:00,2026-10-03T03:10:00+01:00,Vegas Golden Knights,Anaheim Ducks,betano_uk,Betano (UK),2026-10-02T19:55:23Z,h2h,Vegas Golden Knights,1.45,,0.6896551724137931,0.6329113924050633,0.2
2026-10-02T19:56:06.389579+00:00,2026-10-02T20:56:06.389579+01:00,bae72d1f63e132b366d199db2807c4df,icehockey_nhl,NHL,2026-10-03T02:10:00+00:00,2026-10-03T03:10:00+01:00,Vegas Golden Knights,Anaheim Ducks,paddypower,Paddy Power,2026-10-02T19:55:10Z,h2h,Anaheim Ducks,2.75,,0.36363636363636365,0.3498817966903074,0.2
2026-10-02T19:56:06.389579+00:00,2026-10-02T20:56:06.389579+01:00,bae72d1f63e132b366d199db2807c4df,icehockey_nhl,NHL,2026-10-03T02:10:00+00:00,2026-10-03T03:10:00+01:00,Vegas Golden Knights,Anaheim Ducks,paddypower,Paddy Power,2026-10-02T19:55:10Z,h2h,Vegas Golden Knights,1.48,,0.6756756756756757,0.6501182033096927,0.2
2026-10-02T19:56:06.389579+00:00,2026-10-02T20:56:06.389579+01:00,bae72d1f63e132b366d199db2807c4df,icehockey_nhl,NHL,2026-10-03T02:10:00+00:00,2026-10-03T03:10:00+01:00,Vegas Golden Knights,Anaheim Ducks,casumo,Casumo,2026-10-02T19:55:10Z,h2h,Anaheim Ducks,3.6,,0.2777777777777778,0.2647512351700916,0.2
2026-10-02T19:56:06.389579+00:00,2026-10-02T20:56:06.389579+01:00,bae72d1f63e132b366d199db2807c4df,icehockey_nhl,NHL,2026-10-03T02:10:00+00:00,2026-10-03T03:10:00+01:00,Vegas Golden Knights,Anaheim Ducks,casumo,Casumo,2026-10-02T19:55:10Z,h2h,Vegas Golden Knights,1.79,,0.5586592178770949,0.5324605846996254,0.2
2026-10-02T19:56:06.389579+00:00,2026-10-02T20:56:06.389579+01:00,bae72d1f63e132b366d199db2807c4df,icehockey_nhl,NHL,2026-10-03T02:10:00+00:00,2026-10-03T03:10:00+01:00,Vegas Golden Knights,Anaheim Ducks,casumo,Casumo,2026-10-02T19:55:10Z,h2h,Draw,4.7,,0.2127659574468085,0.2027881801302829,0.2
2026-10-02T19:56:06.389579+00:00,2026-10-02T20:56:06.389579+01:00,bae72d1f63e132b366d199db2807c4df,icehockey_nhl,NHL,2026-10-03T02:10:00+00:00,2026-10-03T03:10:00+01:00,Vegas Golden Knights,Anaheim Ducks,grosvenor,Grosvenor,2026-10-02T19:55:27Z,h2h,Anaheim Ducks,3.6,,0.2777777777777778,0.2647512351700916,0.2
2026-10-02T19:56:06.389579+00:00,2026-10-02T20:56:06.389579+01:00,bae72d1f63e132b366d199db2807c4df,icehockey_nhl,NHL,2026-10-03T02:10:00+00:00,2026-10-03T03:10:00+01:00,Vegas Golden Knights,Anaheim Ducks,grosvenor,Grosvenor,2026-10-02T19:55:27Z,h2h,Vegas Golden Knights,1.79,,0.5586592178770949,0.5324605846996254,0.2
2026-10-02T19:56:06.389579+00:00,2026-10-02T20:56:06.389579+01:00,bae72d1f63e132b366d199db2807c4df,icehockey_nhl,NHL,2026-10-03T02:10:00+00:00,2026-10-03T03:10:00+01:00,Vegas Golden Knights,Anaheim Ducks,grosvenor,Grosvenor,2026-10-02T19:55:27Z,h2h,Draw,4.7,,0.2127659574468085,0.2027881801302829,0.2
2026-10-02T19:56:06.389579+00:00,2026-10-02T20:56:06.389579+01:00,bae72d1f63e132b366d199db2807c4df,icehockey_nhl,NHL,2026-10-03T02:10:00+00:00,2026-10-03T03:10:00+01:00,Vegas Golden Knights,Anaheim Ducks,ladbrokes_uk,Ladbrokes,2026-10-02T19:55:45Z,h2h,Anaheim Ducks,2.7,,0.37037037037037035,0.354066985645933,0.2
2026-10-02T19:56:06.389579+00:00,2026-10-02T20:56:06.389579+01:00,bae72d1f63e132b366d199db2807c4df,icehockey_nhl,NHL,2026-10-03T02:10:00+00:00,2026-10-03T03:10:00+01:00,Vegas Golden Knights,Anaheim Ducks,ladbrokes_uk,Ladbrokes,2026-10-02T19:55:45Z,h2h,Vegas Golden Knights,1.48,,0.6756756756756757,0.6459330143540669,0.2
2026-10-02T19:56:06.389579+00:00,2026-10-02T20:56:06.389579+01:00,bae72d1f63e132b366d199db2807c4df,icehockey_nhl,NHL,2026-10-03T02:10:00+00:00,2026-10-03T03:10:00+01:00,Vegas Golden Knights,Anaheim Ducks,coral,Coral,2026-10-02T19:54:52Z,h2h,Anaheim Ducks,2.7,,0.37037037037037035,0.354066985645933,0.2
2026-10-02T19:56:06.389579+00:00,2026-10-02T20:56:06.389579+01:00,bae72d1f63e132b366d199db2807c4df,icehockey_nhl,NHL,2026-10-03T02:10:00+00:00,2026-10-03T03:10:00+01:00,Vegas Golden Knights,Anaheim Ducks,coral,Coral,2026-10-02T19:54:52Z,h2h,Vegas Golden Knights,1.48,,0.6756756756756757,0.6459330143540669,0.2
2026-10-02T19:56:06.389579+00:00,2026-10-02T20:56:06.389579+01:00,bae72d1f63e132b366d199db2807c4df,icehockey_nhl,NHL,2026-10-03T02:10:00+00:00,2026-10-03T03:10:00+01:00,Vegas Golden Knights,Anaheim Ducks,betfair_ex_uk,Betfair,2026-10-02T19:55:59Z,h2h,Anaheim Ducks,2.9,,0.3448275862068966,0.3424036281179138,0.2
2026-10-02T19:56:06.389579+00:00,2026-10-02T20:56:06.389579+01:00,bae72d1f63e132b366d199db2807c4df,icehockey_nhl,NHL,2026-10-03T02:10:00+00:00,2026-10-03T03:10:00+01:00,Vegas Golden Knights,Anaheim Ducks,betfair_ex_uk,Betfair,2026-10-02T19:55:59Z,h2h,Vegas Golden Knights,1.51,,0.6622516556291391,0.6575963718820862,0.2
2026-10-02T19:56:06.389579+00:00,2026-10-02T20:56:06.389579+01:00,bae72d1f63e132b366d199db2807c4df,icehockey_nhl,NHL,2026-10-03T02:10:00+00:00,2026-10-03T03:10:00+01:00,Vegas Golden Knights,Anaheim Ducks,betfair_ex_uk,Betfair,2026-10-02T19:55:59Z,h2h_lay,Anaheim Ducks,2.94,,0.3401360544217687,1.0,0.2
2026-10-02T19:56:06.389579+00:00,2026-10-02T20:56:06.389579+01:00,bae72d1f63e132b366d199db2807c4df,icehockey_nhl,NHL,2026-10-03T02:10:00+00:00,2026-10-03T03:10:00+01:00,Vegas Golden Knights,Anaheim Ducks,betfair_ex_uk,Betfair,2026-10-02T19:55:59Z,h2h_lay,Vegas Golden Knights,1.53,,0.6535947712418301,1.0,0.2
2026-10-02T19:56:06.389579+00:00,2026-10-02T20:56:06.389579+01:00,bae72d1f63e132b366d199db2807c4df,icehockey_nhl,NHL,2026-10-03T02:10:00+00:00,2026-10-03T03:10:00+01:00,Vegas Golden Knights,Anaheim Ducks,matchbook,Matchbook,2026-10-02T19:55:44Z,h2h,Anaheim Ducks,2.9,,0.3448275862068966,0.3424036281179138,0.2
2026-10-02T19:56:06.389579+00:00,2026-10-02T20:56:06.389579+01:00,bae72d1f63e132b366d199db2807c4df,icehockey_nhl,NHL,2026-10-03T02:10:00+00:00,2026-10-03T03:10:00+01:00,Vegas Golden Knights,Anaheim Ducks,matchbook,Matchbook,2026-10-02T19:55:44Z,h2h,Vegas Golden Knights,1.51,,0.6622516556291391,0.6575963718820862,0.2
2026-10-02T19:56:06.389579+00:00,2026-10-02T20:56:06.389579+01:00,bae72d1f63e132b366d199db2807c4df,icehockey_nhl,NHL,2026-10-03T02:10:00+00:00,2026-10-03T03:10:00+01:00,Vegas Golden Knights,Anaheim Ducks,matchbook,Matchbook,2026-10-02T19:55:44Z,h2h_lay,Anaheim Ducks,2.94,,0.3401360544217687,1.0,0.2
2026-10-02T19:56:06.389579+00:00,2026-10-02T20:56:06.389579+01:00,bae72d1f63e132b366d199db2807c4df,icehockey_nhl,NHL,2026-10-03T02:10:00+00:00,2026-10-03T03:10:00+01:00,Vegas Golden Knights,Anaheim Ducks,matchbook,Matchbook,2026-10-02T19:55:44Z,h2h_lay,Vegas Golden Knights,1.53,,0.6535947712418301,1.0,0.2
2026-10-02T19:56:06.389579+00:00,2026-10-02T20:56:06.389579+01:00,bae72d1f63e132b366d199db2807c4df,icehockey_nhl,NHL,2026-10-03T02:10:00+00:00,2026-10-03T03:10:00+01:00,Vegas Golden Knights,Anaheim Ducks,williamhill,William Hill,2026-10-02T19:55:10Z,h2h,Anaheim Ducks,2.6,,0.3846153846153846,0.3658536585365854,0.2
2026-10-02T19:56:06.389579+00:00,2026-10-02T20:56:06.389579+01:00,bae72d1f63e132b366d199db2807c4df,icehockey_nhl,NHL,2026-10-03T02:10:00+00:00,2026-10-03T03:10:00+01:00,Vegas Golden Knights,Anaheim Ducks,williamhill,William Hill,2026-10-02T19:55:10Z,h2h,Vegas Golden Knights,1.5,,0.6666666666666666,0.6341463414634148,0.2
2026-10-02T19:56:06.389579+00:00,2026-10-02T20:56:06.389579+01:00,bae72d1f63e132b366d199db2807c4df,icehockey_nhl,NHL,2026-10-03T02:10:00+00:00,2026-10-03T03:10:00+01:00,Vegas Golden Knights,Anaheim Ducks,betfair_sb_uk,Betfair Sportsbook,2026-10-02T19:55:26Z,h2h,Anaheim Ducks,2.75,,0.36363636363636365,0.3498817966903074,0.2
2026-10-02T19:56:06.389579+00:00,2026-10-02T20:56:06.389579+01:00,bae72d1f63e132b366d199db2807c4df,icehockey_nhl,NHL,2026-10-03T02:10:00+00:00,2026-10-03T03:10:00+01:00,Vegas Golden Knights,Anaheim Ducks,betfair_sb_uk,Betfair Sportsbook,2026-10-02T19:55:26Z,h2h,Vegas Golden Knights,1.48,,0.6756756756756757,0.6501182033096927,0.2
2026-10-02T19:56:06.389579+00:00,2026-10-02T20:56:06.389579+01:00,bae72d1f63e132b366d199db2807c4df,icehockey_nhl,NHL,2026-10-03T02:10:00+00:00,2026-10-03T03:10:00+01:00,Vegas Golden Knights,Anaheim Ducks,betway,Betway,2026-10-02T19:55:10Z,h2h,Anaheim Ducks,3.5,,0.2857142857142857,0.26607081471295974,0.2
2026-10-02T19:56:06.389579+00:00,2026-10-02T20:56:06.389579+01:00,bae72d1f63e132b366d199db2807c4df,icehockey_nhl,NHL,2026-10-03T02:10:00+00:00,2026-10-03T03:10:00+01:00,Vegas Golden Knights,Anaheim Ducks,betway,Betway,2026-10-02T19:55:10Z,h2h,Vegas Golden Knights,1.8,,0.5555555555555556,0.5173599174974218,0.2
2026-10-02T19:56:06.389579+00:00,2026-10-02T20:56:06.389579+01:00,bae72d1f63e132b366d199db2807c4df,icehockey_nhl,NHL,2026-10-03T02:10:00+00:00,2026-10-03T03:10:00+01:00,Vegas Golden Knights,Anaheim Ducks,betway,Betway,2026-10-02T19:55:10Z,h2h,Draw,4.3,,0.23255813953488372,0.2165692677896184,0.2
2026-10-02T19:56:06.389579+00:00,2026-10-02T20:56:06.389579+01:00,5f4504b72130e8d059ce2358912bc609,tennis_atp_china_open,ATP China Open,2026-10-03T03:00:00+00:00,2026-10-03T04:00:00+01:00,Alex de Minaur,Quentin Halys,betway,Betway,2026-10-02T19:55:30Z,h2h,Alex de Minaur,1.33,,0.7518796992481203,0.712742980561555,0.2
2026-10-02T19:56:06.389579+00:00,2026-10-02T20:56:06.389579+01:00,5f4504b72130e8d059ce2358912bc609,tennis_atp_china_open,ATP China Open,2026-10-03T03:00:00+00:00,2026-10-03T04:00:00+01:00,Alex de Minaur,Quentin Halys,betway,Betway,2026-10-02T19:55:30Z,h2h,Quentin Halys,3.3,,0.30303030303030304,0.28725701943844495,0.2
2026-10-02T19:56:06.389579+00:00,2026-10-02T20:56:06.389579+01:00,5f4504b72130e8d059ce2358912bc609,tennis_atp_china_open,ATP China Open,2026-10-03T03:00:00+00:00,2026-10-03T04:00:00+01:00,Alex de Minaur,Quentin Halys,betano_uk,Betano (UK),2026-10-02T19:54:51Z,h2h,Alex de Minaur,1.3,,0.7692307692307692,0.7111111111111111,0.2
2026-10-02T19:56:06.389579+00:00,2026-10-02T20:56:06.389579+01:00,5f4504b72130e8d059ce2358912bc609,tennis_atp_china_open,ATP China Open,2026-10-03T03:00:00+00:00,2026-10-03T04:00:00+01:00,Alex de Minaur,Quentin Halys,betano_uk,Betano (UK),2026-10-02T19:54:51Z,h2h,Quentin Halys,3.2,,0.3125,0.2888888888888889,0.2
2026-10-02T19:56:06.389579+00:00,2026-10-02T20:56:06.389579+01:00,5f4504b72130e8d059ce2358912bc609,tennis_atp_china_open,ATP China Open,2026-10-03T03:00:00+00:00,2026-10-03T04:00:00+01:00,Alex de Minaur,Quentin Halys,betfair_ex_uk,Betfair,2026-10-02T19:56:02Z,h2h,Alex de Minaur,1.38,,0.7246376811594204,0.7200811359026369,0.2
2026-10-02T19:56:06.389579+00:00,2026-10-02T20:56:06.389579+01:00,5f4504b72130e8d059ce2358912bc609,tennis_atp_china_open,ATP China Open,2026-10-03T03:00:00+00:00,2026-10-03T04:00:00+01:00,Alex de Minaur,Quentin Halys,betfair_ex_uk,Betfair,2026-10-02T19:56:02Z,h2h,Quentin Halys,3.55,,0.28169014084507044,0.27991886409736305,0.2
2026-10-02T19:56:06.389579+00:00,2026-10-02T20:56:06.389579+01:00,5f4504b72130e8d059ce2358912bc609,tennis_atp_china_open,ATP China Open,2026-10-03T03:00:00+00:00,2026-10-03T04:00:00+01:00,Alex de Minaur,Quentin Halys,betfair_ex_uk,Betfair,2026-10-02T19:56:02Z,h2h_lay,Alex de Minaur,1.39,,0.7194244604316548,1.0,0.2
2026-10-02T19:56:06.389579+00:00,2026-10-02T20:56:06.389579+01:00,5f4504b72130e8d059ce2358912bc609,tennis_atp_china_open,ATP China Open,2026-10-03T03:00:00+00:00,2026-10-03T04:00:00+01:00,Alex de Minaur,Quentin Halys,betfair_ex_uk,Betfair,2026-10-02T19:56:02Z,h2h_lay,Quentin Halys,3.65,,0.273972602739726,1.0,0.2
2026-10-02T19:56:06.389579+00:00,2026-10-02T20:56:06.389579+01:00,5f4504b72130e8d059ce2358912bc609,tennis_atp_china_open,ATP China Open,2026-10-03T03:00:00+00:00,2026-10-03T04:00:00+01:00,Alex de Minaur,Quentin Halys,smarkets,Smarkets,2026-10-02T19:56:02Z,h2h,Alex de Minaur,1.36,,0.7352941176470588,0.7201646090534979,0.2
2026-10-02T19:56:06.389579+00:00,2026-10-02T20:56:06.389579+01:00,5f4504b72130e8d059ce2358912bc609,tennis_atp_china_open,ATP China Open,2026-10-03T03:00:00+00:00,2026-10-03T04:00:00+01:00,Alex de Minaur,Quentin Halys,smarkets,Smarkets,2026-10-02T19:56:02Z,h2h,Quentin Halys,3.5,,0.2857142857142857,0.27983539094650206,0.2
2026-10-02T19:56:06.389579+00:00,2026-10-02T20:56:06.389579+01:00,5f4504b72130e8d059ce2358912bc609,tennis_atp_china_open,ATP China Open,2026-10-03T03:00:00+00:00,2026-10-03T04:00:00+01:00,Alex de Minaur,Quentin Halys,smarkets,Smarkets,2026-10-02T19:56:02Z,h2h_lay,Alex de Minaur,1.41,,0.7092198581560284,1.0,0.2
2026-10-02T19:56:06.389579+00:00,2026-10-02T20:56:06.389579+01:00,5f4504b72130e8d059ce2358912bc609,tennis_atp_china_open,ATP China Open,2026-10-03T03:00:00+00:00,2026-10-03T04:00:00+01:00,Alex de Minaur,Quentin Halys,smarkets,Smarkets,2026-10-02T19:56:02Z,h2h_lay,Quentin Halys,3.7,,0.27027027027027023,1.0,0.2
2026-10-02T19:56:06.389579+00:00,2026-10-02T20:56:06.389579+01:00,5f4504b72130e8d059ce2358912bc609,tennis_atp_china_open,ATP China Open,2026-10-03T03:00:00+00:00,2026-10-03T04:00:00+01:00,Alex de Minaur,Quentin Halys,matchbook,Matchbook,2026-10-02T19:55:46Z,h2h,Alex de Minaur,1.38,,0.7246376811594204,0.7200811359026369,0.2
2026-10-02T19:56:06.389579+00:00,2026-10-02T20:56:06.389579+01:00,5f4504b72130e8d059ce2358912bc609,tennis_atp_china_open,ATP China Open,2026-10-03T03:00:00+00:00,2026-10-03T04:00:00+01:00,Alex de Minaur,Quentin Halys,matchbook,Matchbook,2026-10-02T19:55:46Z,h2h,Quentin Halys,3.55,,0.28169014084507044,0.27991886409736305,0.2
2026-10-02T19:56:06.389579+00:00,2026-10-02T20:56:06.389579+01:00,5f4504b72130e8d059ce2358912bc609,tennis_atp_china_open,ATP China Open,2026-10-03T03:00:00+00:00,2026-10-03T04:00:00+01:00,Alex de Minaur,Quentin Halys,matchbook,Matchbook,2026-10-02T19:55:46Z,h2h_lay,Alex de Minaur,1.39,,0.7194244604316548,1.0,0.2
2026-10-02T19:56:06.389579+00:00,2026-10-02T20:56:06.389579+01:00,5f4504b72130e8d059ce2358912bc609,tennis_atp_china_open,ATP China Open,2026-10-03T03:00:00+00:00,2026-10-03T04:00:00+01:00,Alex de Minaur,Quentin Halys,matchbook,Matchbook,2026-10-02T19:55:46Z,h2h_lay,Quentin Halys,3.65,,0.273972602739726,1.0,0.2
2026-10-02T19:56:06.389579+00:00,2026-10-02T20:56:06.389579+01:00,5f4504b72130e8d059ce2358912bc609,tennis_atp_china_open,ATP China Open,2026-10-03T03:00:00+00:00,2026-10-03T04:00:00+01:00,Alex de Minaur,Quentin Halys,williamhill,William Hill,2026-10-02T19:55:16Z,h2h,Alex de Minaur,1.33,,0.7518796992481203,0.712742980561555,0.2
2026-10-02T19:56:06.389579+00:00,2026-10-02T20:56:06.389579+01:00,5f4504b72130e8d059ce2358912bc609,tennis_atp_china_open,ATP China Open,2026-10-03T03:00:00+00:00,2026-10-03T04:00:00+01:00,Alex de Minaur,Quentin Halys,williamhill,William Hill,2026-10-02T19:55:16Z,h2h,Quentin Halys,3.3,,0.30303030303030304,0.28725701943844495,0.2
2026-10-02T19:56:06.389579+00:00,2026-10-02T20:56:06.389579+01:00,5f4504b72130e8d059ce2358912bc609,tennis_atp_china_open,ATP China Open,2026-10-03T03:00:00+00:00,2026-10-03T04:00:00+01:00,Alex de Minaur,Quentin Halys,sport888,888sport,2026-10-02T19:55:45Z,h2h,Alex de Minaur,1.33,,0.7518796992481203,0.712742980561555,0.2
2026-10-02T19:56:06.389579+00:00,2026-10-02T20:56:06.389579+01:00,5f4504b72130e8d059ce2358912bc609,tennis_atp_china_open,ATP China Open,2026-10-03T03:00:00+00:00,2026-10-03T04:00:00+01:00,Alex de Minaur,Quentin Halys,sport888,888sport,2026-10-02T19:55:45Z,h2h,Quentin Halys,3.3,,0.30303030303030304,0.28725701943844495,0.2
2026-10-02T19:56:06.389579+00:00,2026-10-02T20:56:06.389579+01:00,5f4504b72130e8d059ce2358912bc609,tennis_atp_china_open,ATP China Open,2026-10-03T03:00:00+00:00,2026-10-03T04:00:00+01:00,Alex de Minaur,Quentin Halys,leovegas,LeoVegas,2026-10-02T19:55:15Z,h2h,Alex de Minaur,1.33,,0.7518796992481203,0.712742980561555,0.2
2026-10-02T19:56:06.389579+00:00,2026-10-02T20:56:06.389579+01:00,5f4504b72130e8d059ce2358912bc609,tennis_atp_china_open,ATP China Open,2026-10-03T03:00:00+00:00,2026-10-03T04:00:00+01:00,Alex de Minaur,Quentin Halys,leovegas,LeoVegas,2026-10-02T19:55:15Z,h2h,Quentin Halys,3.3,,0.30303030303030304,0.28725701943844495,0.2
2026-10-02T19:56:06.389579+00:00,2026-10-02T20:56:06.389579+01:00,5f4504b72130e8d059ce2358912bc609,tennis_atp_china_open,ATP China Open,2026-10-03T03:00:00+00:00,2026-10-03T04:00:00+01:00,Alex de Minaur,Quentin Halys,paddypower,Paddy Power,2026-10-02T19:54:58Z,h2h,Alex de Minaur,1.3,,0.7692307692307692,0.7111111111111111,0.2
2026-10-02T19:56:06.389579+00:00,2026-10-02T20:56:06.389579+01:00,5f4504b72130e8d059ce2358912bc609,tennis_atp_china_open,ATP China Open,2026-10-03T03:00:00+00:00,2026-10-03T04:00:00+01:00,Alex de Minaur,Quentin Halys,paddypower,Paddy Power,2026-10-02T19:54:58Z,h2h,Quentin Halys,3.2,,0.3125,0.2888888888888889,0.2
2026-10-02T19:56:06.389579+00:00,2026-10-02T20:56:06.389579+01:00,5f4504b72130e8d059ce2358912bc609,tennis_atp_china_open,ATP China Open,2026-10-03T03:00:00+00:00,2026-10-03T04:00:00+01:00,Alex de Minaur,Quentin Halys,skybet,Sky Bet,2026-10-02T19:55:29Z,h2h,Alex de Minaur,1.3,,0.7692307692307692,0.7111111111111111,0.2
2026-10-02T19:56:06.389579+00:00,2026-10-02T20:56:06.389579+01:00,5f4504b72130e8d059ce2358912bc609,tennis_atp_china_open,ATP China Open,2026-10-03T03:00:00+00:00,2026-10-03T04:00:00+01:00,Alex de Minaur,Quentin Halys,skybet,Sky Bet,2026-10-02T19:55:29Z,h2h,Quentin Halys,3.2,,0.3125,0.2888888888888889,0.2
2026-10-02T19:56:06.389579+00:00,2026-10-02T20:56:06.389579+01:00,5f4504b72130e8d059ce2358912bc609,tennis_atp_china_open,ATP China Open,2026-10-03T03:00:00+00:00,2026-10-03T04:00:00+01:00,Alex de Minaur,Quentin Halys,betvictor,Bet Victor,2026-10-02T19:50:02Z,h2h,Alex de Minaur,1.3,,0.7692307692307692,0.7111111111111111,0.2
2026-10-02T19:56:06.389579+00:00,2026-10-02T20:56:06.389579+01:00,5f4504b72130e8d059ce2358912bc609,tennis_atp_china_open,ATP China Open,2026-10-03T03:00:00+00:00,2026-10-03T04:00:00+01:00,Alex de Minaur,Quentin Halys,betvictor,Bet Victor,2026-10-02T19:50:02Z,h2h,Quentin Halys,3.2,,0.3125,0.2888888888888889,0.2
2026-10-02T19:56:06.389579+00:00,2026-10-02T20:56:06.389579+01:00,5f4504b72130e8d059ce2358912bc609,tennis_atp_china_open,ATP China Open,2026-10-03T03:00:00+00:00,2026-10-03T04:00:00+01:00,Alex de Minaur,Quentin Halys,ladbrokes_uk,Ladbrokes,2026-10-02T19:55:46Z,h2h,Alex de Minaur,1.33,,0.7518796992481203,0.706401766004415,0.2
2026-10-02T19:56:06.389579+00:00,2026-10-02T20:56:06.389579+01:00,5f4504b72130e8d059ce2358912bc609,tennis_atp_china_open,ATP China Open,2026-10-03T03:00:00+00:00,2026-10-03T04:00:00+01:00,Alex de Minaur,Quentin Halys,ladbrokes_uk,Ladbrokes,2026-10-02T19:55:46Z,h2h,Quentin Halys,3.2,,0.3125,0.293598233995585,0.2
2026-10-02T19:56:06.389579+00:00,2026-10-02T20:56:06.389579+01:00,5f4504b72130e8d059ce2358912bc609,tennis_atp_china_open,ATP China Open,2026-10-03T03:00:00+00:00,2026-10-03T04:00:00+01:00,Alex de Minaur,Quentin Halys,coral,Coral,2026-10-02T19:55:33Z,h2h,Alex de Minaur,1.33,,0.7518796992481203,0.706401766004415,0.2
2026-10-02T19:56:06.389579+00:00,2026-10-02T20:56:06.389579+01:00,5f4504b72130e8d059ce2358912bc609,tennis_atp_china_open,ATP China Open,2026-10-03T03:00:00+00:00,2026-10-03T04:00:00+01:00,Alex de Minaur,Quentin Halys,coral,Coral,2026-10-02T19:55:33Z,h2h,Quentin Halys,3.2,,0.3125,0.293598233995585,0.2
2026-10-02T19:56:06.389579+00:00,2026-10-02T20:56:06.389579+01:00,5f4504b72130e8d059ce2358912bc609,tennis_atp_china_open,ATP China Open,2026-10-03T03:00:00+00:00,2026-10-03T04:00:00+01:00,Alex de Minaur,Quentin Halys,grosvenor,Grosvenor,2026-10-02T19:55:47Z,h2h,Alex de Minaur,1.3,,0.7692307692307692,0.7263157894736842,0.2
2026-10-02T19:56:06.389579+00:00,2026-10-02T20:56:06.389579+01:00,5f4504b72130e8d059ce2358912bc609,tennis_atp_china_open,ATP China Open,2026-10-03T03:00:00+00:00,2026-10-03T04:00:00+01:00,Alex de Minaur,Quentin Halys,grosvenor,Grosvenor,2026-10-02T19:55:47Z,h2h,Quentin Halys,3.45,,0.2898550724637681,0.2736842105263158,0.2
2026-10-02T19:56:06.389579+00:00,2026-10-02T20:56:06.389579+01:00,5f4504b72130e8d059ce2358912bc609,tennis_atp_china_open,ATP China Open,2026-10-03T03:00:00+00:00,2026-10-03T04:00:00+01:00,Alex de Minaur,Quentin Halys,virginbet,Virgin Bet,2026-10-02T19:55:14Z,h2h,Alex de Minaur,1.3,,0.7692307692307692,0.7263157894736842,0.2
2026-10-02T19:56:06.389579+00:00,2026-10-02T20:56:06.389579+01:00,5f4504b72130e8d059ce2358912bc609,tennis_atp_china_open,ATP China Open,2026-10-03T03:00:00+00:00,2026-10-03T04:00:00+01:00,Alex de Minaur,Quentin Halys,virginbet,Virgin Bet,2026-10-02T19:55:14Z,h2h,Quentin Halys,3.45,,0.2898550724637681,0.2736842105263158,0.2
2026-10-02T19:56:06.389579+00:00,2026-10-02T20:56:06.389579+01:00,5f4504b72130e8d059ce2358912bc609,tennis_atp_china_open,ATP China Open,2026-10-03T03:00:00+00:00,2026-10-03T04:00:00+01:00,Alex de Minaur,Quentin Halys,casumo,Casumo,2026-10-02T19:55:46Z,h2h,Alex de Minaur,1.3,,0.7692307692307692,0.7263157894736842,0.2
2026-10-02T19:56:06.389579+00:00,2026-10-02T20:56:06.389579+01:00,5f4504b72130e8d059ce2358912bc609,tennis_atp_china_open,ATP China Open,2026-10-03T03:00:00+00:00,2026-10-03T04:00:00+01:00,Alex de Minaur,Quentin Halys,casumo,Casumo,2026-10-02T19:55:46Z,h2h,Quentin Halys,3.45,,0.2898550724637681,0.2736842105263158,0.2
2026-10-02T19:56:06.389579+00:00,2026-10-02T20:56:06.389579+01:00,5f4504b72130e8d059ce2358912bc609,tennis_atp_china_open,ATP China Open,2026-10-03T03:00:00+00:00,2026-10-03T04:00:00+01:00,Alex de Minaur,Quentin Halys,livescorebet,LiveScore Bet,2026-10-02T19:56:02Z,h2h,Alex de Minaur,1.3,,0.7692307692307692,0.7263157894736842,0.2
2026-10-02T19:56:06.389579+00:00,2026-10-02T20:56:06.389579+01:00,5f4504b72130e8d059ce2358912bc609,tennis_atp_china_open,ATP China Open,2026-10-03T03:00:00+00:00,2026-10-03T04:00:00+01:00,Alex de Minaur,Quentin Halys,livescorebet,LiveScore Bet,2026-10-02T19:56:02Z,h2h,Quentin Halys,3.45,,0.2898550724637681,0.2736842105263158,0.2
2026-10-02T19:56:06.389579+00:00,2026-10-02T20:56:06.389579+01:00,5f4504b72130e8d059ce2358912bc609,tennis_atp_china_open,ATP China Open,2026-10-03T03:00:00+00:00,2026-10-03T04:00:00+01:00,Alex de Minaur,Quentin Halys,betfair_sb_uk,Betfair Sportsbook,2026-10-02T19:55:30Z,h2h,Alex de Minaur,1.33,,0.7518796992481203,0.7096069868995633,0.2
2026-10-02T19:56:06.389579+00:00,2026-10-02T20:56:06.389579+01:00,5f4504b72130e8d059ce2358912bc609,tennis_atp_china_open,ATP China Open,2026-10-03T03:00:00+00:00,2026-10-03T04:00:00+01:00,Alex de Minaur,Quentin Halys,betfair_sb_uk,Betfair Sportsbook,2026-10-02T19:55:30Z,h2h,Quentin Halys,3.25,,0.3076923076923077,0.2903930131004367,0.2
2026-10-02T19:56:06.389579+00:00,2026-10-02T20:56:06.389579+01:00,5f4504b72130e8d059ce2358912bc609,tennis_atp_china_open,ATP China Open,2026-10-03T03:00:00+00:00,2026-10-03T04:00:00+01:00,Alex de Minaur,Quentin Halys,boylesports,BoyleSports,2026-10-02T19:56:05Z,h2h,Alex de Minaur,1.33,,0.7518796992481203,0.7096069868995633,0.2
2026-10-02T19:56:06.389579+00:00,2026-10-02T20:56:06.389579+01:00,5f4504b72130e8d059ce2358912bc609,tennis_atp_china_open,ATP China Open,2026-10-03T03:00:00+00:00,2026-10-03T04:00:00+01:00,Alex de Minaur,Quentin Halys,boylesports,BoyleSports,2026-10-02T19:56:05Z,h2h,Quentin Halys,3.25,,0.3076923076923077,0.2903930131004367,0.2
2026-10-02T19:56:06.389579+00:00,2026-10-02T20:56:06.389579+01:00,fab68d601d3c902595fb337427fca585,tennis_atp_china_open,ATP China Open,2026-10-03T05:00:00+00:00,2026-10-03T06:00:00+01:00,Andrey Rublev,Roman Safiullin,betfair_ex_uk,Betfair,2026-10-02T19:56:02Z,h2h,Andrey Rublev,1.73,,0.5780346820809249,0.5749385749385749,0.2
2026-10-02T19:56:06.389579+00:00,2026-10-02T20:56:06.389579+01:00,fab68d601d3c902595fb337427fca585,tennis_atp_china_open,ATP China Open,2026-10-03T05:00:00+00:00,2026-10-03T06:00:00+01:00,Andrey Rublev,Roman Safiullin,betfair_ex_uk,Betfair,2026-10-02T19:56:02Z,h2h,Roman Safiullin,2.34,,0.4273504273504274,0.425061425061425,0.2
2026-10-02T19:56:06.389579+00:00,2026-10-02T20:56:06.389579+01:00,fab68d601d3c902595fb337427fca585,tennis_atp_china_open,ATP China Open,2026-10-03T05:00:00+00:00,2026-10-03T06:00:00+01:00,Andrey Rublev,Roman Safiullin,betfair_ex_uk,Betfair,2026-10-02T19:56:02Z,h2h_lay,Andrey Rublev,1.74,,0.5747126436781609,1.0,0.2
2026-10-02T19:56:06.389579+00:00,2026-10-02T20:56:06.389579+01:00,fab68d601d3c902595fb337427fca585,tennis_atp_china_open,ATP China Open,2026-10-03T05:00:00+00:00,2026-10-03T06:00:00+01:00,Andrey Rublev,Roman Safiullin,betfair_ex_uk,Betfair,2026-10-02T19:56:02Z,h2h_lay,Roman Safiullin,2.36,,0.42372881355932207,1.0,0.2
2026-10-02T19:56:06.389579+00:00,2026-10-02T20:56:06.389579+01:00,fab68d601d3c902595fb337427fca585,tennis_atp_china_open,ATP China Open,2026-10-03T05:00:00+00:00,2026-10-03T06:00:00+01:00,Andrey Rublev,Roman Safiullin,smarkets,Smarkets,2026-10-02T19:56:02Z,h2h,Andrey Rublev,1.71,,0.5847953216374269,0.57356608478803,0.2
2026-10-02T19:56:06.389579+00:00,2026-10-02T20:56:06.389579+01:00,fab68d601d3c902595fb337427fca585,tennis_atp_china_open,ATP China Open,2026-10-03T05:00:00+00:00,2026-10-03T06:00:00+01:00,Andrey Rublev,Roman Safiullin,smarkets,Smarkets,2026-10-02T19:56:02Z,h2h,Roman Safiullin,2.3,,0.4347826086956522,0.42643391521197016,0.2
2026-10-02T19:56:06.389579+00:00,2026-10-02T20:56:06.389579+01:00,fab68d601d3c902595fb337427fca585,tennis_atp_china_open,ATP China Open,2026-10-03T05:00:00+00:00,2026-10-03T06:00:00+01:00,Andrey Rublev,Roman Safiullin,smarkets,Smarkets,2026-10-02T19:56:02Z,h2h_lay,Andrey Rublev,1.77,,0.5649717514124294,1.0,0.2
2026-10-02T19:56:06.389579+00:00,2026-10-02T20:56:06.389579+01:00,fab68d601d3c902595fb337427fca585,tennis_atp_china_open,ATP China Open,2026-10-03T05:00:00+00:00,2026-10-03T06:00:00+01:00,Andrey Rublev,Roman Safiullin,smarkets,Smarkets,2026-10-02T19:56:02Z,h2h_lay,Roman Safiullin,2.4,,0.4166666666666667,1.0,0.2
2026-10-02T19:56:06.389579+00:00,2026-10-02T20:56:06.389579+01:00,fab68d601d3c902595fb337427fca585,tennis_atp_china_open,ATP China Open,2026-10-03T05:00:00+00:00,2026-10-03T06:00:00+01:00,Andrey Rublev,Roman Safiullin,leovegas,LeoVegas,2026-10-02T19:55:15Z,h2h,Andrey Rublev,1.67,,0.5988023952095809,0.5628272251308901,0.2
2026-10-02T19:56:06.389579+00:00,2026-10-02T20:56:06.389579+01:00,fab68d601d3c902595fb337427fca585,tennis_atp_china_open,ATP China Open,2026-10-03T05:00:00+00:00,2026-10-03T06:00:00+01:00,Andrey Rublev,Roman Safiullin,leovegas,LeoVegas,2026-10-02T19:55:15Z,h2h,Roman Safiullin,2.15,,0.46511627906976744,0.43717277486910994,0.2
2026-10-02T19:56:06.389579+00:00,2026-10-02T20:56:06.389579+01:00,fab68d601d3c902595fb337427fca585,tennis_atp_china_open,ATP China Open,2026-10-03T05:00:00+00:00,2026-10-03T06:00:00+01:00,Andrey Rublev,Roman Safiullin,unibet_uk,Unibet (UK),2026-10-02T19:55:30Z,h2h,Andrey Rublev,1.68,,0.5952380952380952,0.5647668393782384,0.2
2026-10-02T19:56:06.389579+00:00,2026-10-02T20:56:06.389579+01:00,fab68d601d3c902595fb337427fca585,tennis_atp_china_open,ATP China Open,2026-10-03T05:00:00+00:00,2026-10-03T06:00:00+01:00,Andrey Rublev,Roman Safiullin,unibet_uk,Unibet (UK),2026-10-02T19:55:30Z,h2h,Roman Safiullin,2.18,,0.4587155963302752,0.4352331606217616,0.2
2026-10-02T19:56:06.389579+00:00,2026-10-02T20:56:06.389579+01:00,fab68d601d3c902595fb337427fca585,tennis_atp_china_open,ATP China Open,2026-10-03T05:00:00+00:00,2026-10-03T06:00:00+01:00,Andrey Rublev,Roman Safiullin,betway,Betway,2026-10-02T19:55:30Z,h2h,Andrey Rublev,1.65,,0.6060606060606061,0.5714285714285715,0.2
2026-10-02T19:56:06.389579+00:00,2026-10-02T20:56:06.389579+01:00,fab68d601d3c902595fb337427fca585,tennis_atp_china_open,ATP China Open,2026-10-03T05:00:00+00:00,2026-10-03T06:00:00+01:00,Andrey Rublev,Roman Safiullin,betway,Betway,2026-10-02T19:55:30Z,h2h,Roman Safiullin,2.2,,0.45454545454545453,0.4285714285714286,0.2
2026-10-02T19:56:06.389579+00:00,2026-10-02T20:56:06.389579+01:00,fab68d601d3c902595fb337427fca585,tennis_atp_china_open,ATP China Open,2026-10-03T05:00:00+00:00,2026-10-03T06:00:00+01:00,Andrey Rublev,Roman Safiullin,paddypower,Paddy Power,2026-10-02T19:54:58Z,h2h,Andrey Rublev,1.67,,0.5988023952095809,0.557029177718833,0.2
2026-10-02T19:56:06.389579+00:00,2026-10-02T20:56:06.389579+01:00,fab68d601d3c902595fb337427fca585,tennis_atp_china_open,ATP China Open,2026-10-03T05:00:00+00:00,2026-10-03T06:00:00+01:00,Andrey Rublev,Roman Safiullin,paddypower,Paddy Power,2026-10-02T19:54:58Z,h2h,Roman Safiullin,2.1,,0.47619047619047616,0.44297082228116713,0.2
2026-10-02T19:56:06.389579+00:00,2026-10-02T20:56:06.389579+01:00,fab68d601d3c902595fb337427fca585,tennis_atp_china_open,ATP China Open,2026-10-03T05:00:00+00:00,2026-10-03T06:00:00+01:00,Andrey Rublev,Roman Safiullin,matchbook,Matchbook,2026-10-02T19:55:46Z,h2h,Andrey Rublev,1.73,,0.5780346820809249,0.5749385749385749,0.2
2026-10-02T19:56:06.389579+00:00,2026-10-02T20:56:06.389579+01:00,fab68d601d3c902595fb337427fca585,tennis_atp_china_open,ATP China Open,2026-10-03T05:00:00+00:00,2026-10-03T06:00:00+01:00,Andrey Rublev,Roman Safiullin,matchbook,Matchbook,2026-10-02T19:55:46Z,h2h,Roman Safiullin,2.34,,0.4273504273504274,0.425061425061425,0.2
2026-10-02T19:56:06.389579+00:00,2026-10-02T20:56:06.389579+01:00,fab68d601d3c902595fb337427fca585,tennis_atp_china_open,ATP China Open,2026-10-03T05:00:00+00:00,2026-10-03T06:00:00+01:00,Andrey Rublev,Roman Safiullin,matchbook,Matchbook,2026-10-02T19:55:46Z,h2h_lay,Andrey Rublev,1.74,,0.5747126436781609,1.0,0.2
2026-10-02T19:56:06.389579+00:00,2026-10-02T20:56:06.389579+01:00,fab68d601d3c902595fb337427fca585,tennis_atp_china_open,ATP China Open,2026-10-03T05:00:00+00:00,2026-10-03T06:00:00+01:00,Andrey Rublev,Roman Safiullin,matchbook,Matchbook,2026-10-02T19:55:46Z,h2h_lay,Roman Safiullin,2.36,,0.42372881355932207,1.0,0.2
2026-10-02T19:56:06.389579+00:00,2026-10-02T20:56:06.389579+01:00,fab68d601d3c902595fb337427fca585,tennis_atp_china_open,ATP China Open,2026-10-03T05:00:00+00:00,2026-10-03T06:00:00+01:00,Andrey Rublev,Roman Safiullin,sport888,888sport,2026-10-02T19:55:45Z,h2h,Andrey Rublev,1.67,,0.5988023952095809,0.5684754521963824,0.2
2026-10-02T19:56:06.389579+00:00,2026-10-02T20:56:06.389579+01:00,fab68d601d3c902595fb337427fca585,tennis_atp_china_open,ATP China Open,2026-10-03T05:00:00+00:00,2026-10-03T06:00:00+01:00,Andrey Rublev,Roman Safiullin,sport888,888sport,2026-10-02T19:55:45Z,h2h,Roman Safiullin,2.2,,0.45454545454545453,0.43152454780361754,0.2
2026-10-02T19:56:06.389579+00:00,2026-10-02T20:56:06.389579+01:00,fab68d601d3c902595fb337427fca585,tennis_atp_china_open,ATP China Open,2026-10-03T05:00:00+00:00,2026-10-03T06:00:00+01:00,Andrey Rublev,Roman Safiullin,williamhill,William Hill,2026-10-02T19:55:16Z,h2h,Andrey Rublev,1.67,,0.5988023952095809,0.5684754521963824,0.2
2026-10-02T19:56:06.389579+00:00,2026-10-02T20:56:06.389579+01:00,fab68d601d3c902595fb337427fca585,tennis_atp_china_open,ATP China Open,2026-10-03T05:00:00+00:00,2026-10-03T06:00:00+01:00,Andrey Rublev,Roman Safiullin,williamhill,William Hill,2026-10-02T19:55:16Z,h2h,Roman Safiullin,2.2,,0.45454545454545453,0.43152454780361754,0.2
2026-10-02T19:56:06.389579+00:00,2026-10-02T20:56:06.389579+01:00,fab68d601d3c902595fb337427fca585,tennis_atp_china_open,ATP China Open,2026-10-03T05:00:00+00:00,2026-10-03T06:00:00+01:00,Andrey Rublev,Roman Safiullin,skybet,Sky Bet,2026-10-02T19:55:29Z,h2h,Andrey Rublev,1.67,,0.5988023952095809,0.557029177718833,0.2
2026-10-02T19:56:06.389579+00:00,2026-10-02T20:56:06.389579+01:00,fab68d601d3c902595fb337427fca585,tennis_atp_china_open,ATP China Open,2026-10-03T05:00:00+00:00,2026-10-03T06:00:00+01:00,Andrey Rublev,Roman Safiullin,skybet,Sky Bet,2026-10-02T19:55:29Z,h2h,Roman Safiullin,2.1,,0.47619047619047616,0.44297082228116713,0.2
2026-10-02T19:56:06.389579+00:00,2026-10-02T20:56:06.389579+01:00,fab68d601d3c902595fb337427fca585,tennis_atp_china_open,ATP China Open,2026-10-03T05:00:00+00:00,2026-10-03T06:00:00+01:00,Andrey Rublev,Roman Safiullin,virginbet,Virgin Bet,2026-10-02T19:55:14Z,h2h,Andrey Rublev,1.68,,0.5952380952380952,0.5647668393782384,0.2
2026-10-02T19:56:06.389579+00:00,2026-10-02T20:56:06.389579+01:00,fab68d601d3c902595fb337427fca585,tennis_atp_china_open,ATP China Open,2026-10-03T05:00:00+00:00,2026-10-03T06:00:00+01:00,Andrey Rublev,Roman Safiullin,virginbet,Virgin Bet,2026-10-02T19:55:14Z,h2h,Roman Safiullin,2.18,,0.4587155963302752,0.4352331606217616,0.2
2026-10-02T19:56:06.389579+00:00,2026-10-02T20:56:06.389579+01:00,fab68d601d3c902595fb337427fca585,tennis_atp_china_open,ATP China Open,2026-10-03T05:00:00+00:00,2026-10-03T06:00:00+01:00,Andrey Rublev,Roman Safiullin,grosvenor,Grosvenor,2026-10-02T19:55:47Z,h2h,Andrey Rublev,1.68,,0.5952380952380952,0.5647668393782384,0.2
2026-10-02T19:56:06.389579+00:00,2026-10-02T20:56:06.389579+01:00,fab68d601d3c902595fb337427fca585,tennis_atp_china_open,ATP China Open,2026-10-03T05:00:00+00:00,2026-10-03T06:00:00+01:00,Andrey Rublev,Roman Safiullin,grosvenor,Grosvenor,2026-10-02T19:55:47Z,h2h,Roman Safiullin,2.18,,0.4587155963302752,0.4352331606217616,0.2
2026-10-02T19:56:06.389579+00:00,2026-10-02T20:56:06.389579+01:00,fab68d601d3c902595fb337427fca585,tennis_atp_china_open,ATP China Open,2026-10-03T05:00:00+00:00,2026-10-03T06:00:00+01:00,Andrey Rublev,Roman Safiullin,casumo,Casumo,2026-10-02T19:55:46Z,h2h,Andrey Rublev,1.68,,0.5952380952380952,0.5647668393782384,0.2
2026-10-02T19:56:06.389579+00:00,2026-10-02T20:56:06.389579+01:00,fab68d601d3c902595fb337427fca585,tennis_atp_china_open,ATP China Open,2026-10-03T05:00:00+00:00,2026-10-03T06:00:00+01:00,Andrey Rublev,Roman Safiullin,casumo,Casumo,2026-10-02T19:55:46Z,h2h,Roman Safiullin,2.18,,0.4587155963302752,0.4352331606217616,0.2
2026-10-02T19:56:06.389579+00:00,2026-10-02T20:56:06.389579+01:00,fab68d601d3c902595fb337427fca585,tennis_atp_china_open,ATP China Open,2026-10-03T05:00:00+00:00,2026-10-03T06:00:00+01:00,Andrey Rublev,Roman Safiullin,livescorebet,LiveScore Bet,2026-10-02T19:56:02Z,h2h,Andrey Rublev,1.68,,0.5952380952380952,0.5647668393782384,0.2
2026-10-02T19:56:06.389579+00:00,2026-10-02T20:56:06.389579+01:00,fab68d601d3c902595fb337427fca585,tennis_atp_china_open,ATP China Open,2026-10-03T05:00:00+00:00,2026-10-03T06:00:00+01:00,Andrey Rublev,Roman Safiullin,livescorebet,LiveScore Bet,2026-10-02T19:56:02Z,h2h,Roman Safiullin,2.18,,0.4587155963302752,0.4352331606217616,0.2
2026-10-02T19:56:06.389579+00:00,2026-10-02T20:56:06.389579+01:00,fab68d601d3c902595fb337427fca585,tennis_atp_china_open,ATP China Open,2026-10-03T05:00:00+00:00,2026-10-03T06:00:00+01:00,Andrey Rublev,Roman Safiullin,betfair_sb_uk,Betfair Sportsbook,2026-10-02T19:55:30Z,h2h,Andrey Rublev,1.73,,0.5780346820809249,0.5483028720626633,0.2
2026-10-02T19:56:06.389579+00:00,2026-10-02T20:56:06.389579+01:00,fab68d601d3c902595fb337427fca585,tennis_atp_china_open,ATP China Open,2026-10-03T05:00:00+00:00,2026-10-03T06:00:00+01:00,Andrey Rublev,Roman Safiullin,betfair_sb_uk,Betfair Sportsbook,2026-10-02T19:55:30Z,h2h,Roman Safiullin,2.1,,0.47619047619047616,0.4516971279373368,0.2
2026-10-02T19:56:06.389579+00:00,2026-10-02T20:56:06.389579+01:00,fab68d601d3c902595fb337427fca585,tennis_atp_china_open,ATP China Open,2026-10-03T05:00:00+00:00,2026-10-03T06:00:00+01:00,Andrey Rublev,Roman Safiullin,boylesports,BoyleSports,2026-10-02T19:56:05Z,h2h,Andrey Rublev,1.73,,0.5780346820809249,0.5541237113402062,0.2
2026-10-02T19:56:06.389579+00:00,2026-10-02T20:56:06.389579+01:00,fab68d601d3c902595fb337427fca585,tennis_atp_china_open,ATP China Open,2026-10-03T05:00:00+00:00,2026-10-03T06:00:00+01:00,Andrey Rublev,Roman Safiullin,boylesports,BoyleSports,2026-10-02T19:56:05Z,h2h,Roman Safiullin,2.15,,0.46511627906976744,0.4458762886597938,0.2
2026-10-02T19:56:06.389579+00:00,2026-10-02T20:56:06.389579+01:00,fab68d601d3c902595fb337427fca585,tennis_atp_china_open,ATP China Open,2026-10-03T05:00:00+00:00,2026-10-03T06:00:00+01:00,Andrey Rublev,Roman Safiullin,coral,Coral,2026-10-02T19:55:33Z,h2h,Andrey Rublev,1.65,,0.6060606060606061,0.5657894736842105,0.2
2026-10-02T19:56:06.389579+00:00,2026-10-02T20:56:06.389579+01:00,fab68d601d3c902595fb337427fca585,tennis_atp_china_open,ATP China Open,2026-10-03T05:00:00+00:00,2026-10-03T06:00:00+01:00,Andrey Rublev,Roman Safiullin,coral,Coral,2026-10-02T19:55:33Z,h2h,Roman Safiullin,2.15,,0.46511627906976744,0.43421052631578944,0.2
2026-10-02T19:56:06.389579+00:00,2026-10-02T20:56:06.389579+01:00,fab68d601d3c902595fb337427fca585,tennis_atp_china_open,ATP China Open,2026-10-03T05:00:00+00:00,2026-10-03T06:00:00+01:00,Andrey Rublev,Roman Safiullin,ladbrokes_uk,Ladbrokes,2026-10-02T19:55:46Z,h2h,Andrey Rublev,1.65,,0.6060606060606061,0.5657894736842105,0.2
2026-10-02T19:56:06.389579+00:00,2026-10-02T20:56:06.389579+01:00,fab68d601d3c902595fb337427fca585,tennis_atp_china_open,ATP China Open,2026-10-03T05:00:00+00:00,2026-10-03T06:00:00+01:00,Andrey Rublev,Roman Safiullin,ladbrokes_uk,Ladbrokes,2026-10-02T19:55:46Z,h2h,Roman Safiullin,2.15,,0.46511627906976744,0.43421052631578944,0.2
2026-10-02T19:56:06.389579+00:00,2026-10-02T20:56:06.389579+01:00,fab68d601d3c902595fb337427fca585,tennis_atp_china_open,ATP China Open,2026-10-03T05:00:00+00:00,2026-10-03T06:00:00+01:00,Andrey Rublev,Roman Safiullin,betano_uk,Betano (UK),2026-10-02T19:54:51Z,h2h,Andrey Rublev,1.67,,0.5988023952095809,0.557029177718833,0.2
2026-10-02T19:56:06.389579+00:00,2026-10-02T20:56:06.389579+01:00,fab68d601d3c902595fb337427fca585,tennis_atp_china_open,ATP China Open,2026-10-03T05:00:00+00:00,2026-10-03T06:00:00+01:00,Andrey Rublev,Roman Safiullin,betano_uk,Betano (UK),2026-10-02T19:54:51Z,h2h,Roman Safiullin,2.1,,0.47619047619047616,0.44297082228116713,0.2
2026-10-02T19:56:06.389579+00:00,2026-10-02T20:56:06.389579+01:00,fab68d601d3c902595fb337427fca585,tennis_atp_china_open,ATP China Open,2026-10-03T05:00:00+00:00,2026-10-03T06:00:00+01:00,Andrey Rublev,Roman Safiullin,betvictor,Bet Victor,2026-10-02T19:50:02Z,h2h,Andrey Rublev,1.67,,0.5988023952095809,0.557029177718833,0.2
2026-10-02T19:56:06.389579+00:00,2026-10-02T20:56:06.389579+01:00,fab68d601d3c902595fb337427fca585,tennis_atp_china_open,ATP China Open,2026-10-03T05:00:00+00:00,2026-10-03T06:00:00+01:00,Andrey Rublev,Roman Safiullin,betvictor,Bet Victor,2026-10-02T19:50:02Z,h2h,Roman Safiullin,2.1,,0.47619047619047616,0.44297082228116713,0.2
2026-10-02T19:56:06.389579+00:00,2026-10-02T20:56:06.389579+01:00,84fefb7009232a1bafbed2450065664a,tennis_atp_china_open,ATP China Open,2026-10-03T09:00:00+00:00,2026-10-03T10:00:00+01:00,Daniil Medvedev,Jan-Lennard Struff,matchbook,Matchbook,2026-10-02T19:55:46Z,h2h,Daniil Medvedev,1.18,,0.8474576271186441,0.8401084010840109,0.2
2026-10-02T19:56:06.389579+00:00,2026-10-02T20:56:06.389579+01:00,84fefb7009232a1bafbed2450065664a,tennis_atp_china_open,ATP China Open,2026-10-03T09:00:00+00:00,2026-10-03T10:00:00+01:00,Daniil Medvedev,Jan-Lennard Struff,matchbook,Matchbook,2026-10-02T19:55:46Z,h2h,Jan-Lennard Struff,6.2,,0.16129032258064516,0.15989159891598914,0.2
2026-10-02T19:56:06.389579+00:00,2026-10-02T20:56:06.389579+01:00,84fefb7009232a1bafbed2450065664a,tennis_atp_china_open,ATP China Open,2026-10-03T09:00:00+00:00,2026-10-03T10:00:00+01:00,Daniil Medvedev,Jan-Lennard Struff,matchbook,Matchbook,2026-10-02T19:55:46Z,h2h_lay,Daniil Medvedev,1.19,,0.8403361344537815,1.0,0.2
2026-10-02T19:56:06.389579+00:00,2026-10-02T20:56:06.389579+01:00,84fefb7009232a1bafbed2450065664a,tennis_atp_china_open,ATP China Open,2026-10-03T09:00:00+00:00,2026-10-03T10:00:00+01:00,Daniil Medvedev,Jan-Lennard Struff,matchbook,Matchbook,2026-10-02T19:55:46Z,h2h_lay,Jan-Lennard Struff,6.6,,0.15151515151515152,1.0,0.2
2026-10-02T19:56:06.389579+00:00,2026-10-02T20:56:06.389579+01:00,84fefb7009232a1bafbed2450065664a,tennis_atp_china_open,ATP China Open,2026-10-03T09:00:00+00:00,2026-10-03T10:00:00+01:00,Daniil Medvedev,Jan-Lennard Struff,casumo,Casumo,2026-10-02T19:55:46Z,h2h,Daniil Medvedev,1.18,,0.8474576271186441,0.8059210526315791,0.2
2026-10-02T19:56:06.389579+00:00,2026-10-02T20:56:06.389579+01:00,84fefb7009232a1bafbed2450065664a,tennis_atp_china_open,ATP China Open,2026-10-03T09:00:00+00:00,2026-10-03T10:00:00+01:00,Daniil Medvedev,Jan-Lennard Struff,casumo,Casumo,2026-10-02T19:55:46Z,h2h,Jan-Lennard Struff,4.9,,0.2040816326530612,0.19407894736842105,0.2
2026-10-02T19:56:06.389579+00:00,2026-10-02T20:56:06.389579+01:00,84fefb7009232a1bafbed2450065664a,tennis_atp_china_open,ATP China Open,2026-10-03T09:00:00+00:00,2026-10-03T10:00:00+01:00,Daniil Medvedev,Jan-Lennard Struff,betfair_ex_uk,Betfair,2026-10-02T19:56:02Z,h2h,Daniil Medvedev,1.18,,0.8474576271186441,0.8356545961002786,0.2
2026-10-02T19:56:06.389579+00:00,2026-10-02T20:56:06.389579+01:00,84fefb7009232a1bafbed2450065664a,tennis_atp_china_open,ATP China Open,2026-10-03T09:00:00+00:00,2026-10-03T10:00:00+01:00,Daniil Medvedev,Jan-Lennard Struff,betfair_ex_uk,Betfair,2026-10-02T19:56:02Z,h2h,Jan-Lennard Struff,6.0,,0.16666666666666666,0.16434540389972144,0.2
2026-10-02T19:56:06.389579+00:00,2026-10-02T20:56:06.389579+01:00,84fefb7009232a1bafbed2450065664a,tennis_atp_china_open,ATP China Open,2026-10-03T09:00:00+00:00,2026-10-03T10:00:00+01:00,Daniil Medvedev,Jan-Lennard Struff,betfair_ex_uk,Betfair,2026-10-02T19:56:02Z,h2h_lay,Daniil Medvedev,1.2,,0.8333333333333334,1.0,0.2
2026-10-02T19:56:06.389579+00:00,2026-10-02T20:56:06.389579+01:00,84fefb7009232a1bafbed2450065664a,tennis_atp_china_open,ATP China Open,2026-10-03T09:00:00+00:00,2026-10-03T10:00:00+01:00,Daniil Medvedev,Jan-Lennard Struff,betfair_ex_uk,Betfair,2026-10-02T19:56:02Z,h2h_lay,Jan-Lennard Struff,6.6,,0.15151515151515152,1.0,0.2
2026-10-02T19:56:06.389579+00:00,2026-10-02T20:56:06.389579+01:00,84fefb7009232a1bafbed2450065664a,tennis_atp_china_open,ATP China Open,2026-10-03T09:00:00+00:00,2026-10-03T10:00:00+01:00,Daniil Medvedev,Jan-Lennard Struff,grosvenor,Grosvenor,2026-10-02T19:55:47Z,h2h,Daniil Medvedev,1.18,,0.8474576271186441,0.8059210526315791,0.2
2026-10-02T19:56:06.389579+00:00,2026-10-02T20:56:06.389579+01:00,84fefb7009232a1bafbed2450065664a,tennis_atp_china_open,ATP China Open,2026-10-03T09:00:00+00:00,2026-10-03T10:00:00+01:00,Daniil Medvedev,Jan-Lennard Struff,grosvenor,Grosvenor,2026-10-02T19:55:47Z,h2h,Jan-Lennard Struff,4.9,,0.2040816326530612,0.19407894736842105,0.2
2026-10-02T19:56:06.389579+00:00,2026-10-02T20:56:06.389579+01:00,84fefb7009232a1bafbed2450065664a,tennis_atp_china_open,ATP China Open,2026-10-03T09:00:00+00:00,2026-10-03T10:00:00+01:00,Daniil Medvedev,Jan-Lennard Struff,betway,Betway,2026-10-02T19:55:30Z,h2h,Daniil Medvedev,1.15,,0.8695652173913044,0.8270676691729323,0.2
2026-10-02T19:56:06.389579+00:00,2026-10-02T20:56:06.389579+01:00,84fefb7009232a1bafbed2450065664a,tennis_atp_china_open,ATP China Open,2026-10-03T09:00:00+00:00,2026-10-03T10:00:00+01:00,Daniil Medvedev,Jan-Lennard Struff,betway,Betway,2026-10-02T19:55:30Z,h2h,Jan-Lennard Struff,5.5,,0.18181818181818182,0.17293233082706766,0.2
2026-10-02T19:56:06.389579+00:00,2026-10-02T20:56:06.389579+01:00,84fefb7009232a1bafbed2450065664a,tennis_atp_china_open,ATP China Open,2026-10-03T09:00:00+00:00,2026-10-03T10:00:00+01:00,Daniil Medvedev,Jan-Lennard Struff,livescorebet,LiveScore Bet,2026-10-02T19:56:02Z,h2h,Daniil Medvedev,1.18,,0.8474576271186441,0.8059210526315791,0.2
2026-10-02T19:56:06.389579+00:00,2026-10-02T20:56:06.389579+01:00,84fefb7009232a1bafbed2450065664a,tennis_atp_china_open,ATP China Open,2026-10-03T09:00:00+00:00,2026-10-03T10:00:00+01:00,Daniil Medvedev,Jan-Lennard Struff,livescorebet,LiveScore Bet,2026-10-02T19:56:02Z,h2h,Jan-Lennard Struff,4.9,,0.2040816326530612,0.19407894736842105,0.2
2026-10-02T19:56:06.389579+00:00,2026-10-02T20:56:06.389579+01:00,84fefb7009232a1bafbed2450065664a,tennis_atp_china_open,ATP China Open,2026-10-03T09:00:00+00:00,2026-10-03T10:00:00+01:00,Daniil Medvedev,Jan-Lennard Struff,virginbet,Virgin Bet,2026-10-02T19:55:14Z,h2h,Daniil Medvedev,1.18,,0.8474576271186441,0.8059210526315791,0.2
2026-10-02T19:56:06.389579+00:00,2026-10-02T20:56:06.389579+01:00,84fefb7009232a1bafbed2450065664a,tennis_atp_china_open,ATP China Open,2026-10-03T09:00:00+00:00,2026-10-03T10:00:00+01:00,Daniil Medvedev,Jan-Lennard Struff,virginbet,Virgin Bet,2026-10-02T19:55:14Z,h2h,Jan-Lennard Struff,4.9,,0.2040816326530612,0.19407894736842105,0.2
2026-10-02T19:56:06.389579+00:00,2026-10-02T20:56:06.389579+01:00,84fefb7009232a1bafbed2450065664a,tennis_atp_china_open,ATP China Open,2026-10-03T09:00:00+00:00,2026-10-03T10:00:00+01:00,Daniil Medvedev,Jan-Lennard Struff,leovegas,LeoVegas,2026-10-02T19:55:15Z,h2h,Daniil Medvedev,1.14,,0.8771929824561404,0.8143322475570033,0.2
2026-10-02T19:56:06.389579+00:00,2026-10-02T20:56:06.389579+01:00,84fefb7009232a1bafbed2450065664a,tennis_atp_china_open,ATP China Open,2026-10-03T09:00:00+00:00,2026-10-03T10:00:00+01:00,Daniil Medvedev,Jan-Lennard Struff,leovegas,LeoVegas,2026-10-02T19:55:15Z,h2h,Jan-Lennard Struff,5.0,,0.2,0.18566775244299674,0.2
2026-10-02T19:56:06.389579+00:00,2026-10-02T20:56:06.389579+01:00,84fefb7009232a1bafbed2450065664a,tennis_atp_china_open,ATP China Open,2026-10-03T09:00:00+00:00,2026-10-03T10:00:00+01:00,Daniil Medvedev,Jan-Lennard Struff,unibet_uk,Unibet (UK),2026-10-02T19:55:30Z,h2h,Daniil Medvedev,1.15,,0.8695652173913044,0.8203125,0.2
2026-10-02T19:56:06.389579+00:00,2026-10-02T20:56:06.389579+01:00,84fefb7009232a1bafbed2450065664a,tennis_atp_china_open,ATP China Open,2026-10-03T09:00:00+00:00,2026-10-03T10:00:00+01:00,Daniil Medvedev,Jan-Lennard Struff,unibet_uk,Unibet (UK),2026-10-02T19:55:30Z,h2h,Jan-Lennard Struff,5.25,,0.19047619047619047,0.17968749999999997,0.2
2026-10-02T19:56:06.389579+00:00,2026-10-02T20:56:06.389579+01:00,84fefb7009232a1bafbed2450065664a,tennis_atp_china_open,ATP China Open,2026-10-03T09:00:00+00:00,2026-10-03T10:00:00+01:00,Daniil Medvedev,Jan-Lennard Struff,paddypower,Paddy Power,2026-10-02T19:54:58Z,h2h,Daniil Medvedev,1.14,,0.8771929824561404,0.8143322475570033,0.2
2026-10-02T19:56:06.389579+00:00,2026-10-02T20:56:06.389579+01:00,84fefb7009232a1bafbed2450065664a,tennis_atp_china_open,ATP China Open,2026-10-03T09:00:00+00:00,2026-10-03T10:00:00+01:00,Daniil Medvedev,Jan-Lennard Struff,paddypower,Paddy Power,2026-10-02T19:54:58Z,h2h,Jan-Lennard Struff,5.0,,0.2,0.18566775244299674,0.2
2026-10-02T19:56:06.389579+00:00,2026-10-02T20:56:06.389579+01:00,84fefb7009232a1bafbed2450065664a,tennis_atp_china_open,ATP China Open,2026-10-03T09:00:00+00:00,2026-10-03T10:00:00+01:00,Daniil Medvedev,Jan-Lennard Struff,betano_uk,Betano (UK),2026-10-02T19:54:51Z,h2h,Daniil Medvedev,1.14,,0.8771929824561404,0.8143322475570033,0.2
2026-10-02T19:56:06.389579+00:00,2026-10-02T20:56:06.389579+01:00,84fefb7009232a1bafbed2450065664a,tennis_atp_china_open,ATP China Open,2026-10-03T09:00:00+00:00,2026-10-03T10:00:00+01:00,Daniil Medvedev,Jan-Lennard Struff,betano_uk,Betano (UK),2026-10-02T19:54:51Z,h2h,Jan-Lennard Struff,5.0,,0.2,0.18566775244299674,0.2
2026-10-02T19:56:06.389579+00:00,2026-10-02T20:56:06.389579+01:00,84fefb7009232a1bafbed2450065664a,tennis_atp_china_open,ATP China Open,2026-10-03T09:00:00+00:00,2026-10-03T10:00:00+01:00,Daniil Medvedev,Jan-Lennard Struff,betvictor,Bet Victor,2026-10-02T19:50:02Z,h2h,Daniil Medvedev,1.14,,0.8771929824561404,0.8143322475570033,0.2
2026-10-02T19:56:06.389579+00:00,2026-10-02T20:56:06.389579+01:00,84fefb7009232a1bafbed2450065664a,tennis_atp_china_open,ATP China Open,2026-10-03T09:00:00+00:00,2026-10-03T10:00:00+01:00,Daniil Medvedev,Jan-Lennard Struff,betvictor,Bet Victor,2026-10-02T19:50:02Z,h2h,Jan-Lennard Struff,5.0,,0.2,0.18566775244299674,0.2
2026-10-02T19:56:06.389579+00:00,2026-10-02T20:56:06.389579+01:00,84fefb7009232a1bafbed2450065664a,tennis_atp_china_open,ATP China Open,2026-10-03T09:00:00+00:00,2026-10-03T10:00:00+01:00,Daniil Medvedev,Jan-Lennard Struff,smarkets,Smarkets,2026-10-02T19:56:02Z,h2h,Daniil Medvedev,1.17,,0.8547008547008548,0.8368200836820083,0.2
2026-10-02T19:56:06.389579+00:00,2026-10-02T20:56:06.389579+01:00,84fefb7009232a1bafbed2450065664a,tennis_atp_china_open,ATP China Open,2026-10-03T09:00:00+00:00,2026-10-03T10:00:00+01:00,Daniil Medvedev,Jan-Lennard Struff,smarkets,Smarkets,2026-10-02T19:56:02Z,h2h,Jan-Lennard Struff,6.0,,0.16666666666666666,0.16317991631799159,0.2
2026-10-02T19:56:06.389579+00:00,2026-10-02T20:56:06.389579+01:00,84fefb7009232a1bafbed2450065664a,tennis_atp_china_open,ATP China Open,2026-10-03T09:00:00+00:00,2026-10-03T10:00:00+01:00,Daniil Medvedev,Jan-Lennard Struff,smarkets,Smarkets,2026-10-02T19:56:02Z,h2h_lay,Daniil Medvedev,1.21,,0.8264462809917356,1.0,0.2
2026-10-02T19:56:06.389579+00:00,2026-10-02T20:56:06.389579+01:00,84fefb7009232a1bafbed2450065664a,tennis_atp_china_open,ATP China Open,2026-10-03T09:00:00+00:00,2026-10-03T10:00:00+01:00,Daniil Medvedev,Jan-Lennard Struff,smarkets,Smarkets,2026-10-02T19:56:02Z,h2h_lay,Jan-Lennard Struff,6.6,,0.15151515151515152,1.0,0.2
2026-10-02T19:56:06.389579+00:00,2026-10-02T20:56:06.389579+01:00,84fefb7009232a1bafbed2450065664a,tennis_atp_china_open,ATP China Open,2026-10-03T09:00:00+00:00,2026-10-03T10:00:00+01:00,Daniil Medvedev,Jan-Lennard Struff,skybet,Sky Bet,2026-10-02T19:55:29Z,h2h,Daniil Medvedev,1.14,,0.8771929824561404,0.8143322475570033,0.2
2026-10-02T19:56:06.389579+00:00,2026-10-02T20:56:06.389579+01:00,84fefb7009232a1bafbed2450065664a,tennis_atp_china_open,ATP China Open,2026-10-03T09:00:00+00:00,2026-10-03T10:00:00+01:00,Daniil Medvedev,Jan-Lennard Struff,skybet,Sky Bet,2026-10-02T19:55:29Z,h2h,Jan-Lennard Struff,5.0,,0.2,0.18566775244299674,0.2
2026-10-02T19:56:06.389579+00:00,2026-10-02T20:56:06.389579+01:00,84fefb7009232a1bafbed2450065664a,tennis_atp_china_open,ATP China Open,2026-10-03T09:00:00+00:00,2026-10-03T10:00:00+01:00,Daniil Medvedev,Jan-Lennard Struff,boylesports,BoyleSports,2026-10-02T19:56:05Z,h2h,Daniil Medvedev,1.14,,0.8771929824561404,0.8143322475570033,0.2
2026-10-02T19:56:06.389579+00:00,2026-10-02T20:56:06.389579+01:00,84fefb7009232a1bafbed2450065664a,tennis_atp_china_open,ATP China Open,2026-10-03T09:00:00+00:00,2026-10-03T10:00:00+01:00,Daniil Medvedev,Jan-Lennard Struff,boylesports,BoyleSports,2026-10-02T19:56:05Z,h2h,Jan-Lennard Struff,5.0,,0.2,0.18566775244299674,0.2
2026-10-02T19:56:06.389579+00:00,2026-10-02T20:56:06.389579+01:00,84fefb7009232a1bafbed2450065664a,tennis_atp_china_open,ATP China Open,2026-10-03T09:00:00+00:00,2026-10-03T10:00:00+01:00,Daniil Medvedev,Jan-Lennard Struff,betfair_sb_uk,Betfair Sportsbook,2026-10-02T19:55:30Z,h2h,Daniil Medvedev,1.17,,0.8547008547008548,0.8103727714748785,0.2
2026-10-02T19:56:06.389579+00:00,2026-10-02T20:56:06.389579+01:00,84fefb7009232a1bafbed2450065664a,tennis_atp_china_open,ATP China Open,2026-10-03T09:00:00+00:00,2026-10-03T10:00:00+01:00,Daniil Medvedev,Jan-Lennard Struff,betfair_sb_uk,Betfair Sportsbook,2026-10-02T19:55:30Z,h2h,Jan-Lennard Struff,5.0,,0.2,0.18962722852512157,0.2
2026-10-02T19:56:06.389579+00:00,2026-10-02T20:56:06.389579+01:00,84fefb7009232a1bafbed2450065664a,tennis_atp_china_open,ATP China Open,2026-10-03T09:00:00+00:00,2026-10-03T10:00:00+01:00,Daniil Medvedev,Jan-Lennard Struff,sport888,888sport,2026-10-02T19:55:45Z,h2h,Daniil Medvedev,1.17,,0.8547008547008548,0.8103727714748785,0.2
2026-10-02T19:56:06.389579+00:00,2026-10-02T20:56:06.389579+01:00,84fefb7009232a1bafbed2450065664a,tennis_atp_china_open,ATP China Open,2026-10-03T09:00:00+00:00,2026-10-03T10:00:00+01:00,Daniil Medvedev,Jan-Lennard Struff,sport888,888sport,2026-10-02T19:55:45Z,h2h,Jan-Lennard Struff,5.0,,0.2,0.18962722852512157,0.2
2026-10-02T19:56:06.389579+00:00,2026-10-02T20:56:06.389579+01:00,84fefb7009232a1bafbed2450065664a,tennis_atp_china_open,ATP China Open,2026-10-03T09:00:00+00:00,2026-10-03T10:00:00+01:00,Daniil Medvedev,Jan-Lennard Struff,williamhill,William Hill,2026-10-02T19:55:16Z,h2h,Daniil Medvedev,1.17,,0.8547008547008548,0.8103727714748785,0.2
2026-10-02T19:56:06.389579+00:00,2026-10-02T20:56:06.389579+01:00,84fefb7009232a1bafbed2450065664a,tennis_atp_china_open,ATP China Open,2026-10-03T09:00:00+00:00,2026-10-03T10:00:00+01:00,Daniil Medvedev,Jan-Lennard Struff,williamhill,William Hill,2026-10-02T19:55:16Z,h2h,Jan-Lennard Struff,5.0,,0.2,0.18962722852512157,0.2
2026-10-02T19:56:06.389579+00:00,2026-10-02T20:56:06.389579+01:00,84fefb7009232a1bafbed2450065664a,tennis_atp_china_open,ATP China Open,2026-10-03T09:00:00+00:00,2026-10-03T10:00:00+01:00,Daniil Medvedev,Jan-Lennard Struff,coral,Coral,2026-10-02T19:55:33Z,h2h,Daniil Medvedev,1.13,,0.8849557522123894,0.8295625942684766,0.2
2026-10-02T19:56:06.389579+00:00,2026-10-02T20:56:06.389579+01:00,84fefb7009232a1bafbed2450065664a,tennis_atp_china_open,ATP China Open,2026-10-03T09:00:00+00:00,2026-10-03T10:00:00+01:00,Daniil Medvedev,Jan-Lennard Struff,coral,Coral,2026-10-02T19:55:33Z,h2h,Jan-Lennard Struff,5.5,,0.18181818181818182,0.17043740573152336,0.2
2026-10-02T19:56:06.389579+00:00,2026-10-02T20:56:06.389579+01:00,84fefb7009232a1bafbed2450065664a,tennis_atp_china_open,ATP China Open,2026-10-03T09:00:00+00:00,2026-10-03T10:00:00+01:00,Daniil Medvedev,Jan-Lennard Struff,ladbrokes_uk,Ladbrokes,2026-10-02T19:55:46Z,h2h,Daniil Medvedev,1.13,,0.8849557522123894,0.8295625942684766,0.2
2026-10-02T19:56:06.389579+00:00,2026-10-02T20:56:06.389579+01:00,84fefb7009232a1bafbed2450065664a,tennis_atp_china_open,ATP China Open,2026-10-03T09:00:00+00:00,2026-10-03T10:00:00+01:00,Daniil Medvedev,Jan-Lennard Struff,ladbrokes_uk,Ladbrokes,2026-10-02T19:55:46Z,h2h,Jan-Lennard Struff,5.5,,0.18181818181818182,0.17043740573152336,0.2
2026-10-02T19:56:06.389579+00:00,2026-10-02T20:56:06.389579+01:00,33518edfa1e26f2c0e3ae617afe0ab1b,tennis_atp_china_open,ATP China Open,2026-10-03T09:00:00+00:00,2026-10-03T10:00:00+01:00,Francisco Cerundolo,Jakub Mensik,smarkets,Smarkets,2026-10-02T19:56:02Z,h2h,Francisco Cerundolo,2.74,,0.36496350364963503,0.3583138173302107,0.2
2026-10-02T19:56:06.389579+00:00,2026-10-02T20:56:06.389579+01:00,33518edfa1e26f2c0e3ae617afe0ab1b,tennis_atp_china_open,ATP China Open,2026-10-03T09:00:00+00:00,2026-10-03T10:00:00+01:00,Francisco Cerundolo,Jakub Mensik,smarkets,Smarkets,2026-10-02T19:56:02Z,h2h,Jakub Mensik,1.53,,0.6535947712418301,0.6416861826697892,0.2
2026-10-02T19:56:06.389579+00:00,2026-10-02T20:56:06.389579+01:00,33518edfa1e26f2c0e3ae617afe0ab1b,tennis_atp_china_open,ATP China Open,2026-10-03T09:00:00+00:00,2026-10-03T10:00:00+01:00,Francisco Cerundolo,Jakub Mensik,smarkets,Smarkets,2026-10-02T19:56:02Z,h2h_lay,Francisco Cerundolo,2.84,,0.35211267605633806,1.0,0.2
2026-10-02T19:56:06.389579+00:00,2026-10-02T20:56:06.389579+01:00,33518edfa1e26f2c0e3ae617afe0ab1b,tennis_atp_china_open,ATP China Open,2026-10-03T09:00:00+00:00,2026-10-03T10:00:00+01:00,Francisco Cerundolo,Jakub Mensik,smarkets,Smarkets,2026-10-02T19:56:02Z,h2h_lay,Jakub Mensik,1.6,,0.625,1.0,0.2
2026-10-02T19:56:06.389579+00:00,2026-10-02T20:56:06.389579+01:00,33518edfa1e26f2c0e3ae617afe0ab1b,tennis_atp_china_open,ATP China Open,2026-10-03T09:00:00+00:00,2026-10-03T10:00:00+01:00,Francisco Cerundolo,Jakub Mensik,leovegas,LeoVegas,2026-10-02T19:55:15Z,h2h,Francisco Cerundolo,2.5,,0.4,0.37027707808564236,0.2
2026-10-02T19:56:06.389579+00:00,2026-10-02T20:56:06.389579+01:00,33518edfa1e26f2c0e3ae617afe0ab1b,tennis_atp_china_open,ATP China Open,2026-10-03T09:00:00+00:00,2026-10-03T10:00:00+01:00,Francisco Cerundolo,Jakub Mensik,leovegas,LeoVegas,2026-10-02T19:55:15Z,h2h,Jakub Mensik,1.47,,0.6802721088435374,0.6297229219143576,0.2
2026-10-02T19:56:06.389579+00:00,2026-10-02T20:56:06.389579+01:00,33518edfa1e26f2c0e3ae617afe0ab1b,tennis_atp_china_open,ATP China Open,2026-10-03T09:00:00+00:00,2026-10-03T10:00:00+01:00,Francisco Cerundolo,Jakub Mensik,betfair_ex_uk,Betfair,2026-10-02T19:56:02Z,h2h,Francisco Cerundolo,2.76,,0.3623188405797102,0.35962877030162416,0.2
2026-10-02T19:56:06.389579+00:00,2026-10-02T20:56:06.389579+01:00,33518edfa1e26f2c0e3ae617afe0ab1b,tennis_atp_china_open,ATP China Open,2026-10-03T09:00:00+00:00,2026-10-03T10:00:00+01:00,Francisco Cerundolo,Jakub Mensik,betfair_ex_uk,Betfair,2026-10-02T19:56:02Z,h2h,Jakub Mensik,1.55,,0.6451612903225806,0.6403712296983758,0.2
2026-10-02T19:56:06.389579+00:00,2026-10-02T20:56:06.389579+01:00,33518edfa1e26f2c0e3ae617afe0ab1b,tennis_atp_china_open,ATP China Open,2026-10-03T09:00:00+00:00,2026-10-03T10:00:00+01:00,Francisco Cerundolo,Jakub Mensik,betfair_ex_uk,Betfair,2026-10-02T19:56:02Z,h2h_lay,Francisco Cerundolo,2.8,,0.35714285714285715,1.0,0.2
2026-10-02T19:56:06.389579+00:00,2026-10-02T20:56:06.389579+01:00,33518edfa1e26f2c0e3ae617afe0ab1b,tennis_atp_china_open,ATP China Open,2026-10-03T09:00:00+00:00,2026-10-03T10:00:00+01:00,Francisco Cerundolo,Jakub Mensik,betfair_ex_uk,Betfair,2026-10-02T19:56:02Z,h2h_lay,Jakub Mensik,1.57,,0.6369426751592356,1.0,0.2
2026-10-02T19:56:06.389579+00:00,2026-10-02T20:56:06.389579+01:00,33518edfa1e26f2c0e3ae617afe0ab1b,tennis_atp_china_open,ATP China Open,2026-10-03T09:00:00+00:00,2026-10-03T10:00:00+01:00,Francisco Cerundolo,Jakub Mensik,paddypower,Paddy Power,2026-10-02T19:54:58Z,h2h,Francisco Cerundolo,2.62,,0.38167938931297707,0.35467980295566504,0.2
2026-10-02T19:56:06.389579+00:00,2026-10-02T20:56:06.389579+01:00,33518edfa1e26f2c0e3ae617afe0ab1b,tennis_atp_china_open,ATP China Open,2026-10-03T09:00:00+00:00,2026-10-03T10:00:00+01:00,Francisco Cerundolo,Jakub Mensik,paddypower,Paddy Power,2026-10-02T19:54:58Z,h2h,Jakub Mensik,1.44,,0.6944444444444444,0.645320197044335,0.2
2026-10-02T19:56:06.389579+00:00,2026-10-02T20:56:06.389579+01:00,33518edfa1e26f2c0e3ae617afe0ab1b,tennis_atp_china_open,ATP China Open,2026-10-03T09:00:00+00:00,2026-10-03T10:00:00+01:00,Francisco Cerundolo,Jakub Mensik,betway,Betway,2026-10-02T19:55:30Z,h2h,Francisco Cerundolo,2.75,,0.36363636363636365,0.3452380952380952,0.2
2026-10-02T19:56:06.389579+00:00,2026-10-02T20:56:06.389579+01:00,33518edfa1e26f2c0e3ae617afe0ab1b,tennis_atp_china_open,ATP China Open,2026-10-03T09:00:00+00:00,2026-10-03T10:00:00+01:00,Francisco Cerundolo,Jakub Mensik,betway,Betway,2026-10-02T19:55:30Z,h2h,Jakub Mensik,1.45,,0.6896551724137931,0.6547619047619047,0.2
2026-10-02T19:56:06.389579+00:00,2026-10-02T20:56:06.389579+01:00,33518edfa1e26f2c0e3ae617afe0ab1b,tennis_atp_china_open,ATP China Open,2026-10-03T09:00:00+00:00,2026-10-03T10:00:00+01:00,Francisco Cerundolo,Jakub Mensik,unibet_uk,Unibet (UK),2026-10-02T19:55:30Z,h2h,Francisco Cerundolo,2.6,,0.3846153846153846,0.3627450980392157,0.2
2026-10-02T19:56:06.389579+00:00,2026-10-02T20:56:06.389579+01:00,33518edfa1e26f2c0e3ae617afe0ab1b,tennis_atp_china_open,ATP China Open,2026-10-03T09:00:00+00:00,2026-10-03T10:00:00+01:00,Francisco Cerundolo,Jakub Mensik,unibet_uk,Unibet (UK),2026-10-02T19:55:30Z,h2h,Jakub Mensik,1.48,,0.6756756756756757,0.6372549019607844,0.2
2026-10-02T19:56:06.389579+00:00,2026-10-02T20:56:06.389579+01:00,33518edfa1e26f2c0e3ae617afe0ab1b,tennis_atp_china_open,ATP China Open,2026-10-03T09:00:00+00:00,2026-10-03T10:00:00+01:00,Francisco Cerundolo,Jakub Mensik,sport888,888sport,2026-10-02T19:55:45Z,h2h,Francisco Cerundolo,2.6,,0.3846153846153846,0.3658536585365854,0.2
2026-10-02T19:56:06.389579+00:00,2026-10-02T20:56:06.389579+01:00,33518edfa1e26f2c0e3ae617afe0ab1b,tennis_atp_china_open,ATP China Open,2026-10-03T09:00:00+00:00,2026-10-03T10:00:00+01:00,Francisco Cerundolo,Jakub Mensik,sport888,888sport,2026-10-02T19:55:45Z,h2h,Jakub Mensik,1.5,,0.6666666666666666,0.6341463414634148,0.2
2026-10-02T19:56:06.389579+00:00,2026-10-02T20:56:06.389579+01:00,33518edfa1e26f2c0e3ae617afe0ab1b,tennis_atp_china_open,ATP China Open,2026-10-03T09:00:00+00:00,2026-10-03T10:00:00+01:00,Francisco Cerundolo,Jakub Mensik,williamhill,William Hill,2026-10-02T19:55:16Z,h2h,Francisco Cerundolo,2.6,,0.3846153846153846,0.3658536585365854,0.2
2026-10-02T19:56:06.389579+00:00,2026-10-02T20:56:06.389579+01:00,33518edfa1e26f2c0e3ae617afe0ab1b,tennis_atp_china_open,ATP China Open,2026-10-03T09:00:00+00:00,2026-10-03T10:00:00+01:00,Francisco Cerundolo,Jakub Mensik,williamhill,William Hill,2026-10-02T19:55:16Z,h2h,Jakub Mensik,1.5,,0.6666666666666666,0.6341463414634148,0.2
2026-10-02T19:56:06.389579+00:00,2026-10-02T20:56:06.389579+01:00,33518edfa1e26f2c0e3ae617afe0ab1b,tennis_atp_china_open,ATP China Open,2026-10-03T09:00:00+00:00,2026-10-03T10:00:00+01:00,Francisco Cerundolo,Jakub Mensik,virginbet,Virgin Bet,2026-10-02T19:55:14Z,h2h,Francisco Cerundolo,2.75,,0.36363636363636365,0.3452380952380952,0.2
2026-10-02T19:56:06.389579+00:00,2026-10-02T20:56:06.389579+01:00,33518edfa1e26f2c0e3ae617afe0ab1b,tennis_atp_china_open,ATP China Open,2026-10-03T09:00:00+00:00,2026-10-03T10:00:00+01:00,Francisco Cerundolo,Jakub Mensik,virginbet,Virgin Bet,2026-10-02T19:55:14Z,h2h,Jakub Mensik,1.45,,0.6896551724137931,0.6547619047619047,0.2
2026-10-02T19:56:06.389579+00:00,2026-10-02T20:56:06.389579+01:00,33518edfa1e26f2c0e3ae617afe0ab1b,tennis_atp_china_open,ATP China Open,2026-10-03T09:00:00+00:00,2026-10-03T10:00:00+01:00,Francisco Cerundolo,Jakub Mensik,casumo,Casumo,2026-10-02T19:55:46Z,h2h,Francisco Cerundolo,2.75,,0.36363636363636365,0.3436754176610979,0.2
2026-10-02T19:56:06.389579+00:00,2026-10-02T20:56:06.389579+01:00,33518edfa1e26f2c0e3ae617afe0ab1b,tennis_atp_china_open,ATP China Open,2026-10-03T09:00:00+00:00,2026-10-03T10:00:00+01:00,Francisco Cerundolo,Jakub Mensik,casumo,Casumo,2026-10-02T19:55:46Z,h2h,Jakub Mensik,1.44,,0.6944444444444444,0.6563245823389022,0.2
2026-10-02T19:56:06.389579+00:00,2026-10-02T20:56:06.389579+01:00,33518edfa1e26f2c0e3ae617afe0ab1b,tennis_atp_china_open,ATP China Open,2026-10-03T09:00:00+00:00,2026-10-03T10:00:00+01:00,Francisco Cerundolo,Jakub Mensik,grosvenor,Grosvenor,2026-10-02T19:55:47Z,h2h,Francisco Cerundolo,2.75,,0.36363636363636365,0.3436754176610979,0.2
2026-10-02T19:56:06.389579+00:00,2026-10-02T20:56:06.389579+01:00,33518edfa1e26f2c0e3ae617afe0ab1b,tennis_atp_china_open,ATP China Open,2026-10-03T09:00:00+00:00,2026-10-03T10:00:00+01:00,Francisco Cerundolo,Jakub Mensik,grosvenor,Grosvenor,2026-10-02T19:55:47Z,h2h,Jakub Mensik,1.44,,0.6944444444444444,0.6563245823389022,0.2
2026-10-02T19:56:06.389579+00:00,2026-10-02T20:56:06.389579+01:00,33518edfa1e26f2c0e3ae617afe0ab1b,tennis_atp_china_open,ATP China Open,2026-10-03T09:00:00+00:00,2026-10-03T10:00:00+01:00,Francisco Cerundolo,Jakub Mensik,livescorebet,LiveScore Bet,2026-10-02T19:56:02Z,h2h,Francisco Cerundolo,2.75,,0.36363636363636365,0.3452380952380952,0.2
2026-10-02T19:56:06.389579+00:00,2026-10-02T20:56:06.389579+01:00,33518edfa1e26f2c0e3ae617afe0ab1b,tennis_atp_china_open,ATP China Open,2026-10-03T09:00:00+00:00,2026-10-03T10:00:00+01:00,Francisco Cerundolo,Jakub Mensik,livescorebet,LiveScore Bet,2026-10-02T19:56:02Z,h2h,Jakub Mensik,1.45,,0.6896551724137931,0.6547619047619047,0.2
2026-10-02T19:56:06.389579+00:00,2026-10-02T20:56:06.389579+01:00,33518edfa1e26f2c0e3ae617afe0ab1b,tennis_atp_china_open,ATP China Open,2026-10-03T09:00:00+00:00,2026-10-03T10:00:00+01:00,Francisco Cerundolo,Jakub Mensik,skybet,Sky Bet,2026-10-02T19:55:29Z,h2h,Francisco Cerundolo,2.63,,0.3802281368821293,0.35380835380835385,0.2
2026-10-02T19:56:06.389579+00:00,2026-10-02T20:56:06.389579+01:00,33518edfa1e26f2c0e3ae617afe0ab1b,tennis_atp_china_open,ATP China Open,2026-10-03T09:00:00+00:00,2026-10-03T10:00:00+01:00,Francisco Cerundolo,Jakub Mensik,skybet,Sky Bet,2026-10-02T19:55:29Z,h2h,Jakub Mensik,1.44,,0.6944444444444444,0.6461916461916463,0.2
2026-10-02T19:56:06.389579+00:00,2026-10-02T20:56:06.389579+01:00,33518edfa1e26f2c0e3ae617afe0ab1b,tennis_atp_china_open,ATP China Open,2026-10-03T09:00:00+00:00,2026-10-03T10:00:00+01:00,Francisco Cerundolo,Jakub Mensik,matchbook,Matchbook,2026-10-02T19:55:46Z,h2h,Francisco Cerundolo,2.76,,0.3623188405797102,0.35962877030162416,0.2
2026-10-02T19:56:06.389579+00:00,2026-10-02T20:56:06.389579+01:00,33518edfa1e26f2c0e3ae617afe0ab1b,tennis_atp_china_open,ATP China Open,2026-10-03T09:00:00+00:00,2026-10-03T10:00:00+01:00,Francisco Cerundolo,Jakub Mensik,matchbook,Matchbook,2026-10-02T19:55:46Z,h2h,Jakub Mensik,1.55,,0.6451612903225806,0.6403712296983758,0.2
2026-10-02T19:56:06.389579+00:00,2026-10-02T20:56:06.389579+01:00,33518edfa1e26f2c0e3ae617afe0ab1b,tennis_atp_china_open,ATP China Open,2026-10-03T09:00:00+00:00,2026-10-03T10:00:00+01:00,Francisco Cerundolo,Jakub Mensik,matchbook,Matchbook,2026-10-02T19:55:46Z,h2h_lay,Francisco Cerundolo,2.8,,0.35714285714285715,1.0,0.2
2026-10-02T19:56:06.389579+00:00,2026-10-02T20:56:06.389579+01:00,33518edfa1e26f2c0e3ae617afe0ab1b,tennis_atp_china_open,ATP China Open,2026-10-03T09:00:00+00:00,2026-10-03T10:00:00+01:00,Francisco Cerundolo,Jakub Mensik,matchbook,Matchbook,2026-10-02T19:55:46Z,h2h_lay,Jakub Mensik,1.57,,0.6369426751592356,1.0,0.2
2026-10-02T19:56:06.389579+00:00,2026-10-02T20:56:06.389579+01:00,33518edfa1e26f2c0e3ae617afe0ab1b,tennis_atp_china_open,ATP China Open,2026-10-03T09:00:00+00:00,2026-10-03T10:00:00+01:00,Francisco Cerundolo,Jakub Mensik,boylesports,BoyleSports,2026-10-02T19:56:05Z,h2h,Francisco Cerundolo,2.62,,0.38167938931297707,0.3640776699029127,0.2
2026-10-02T19:56:06.389579+00:00,2026-10-02T20:56:06.389579+01:00,33518edfa1e26f2c0e3ae617afe0ab1b,tennis_atp_china_open,ATP China Open,2026-10-03T09:00:00+00:00,2026-10-03T10:00:00+01:00,Francisco Cerundolo,Jakub Mensik,boylesports,BoyleSports,2026-10-02T19:56:05Z,h2h,Jakub Mensik,1.5,,0.6666666666666666,0.6359223300970874,0.2
2026-10-02T19:56:06.389579+00:00,2026-10-02T20:56:06.389579+01:00,33518edfa1e26f2c0e3ae617afe0ab1b,tennis_atp_china_open,ATP China Open,2026-10-03T09:00:00+00:00,2026-10-03T10:00:00+01:00,Francisco Cerundolo,Jakub Mensik,ladbrokes_uk,Ladbrokes,2026-10-02T19:55:46Z,h2h,Francisco Cerundolo,2.6,,0.3846153846153846,0.3627450980392157,0.2
2026-10-02T19:56:06.389579+00:00,2026-10-02T20:56:06.389579+01:00,33518edfa1e26f2c0e3ae617afe0ab1b,tennis_atp_china_open,ATP China Open,2026-10-03T09:00:00+00:00,2026-10-03T10:00:00+01:00,Francisco Cerundolo,Jakub Mensik,ladbrokes_uk,Ladbrokes,2026-10-02T19:55:46Z,h2h,Jakub Mensik,1.48,,0.6756756756756757,0.6372549019607844,0.2
2026-10-02T19:56:06.389579+00:00,2026-10-02T20:56:06.389579+01:00,33518edfa1e26f2c0e3ae617afe0ab1b,tennis_atp_china_open,ATP China Open,2026-10-03T09:00:00+00:00,2026-10-03T10:00:00+01:00,Francisco Cerundolo,Jakub Mensik,coral,Coral,2026-10-02T19:55:33Z,h2h,Francisco Cerundolo,2.6,,0.3846153846153846,0.3627450980392157,0.2
2026-10-02T19:56:06.389579+00:00,2026-10-02T20:56:06.389579+01:00,33518edfa1e26f2c0e3ae617afe0ab1b,tennis_atp_china_open,ATP China Open,2026-10-03T09:00:00+00:00,2026-10-03T10:00:00+01:00,Francisco Cerundolo,Jakub Mensik,coral,Coral,2026-10-02T19:55:33Z,h2h,Jakub Mensik,1.48,,0.6756756756756757,0.6372549019607844,0.2
2026-10-02T19:56:06.389579+00:00,2026-10-02T20:56:06.389579+01:00,33518edfa1e26f2c0e3ae617afe0ab1b,tennis_atp_china_open,ATP China Open,2026-10-03T09:00:00+00:00,2026-10-03T10:00:00+01:00,Francisco Cerundolo,Jakub Mensik,betano_uk,Betano (UK),2026-10-02T19:54:51Z,h2h,Francisco Cerundolo,2.5,,0.4,0.3670886075949367,0.2
2026-10-02T19:56:06.389579+00:00,2026-10-02T20:56:06.389579+01:00,33518edfa1e26f2c0e3ae617afe0ab1b,tennis_atp_china_open,ATP China Open,2026-10-03T09:00:00+00:00,2026-10-03T10:00:00+01:00,Francisco Cerundolo,Jakub Mensik,betano_uk,Betano (UK),2026-10-02T19:54:51Z,h2h,Jakub Mensik,1.45,,0.6896551724137931,0.6329113924050633,0.2
2026-10-02T19:56:06.389579+00:00,2026-10-02T20:56:06.389579+01:00,33518edfa1e26f2c0e3ae617afe0ab1b,tennis_atp_china_open,ATP China Open,2026-10-03T09:00:00+00:00,2026-10-03T10:00:00+01:00,Francisco Cerundolo,Jakub Mensik,betvictor,Bet Victor,2026-10-02T19:50:02Z,h2h,Francisco Cerundolo,2.5,,0.4,0.3670886075949367,0.2
2026-10-02T19:56:06.389579+00:00,2026-10-02T20:56:06.389579+01:00,33518edfa1e26f2c0e3ae617afe0ab1b,tennis_atp_china_open,ATP China Open,2026-10-03T09:00:00+00:00,2026-10-03T10:00:00+01:00,Francisco Cerundolo,Jakub Mensik,betvictor,Bet Victor,2026-10-02T19:50:02Z,h2h,Jakub Mensik,1.45,,0.6896551724137931,0.6329113924050633,0.2
2026-10-02T19:56:06.389579+00:00,2026-10-02T20:56:06.389579+01:00,33518edfa1e26f2c0e3ae617afe0ab1b,tennis_atp_china_open,ATP China Open,2026-10-03T09:00:00+00:00,2026-10-03T10:00:00+01:00,Francisco Cerundolo,Jakub Mensik,betfair_sb_uk,Betfair Sportsbook,2026-10-02T19:55:30Z,h2h,Francisco Cerundolo,2.63,,0.3802281368821293,0.36319612590799033,0.2
2026-10-02T19:56:06.389579+00:00,2026-10-02T20:56:06.389579+01:00,33518edfa1e26f2c0e3ae617afe0ab1b,tennis_atp_china_open,ATP China Open,2026-10-03T09:00:00+00:00,2026-10-03T10:00:00+01:00,Francisco Cerundolo,Jakub Mensik,betfair_sb_uk,Betfair Sportsbook,2026-10-02T19:55:30Z,h2h,Jakub Mensik,1.5,,0.6666666666666666,0.6368038740920097,0.2
2026-10-02T19:56:06.389579+00:00,2026-10-02T20:56:06.389579+01:00,087326fe6b61d830da9960fd80424004,basketball_nbl,NBL,2026-10-03T07:36:00+00:00,2026-10-03T08:36:00+01:00,Brisbane Bullets,Tasmania JackJumpers,coral,Coral,2026-10-02T19:55:52Z,h2h,Brisbane Bullets,1.8,,0.5555555555555556,0.5068493150684932,0.2
2026-10-02T19:56:06.389579+00:00,2026-10-02T20:56:06.389579+01:00,087326fe6b61d830da9960fd80424004,basketball_nbl,NBL,2026-10-03T07:36:00+00:00,2026-10-03T08:36:00+01:00,Brisbane Bullets,Tasmania JackJumpers,coral,Coral,2026-10-02T19:55:52Z,h2h,Tasmania JackJumpers,1.85,,0.5405405405405405,0.49315068493150677,0.2
2026-10-02T19:56:06.389579+00:00,2026-10-02T20:56:06.389579+01:00,087326fe6b61d830da9960fd80424004,basketball_nbl,NBL,2026-10-03T07:36:00+00:00,2026-10-03T08:36:00+01:00,Brisbane Bullets,Tasmania JackJumpers,betfair_ex_uk,Betfair,2026-10-02T19:55:52Z,h2h,Brisbane Bullets,1.86,,0.5376344086021505,0.5255102040816326,0.2
2026-10-02T19:56:06.389579+00:00,2026-10-02T20:56:06.389579+01:00,087326fe6b61d830da9960fd80424004,basketball_nbl,NBL,2026-10-03T07:36:00+00:00,2026-10-03T08:36:00+01:00,Brisbane Bullets,Tasmania JackJumpers,betfair_ex_uk,Betfair,2026-10-02T19:55:52Z,h2h,Tasmania JackJumpers,2.06,,0.4854368932038835,0.4744897959183674,0.2
2026-10-02T19:56:06.389579+00:00,2026-10-02T20:56:06.389579+01:00,087326fe6b61d830da9960fd80424004,basketball_nbl,NBL,2026-10-03T07:36:00+00:00,2026-10-03T08:36:00+01:00,Brisbane Bullets,Tasmania JackJumpers,betfair_ex_uk,Betfair,2026-10-02T19:55:52Z,h2h_lay,Brisbane Bullets,1.95,,0.5128205128205129,1.0,0.2
2026-10-02T19:56:06.389579+00:00,2026-10-02T20:56:06.389579+01:00,087326fe6b61d830da9960fd80424004,basketball_nbl,NBL,2026-10-03T07:36:00+00:00,2026-10-03T08:36:00+01:00,Brisbane Bullets,Tasmania JackJumpers,betfair_ex_uk,Betfair,2026-10-02T19:55:52Z,h2h_lay,Tasmania JackJumpers,2.16,,0.4629629629629629,1.0,0.2
2026-10-02T19:56:06.389579+00:00,2026-10-02T20:56:06.389579+01:00,087326fe6b61d830da9960fd80424004,basketball_nbl,NBL,2026-10-03T07:36:00+00:00,2026-10-03T08:36:00+01:00,Brisbane Bullets,Tasmania JackJumpers,virginbet,Virgin Bet,2026-10-02T19:55:36Z,h2h,Brisbane Bullets,1.77,,0.5649717514124294,0.5366492146596858,0.2
2026-10-02T19:56:06.389579+00:00,2026-10-02T20:56:06.389579+01:00,087326fe6b61d830da9960fd80424004,basketball_nbl,NBL,2026-10-03T07:36:00+00:00,2026-10-03T08:36:00+01:00,Brisbane Bullets,Tasmania JackJumpers,virginbet,Virgin Bet,2026-10-02T19:55:36Z,h2h,Tasmania JackJumpers,2.05,,0.48780487804878053,0.46335078534031415,0.2
