observed_at_utc,observed_at_london,event_id,sport_key,sport_title,commence_time_utc,commence_time_london,home_team,away_team,bookmaker_key,bookmaker_title,bookmaker_last_update,market,outcome,price_decimal,point,raw_implied_probability,market_de_vigged_probability,schema_version
2026-09-29T08:51:09.445673+00:00,2026-09-29T09:51:09.445673+01:00,77acbea522c3e82f4c8d57ec48076443,baseball_npb,NPB,2026-09-29T09:00:00+00:00,2026-09-29T10:00:00+01:00,Tohoku Rakuten Golden Eagles,Chiba Lotte Marines,boylesports,BoyleSports,2026-09-29T08:50:04Z,h2h,Chiba Lotte Marines,2.15,,0.46511627906976744,0.43717277486910994,0.2
2026-09-29T08:51:09.445673+00:00,2026-09-29T09:51:09.445673+01:00,77acbea522c3e82f4c8d57ec48076443,baseball_npb,NPB,2026-09-29T09:00:00+00:00,2026-09-29T10:00:00+01:00,Tohoku Rakuten Golden Eagles,Chiba Lotte Marines,boylesports,BoyleSports,2026-09-29T08:50:04Z,h2h,Tohoku Rakuten Golden Eagles,1.67,,0.5988023952095809,0.5628272251308901,0.2
2026-09-29T08:51:09.445673+00:00,2026-09-29T09:51:09.445673+01:00,77acbea522c3e82f4c8d57ec48076443,baseball_npb,NPB,2026-09-29T09:00:00+00:00,2026-09-29T10:00:00+01:00,Tohoku Rakuten Golden Eagles,Chiba Lotte Marines,sport888,888sport,2026-09-29T08:50:45Z,h2h,Chiba Lotte Marines,2.1,,0.47619047619047616,0.44297082228116713,0.2
2026-09-29T08:51:09.445673+00:00,2026-09-29T09:51:09.445673+01:00,77acbea522c3e82f4c8d57ec48076443,baseball_npb,NPB,2026-09-29T09:00:00+00:00,2026-09-29T10:00:00+01:00,Tohoku Rakuten Golden Eagles,Chiba Lotte Marines,sport888,888sport,2026-09-29T08:50:45Z,h2h,Tohoku Rakuten Golden Eagles,1.67,,0.5988023952095809,0.557029177718833,0.2
2026-09-29T08:51:09.445673+00:00,2026-09-29T09:51:09.445673+01:00,77acbea522c3e82f4c8d57ec48076443,baseball_npb,NPB,2026-09-29T09:00:00+00:00,2026-09-29T10:00:00+01:00,Tohoku Rakuten Golden Eagles,Chiba Lotte Marines,sport888,888sport,2026-09-29T08:50:45Z,spreads,Chiba Lotte Marines,1.5,1.5,0.6666666666666666,0.625,0.2
2026-09-29T08:51:09.445673+00:00,2026-09-29T09:51:09.445673+01:00,77acbea522c3e82f4c8d57ec48076443,baseball_npb,NPB,2026-09-29T09:00:00+00:00,2026-09-29T10:00:00+01:00,Tohoku Rakuten Golden Eagles,Chiba Lotte Marines,sport888,888sport,2026-09-29T08:50:45Z,spreads,Tohoku Rakuten Golden Eagles,2.5,-1.5,0.4,0.375,0.2
2026-09-29T08:51:09.445673+00:00,2026-09-29T09:51:09.445673+01:00,77acbea522c3e82f4c8d57ec48076443,baseball_npb,NPB,2026-09-29T09:00:00+00:00,2026-09-29T10:00:00+01:00,Tohoku Rakuten Golden Eagles,Chiba Lotte Marines,sport888,888sport,2026-09-29T08:50:45Z,totals,Over,2.1,7.5,0.47619047619047616,0.44297082228116713,0.2
2026-09-29T08:51:09.445673+00:00,2026-09-29T09:51:09.445673+01:00,77acbea522c3e82f4c8d57ec48076443,baseball_npb,NPB,2026-09-29T09:00:00+00:00,2026-09-29T10:00:00+01:00,Tohoku Rakuten Golden Eagles,Chiba Lotte Marines,sport888,888sport,2026-09-29T08:50:45Z,totals,Under,1.67,7.5,0.5988023952095809,0.557029177718833,0.2
2026-09-29T08:51:09.445673+00:00,2026-09-29T09:51:09.445673+01:00,77acbea522c3e82f4c8d57ec48076443,baseball_npb,NPB,2026-09-29T09:00:00+00:00,2026-09-29T10:00:00+01:00,Tohoku Rakuten Golden Eagles,Chiba Lotte Marines,betway,Betway,2026-09-29T08:51:00Z,h2h,Chiba Lotte Marines,2.1,,0.47619047619047616,0.44297082228116713,0.2
2026-09-29T08:51:09.445673+00:00,2026-09-29T09:51:09.445673+01:00,77acbea522c3e82f4c8d57ec48076443,baseball_npb,NPB,2026-09-29T09:00:00+00:00,2026-09-29T10:00:00+01:00,Tohoku Rakuten Golden Eagles,Chiba Lotte Marines,betway,Betway,2026-09-29T08:51:00Z,h2h,Tohoku Rakuten Golden Eagles,1.67,,0.5988023952095809,0.557029177718833,0.2
2026-09-29T08:51:09.445673+00:00,2026-09-29T09:51:09.445673+01:00,77acbea522c3e82f4c8d57ec48076443,baseball_npb,NPB,2026-09-29T09:00:00+00:00,2026-09-29T10:00:00+01:00,Tohoku Rakuten Golden Eagles,Chiba Lotte Marines,livescorebet,LiveScore Bet,2026-09-29T08:50:59Z,totals,Over,2.04,7.5,0.49019607843137253,0.45599999999999996,0.2
2026-09-29T08:51:09.445673+00:00,2026-09-29T09:51:09.445673+01:00,77acbea522c3e82f4c8d57ec48076443,baseball_npb,NPB,2026-09-29T09:00:00+00:00,2026-09-29T10:00:00+01:00,Tohoku Rakuten Golden Eagles,Chiba Lotte Marines,livescorebet,LiveScore Bet,2026-09-29T08:50:59Z,totals,Under,1.71,7.5,0.5847953216374269,0.5439999999999999,0.2
2026-09-29T08:51:09.445673+00:00,2026-09-29T09:51:09.445673+01:00,77acbea522c3e82f4c8d57ec48076443,baseball_npb,NPB,2026-09-29T09:00:00+00:00,2026-09-29T10:00:00+01:00,Tohoku Rakuten Golden Eagles,Chiba Lotte Marines,coral,Coral,2026-09-29T08:51:02Z,h2h,Chiba Lotte Marines,2.15,,0.46511627906976744,0.42819148936170215,0.2
2026-09-29T08:51:09.445673+00:00,2026-09-29T09:51:09.445673+01:00,77acbea522c3e82f4c8d57ec48076443,baseball_npb,NPB,2026-09-29T09:00:00+00:00,2026-09-29T10:00:00+01:00,Tohoku Rakuten Golden Eagles,Chiba Lotte Marines,coral,Coral,2026-09-29T08:51:02Z,h2h,Tohoku Rakuten Golden Eagles,1.61,,0.6211180124223602,0.5718085106382979,0.2
2026-09-29T08:51:09.445673+00:00,2026-09-29T09:51:09.445673+01:00,77acbea522c3e82f4c8d57ec48076443,baseball_npb,NPB,2026-09-29T09:00:00+00:00,2026-09-29T10:00:00+01:00,Tohoku Rakuten Golden Eagles,Chiba Lotte Marines,coral,Coral,2026-09-29T08:51:02Z,spreads,Chiba Lotte Marines,1.48,1.5,0.6756756756756757,0.6234096692111959,0.2
2026-09-29T08:51:09.445673+00:00,2026-09-29T09:51:09.445673+01:00,77acbea522c3e82f4c8d57ec48076443,baseball_npb,NPB,2026-09-29T09:00:00+00:00,2026-09-29T10:00:00+01:00,Tohoku Rakuten Golden Eagles,Chiba Lotte Marines,coral,Coral,2026-09-29T08:51:02Z,spreads,Tohoku Rakuten Golden Eagles,2.45,-1.5,0.4081632653061224,0.37659033078880405,0.2
2026-09-29T08:51:09.445673+00:00,2026-09-29T09:51:09.445673+01:00,77acbea522c3e82f4c8d57ec48076443,baseball_npb,NPB,2026-09-29T09:00:00+00:00,2026-09-29T10:00:00+01:00,Tohoku Rakuten Golden Eagles,Chiba Lotte Marines,coral,Coral,2026-09-29T08:51:02Z,totals,Over,2.05,7.5,0.48780487804878053,0.44892473118279574,0.2
2026-09-29T08:51:09.445673+00:00,2026-09-29T09:51:09.445673+01:00,77acbea522c3e82f4c8d57ec48076443,baseball_npb,NPB,2026-09-29T09:00:00+00:00,2026-09-29T10:00:00+01:00,Tohoku Rakuten Golden Eagles,Chiba Lotte Marines,coral,Coral,2026-09-29T08:51:02Z,totals,Under,1.67,7.5,0.5988023952095809,0.5510752688172044,0.2
2026-09-29T08:51:09.445673+00:00,2026-09-29T09:51:09.445673+01:00,d5107e89514ca86b0710f8d06a685dbd,baseball_npb,NPB,2026-09-29T09:00:00+00:00,2026-09-29T10:00:00+01:00,Hanshin Tigers,Tokyo Yakult Swallows,boylesports,BoyleSports,2026-09-29T08:50:04Z,h2h,Hanshin Tigers,1.36,,0.7352941176470588,0.6880733944954128,0.2
2026-09-29T08:51:09.445673+00:00,2026-09-29T09:51:09.445673+01:00,d5107e89514ca86b0710f8d06a685dbd,baseball_npb,NPB,2026-09-29T09:00:00+00:00,2026-09-29T10:00:00+01:00,Hanshin Tigers,Tokyo Yakult Swallows,boylesports,BoyleSports,2026-09-29T08:50:04Z,h2h,Tokyo Yakult Swallows,3.0,,0.3333333333333333,0.3119266055045871,0.2
2026-09-29T08:51:09.445673+00:00,2026-09-29T09:51:09.445673+01:00,d5107e89514ca86b0710f8d06a685dbd,baseball_npb,NPB,2026-09-29T09:00:00+00:00,2026-09-29T10:00:00+01:00,Hanshin Tigers,Tokyo Yakult Swallows,sport888,888sport,2026-09-29T08:50:45Z,h2h,Hanshin Tigers,1.4,,0.7142857142857143,0.6626506024096386,0.2
2026-09-29T08:51:09.445673+00:00,2026-09-29T09:51:09.445673+01:00,d5107e89514ca86b0710f8d06a685dbd,baseball_npb,NPB,2026-09-29T09:00:00+00:00,2026-09-29T10:00:00+01:00,Hanshin Tigers,Tokyo Yakult Swallows,sport888,888sport,2026-09-29T08:50:45Z,h2h,Tokyo Yakult Swallows,2.75,,0.36363636363636365,0.3373493975903614,0.2
2026-09-29T08:51:09.445673+00:00,2026-09-29T09:51:09.445673+01:00,d5107e89514ca86b0710f8d06a685dbd,baseball_npb,NPB,2026-09-29T09:00:00+00:00,2026-09-29T10:00:00+01:00,Hanshin Tigers,Tokyo Yakult Swallows,sport888,888sport,2026-09-29T08:50:45Z,spreads,Hanshin Tigers,2.0,-1.5,0.5,0.4638069705093834,0.2
2026-09-29T08:51:09.445673+00:00,2026-09-29T09:51:09.445673+01:00,d5107e89514ca86b0710f8d06a685dbd,baseball_npb,NPB,2026-09-29T09:00:00+00:00,2026-09-29T10:00:00+01:00,Hanshin Tigers,Tokyo Yakult Swallows,sport888,888sport,2026-09-29T08:50:45Z,spreads,Tokyo Yakult Swallows,1.73,1.5,0.5780346820809249,0.5361930294906166,0.2
2026-09-29T08:51:09.445673+00:00,2026-09-29T09:51:09.445673+01:00,d5107e89514ca86b0710f8d06a685dbd,baseball_npb,NPB,2026-09-29T09:00:00+00:00,2026-09-29T10:00:00+01:00,Hanshin Tigers,Tokyo Yakult Swallows,sport888,888sport,2026-09-29T08:50:45Z,totals,Over,1.67,5.5,0.5988023952095809,0.557029177718833,0.2
2026-09-29T08:51:09.445673+00:00,2026-09-29T09:51:09.445673+01:00,d5107e89514ca86b0710f8d06a685dbd,baseball_npb,NPB,2026-09-29T09:00:00+00:00,2026-09-29T10:00:00+01:00,Hanshin Tigers,Tokyo Yakult Swallows,sport888,888sport,2026-09-29T08:50:45Z,totals,Under,2.1,5.5,0.47619047619047616,0.44297082228116713,0.2
2026-09-29T08:51:09.445673+00:00,2026-09-29T09:51:09.445673+01:00,d5107e89514ca86b0710f8d06a685dbd,baseball_npb,NPB,2026-09-29T09:00:00+00:00,2026-09-29T10:00:00+01:00,Hanshin Tigers,Tokyo Yakult Swallows,betway,Betway,2026-09-29T08:51:00Z,h2h,Hanshin Tigers,1.36,,0.7352941176470588,0.6769596199524941,0.2
2026-09-29T08:51:09.445673+00:00,2026-09-29T09:51:09.445673+01:00,d5107e89514ca86b0710f8d06a685dbd,baseball_npb,NPB,2026-09-29T09:00:00+00:00,2026-09-29T10:00:00+01:00,Hanshin Tigers,Tokyo Yakult Swallows,betway,Betway,2026-09-29T08:51:00Z,h2h,Tokyo Yakult Swallows,2.85,,0.3508771929824561,0.32304038004750596,0.2
2026-09-29T08:51:09.445673+00:00,2026-09-29T09:51:09.445673+01:00,d5107e89514ca86b0710f8d06a685dbd,baseball_npb,NPB,2026-09-29T09:00:00+00:00,2026-09-29T10:00:00+01:00,Hanshin Tigers,Tokyo Yakult Swallows,livescorebet,LiveScore Bet,2026-09-29T08:50:59Z,totals,Over,1.88,6.5,0.5319148936170213,0.4959785522788205,0.2
2026-09-29T08:51:09.445673+00:00,2026-09-29T09:51:09.445673+01:00,d5107e89514ca86b0710f8d06a685dbd,baseball_npb,NPB,2026-09-29T09:00:00+00:00,2026-09-29T10:00:00+01:00,Hanshin Tigers,Tokyo Yakult Swallows,livescorebet,LiveScore Bet,2026-09-29T08:50:59Z,totals,Under,1.85,6.5,0.5405405405405405,0.5040214477211796,0.2
2026-09-29T08:51:09.445673+00:00,2026-09-29T09:51:09.445673+01:00,d5107e89514ca86b0710f8d06a685dbd,baseball_npb,NPB,2026-09-29T09:00:00+00:00,2026-09-29T10:00:00+01:00,Hanshin Tigers,Tokyo Yakult Swallows,coral,Coral,2026-09-29T08:51:02Z,h2h,Hanshin Tigers,1.33,,0.7518796992481203,0.6997742663656885,0.2
2026-09-29T08:51:09.445673+00:00,2026-09-29T09:51:09.445673+01:00,d5107e89514ca86b0710f8d06a685dbd,baseball_npb,NPB,2026-09-29T09:00:00+00:00,2026-09-29T10:00:00+01:00,Hanshin Tigers,Tokyo Yakult Swallows,coral,Coral,2026-09-29T08:51:02Z,h2h,Tokyo Yakult Swallows,3.1,,0.3225806451612903,0.30022573363431154,0.2
2026-09-29T08:51:09.445673+00:00,2026-09-29T09:51:09.445673+01:00,d5107e89514ca86b0710f8d06a685dbd,baseball_npb,NPB,2026-09-29T09:00:00+00:00,2026-09-29T10:00:00+01:00,Hanshin Tigers,Tokyo Yakult Swallows,coral,Coral,2026-09-29T08:51:02Z,spreads,Hanshin Tigers,1.91,-1.5,0.5235602094240838,0.4851752021563342,0.2
2026-09-29T08:51:09.445673+00:00,2026-09-29T09:51:09.445673+01:00,d5107e89514ca86b0710f8d06a685dbd,baseball_npb,NPB,2026-09-29T09:00:00+00:00,2026-09-29T10:00:00+01:00,Hanshin Tigers,Tokyo Yakult Swallows,coral,Coral,2026-09-29T08:51:02Z,spreads,Tokyo Yakult Swallows,1.8,1.5,0.5555555555555556,0.5148247978436657,0.2
2026-09-29T08:51:09.445673+00:00,2026-09-29T09:51:09.445673+01:00,d5107e89514ca86b0710f8d06a685dbd,baseball_npb,NPB,2026-09-29T09:00:00+00:00,2026-09-29T10:00:00+01:00,Hanshin Tigers,Tokyo Yakult Swallows,coral,Coral,2026-09-29T08:51:02Z,totals,Over,2.0,6.5,0.5,0.4638069705093834,0.2
2026-09-29T08:51:09.445673+00:00,2026-09-29T09:51:09.445673+01:00,d5107e89514ca86b0710f8d06a685dbd,baseball_npb,NPB,2026-09-29T09:00:00+00:00,2026-09-29T10:00:00+01:00,Hanshin Tigers,Tokyo Yakult Swallows,coral,Coral,2026-09-29T08:51:02Z,totals,Under,1.73,6.5,0.5780346820809249,0.5361930294906166,0.2
2026-09-29T08:51:09.445673+00:00,2026-09-29T09:51:09.445673+01:00,3b81cbbb55d22be7f008531199416c9a,baseball_npb,NPB,2026-09-29T09:00:00+00:00,2026-09-29T10:00:00+01:00,Yomiuri Giants,Hiroshima Toyo Carp,boylesports,BoyleSports,2026-09-29T08:50:04Z,h2h,Hiroshima Toyo Carp,2.1,,0.47619047619047616,0.44297082228116713,0.2
2026-09-29T08:51:09.445673+00:00,2026-09-29T09:51:09.445673+01:00,3b81cbbb55d22be7f008531199416c9a,baseball_npb,NPB,2026-09-29T09:00:00+00:00,2026-09-29T10:00:00+01:00,Yomiuri Giants,Hiroshima Toyo Carp,boylesports,BoyleSports,2026-09-29T08:50:04Z,h2h,Yomiuri Giants,1.67,,0.5988023952095809,0.557029177718833,0.2
2026-09-29T08:51:09.445673+00:00,2026-09-29T09:51:09.445673+01:00,3b81cbbb55d22be7f008531199416c9a,baseball_npb,NPB,2026-09-29T09:00:00+00:00,2026-09-29T10:00:00+01:00,Yomiuri Giants,Hiroshima Toyo Carp,sport888,888sport,2026-09-29T08:50:45Z,h2h,Hiroshima Toyo Carp,2.1,,0.47619047619047616,0.44297082228116713,0.2
2026-09-29T08:51:09.445673+00:00,2026-09-29T09:51:09.445673+01:00,3b81cbbb55d22be7f008531199416c9a,baseball_npb,NPB,2026-09-29T09:00:00+00:00,2026-09-29T10:00:00+01:00,Yomiuri Giants,Hiroshima Toyo Carp,sport888,888sport,2026-09-29T08:50:45Z,h2h,Yomiuri Giants,1.67,,0.5988023952095809,0.557029177718833,0.2
2026-09-29T08:51:09.445673+00:00,2026-09-29T09:51:09.445673+01:00,3b81cbbb55d22be7f008531199416c9a,baseball_npb,NPB,2026-09-29T09:00:00+00:00,2026-09-29T10:00:00+01:00,Yomiuri Giants,Hiroshima Toyo Carp,sport888,888sport,2026-09-29T08:50:45Z,spreads,Hiroshima Toyo Carp,1.44,1.5,0.6944444444444444,0.645320197044335,0.2
2026-09-29T08:51:09.445673+00:00,2026-09-29T09:51:09.445673+01:00,3b81cbbb55d22be7f008531199416c9a,baseball_npb,NPB,2026-09-29T09:00:00+00:00,2026-09-29T10:00:00+01:00,Yomiuri Giants,Hiroshima Toyo Carp,sport888,888sport,2026-09-29T08:50:45Z,spreads,Yomiuri Giants,2.62,-1.5,0.38167938931297707,0.35467980295566504,0.2
2026-09-29T08:51:09.445673+00:00,2026-09-29T09:51:09.445673+01:00,3b81cbbb55d22be7f008531199416c9a,baseball_npb,NPB,2026-09-29T09:00:00+00:00,2026-09-29T10:00:00+01:00,Yomiuri Giants,Hiroshima Toyo Carp,sport888,888sport,2026-09-29T08:50:45Z,totals,Over,1.73,5.5,0.5780346820809249,0.5361930294906166,0.2
2026-09-29T08:51:09.445673+00:00,2026-09-29T09:51:09.445673+01:00,3b81cbbb55d22be7f008531199416c9a,baseball_npb,NPB,2026-09-29T09:00:00+00:00,2026-09-29T10:00:00+01:00,Yomiuri Giants,Hiroshima Toyo Carp,sport888,888sport,2026-09-29T08:50:45Z,totals,Under,2.0,5.5,0.5,0.4638069705093834,0.2
2026-09-29T08:51:09.445673+00:00,2026-09-29T09:51:09.445673+01:00,3b81cbbb55d22be7f008531199416c9a,baseball_npb,NPB,2026-09-29T09:00:00+00:00,2026-09-29T10:00:00+01:00,Yomiuri Giants,Hiroshima Toyo Carp,betway,Betway,2026-09-29T08:51:00Z,h2h,Hiroshima Toyo Carp,2.1,,0.47619047619047616,0.44297082228116713,0.2
2026-09-29T08:51:09.445673+00:00,2026-09-29T09:51:09.445673+01:00,3b81cbbb55d22be7f008531199416c9a,baseball_npb,NPB,2026-09-29T09:00:00+00:00,2026-09-29T10:00:00+01:00,Yomiuri Giants,Hiroshima Toyo Carp,betway,Betway,2026-09-29T08:51:00Z,h2h,Yomiuri Giants,1.67,,0.5988023952095809,0.557029177718833,0.2
2026-09-29T08:51:09.445673+00:00,2026-09-29T09:51:09.445673+01:00,3b81cbbb55d22be7f008531199416c9a,baseball_npb,NPB,2026-09-29T09:00:00+00:00,2026-09-29T10:00:00+01:00,Yomiuri Giants,Hiroshima Toyo Carp,livescorebet,LiveScore Bet,2026-09-29T08:50:59Z,totals,Over,1.73,5.5,0.5780346820809249,0.5386666666666667,0.2
2026-09-29T08:51:09.445673+00:00,2026-09-29T09:51:09.445673+01:00,3b81cbbb55d22be7f008531199416c9a,baseball_npb,NPB,2026-09-29T09:00:00+00:00,2026-09-29T10:00:00+01:00,Yomiuri Giants,Hiroshima Toyo Carp,livescorebet,LiveScore Bet,2026-09-29T08:50:59Z,totals,Under,2.02,5.5,0.49504950495049505,0.4613333333333334,0.2
2026-09-29T08:51:09.445673+00:00,2026-09-29T09:51:09.445673+01:00,3b81cbbb55d22be7f008531199416c9a,baseball_npb,NPB,2026-09-29T09:00:00+00:00,2026-09-29T10:00:00+01:00,Yomiuri Giants,Hiroshima Toyo Carp,coral,Coral,2026-09-29T08:51:02Z,h2h,Hiroshima Toyo Carp,2.05,,0.48780487804878053,0.44892473118279574,0.2
2026-09-29T08:51:09.445673+00:00,2026-09-29T09:51:09.445673+01:00,3b81cbbb55d22be7f008531199416c9a,baseball_npb,NPB,2026-09-29T09:00:00+00:00,2026-09-29T10:00:00+01:00,Yomiuri Giants,Hiroshima Toyo Carp,coral,Coral,2026-09-29T08:51:02Z,h2h,Yomiuri Giants,1.67,,0.5988023952095809,0.5510752688172044,0.2
2026-09-29T08:51:09.445673+00:00,2026-09-29T09:51:09.445673+01:00,3b81cbbb55d22be7f008531199416c9a,baseball_npb,NPB,2026-09-29T09:00:00+00:00,2026-09-29T10:00:00+01:00,Yomiuri Giants,Hiroshima Toyo Carp,coral,Coral,2026-09-29T08:51:02Z,spreads,Hiroshima Toyo Carp,1.48,1.5,0.6756756756756757,0.6281407035175879,0.2
2026-09-29T08:51:09.445673+00:00,2026-09-29T09:51:09.445673+01:00,3b81cbbb55d22be7f008531199416c9a,baseball_npb,NPB,2026-09-29T09:00:00+00:00,2026-09-29T10:00:00+01:00,Yomiuri Giants,Hiroshima Toyo Carp,coral,Coral,2026-09-29T08:51:02Z,spreads,Yomiuri Giants,2.5,-1.5,0.4,0.37185929648241206,0.2
2026-09-29T08:51:09.445673+00:00,2026-09-29T09:51:09.445673+01:00,3b81cbbb55d22be7f008531199416c9a,baseball_npb,NPB,2026-09-29T09:00:00+00:00,2026-09-29T10:00:00+01:00,Yomiuri Giants,Hiroshima Toyo Carp,coral,Coral,2026-09-29T08:51:02Z,totals,Over,1.83,5.5,0.5464480874316939,0.5027173913043478,0.2
2026-09-29T08:51:09.445673+00:00,2026-09-29T09:51:09.445673+01:00,3b81cbbb55d22be7f008531199416c9a,baseball_npb,NPB,2026-09-29T09:00:00+00:00,2026-09-29T10:00:00+01:00,Yomiuri Giants,Hiroshima Toyo Carp,coral,Coral,2026-09-29T08:51:02Z,totals,Under,1.85,5.5,0.5405405405405405,0.4972826086956521,0.2
2026-09-29T08:51:09.445673+00:00,2026-09-29T09:51:09.445673+01:00,a281d3e7e7b95e8577989dbcf11007ad,baseball_npb,NPB,2026-09-29T09:00:00+00:00,2026-09-29T10:00:00+01:00,Saitama Seibu Lions,Orix Buffaloes,sport888,888sport,2026-09-29T08:50:45Z,h2h,Orix Buffaloes,2.62,,0.38167938931297707,0.35467980295566504,0.2
2026-09-29T08:51:09.445673+00:00,2026-09-29T09:51:09.445673+01:00,a281d3e7e7b95e8577989dbcf11007ad,baseball_npb,NPB,2026-09-29T09:00:00+00:00,2026-09-29T10:00:00+01:00,Saitama Seibu Lions,Orix Buffaloes,sport888,888sport,2026-09-29T08:50:45Z,h2h,Saitama Seibu Lions,1.44,,0.6944444444444444,0.645320197044335,0.2
2026-09-29T08:51:09.445673+00:00,2026-09-29T09:51:09.445673+01:00,a281d3e7e7b95e8577989dbcf11007ad,baseball_npb,NPB,2026-09-29T09:00:00+00:00,2026-09-29T10:00:00+01:00,Saitama Seibu Lions,Orix Buffaloes,sport888,888sport,2026-09-29T08:50:45Z,spreads,Orix Buffaloes,1.73,1.5,0.5780346820809249,0.5361930294906166,0.2
2026-09-29T08:51:09.445673+00:00,2026-09-29T09:51:09.445673+01:00,a281d3e7e7b95e8577989dbcf11007ad,baseball_npb,NPB,2026-09-29T09:00:00+00:00,2026-09-29T10:00:00+01:00,Saitama Seibu Lions,Orix Buffaloes,sport888,888sport,2026-09-29T08:50:45Z,spreads,Saitama Seibu Lions,2.0,-1.5,0.5,0.4638069705093834,0.2
2026-09-29T08:51:09.445673+00:00,2026-09-29T09:51:09.445673+01:00,a281d3e7e7b95e8577989dbcf11007ad,baseball_npb,NPB,2026-09-29T09:00:00+00:00,2026-09-29T10:00:00+01:00,Saitama Seibu Lions,Orix Buffaloes,sport888,888sport,2026-09-29T08:50:45Z,totals,Over,1.91,6.5,0.5235602094240838,0.4851752021563342,0.2
2026-09-29T08:51:09.445673+00:00,2026-09-29T09:51:09.445673+01:00,a281d3e7e7b95e8577989dbcf11007ad,baseball_npb,NPB,2026-09-29T09:00:00+00:00,2026-09-29T10:00:00+01:00,Saitama Seibu Lions,Orix Buffaloes,sport888,888sport,2026-09-29T08:50:45Z,totals,Under,1.8,6.5,0.5555555555555556,0.5148247978436657,0.2
2026-09-29T08:51:09.445673+00:00,2026-09-29T09:51:09.445673+01:00,a281d3e7e7b95e8577989dbcf11007ad,baseball_npb,NPB,2026-09-29T09:00:00+00:00,2026-09-29T10:00:00+01:00,Saitama Seibu Lions,Orix Buffaloes,boylesports,BoyleSports,2026-09-29T08:50:04Z,h2h,Orix Buffaloes,2.75,,0.36363636363636365,0.3373493975903614,0.2
2026-09-29T08:51:09.445673+00:00,2026-09-29T09:51:09.445673+01:00,a281d3e7e7b95e8577989dbcf11007ad,baseball_npb,NPB,2026-09-29T09:00:00+00:00,2026-09-29T10:00:00+01:00,Saitama Seibu Lions,Orix Buffaloes,boylesports,BoyleSports,2026-09-29T08:50:04Z,h2h,Saitama Seibu Lions,1.4,,0.7142857142857143,0.6626506024096386,0.2
2026-09-29T08:51:09.445673+00:00,2026-09-29T09:51:09.445673+01:00,a281d3e7e7b95e8577989dbcf11007ad,baseball_npb,NPB,2026-09-29T09:00:00+00:00,2026-09-29T10:00:00+01:00,Saitama Seibu Lions,Orix Buffaloes,betway,Betway,2026-09-29T08:51:00Z,h2h,Orix Buffaloes,2.75,,0.36363636363636365,0.3373493975903614,0.2
2026-09-29T08:51:09.445673+00:00,2026-09-29T09:51:09.445673+01:00,a281d3e7e7b95e8577989dbcf11007ad,baseball_npb,NPB,2026-09-29T09:00:00+00:00,2026-09-29T10:00:00+01:00,Saitama Seibu Lions,Orix Buffaloes,betway,Betway,2026-09-29T08:51:00Z,h2h,Saitama Seibu Lions,1.4,,0.7142857142857143,0.6626506024096386,0.2
2026-09-29T08:51:09.445673+00:00,2026-09-29T09:51:09.445673+01:00,a281d3e7e7b95e8577989dbcf11007ad,baseball_npb,NPB,2026-09-29T09:00:00+00:00,2026-09-29T10:00:00+01:00,Saitama Seibu Lions,Orix Buffaloes,livescorebet,LiveScore Bet,2026-09-29T08:50:59Z,totals,Over,1.88,6.5,0.5319148936170213,0.4946236559139785,0.2
2026-09-29T08:51:09.445673+00:00,2026-09-29T09:51:09.445673+01:00,a281d3e7e7b95e8577989dbcf11007ad,baseball_npb,NPB,2026-09-29T09:00:00+00:00,2026-09-29T10:00:00+01:00,Saitama Seibu Lions,Orix Buffaloes,livescorebet,LiveScore Bet,2026-09-29T08:50:59Z,totals,Under,1.84,6.5,0.5434782608695652,0.5053763440860215,0.2
2026-09-29T08:51:09.445673+00:00,2026-09-29T09:51:09.445673+01:00,a281d3e7e7b95e8577989dbcf11007ad,baseball_npb,NPB,2026-09-29T09:00:00+00:00,2026-09-29T10:00:00+01:00,Saitama Seibu Lions,Orix Buffaloes,coral,Coral,2026-09-29T08:51:02Z,h2h,Orix Buffaloes,2.8,,0.35714285714285715,0.326923076923077,0.2
2026-09-29T08:51:09.445673+00:00,2026-09-29T09:51:09.445673+01:00,a281d3e7e7b95e8577989dbcf11007ad,baseball_npb,NPB,2026-09-29T09:00:00+00:00,2026-09-29T10:00:00+01:00,Saitama Seibu Lions,Orix Buffaloes,coral,Coral,2026-09-29T08:51:02Z,h2h,Saitama Seibu Lions,1.36,,0.7352941176470588,0.6730769230769231,0.2
2026-09-29T08:51:09.445673+00:00,2026-09-29T09:51:09.445673+01:00,a281d3e7e7b95e8577989dbcf11007ad,baseball_npb,NPB,2026-09-29T09:00:00+00:00,2026-09-29T10:00:00+01:00,Saitama Seibu Lions,Orix Buffaloes,coral,Coral,2026-09-29T08:51:02Z,spreads,Orix Buffaloes,1.8,1.5,0.5555555555555556,0.5148247978436657,0.2
2026-09-29T08:51:09.445673+00:00,2026-09-29T09:51:09.445673+01:00,a281d3e7e7b95e8577989dbcf11007ad,baseball_npb,NPB,2026-09-29T09:00:00+00:00,2026-09-29T10:00:00+01:00,Saitama Seibu Lions,Orix Buffaloes,coral,Coral,2026-09-29T08:51:02Z,spreads,Saitama Seibu Lions,1.91,-1.5,0.5235602094240838,0.4851752021563342,0.2
2026-09-29T08:51:09.445673+00:00,2026-09-29T09:51:09.445673+01:00,a281d3e7e7b95e8577989dbcf11007ad,baseball_npb,NPB,2026-09-29T09:00:00+00:00,2026-09-29T10:00:00+01:00,Saitama Seibu Lions,Orix Buffaloes,coral,Coral,2026-09-29T08:51:02Z,totals,Over,1.83,6.5,0.5464480874316939,0.5027173913043478,0.2
2026-09-29T08:51:09.445673+00:00,2026-09-29T09:51:09.445673+01:00,a281d3e7e7b95e8577989dbcf11007ad,baseball_npb,NPB,2026-09-29T09:00:00+00:00,2026-09-29T10:00:00+01:00,Saitama Seibu Lions,Orix Buffaloes,coral,Coral,2026-09-29T08:51:02Z,totals,Under,1.85,6.5,0.5405405405405405,0.4972826086956521,0.2
2026-09-29T08:51:09.445673+00:00,2026-09-29T09:51:09.445673+01:00,f0dd0c8affc8d3b25483bf3d07720748,icehockey_liiga,Liiga,2026-09-29T15:30:00+00:00,2026-09-29T16:30:00+01:00,Jokerit,HPK,unibet_uk,Unibet (UK),2026-09-29T08:51:01Z,h2h,HPK,2.95,,0.3389830508474576,0.3215854912592316,0.2
2026-09-29T08:51:09.445673+00:00,2026-09-29T09:51:09.445673+01:00,f0dd0c8affc8d3b25483bf3d07720748,icehockey_liiga,Liiga,2026-09-29T15:30:00+00:00,2026-09-29T16:30:00+01:00,Jokerit,HPK,unibet_uk,Unibet (UK),2026-09-29T08:51:01Z,h2h,Jokerit,2.15,,0.46511627906976744,0.4412452089370852,0.2
2026-09-29T08:51:09.445673+00:00,2026-09-29T09:51:09.445673+01:00,f0dd0c8affc8d3b25483bf3d07720748,icehockey_liiga,Liiga,2026-09-29T15:30:00+00:00,2026-09-29T16:30:00+01:00,Jokerit,HPK,unibet_uk,Unibet (UK),2026-09-29T08:51:01Z,h2h,Draw,4.0,,0.25,0.2371692998036833,0.2
2026-09-29T08:51:09.445673+00:00,2026-09-29T09:51:09.445673+01:00,f0dd0c8affc8d3b25483bf3d07720748,icehockey_liiga,Liiga,2026-09-29T15:30:00+00:00,2026-09-29T16:30:00+01:00,Jokerit,HPK,paddypower,Paddy Power,2026-09-29T08:50:19Z,h2h,HPK,2.8,,0.35714285714285715,0.3177966101694915,0.2
2026-09-29T08:51:09.445673+00:00,2026-09-29T09:51:09.445673+01:00,f0dd0c8affc8d3b25483bf3d07720748,icehockey_liiga,Liiga,2026-09-29T15:30:00+00:00,2026-09-29T16:30:00+01:00,Jokerit,HPK,paddypower,Paddy Power,2026-09-29T08:50:19Z,h2h,Jokerit,2.0,,0.5,0.4449152542372881,0.2
2026-09-29T08:51:09.445673+00:00,2026-09-29T09:51:09.445673+01:00,f0dd0c8affc8d3b25483bf3d07720748,icehockey_liiga,Liiga,2026-09-29T15:30:00+00:00,2026-09-29T16:30:00+01:00,Jokerit,HPK,paddypower,Paddy Power,2026-09-29T08:50:19Z,h2h,Draw,3.75,,0.26666666666666666,0.23728813559322035,0.2
2026-09-29T08:51:09.445673+00:00,2026-09-29T09:51:09.445673+01:00,f0dd0c8affc8d3b25483bf3d07720748,icehockey_liiga,Liiga,2026-09-29T15:30:00+00:00,2026-09-29T16:30:00+01:00,Jokerit,HPK,smarkets,Smarkets,2026-09-29T08:51:00Z,h2h,HPK,1.95,,0.5128205128205129,0.45833333333333337,0.2
2026-09-29T08:51:09.445673+00:00,2026-09-29T09:51:09.445673+01:00,f0dd0c8affc8d3b25483bf3d07720748,icehockey_liiga,Liiga,2026-09-29T15:30:00+00:00,2026-09-29T16:30:00+01:00,Jokerit,HPK,smarkets,Smarkets,2026-09-29T08:51:00Z,h2h,Jokerit,1.65,,0.6060606060606061,0.5416666666666666,0.2
2026-09-29T08:51:09.445673+00:00,2026-09-29T09:51:09.445673+01:00,f0dd0c8affc8d3b25483bf3d07720748,icehockey_liiga,Liiga,2026-09-29T15:30:00+00:00,2026-09-29T16:30:00+01:00,Jokerit,HPK,smarkets,Smarkets,2026-09-29T08:51:00Z,h2h_lay,HPK,2.54,,0.39370078740157477,1.0,0.2
2026-09-29T08:51:09.445673+00:00,2026-09-29T09:51:09.445673+01:00,f0dd0c8affc8d3b25483bf3d07720748,icehockey_liiga,Liiga,2026-09-29T15:30:00+00:00,2026-09-29T16:30:00+01:00,Jokerit,HPK,smarkets,Smarkets,2026-09-29T08:51:00Z,h2h_lay,Jokerit,2.0,,0.5,1.0,0.2
2026-09-29T08:51:09.445673+00:00,2026-09-29T09:51:09.445673+01:00,f0dd0c8affc8d3b25483bf3d07720748,icehockey_liiga,Liiga,2026-09-29T15:30:00+00:00,2026-09-29T16:30:00+01:00,Jokerit,HPK,grosvenor,Grosvenor,2026-09-29T08:50:19Z,h2h,HPK,2.95,,0.3389830508474576,0.31964166587248644,0.2
2026-09-29T08:51:09.445673+00:00,2026-09-29T09:51:09.445673+01:00,f0dd0c8affc8d3b25483bf3d07720748,icehockey_liiga,Liiga,2026-09-29T15:30:00+00:00,2026-09-29T16:30:00+01:00,Jokerit,HPK,grosvenor,Grosvenor,2026-09-29T08:50:19Z,h2h,Jokerit,2.15,,0.46511627906976744,0.43857809968550465,0.2
2026-09-29T08:51:09.445673+00:00,2026-09-29T09:51:09.445673+01:00,f0dd0c8affc8d3b25483bf3d07720748,icehockey_liiga,Liiga,2026-09-29T15:30:00+00:00,2026-09-29T16:30:00+01:00,Jokerit,HPK,grosvenor,Grosvenor,2026-09-29T08:50:19Z,h2h,Draw,3.9,,0.25641025641025644,0.24178023444200902,0.2
2026-09-29T08:51:09.445673+00:00,2026-09-29T09:51:09.445673+01:00,f0dd0c8affc8d3b25483bf3d07720748,icehockey_liiga,Liiga,2026-09-29T15:30:00+00:00,2026-09-29T16:30:00+01:00,Jokerit,HPK,coral,Coral,2026-09-29T08:51:02Z,h2h,HPK,2.1,,0.47619047619047616,0.44297082228116713,0.2
2026-09-29T08:51:09.445673+00:00,2026-09-29T09:51:09.445673+01:00,f0dd0c8affc8d3b25483bf3d07720748,icehockey_liiga,Liiga,2026-09-29T15:30:00+00:00,2026-09-29T16:30:00+01:00,Jokerit,HPK,coral,Coral,2026-09-29T08:51:02Z,h2h,Jokerit,1.67,,0.5988023952095809,0.557029177718833,0.2
2026-09-29T08:51:09.445673+00:00,2026-09-29T09:51:09.445673+01:00,f0dd0c8affc8d3b25483bf3d07720748,icehockey_liiga,Liiga,2026-09-29T15:30:00+00:00,2026-09-29T16:30:00+01:00,Jokerit,HPK,ladbrokes_uk,Ladbrokes,2026-09-29T08:51:02Z,h2h,HPK,2.1,,0.47619047619047616,0.44297082228116713,0.2
2026-09-29T08:51:09.445673+00:00,2026-09-29T09:51:09.445673+01:00,f0dd0c8affc8d3b25483bf3d07720748,icehockey_liiga,Liiga,2026-09-29T15:30:00+00:00,2026-09-29T16:30:00+01:00,Jokerit,HPK,ladbrokes_uk,Ladbrokes,2026-09-29T08:51:02Z,h2h,Jokerit,1.67,,0.5988023952095809,0.557029177718833,0.2
2026-09-29T08:51:09.445673+00:00,2026-09-29T09:51:09.445673+01:00,f0dd0c8affc8d3b25483bf3d07720748,icehockey_liiga,Liiga,2026-09-29T15:30:00+00:00,2026-09-29T16:30:00+01:00,Jokerit,HPK,sport888,888sport,2026-09-29T08:50:05Z,h2h,HPK,2.15,,0.46511627906976744,0.44155844155844154,0.2
2026-09-29T08:51:09.445673+00:00,2026-09-29T09:51:09.445673+01:00,f0dd0c8affc8d3b25483bf3d07720748,icehockey_liiga,Liiga,2026-09-29T15:30:00+00:00,2026-09-29T16:30:00+01:00,Jokerit,HPK,sport888,888sport,2026-09-29T08:50:05Z,h2h,Jokerit,1.7,,0.5882352941176471,0.5584415584415584,0.2
2026-09-29T08:51:09.445673+00:00,2026-09-29T09:51:09.445673+01:00,f0dd0c8affc8d3b25483bf3d07720748,icehockey_liiga,Liiga,2026-09-29T15:30:00+00:00,2026-09-29T16:30:00+01:00,Jokerit,HPK,casumo,Casumo,2026-09-29T08:51:02Z,h2h,HPK,2.95,,0.3389830508474576,0.31964166587248644,0.2
2026-09-29T08:51:09.445673+00:00,2026-09-29T09:51:09.445673+01:00,f0dd0c8affc8d3b25483bf3d07720748,icehockey_liiga,Liiga,2026-09-29T15:30:00+00:00,2026-09-29T16:30:00+01:00,Jokerit,HPK,casumo,Casumo,2026-09-29T08:51:02Z,h2h,Jokerit,2.15,,0.46511627906976744,0.43857809968550465,0.2
2026-09-29T08:51:09.445673+00:00,2026-09-29T09:51:09.445673+01:00,f0dd0c8affc8d3b25483bf3d07720748,icehockey_liiga,Liiga,2026-09-29T15:30:00+00:00,2026-09-29T16:30:00+01:00,Jokerit,HPK,casumo,Casumo,2026-09-29T08:51:02Z,h2h,Draw,3.9,,0.25641025641025644,0.24178023444200902,0.2
2026-09-29T08:51:09.445673+00:00,2026-09-29T09:51:09.445673+01:00,f0dd0c8affc8d3b25483bf3d07720748,icehockey_liiga,Liiga,2026-09-29T15:30:00+00:00,2026-09-29T16:30:00+01:00,Jokerit,HPK,betway,Betway,2026-09-29T08:50:20Z,h2h,HPK,2.85,,0.3508771929824561,0.3208065994500458,0.2
2026-09-29T08:51:09.445673+00:00,2026-09-29T09:51:09.445673+01:00,f0dd0c8affc8d3b25483bf3d07720748,icehockey_liiga,Liiga,2026-09-29T15:30:00+00:00,2026-09-29T16:30:00+01:00,Jokerit,HPK,betway,Betway,2026-09-29T08:50:20Z,h2h,Jokerit,2.1,,0.47619047619047616,0.4353803849679193,0.2
2026-09-29T08:51:09.445673+00:00,2026-09-29T09:51:09.445673+01:00,f0dd0c8affc8d3b25483bf3d07720748,icehockey_liiga,Liiga,2026-09-29T15:30:00+00:00,2026-09-29T16:30:00+01:00,Jokerit,HPK,betway,Betway,2026-09-29T08:50:20Z,h2h,Draw,3.75,,0.26666666666666666,0.24381301558203483,0.2
2026-09-29T08:51:09.445673+00:00,2026-09-29T09:51:09.445673+01:00,fa66f51011f479edf65cd80667123570,icehockey_liiga,Liiga,2026-09-29T15:30:00+00:00,2026-09-29T16:30:00+01:00,Ilves,Jukurit,unibet_uk,Unibet (UK),2026-09-29T08:51:01Z,h2h,Ilves,1.55,,0.6451612903225806,0.6111289803795432,0.2
2026-09-29T08:51:09.445673+00:00,2026-09-29T09:51:09.445673+01:00,fa66f51011f479edf65cd80667123570,icehockey_liiga,Liiga,2026-09-29T15:30:00+00:00,2026-09-29T16:30:00+01:00,Ilves,Jukurit,unibet_uk,Unibet (UK),2026-09-29T08:51:01Z,h2h,Jukurit,5.0,,0.2,0.1894499839176584,0.2
2026-09-29T08:51:09.445673+00:00,2026-09-29T09:51:09.445673+01:00,fa66f51011f479edf65cd80667123570,icehockey_liiga,Liiga,2026-09-29T15:30:00+00:00,2026-09-29T16:30:00+01:00,Ilves,Jukurit,unibet_uk,Unibet (UK),2026-09-29T08:51:01Z,h2h,Draw,4.75,,0.21052631578947367,0.19942103570279832,0.2
2026-09-29T08:51:09.445673+00:00,2026-09-29T09:51:09.445673+01:00,fa66f51011f479edf65cd80667123570,icehockey_liiga,Liiga,2026-09-29T15:30:00+00:00,2026-09-29T16:30:00+01:00,Ilves,Jukurit,paddypower,Paddy Power,2026-09-29T08:50:19Z,h2h,Ilves,1.3,,0.7692307692307692,0.7111111111111111,0.2
2026-09-29T08:51:09.445673+00:00,2026-09-29T09:51:09.445673+01:00,fa66f51011f479edf65cd80667123570,icehockey_liiga,Liiga,2026-09-29T15:30:00+00:00,2026-09-29T16:30:00+01:00,Ilves,Jukurit,paddypower,Paddy Power,2026-09-29T08:50:19Z,h2h,Jukurit,3.2,,0.3125,0.2888888888888889,0.2
2026-09-29T08:51:09.445673+00:00,2026-09-29T09:51:09.445673+01:00,fa66f51011f479edf65cd80667123570,icehockey_liiga,Liiga,2026-09-29T15:30:00+00:00,2026-09-29T16:30:00+01:00,Ilves,Jukurit,smarkets,Smarkets,2026-09-29T08:51:00Z,h2h,Ilves,1.3,,0.7692307692307692,0.7078651685393258,0.2
2026-09-29T08:51:09.445673+00:00,2026-09-29T09:51:09.445673+01:00,fa66f51011f479edf65cd80667123570,icehockey_liiga,Liiga,2026-09-29T15:30:00+00:00,2026-09-29T16:30:00+01:00,Ilves,Jukurit,smarkets,Smarkets,2026-09-29T08:51:00Z,h2h,Jukurit,3.15,,0.31746031746031744,0.29213483146067415,0.2
2026-09-29T08:51:09.445673+00:00,2026-09-29T09:51:09.445673+01:00,fa66f51011f479edf65cd80667123570,icehockey_liiga,Liiga,2026-09-29T15:30:00+00:00,2026-09-29T16:30:00+01:00,Ilves,Jukurit,smarkets,Smarkets,2026-09-29T08:51:00Z,h2h_lay,Ilves,1.46,,0.684931506849315,1.0,0.2
2026-09-29T08:51:09.445673+00:00,2026-09-29T09:51:09.445673+01:00,fa66f51011f479edf65cd80667123570,icehockey_liiga,Liiga,2026-09-29T15:30:00+00:00,2026-09-29T16:30:00+01:00,Ilves,Jukurit,smarkets,Smarkets,2026-09-29T08:51:00Z,h2h_lay,Jukurit,4.4,,0.22727272727272727,1.0,0.2
2026-09-29T08:51:09.445673+00:00,2026-09-29T09:51:09.445673+01:00,fa66f51011f479edf65cd80667123570,icehockey_liiga,Liiga,2026-09-29T15:30:00+00:00,2026-09-29T16:30:00+01:00,Ilves,Jukurit,coral,Coral,2026-09-29T08:51:02Z,h2h,Ilves,1.3,,0.7692307692307692,0.7142857142857143,0.2
2026-09-29T08:51:09.445673+00:00,2026-09-29T09:51:09.445673+01:00,fa66f51011f479edf65cd80667123570,icehockey_liiga,Liiga,2026-09-29T15:30:00+00:00,2026-09-29T16:30:00+01:00,Ilves,Jukurit,coral,Coral,2026-09-29T08:51:02Z,h2h,Jukurit,3.25,,0.3076923076923077,0.28571428571428575,0.2
2026-09-29T08:51:09.445673+00:00,2026-09-29T09:51:09.445673+01:00,fa66f51011f479edf65cd80667123570,icehockey_liiga,Liiga,2026-09-29T15:30:00+00:00,2026-09-29T16:30:00+01:00,Ilves,Jukurit,ladbrokes_uk,Ladbrokes,2026-09-29T08:51:02Z,h2h,Ilves,1.3,,0.7692307692307692,0.7142857142857143,0.2
2026-09-29T08:51:09.445673+00:00,2026-09-29T09:51:09.445673+01:00,fa66f51011f479edf65cd80667123570,icehockey_liiga,Liiga,2026-09-29T15:30:00+00:00,2026-09-29T16:30:00+01:00,Ilves,Jukurit,ladbrokes_uk,Ladbrokes,2026-09-29T08:51:02Z,h2h,Jukurit,3.25,,0.3076923076923077,0.28571428571428575,0.2
2026-09-29T08:51:09.445673+00:00,2026-09-29T09:51:09.445673+01:00,fa66f51011f479edf65cd80667123570,icehockey_liiga,Liiga,2026-09-29T15:30:00+00:00,2026-09-29T16:30:00+01:00,Ilves,Jukurit,grosvenor,Grosvenor,2026-09-29T08:50:19Z,h2h,Ilves,1.54,,0.6493506493506493,0.6100506427736657,0.2
2026-09-29T08:51:09.445673+00:00,2026-09-29T09:51:09.445673+01:00,fa66f51011f479edf65cd80667123570,icehockey_liiga,Liiga,2026-09-29T15:30:00+00:00,2026-09-29T16:30:00+01:00,Ilves,Jukurit,grosvenor,Grosvenor,2026-09-29T08:50:19Z,h2h,Jukurit,5.4,,0.18518518518518517,0.1739774055317491,0.2
2026-09-29T08:51:09.445673+00:00,2026-09-29T09:51:09.445673+01:00,fa66f51011f479edf65cd80667123570,icehockey_liiga,Liiga,2026-09-29T15:30:00+00:00,2026-09-29T16:30:00+01:00,Ilves,Jukurit,grosvenor,Grosvenor,2026-09-29T08:50:19Z,h2h,Draw,4.35,,0.2298850574712644,0.21597195169458513,0.2
2026-09-29T08:51:09.445673+00:00,2026-09-29T09:51:09.445673+01:00,fa66f51011f479edf65cd80667123570,icehockey_liiga,Liiga,2026-09-29T15:30:00+00:00,2026-09-29T16:30:00+01:00,Ilves,Jukurit,sport888,888sport,2026-09-29T08:50:05Z,h2h,Ilves,1.33,,0.7518796992481203,0.712742980561555,0.2
2026-09-29T08:51:09.445673+00:00,2026-09-29T09:51:09.445673+01:00,fa66f51011f479edf65cd80667123570,icehockey_liiga,Liiga,2026-09-29T15:30:00+00:00,2026-09-29T16:30:00+01:00,Ilves,Jukurit,sport888,888sport,2026-09-29T08:50:05Z,h2h,Jukurit,3.3,,0.30303030303030304,0.28725701943844495,0.2
2026-09-29T08:51:09.445673+00:00,2026-09-29T09:51:09.445673+01:00,fa66f51011f479edf65cd80667123570,icehockey_liiga,Liiga,2026-09-29T15:30:00+00:00,2026-09-29T16:30:00+01:00,Ilves,Jukurit,casumo,Casumo,2026-09-29T08:51:02Z,h2h,Ilves,1.54,,0.6493506493506493,0.6100506427736657,0.2
2026-09-29T08:51:09.445673+00:00,2026-09-29T09:51:09.445673+01:00,fa66f51011f479edf65cd80667123570,icehockey_liiga,Liiga,2026-09-29T15:30:00+00:00,2026-09-29T16:30:00+01:00,Ilves,Jukurit,casumo,Casumo,2026-09-29T08:51:02Z,h2h,Jukurit,5.4,,0.18518518518518517,0.1739774055317491,0.2
2026-09-29T08:51:09.445673+00:00,2026-09-29T09:51:09.445673+01:00,fa66f51011f479edf65cd80667123570,icehockey_liiga,Liiga,2026-09-29T15:30:00+00:00,2026-09-29T16:30:00+01:00,Ilves,Jukurit,casumo,Casumo,2026-09-29T08:51:02Z,h2h,Draw,4.35,,0.2298850574712644,0.21597195169458513,0.2
2026-09-29T08:51:09.445673+00:00,2026-09-29T09:51:09.445673+01:00,fa66f51011f479edf65cd80667123570,icehockey_liiga,Liiga,2026-09-29T15:30:00+00:00,2026-09-29T16:30:00+01:00,Ilves,Jukurit,betway,Betway,2026-09-29T08:50:20Z,h2h,Ilves,1.5,,0.6666666666666666,0.6063829787234043,0.2
2026-09-29T08:51:09.445673+00:00,2026-09-29T09:51:09.445673+01:00,fa66f51011f479edf65cd80667123570,icehockey_liiga,Liiga,2026-09-29T15:30:00+00:00,2026-09-29T16:30:00+01:00,Ilves,Jukurit,betway,Betway,2026-09-29T08:50:20Z,h2h,Jukurit,4.75,,0.21052631578947367,0.19148936170212766,0.2
2026-09-29T08:51:09.445673+00:00,2026-09-29T09:51:09.445673+01:00,fa66f51011f479edf65cd80667123570,icehockey_liiga,Liiga,2026-09-29T15:30:00+00:00,2026-09-29T16:30:00+01:00,Ilves,Jukurit,betway,Betway,2026-09-29T08:50:20Z,h2h,Draw,4.5,,0.2222222222222222,0.20212765957446807,0.2
2026-09-29T08:51:09.445673+00:00,2026-09-29T09:51:09.445673+01:00,08940f5da7dc81ecbf2ab4828f6a4c0c,tennis_wta_china_open,WTA China Open,2026-09-30T02:00:00+00:00,2026-09-30T03:00:00+01:00,Yuliia Starodubtseva,Alina Charaeva,grosvenor,Grosvenor,2026-09-29T08:50:40Z,h2h,Alina Charaeva,2.48,,0.40322580645161293,0.38308457711442784,0.2
2026-09-29T08:51:09.445673+00:00,2026-09-29T09:51:09.445673+01:00,08940f5da7dc81ecbf2ab4828f6a4c0c,tennis_wta_china_open,WTA China Open,2026-09-30T02:00:00+00:00,2026-09-30T03:00:00+01:00,Yuliia Starodubtseva,Alina Charaeva,grosvenor,Grosvenor,2026-09-29T08:50:40Z,h2h,Yuliia Starodubtseva,1.54,,0.6493506493506493,0.6169154228855721,0.2
2026-09-29T08:51:09.445673+00:00,2026-09-29T09:51:09.445673+01:00,08940f5da7dc81ecbf2ab4828f6a4c0c,tennis_wta_china_open,WTA China Open,2026-09-30T02:00:00+00:00,2026-09-30T03:00:00+01:00,Yuliia Starodubtseva,Alina Charaeva,ladbrokes_uk,Ladbrokes,2026-09-29T08:50:29Z,h2h,Alina Charaeva,2.25,,0.4444444444444444,0.4109947643979057,0.2
2026-09-29T08:51:09.445673+00:00,2026-09-29T09:51:09.445673+01:00,08940f5da7dc81ecbf2ab4828f6a4c0c,tennis_wta_china_open,WTA China Open,2026-09-30T02:00:00+00:00,2026-09-30T03:00:00+01:00,Yuliia Starodubtseva,Alina Charaeva,ladbrokes_uk,Ladbrokes,2026-09-29T08:50:29Z,h2h,Yuliia Starodubtseva,1.57,,0.6369426751592356,0.5890052356020942,0.2
2026-09-29T08:51:09.445673+00:00,2026-09-29T09:51:09.445673+01:00,08940f5da7dc81ecbf2ab4828f6a4c0c,tennis_wta_china_open,WTA China Open,2026-09-30T02:00:00+00:00,2026-09-30T03:00:00+01:00,Yuliia Starodubtseva,Alina Charaeva,virginbet,Virgin Bet,2026-09-29T08:50:41Z,h2h,Alina Charaeva,2.48,,0.40322580645161293,0.38308457711442784,0.2
2026-09-29T08:51:09.445673+00:00,2026-09-29T09:51:09.445673+01:00,08940f5da7dc81ecbf2ab4828f6a4c0c,tennis_wta_china_open,WTA China Open,2026-09-30T02:00:00+00:00,2026-09-30T03:00:00+01:00,Yuliia Starodubtseva,Alina Charaeva,virginbet,Virgin Bet,2026-09-29T08:50:41Z,h2h,Yuliia Starodubtseva,1.54,,0.6493506493506493,0.6169154228855721,0.2
2026-09-29T08:51:09.445673+00:00,2026-09-29T09:51:09.445673+01:00,08940f5da7dc81ecbf2ab4828f6a4c0c,tennis_wta_china_open,WTA China Open,2026-09-30T02:00:00+00:00,2026-09-30T03:00:00+01:00,Yuliia Starodubtseva,Alina Charaeva,casumo,Casumo,2026-09-29T08:50:41Z,h2h,Alina Charaeva,2.48,,0.40322580645161293,0.38308457711442784,0.2
2026-09-29T08:51:09.445673+00:00,2026-09-29T09:51:09.445673+01:00,08940f5da7dc81ecbf2ab4828f6a4c0c,tennis_wta_china_open,WTA China Open,2026-09-30T02:00:00+00:00,2026-09-30T03:00:00+01:00,Yuliia Starodubtseva,Alina Charaeva,casumo,Casumo,2026-09-29T08:50:41Z,h2h,Yuliia Starodubtseva,1.54,,0.6493506493506493,0.6169154228855721,0.2
2026-09-29T08:51:09.445673+00:00,2026-09-29T09:51:09.445673+01:00,08940f5da7dc81ecbf2ab4828f6a4c0c,tennis_wta_china_open,WTA China Open,2026-09-30T02:00:00+00:00,2026-09-30T03:00:00+01:00,Yuliia Starodubtseva,Alina Charaeva,smarkets,Smarkets,2026-09-29T08:50:56Z,h2h,Alina Charaeva,2.24,,0.4464285714285714,0.40425531914893614,0.2
2026-09-29T08:51:09.445673+00:00,2026-09-29T09:51:09.445673+01:00,08940f5da7dc81ecbf2ab4828f6a4c0c,tennis_wta_china_open,WTA China Open,2026-09-30T02:00:00+00:00,2026-09-30T03:00:00+01:00,Yuliia Starodubtseva,Alina Charaeva,smarkets,Smarkets,2026-09-29T08:50:56Z,h2h,Yuliia Starodubtseva,1.52,,0.6578947368421053,0.5957446808510639,0.2
2026-09-29T08:51:09.445673+00:00,2026-09-29T09:51:09.445673+01:00,08940f5da7dc81ecbf2ab4828f6a4c0c,tennis_wta_china_open,WTA China Open,2026-09-30T02:00:00+00:00,2026-09-30T03:00:00+01:00,Yuliia Starodubtseva,Alina Charaeva,smarkets,Smarkets,2026-09-29T08:50:56Z,h2h_lay,Alina Charaeva,2.92,,0.3424657534246575,1.0,0.2
2026-09-29T08:51:09.445673+00:00,2026-09-29T09:51:09.445673+01:00,08940f5da7dc81ecbf2ab4828f6a4c0c,tennis_wta_china_open,WTA China Open,2026-09-30T02:00:00+00:00,2026-09-30T03:00:00+01:00,Yuliia Starodubtseva,Alina Charaeva,smarkets,Smarkets,2026-09-29T08:50:56Z,h2h_lay,Yuliia Starodubtseva,1.8,,0.5555555555555556,1.0,0.2
2026-09-29T08:51:09.445673+00:00,2026-09-29T09:51:09.445673+01:00,08940f5da7dc81ecbf2ab4828f6a4c0c,tennis_wta_china_open,WTA China Open,2026-09-30T02:00:00+00:00,2026-09-30T03:00:00+01:00,Yuliia Starodubtseva,Alina Charaeva,betway,Betway,2026-09-29T08:50:00Z,h2h,Alina Charaeva,2.25,,0.4444444444444444,0.423076923076923,0.2
2026-09-29T08:51:09.445673+00:00,2026-09-29T09:51:09.445673+01:00,08940f5da7dc81ecbf2ab4828f6a4c0c,tennis_wta_china_open,WTA China Open,2026-09-30T02:00:00+00:00,2026-09-30T03:00:00+01:00,Yuliia Starodubtseva,Alina Charaeva,betway,Betway,2026-09-29T08:50:00Z,h2h,Yuliia Starodubtseva,1.65,,0.6060606060606061,0.5769230769230769,0.2
2026-09-29T08:51:09.445673+00:00,2026-09-29T09:51:09.445673+01:00,08940f5da7dc81ecbf2ab4828f6a4c0c,tennis_wta_china_open,WTA China Open,2026-09-30T02:00:00+00:00,2026-09-30T03:00:00+01:00,Yuliia Starodubtseva,Alina Charaeva,sport888,888sport,2026-09-29T08:49:59Z,h2h,Alina Charaeva,2.3,,0.4347826086956522,0.411764705882353,0.2
2026-09-29T08:51:09.445673+00:00,2026-09-29T09:51:09.445673+01:00,08940f5da7dc81ecbf2ab4828f6a4c0c,tennis_wta_china_open,WTA China Open,2026-09-30T02:00:00+00:00,2026-09-30T03:00:00+01:00,Yuliia Starodubtseva,Alina Charaeva,sport888,888sport,2026-09-29T08:49:59Z,h2h,Yuliia Starodubtseva,1.61,,0.6211180124223602,0.588235294117647,0.2
2026-09-29T08:51:09.445673+00:00,2026-09-29T09:51:09.445673+01:00,08940f5da7dc81ecbf2ab4828f6a4c0c,tennis_wta_china_open,WTA China Open,2026-09-30T02:00:00+00:00,2026-09-30T03:00:00+01:00,Yuliia Starodubtseva,Alina Charaeva,livescorebet,LiveScore Bet,2026-09-29T08:50:41Z,h2h,Alina Charaeva,2.48,,0.40322580645161293,0.38308457711442784,0.2
2026-09-29T08:51:09.445673+00:00,2026-09-29T09:51:09.445673+01:00,08940f5da7dc81ecbf2ab4828f6a4c0c,tennis_wta_china_open,WTA China Open,2026-09-30T02:00:00+00:00,2026-09-30T03:00:00+01:00,Yuliia Starodubtseva,Alina Charaeva,livescorebet,LiveScore Bet,2026-09-29T08:50:41Z,h2h,Yuliia Starodubtseva,1.54,,0.6493506493506493,0.6169154228855721,0.2
2026-09-29T08:51:09.445673+00:00,2026-09-29T09:51:09.445673+01:00,08940f5da7dc81ecbf2ab4828f6a4c0c,tennis_wta_china_open,WTA China Open,2026-09-30T02:00:00+00:00,2026-09-30T03:00:00+01:00,Yuliia Starodubtseva,Alina Charaeva,coral,Coral,2026-09-29T08:50:14Z,h2h,Alina Charaeva,2.25,,0.4444444444444444,0.4109947643979057,0.2
2026-09-29T08:51:09.445673+00:00,2026-09-29T09:51:09.445673+01:00,08940f5da7dc81ecbf2ab4828f6a4c0c,tennis_wta_china_open,WTA China Open,2026-09-30T02:00:00+00:00,2026-09-30T03:00:00+01:00,Yuliia Starodubtseva,Alina Charaeva,coral,Coral,2026-09-29T08:50:14Z,h2h,Yuliia Starodubtseva,1.57,,0.6369426751592356,0.5890052356020942,0.2
2026-09-29T08:51:09.445673+00:00,2026-09-29T09:51:09.445673+01:00,08940f5da7dc81ecbf2ab4828f6a4c0c,tennis_wta_china_open,WTA China Open,2026-09-30T02:00:00+00:00,2026-09-30T03:00:00+01:00,Yuliia Starodubtseva,Alina Charaeva,betvictor,Bet Victor,2026-09-29T08:46:25Z,h2h,Alina Charaeva,2.25,,0.4444444444444444,0.4109947643979057,0.2
2026-09-29T08:51:09.445673+00:00,2026-09-29T09:51:09.445673+01:00,08940f5da7dc81ecbf2ab4828f6a4c0c,tennis_wta_china_open,WTA China Open,2026-09-30T02:00:00+00:00,2026-09-30T03:00:00+01:00,Yuliia Starodubtseva,Alina Charaeva,betvictor,Bet Victor,2026-09-29T08:46:25Z,h2h,Yuliia Starodubtseva,1.57,,0.6369426751592356,0.5890052356020942,0.2
2026-09-29T08:51:09.445673+00:00,2026-09-29T09:51:09.445673+01:00,08940f5da7dc81ecbf2ab4828f6a4c0c,tennis_wta_china_open,WTA China Open,2026-09-30T02:00:00+00:00,2026-09-30T03:00:00+01:00,Yuliia Starodubtseva,Alina Charaeva,betano_uk,Betano (UK),2026-09-29T08:50:52Z,h2h,Alina Charaeva,2.25,,0.4444444444444444,0.4109947643979057,0.2
2026-09-29T08:51:09.445673+00:00,2026-09-29T09:51:09.445673+01:00,08940f5da7dc81ecbf2ab4828f6a4c0c,tennis_wta_china_open,WTA China Open,2026-09-30T02:00:00+00:00,2026-09-30T03:00:00+01:00,Yuliia Starodubtseva,Alina Charaeva,betano_uk,Betano (UK),2026-09-29T08:50:52Z,h2h,Yuliia Starodubtseva,1.57,,0.6369426751592356,0.5890052356020942,0.2
2026-09-29T08:51:09.445673+00:00,2026-09-29T09:51:09.445673+01:00,08940f5da7dc81ecbf2ab4828f6a4c0c,tennis_wta_china_open,WTA China Open,2026-09-30T02:00:00+00:00,2026-09-30T03:00:00+01:00,Yuliia Starodubtseva,Alina Charaeva,boylesports,BoyleSports,2026-09-29T08:50:41Z,h2h,Alina Charaeva,2.38,,0.42016806722689076,0.39746835443037976,0.2
2026-09-29T08:51:09.445673+00:00,2026-09-29T09:51:09.445673+01:00,08940f5da7dc81ecbf2ab4828f6a4c0c,tennis_wta_china_open,WTA China Open,2026-09-30T02:00:00+00:00,2026-09-30T03:00:00+01:00,Yuliia Starodubtseva,Alina Charaeva,boylesports,BoyleSports,2026-09-29T08:50:41Z,h2h,Yuliia Starodubtseva,1.57,,0.6369426751592356,0.6025316455696202,0.2
2026-09-29T08:51:09.445673+00:00,2026-09-29T09:51:09.445673+01:00,08940f5da7dc81ecbf2ab4828f6a4c0c,tennis_wta_china_open,WTA China Open,2026-09-30T02:00:00+00:00,2026-09-30T03:00:00+01:00,Yuliia Starodubtseva,Alina Charaeva,matchbook,Matchbook,2026-09-29T08:50:57Z,h2h,Alina Charaeva,2.4,,0.4166666666666667,0.40740740740740744,0.2
2026-09-29T08:51:09.445673+00:00,2026-09-29T09:51:09.445673+01:00,08940f5da7dc81ecbf2ab4828f6a4c0c,tennis_wta_china_open,WTA China Open,2026-09-30T02:00:00+00:00,2026-09-30T03:00:00+01:00,Yuliia Starodubtseva,Alina Charaeva,matchbook,Matchbook,2026-09-29T08:50:57Z,h2h,Yuliia Starodubtseva,1.65,,0.6060606060606061,0.5925925925925927,0.2
2026-09-29T08:51:09.445673+00:00,2026-09-29T09:51:09.445673+01:00,08940f5da7dc81ecbf2ab4828f6a4c0c,tennis_wta_china_open,WTA China Open,2026-09-30T02:00:00+00:00,2026-09-30T03:00:00+01:00,Yuliia Starodubtseva,Alina Charaeva,matchbook,Matchbook,2026-09-29T08:50:57Z,h2h_lay,Alina Charaeva,2.52,,0.3968253968253968,1.0,0.2
2026-09-29T08:51:09.445673+00:00,2026-09-29T09:51:09.445673+01:00,08940f5da7dc81ecbf2ab4828f6a4c0c,tennis_wta_china_open,WTA China Open,2026-09-30T02:00:00+00:00,2026-09-30T03:00:00+01:00,Yuliia Starodubtseva,Alina Charaeva,matchbook,Matchbook,2026-09-29T08:50:57Z,h2h_lay,Yuliia Starodubtseva,1.71,,0.5847953216374269,1.0,0.2
2026-09-29T08:51:09.445673+00:00,2026-09-29T09:51:09.445673+01:00,08940f5da7dc81ecbf2ab4828f6a4c0c,tennis_wta_china_open,WTA China Open,2026-09-30T02:00:00+00:00,2026-09-30T03:00:00+01:00,Yuliia Starodubtseva,Alina Charaeva,betfair_ex_uk,Betfair,2026-09-29T08:50:40Z,h2h,Alina Charaeva,2.4,,0.4166666666666667,0.40740740740740744,0.2
2026-09-29T08:51:09.445673+00:00,2026-09-29T09:51:09.445673+01:00,08940f5da7dc81ecbf2ab4828f6a4c0c,tennis_wta_china_open,WTA China Open,2026-09-30T02:00:00+00:00,2026-09-30T03:00:00+01:00,Yuliia Starodubtseva,Alina Charaeva,betfair_ex_uk,Betfair,2026-09-29T08:50:40Z,h2h,Yuliia Starodubtseva,1.65,,0.6060606060606061,0.5925925925925927,0.2
2026-09-29T08:51:09.445673+00:00,2026-09-29T09:51:09.445673+01:00,08940f5da7dc81ecbf2ab4828f6a4c0c,tennis_wta_china_open,WTA China Open,2026-09-30T02:00:00+00:00,2026-09-30T03:00:00+01:00,Yuliia Starodubtseva,Alina Charaeva,betfair_ex_uk,Betfair,2026-09-29T08:50:40Z,h2h_lay,Alina Charaeva,2.52,,0.3968253968253968,1.0,0.2
2026-09-29T08:51:09.445673+00:00,2026-09-29T09:51:09.445673+01:00,08940f5da7dc81ecbf2ab4828f6a4c0c,tennis_wta_china_open,WTA China Open,2026-09-30T02:00:00+00:00,2026-09-30T03:00:00+01:00,Yuliia Starodubtseva,Alina Charaeva,betfair_ex_uk,Betfair,2026-09-29T08:50:40Z,h2h_lay,Yuliia Starodubtseva,1.71,,0.5847953216374269,1.0,0.2
2026-09-29T08:51:09.445673+00:00,2026-09-29T09:51:09.445673+01:00,08940f5da7dc81ecbf2ab4828f6a4c0c,tennis_wta_china_open,WTA China Open,2026-09-30T02:00:00+00:00,2026-09-30T03:00:00+01:00,Yuliia Starodubtseva,Alina Charaeva,paddypower,Paddy Power,2026-09-29T08:50:12Z,h2h,Alina Charaeva,2.3,,0.4347826086956522,0.413265306122449,0.2
2026-09-29T08:51:09.445673+00:00,2026-09-29T09:51:09.445673+01:00,08940f5da7dc81ecbf2ab4828f6a4c0c,tennis_wta_china_open,WTA China Open,2026-09-30T02:00:00+00:00,2026-09-30T03:00:00+01:00,Yuliia Starodubtseva,Alina Charaeva,paddypower,Paddy Power,2026-09-29T08:50:12Z,h2h,Yuliia Starodubtseva,1.62,,0.6172839506172839,0.586734693877551,0.2
2026-09-29T08:51:09.445673+00:00,2026-09-29T09:51:09.445673+01:00,08940f5da7dc81ecbf2ab4828f6a4c0c,tennis_wta_china_open,WTA China Open,2026-09-30T02:00:00+00:00,2026-09-30T03:00:00+01:00,Yuliia Starodubtseva,Alina Charaeva,unibet_uk,Unibet (UK),2026-09-29T08:50:57Z,h2h,Alina Charaeva,2.35,,0.425531914893617,0.4020356234096692,0.2
2026-09-29T08:51:09.445673+00:00,2026-09-29T09:51:09.445673+01:00,08940f5da7dc81ecbf2ab4828f6a4c0c,tennis_wta_china_open,WTA China Open,2026-09-30T02:00:00+00:00,2026-09-30T03:00:00+01:00,Yuliia Starodubtseva,Alina Charaeva,unibet_uk,Unibet (UK),2026-09-29T08:50:57Z,h2h,Yuliia Starodubtseva,1.58,,0.6329113924050632,0.5979643765903307,0.2
2026-09-29T08:51:09.445673+00:00,2026-09-29T09:51:09.445673+01:00,08940f5da7dc81ecbf2ab4828f6a4c0c,tennis_wta_china_open,WTA China Open,2026-09-30T02:00:00+00:00,2026-09-30T03:00:00+01:00,Yuliia Starodubtseva,Alina Charaeva,leovegas,LeoVegas,2026-09-29T08:50:15Z,h2h,Alina Charaeva,2.3,,0.4347826086956522,0.4025974025974026,0.2
2026-09-29T08:51:09.445673+00:00,2026-09-29T09:51:09.445673+01:00,08940f5da7dc81ecbf2ab4828f6a4c0c,tennis_wta_china_open,WTA China Open,2026-09-30T02:00:00+00:00,2026-09-30T03:00:00+01:00,Yuliia Starodubtseva,Alina Charaeva,leovegas,LeoVegas,2026-09-29T08:50:15Z,h2h,Yuliia Starodubtseva,1.55,,0.6451612903225806,0.5974025974025974,0.2
2026-09-29T08:51:09.445673+00:00,2026-09-29T09:51:09.445673+01:00,dd870a99aafe250eeb6eb9e769dccbea,tennis_wta_china_open,WTA China Open,2026-09-30T02:00:00+00:00,2026-09-30T03:00:00+01:00,Viktorija Golubic,Alina Korneeva,grosvenor,Grosvenor,2026-09-29T08:50:40Z,h2h,Alina Korneeva,1.48,,0.6756756756756757,0.6399026763990268,0.2
2026-09-29T08:51:09.445673+00:00,2026-09-29T09:51:09.445673+01:00,dd870a99aafe250eeb6eb9e769dccbea,tennis_wta_china_open,WTA China Open,2026-09-30T02:00:00+00:00,2026-09-30T03:00:00+01:00,Viktorija Golubic,Alina Korneeva,grosvenor,Grosvenor,2026-09-29T08:50:40Z,h2h,Viktorija Golubic,2.63,,0.3802281368821293,0.3600973236009733,0.2
2026-09-29T08:51:09.445673+00:00,2026-09-29T09:51:09.445673+01:00,dd870a99aafe250eeb6eb9e769dccbea,tennis_wta_china_open,WTA China Open,2026-09-30T02:00:00+00:00,2026-09-30T03:00:00+01:00,Viktorija Golubic,Alina Korneeva,smarkets,Smarkets,2026-09-29T08:50:56Z,h2h,Alina Korneeva,1.44,,0.6944444444444444,0.6288659793814433,0.2
2026-09-29T08:51:09.445673+00:00,2026-09-29T09:51:09.445673+01:00,dd870a99aafe250eeb6eb9e769dccbea,tennis_wta_china_open,WTA China Open,2026-09-30T02:00:00+00:00,2026-09-30T03:00:00+01:00,Viktorija Golubic,Alina Korneeva,smarkets,Smarkets,2026-09-29T08:50:56Z,h2h,Viktorija Golubic,2.44,,0.4098360655737705,0.3711340206185567,0.2
2026-09-29T08:51:09.445673+00:00,2026-09-29T09:51:09.445673+01:00,dd870a99aafe250eeb6eb9e769dccbea,tennis_wta_china_open,WTA China Open,2026-09-30T02:00:00+00:00,2026-09-30T03:00:00+01:00,Viktorija Golubic,Alina Korneeva,smarkets,Smarkets,2026-09-29T08:50:56Z,h2h_lay,Alina Korneeva,1.69,,0.591715976331361,1.0,0.2
2026-09-29T08:51:09.445673+00:00,2026-09-29T09:51:09.445673+01:00,dd870a99aafe250eeb6eb9e769dccbea,tennis_wta_china_open,WTA China Open,2026-09-30T02:00:00+00:00,2026-09-30T03:00:00+01:00,Viktorija Golubic,Alina Korneeva,smarkets,Smarkets,2026-09-29T08:50:56Z,h2h_lay,Viktorija Golubic,3.25,,0.3076923076923077,1.0,0.2
2026-09-29T08:51:09.445673+00:00,2026-09-29T09:51:09.445673+01:00,dd870a99aafe250eeb6eb9e769dccbea,tennis_wta_china_open,WTA China Open,2026-09-30T02:00:00+00:00,2026-09-30T03:00:00+01:00,Viktorija Golubic,Alina Korneeva,virginbet,Virgin Bet,2026-09-29T08:50:41Z,h2h,Alina Korneeva,1.48,,0.6756756756756757,0.6399026763990268,0.2
2026-09-29T08:51:09.445673+00:00,2026-09-29T09:51:09.445673+01:00,dd870a99aafe250eeb6eb9e769dccbea,tennis_wta_china_open,WTA China Open,2026-09-30T02:00:00+00:00,2026-09-30T03:00:00+01:00,Viktorija Golubic,Alina Korneeva,virginbet,Virgin Bet,2026-09-29T08:50:41Z,h2h,Viktorija Golubic,2.63,,0.3802281368821293,0.3600973236009733,0.2
2026-09-29T08:51:09.445673+00:00,2026-09-29T09:51:09.445673+01:00,dd870a99aafe250eeb6eb9e769dccbea,tennis_wta_china_open,WTA China Open,2026-09-30T02:00:00+00:00,2026-09-30T03:00:00+01:00,Viktorija Golubic,Alina Korneeva,casumo,Casumo,2026-09-29T08:50:41Z,h2h,Alina Korneeva,1.48,,0.6756756756756757,0.6399026763990268,0.2
2026-09-29T08:51:09.445673+00:00,2026-09-29T09:51:09.445673+01:00,dd870a99aafe250eeb6eb9e769dccbea,tennis_wta_china_open,WTA China Open,2026-09-30T02:00:00+00:00,2026-09-30T03:00:00+01:00,Viktorija Golubic,Alina Korneeva,casumo,Casumo,2026-09-29T08:50:41Z,h2h,Viktorija Golubic,2.63,,0.3802281368821293,0.3600973236009733,0.2
2026-09-29T08:51:09.445673+00:00,2026-09-29T09:51:09.445673+01:00,dd870a99aafe250eeb6eb9e769dccbea,tennis_wta_china_open,WTA China Open,2026-09-30T02:00:00+00:00,2026-09-30T03:00:00+01:00,Viktorija Golubic,Alina Korneeva,livescorebet,LiveScore Bet,2026-09-29T08:50:41Z,h2h,Alina Korneeva,1.48,,0.6756756756756757,0.6399026763990268,0.2
2026-09-29T08:51:09.445673+00:00,2026-09-29T09:51:09.445673+01:00,dd870a99aafe250eeb6eb9e769dccbea,tennis_wta_china_open,WTA China Open,2026-09-30T02:00:00+00:00,2026-09-30T03:00:00+01:00,Viktorija Golubic,Alina Korneeva,livescorebet,LiveScore Bet,2026-09-29T08:50:41Z,h2h,Viktorija Golubic,2.63,,0.3802281368821293,0.3600973236009733,0.2
2026-09-29T08:51:09.445673+00:00,2026-09-29T09:51:09.445673+01:00,dd870a99aafe250eeb6eb9e769dccbea,tennis_wta_china_open,WTA China Open,2026-09-30T02:00:00+00:00,2026-09-30T03:00:00+01:00,Viktorija Golubic,Alina Korneeva,sport888,888sport,2026-09-29T08:49:59Z,h2h,Alina Korneeva,1.5,,0.6666666666666666,0.6341463414634148,0.2
2026-09-29T08:51:09.445673+00:00,2026-09-29T09:51:09.445673+01:00,dd870a99aafe250eeb6eb9e769dccbea,tennis_wta_china_open,WTA China Open,2026-09-30T02:00:00+00:00,2026-09-30T03:00:00+01:00,Viktorija Golubic,Alina Korneeva,sport888,888sport,2026-09-29T08:49:59Z,h2h,Viktorija Golubic,2.6,,0.3846153846153846,0.3658536585365854,0.2
2026-09-29T08:51:09.445673+00:00,2026-09-29T09:51:09.445673+01:00,dd870a99aafe250eeb6eb9e769dccbea,tennis_wta_china_open,WTA China Open,2026-09-30T02:00:00+00:00,2026-09-30T03:00:00+01:00,Viktorija Golubic,Alina Korneeva,betano_uk,Betano (UK),2026-09-29T08:50:52Z,h2h,Alina Korneeva,1.45,,0.6896551724137931,0.6329113924050633,0.2
2026-09-29T08:51:09.445673+00:00,2026-09-29T09:51:09.445673+01:00,dd870a99aafe250eeb6eb9e769dccbea,tennis_wta_china_open,WTA China Open,2026-09-30T02:00:00+00:00,2026-09-30T03:00:00+01:00,Viktorija Golubic,Alina Korneeva,betano_uk,Betano (UK),2026-09-29T08:50:52Z,h2h,Viktorija Golubic,2.5,,0.4,0.3670886075949367,0.2
2026-09-29T08:51:09.445673+00:00,2026-09-29T09:51:09.445673+01:00,dd870a99aafe250eeb6eb9e769dccbea,tennis_wta_china_open,WTA China Open,2026-09-30T02:00:00+00:00,2026-09-30T03:00:00+01:00,Viktorija Golubic,Alina Korneeva,betvictor,Bet Victor,2026-09-29T08:46:25Z,h2h,Alina Korneeva,1.45,,0.6896551724137931,0.6329113924050633,0.2
2026-09-29T08:51:09.445673+00:00,2026-09-29T09:51:09.445673+01:00,dd870a99aafe250eeb6eb9e769dccbea,tennis_wta_china_open,WTA China Open,2026-09-30T02:00:00+00:00,2026-09-30T03:00:00+01:00,Viktorija Golubic,Alina Korneeva,betvictor,Bet Victor,2026-09-29T08:46:25Z,h2h,Viktorija Golubic,2.5,,0.4,0.3670886075949367,0.2
2026-09-29T08:51:09.445673+00:00,2026-09-29T09:51:09.445673+01:00,dd870a99aafe250eeb6eb9e769dccbea,tennis_wta_china_open,WTA China Open,2026-09-30T02:00:00+00:00,2026-09-30T03:00:00+01:00,Viktorija Golubic,Alina Korneeva,betway,Betway,2026-09-29T08:50:00Z,h2h,Alina Korneeva,1.45,,0.6896551724137931,0.6547619047619047,0.2
2026-09-29T08:51:09.445673+00:00,2026-09-29T09:51:09.445673+01:00,dd870a99aafe250eeb6eb9e769dccbea,tennis_wta_china_open,WTA China Open,2026-09-30T02:00:00+00:00,2026-09-30T03:00:00+01:00,Viktorija Golubic,Alina Korneeva,betway,Betway,2026-09-29T08:50:00Z,h2h,Viktorija Golubic,2.75,,0.36363636363636365,0.3452380952380952,0.2
2026-09-29T08:51:09.445673+00:00,2026-09-29T09:51:09.445673+01:00,dd870a99aafe250eeb6eb9e769dccbea,tennis_wta_china_open,WTA China Open,2026-09-30T02:00:00+00:00,2026-09-30T03:00:00+01:00,Viktorija Golubic,Alina Korneeva,coral,Coral,2026-09-29T08:50:14Z,h2h,Alina Korneeva,1.48,,0.6756756756756757,0.6372549019607844,0.2
2026-09-29T08:51:09.445673+00:00,2026-09-29T09:51:09.445673+01:00,dd870a99aafe250eeb6eb9e769dccbea,tennis_wta_china_open,WTA China Open,2026-09-30T02:00:00+00:00,2026-09-30T03:00:00+01:00,Viktorija Golubic,Alina Korneeva,coral,Coral,2026-09-29T08:50:14Z,h2h,Viktorija Golubic,2.6,,0.3846153846153846,0.3627450980392157,0.2
2026-09-29T08:51:09.445673+00:00,2026-09-29T09:51:09.445673+01:00,dd870a99aafe250eeb6eb9e769dccbea,tennis_wta_china_open,WTA China Open,2026-09-30T02:00:00+00:00,2026-09-30T03:00:00+01:00,Viktorija Golubic,Alina Korneeva,ladbrokes_uk,Ladbrokes,2026-09-29T08:50:29Z,h2h,Alina Korneeva,1.48,,0.6756756756756757,0.6372549019607844,0.2
2026-09-29T08:51:09.445673+00:00,2026-09-29T09:51:09.445673+01:00,dd870a99aafe250eeb6eb9e769dccbea,tennis_wta_china_open,WTA China Open,2026-09-30T02:00:00+00:00,2026-09-30T03:00:00+01:00,Viktorija Golubic,Alina Korneeva,ladbrokes_uk,Ladbrokes,2026-09-29T08:50:29Z,h2h,Viktorija Golubic,2.6,,0.3846153846153846,0.3627450980392157,0.2
2026-09-29T08:51:09.445673+00:00,2026-09-29T09:51:09.445673+01:00,dd870a99aafe250eeb6eb9e769dccbea,tennis_wta_china_open,WTA China Open,2026-09-30T02:00:00+00:00,2026-09-30T03:00:00+01:00,Viktorija Golubic,Alina Korneeva,boylesports,BoyleSports,2026-09-29T08:50:41Z,h2h,Alina Korneeva,1.5,,0.6666666666666666,0.6359223300970874,0.2
2026-09-29T08:51:09.445673+00:00,2026-09-29T09:51:09.445673+01:00,dd870a99aafe250eeb6eb9e769dccbea,tennis_wta_china_open,WTA China Open,2026-09-30T02:00:00+00:00,2026-09-30T03:00:00+01:00,Viktorija Golubic,Alina Korneeva,boylesports,BoyleSports,2026-09-29T08:50:41Z,h2h,Viktorija Golubic,2.62,,0.38167938931297707,0.3640776699029127,0.2
2026-09-29T08:51:09.445673+00:00,2026-09-29T09:51:09.445673+01:00,dd870a99aafe250eeb6eb9e769dccbea,tennis_wta_china_open,WTA China Open,2026-09-30T02:00:00+00:00,2026-09-30T03:00:00+01:00,Viktorija Golubic,Alina Korneeva,matchbook,Matchbook,2026-09-29T08:50:57Z,h2h,Alina Korneeva,1.46,,0.684931506849315,0.5562310030395138,0.2
2026-09-29T08:51:09.445673+00:00,2026-09-29T09:51:09.445673+01:00,dd870a99aafe250eeb6eb9e769dccbea,tennis_wta_china_open,WTA China Open,2026-09-30T02:00:00+00:00,2026-09-30T03:00:00+01:00,Viktorija Golubic,Alina Korneeva,matchbook,Matchbook,2026-09-29T08:50:57Z,h2h,Viktorija Golubic,1.83,,0.5464480874316939,0.44376899696048633,0.2
2026-09-29T08:51:09.445673+00:00,2026-09-29T09:51:09.445673+01:00,dd870a99aafe250eeb6eb9e769dccbea,tennis_wta_china_open,WTA China Open,2026-09-30T02:00:00+00:00,2026-09-30T03:00:00+01:00,Viktorija Golubic,Alina Korneeva,matchbook,Matchbook,2026-09-29T08:50:57Z,h2h_lay,Alina Korneeva,2.2,,0.45454545454545453,1.0,0.2
2026-09-29T08:51:09.445673+00:00,2026-09-29T09:51:09.445673+01:00,dd870a99aafe250eeb6eb9e769dccbea,tennis_wta_china_open,WTA China Open,2026-09-30T02:00:00+00:00,2026-09-30T03:00:00+01:00,Viktorija Golubic,Alina Korneeva,matchbook,Matchbook,2026-09-29T08:50:57Z,h2h_lay,Viktorija Golubic,3.2,,0.3125,1.0,0.2
2026-09-29T08:51:09.445673+00:00,2026-09-29T09:51:09.445673+01:00,dd870a99aafe250eeb6eb9e769dccbea,tennis_wta_china_open,WTA China Open,2026-09-30T02:00:00+00:00,2026-09-30T03:00:00+01:00,Viktorija Golubic,Alina Korneeva,betfair_ex_uk,Betfair,2026-09-29T08:50:40Z,h2h,Alina Korneeva,1.49,,0.6711409395973155,0.5512048192771084,0.2
2026-09-29T08:51:09.445673+00:00,2026-09-29T09:51:09.445673+01:00,dd870a99aafe250eeb6eb9e769dccbea,tennis_wta_china_open,WTA China Open,2026-09-30T02:00:00+00:00,2026-09-30T03:00:00+01:00,Viktorija Golubic,Alina Korneeva,betfair_ex_uk,Betfair,2026-09-29T08:50:40Z,h2h,Viktorija Golubic,1.83,,0.5464480874316939,0.4487951807228915,0.2
2026-09-29T08:51:09.445673+00:00,2026-09-29T09:51:09.445673+01:00,dd870a99aafe250eeb6eb9e769dccbea,tennis_wta_china_open,WTA China Open,2026-09-30T02:00:00+00:00,2026-09-30T03:00:00+01:00,Viktorija Golubic,Alina Korneeva,betfair_ex_uk,Betfair,2026-09-29T08:50:40Z,h2h_lay,Alina Korneeva,2.2,,0.45454545454545453,1.0,0.2
2026-09-29T08:51:09.445673+00:00,2026-09-29T09:51:09.445673+01:00,dd870a99aafe250eeb6eb9e769dccbea,tennis_wta_china_open,WTA China Open,2026-09-30T02:00:00+00:00,2026-09-30T03:00:00+01:00,Viktorija Golubic,Alina Korneeva,betfair_ex_uk,Betfair,2026-09-29T08:50:40Z,h2h_lay,Viktorija Golubic,3.05,,0.3278688524590164,1.0,0.2
2026-09-29T08:51:09.445673+00:00,2026-09-29T09:51:09.445673+01:00,dd870a99aafe250eeb6eb9e769dccbea,tennis_wta_china_open,WTA China Open,2026-09-30T02:00:00+00:00,2026-09-30T03:00:00+01:00,Viktorija Golubic,Alina Korneeva,paddypower,Paddy Power,2026-09-29T08:50:12Z,h2h,Alina Korneeva,1.5,,0.6666666666666666,0.6341463414634148,0.2
2026-09-29T08:51:09.445673+00:00,2026-09-29T09:51:09.445673+01:00,dd870a99aafe250eeb6eb9e769dccbea,tennis_wta_china_open,WTA China Open,2026-09-30T02:00:00+00:00,2026-09-30T03:00:00+01:00,Viktorija Golubic,Alina Korneeva,paddypower,Paddy Power,2026-09-29T08:50:12Z,h2h,Viktorija Golubic,2.6,,0.3846153846153846,0.3658536585365854,0.2
2026-09-29T08:51:09.445673+00:00,2026-09-29T09:51:09.445673+01:00,dd870a99aafe250eeb6eb9e769dccbea,tennis_wta_china_open,WTA China Open,2026-09-30T02:00:00+00:00,2026-09-30T03:00:00+01:00,Viktorija Golubic,Alina Korneeva,unibet_uk,Unibet (UK),2026-09-29T08:50:57Z,h2h,Alina Korneeva,1.48,,0.6756756756756757,0.6372549019607844,0.2
2026-09-29T08:51:09.445673+00:00,2026-09-29T09:51:09.445673+01:00,dd870a99aafe250eeb6eb9e769dccbea,tennis_wta_china_open,WTA China Open,2026-09-30T02:00:00+00:00,2026-09-30T03:00:00+01:00,Viktorija Golubic,Alina Korneeva,unibet_uk,Unibet (UK),2026-09-29T08:50:57Z,h2h,Viktorija Golubic,2.6,,0.3846153846153846,0.3627450980392157,0.2
2026-09-29T08:51:09.445673+00:00,2026-09-29T09:51:09.445673+01:00,dd870a99aafe250eeb6eb9e769dccbea,tennis_wta_china_open,WTA China Open,2026-09-30T02:00:00+00:00,2026-09-30T03:00:00+01:00,Viktorija Golubic,Alina Korneeva,leovegas,LeoVegas,2026-09-29T08:50:15Z,h2h,Alina Korneeva,1.45,,0.6896551724137931,0.6375000000000001,0.2
2026-09-29T08:51:09.445673+00:00,2026-09-29T09:51:09.445673+01:00,dd870a99aafe250eeb6eb9e769dccbea,tennis_wta_china_open,WTA China Open,2026-09-30T02:00:00+00:00,2026-09-30T03:00:00+01:00,Viktorija Golubic,Alina Korneeva,leovegas,LeoVegas,2026-09-29T08:50:15Z,h2h,Viktorija Golubic,2.55,,0.3921568627450981,0.36250000000000004,0.2
2026-09-29T08:51:09.445673+00:00,2026-09-29T09:51:09.445673+01:00,dd870a99aafe250eeb6eb9e769dccbea,tennis_wta_china_open,WTA China Open,2026-09-30T02:00:00+00:00,2026-09-30T03:00:00+01:00,Viktorija Golubic,Alina Korneeva,betfair_sb_uk,Betfair Sportsbook,2026-09-29T08:50:55Z,h2h,Alina Korneeva,1.5,,0.6666666666666666,0.6368038740920097,0.2
2026-09-29T08:51:09.445673+00:00,2026-09-29T09:51:09.445673+01:00,dd870a99aafe250eeb6eb9e769dccbea,tennis_wta_china_open,WTA China Open,2026-09-30T02:00:00+00:00,2026-09-30T03:00:00+01:00,Viktorija Golubic,Alina Korneeva,betfair_sb_uk,Betfair Sportsbook,2026-09-29T08:50:55Z,h2h,Viktorija Golubic,2.63,,0.3802281368821293,0.36319612590799033,0.2
2026-09-29T08:51:09.445673+00:00,2026-09-29T09:51:09.445673+01:00,7b7d3040c0a9c64be8117d3301393f49,tennis_wta_china_open,WTA China Open,2026-09-30T02:00:00+00:00,2026-09-30T03:00:00+01:00,Janice Tjen,Anhelina Kalinina,grosvenor,Grosvenor,2026-09-29T08:50:40Z,h2h,Anhelina Kalinina,1.94,,0.5154639175257733,0.4881266490765172,0.2
2026-09-29T08:51:09.445673+00:00,2026-09-29T09:51:09.445673+01:00,7b7d3040c0a9c64be8117d3301393f49,tennis_wta_china_open,WTA China Open,2026-09-30T02:00:00+00:00,2026-09-30T03:00:00+01:00,Janice Tjen,Anhelina Kalinina,grosvenor,Grosvenor,2026-09-29T08:50:40Z,h2h,Janice Tjen,1.85,,0.5405405405405405,0.5118733509234827,0.2
2026-09-29T08:51:09.445673+00:00,2026-09-29T09:51:09.445673+01:00,7b7d3040c0a9c64be8117d3301393f49,tennis_wta_china_open,WTA China Open,2026-09-30T02:00:00+00:00,2026-09-30T03:00:00+01:00,Janice Tjen,Anhelina Kalinina,smarkets,Smarkets,2026-09-29T08:50:56Z,h2h,Anhelina Kalinina,1.91,,0.5235602094240838,0.47671232876712333,0.2
2026-09-29T08:51:09.445673+00:00,2026-09-29T09:51:09.445673+01:00,7b7d3040c0a9c64be8117d3301393f49,tennis_wta_china_open,WTA China Open,2026-09-30T02:00:00+00:00,2026-09-30T03:00:00+01:00,Janice Tjen,Anhelina Kalinina,smarkets,Smarkets,2026-09-29T08:50:56Z,h2h,Janice Tjen,1.74,,0.5747126436781609,0.5232876712328768,0.2
2026-09-29T08:51:09.445673+00:00,2026-09-29T09:51:09.445673+01:00,7b7d3040c0a9c64be8117d3301393f49,tennis_wta_china_open,WTA China Open,2026-09-30T02:00:00+00:00,2026-09-30T03:00:00+01:00,Janice Tjen,Anhelina Kalinina,smarkets,Smarkets,2026-09-29T08:50:56Z,h2h_lay,Anhelina Kalinina,2.24,,0.4464285714285714,1.0,0.2
2026-09-29T08:51:09.445673+00:00,2026-09-29T09:51:09.445673+01:00,7b7d3040c0a9c64be8117d3301393f49,tennis_wta_china_open,WTA China Open,2026-09-30T02:00:00+00:00,2026-09-30T03:00:00+01:00,Janice Tjen,Anhelina Kalinina,smarkets,Smarkets,2026-09-29T08:50:56Z,h2h_lay,Janice Tjen,2.1,,0.47619047619047616,1.0,0.2
2026-09-29T08:51:09.445673+00:00,2026-09-29T09:51:09.445673+01:00,7b7d3040c0a9c64be8117d3301393f49,tennis_wta_china_open,WTA China Open,2026-09-30T02:00:00+00:00,2026-09-30T03:00:00+01:00,Janice Tjen,Anhelina Kalinina,ladbrokes_uk,Ladbrokes,2026-09-29T08:50:29Z,h2h,Anhelina Kalinina,1.95,,0.5128205128205129,0.48,0.2
2026-09-29T08:51:09.445673+00:00,2026-09-29T09:51:09.445673+01:00,7b7d3040c0a9c64be8117d3301393f49,tennis_wta_china_open,WTA China Open,2026-09-30T02:00:00+00:00,2026-09-30T03:00:00+01:00,Janice Tjen,Anhelina Kalinina,ladbrokes_uk,Ladbrokes,2026-09-29T08:50:29Z,h2h,Janice Tjen,1.8,,0.5555555555555556,0.5199999999999999,0.2
2026-09-29T08:51:09.445673+00:00,2026-09-29T09:51:09.445673+01:00,7b7d3040c0a9c64be8117d3301393f49,tennis_wta_china_open,WTA China Open,2026-09-30T02:00:00+00:00,2026-09-30T03:00:00+01:00,Janice Tjen,Anhelina Kalinina,virginbet,Virgin Bet,2026-09-29T08:50:41Z,h2h,Anhelina Kalinina,1.95,,0.5128205128205129,0.48818897637795283,0.2
2026-09-29T08:51:09.445673+00:00,2026-09-29T09:51:09.445673+01:00,7b7d3040c0a9c64be8117d3301393f49,tennis_wta_china_open,WTA China Open,2026-09-30T02:00:00+00:00,2026-09-30T03:00:00+01:00,Janice Tjen,Anhelina Kalinina,virginbet,Virgin Bet,2026-09-29T08:50:41Z,h2h,Janice Tjen,1.86,,0.5376344086021505,0.5118110236220472,0.2
2026-09-29T08:51:09.445673+00:00,2026-09-29T09:51:09.445673+01:00,7b7d3040c0a9c64be8117d3301393f49,tennis_wta_china_open,WTA China Open,2026-09-30T02:00:00+00:00,2026-09-30T03:00:00+01:00,Janice Tjen,Anhelina Kalinina,casumo,Casumo,2026-09-29T08:50:41Z,h2h,Anhelina Kalinina,1.94,,0.5154639175257733,0.4881266490765172,0.2
2026-09-29T08:51:09.445673+00:00,2026-09-29T09:51:09.445673+01:00,7b7d3040c0a9c64be8117d3301393f49,tennis_wta_china_open,WTA China Open,2026-09-30T02:00:00+00:00,2026-09-30T03:00:00+01:00,Janice Tjen,Anhelina Kalinina,casumo,Casumo,2026-09-29T08:50:41Z,h2h,Janice Tjen,1.85,,0.5405405405405405,0.5118733509234827,0.2
2026-09-29T08:51:09.445673+00:00,2026-09-29T09:51:09.445673+01:00,7b7d3040c0a9c64be8117d3301393f49,tennis_wta_china_open,WTA China Open,2026-09-30T02:00:00+00:00,2026-09-30T03:00:00+01:00,Janice Tjen,Anhelina Kalinina,betway,Betway,2026-09-29T08:50:00Z,h2h,Anhelina Kalinina,1.95,,0.5128205128205129,0.48684210526315796,0.2
2026-09-29T08:51:09.445673+00:00,2026-09-29T09:51:09.445673+01:00,7b7d3040c0a9c64be8117d3301393f49,tennis_wta_china_open,WTA China Open,2026-09-30T02:00:00+00:00,2026-09-30T03:00:00+01:00,Janice Tjen,Anhelina Kalinina,betway,Betway,2026-09-29T08:50:00Z,h2h,Janice Tjen,1.85,,0.5405405405405405,0.513157894736842,0.2
2026-09-29T08:51:09.445673+00:00,2026-09-29T09:51:09.445673+01:00,7b7d3040c0a9c64be8117d3301393f49,tennis_wta_china_open,WTA China Open,2026-09-30T02:00:00+00:00,2026-09-30T03:00:00+01:00,Janice Tjen,Anhelina Kalinina,livescorebet,LiveScore Bet,2026-09-29T08:50:41Z,h2h,Anhelina Kalinina,1.95,,0.5128205128205129,0.48818897637795283,0.2
2026-09-29T08:51:09.445673+00:00,2026-09-29T09:51:09.445673+01:00,7b7d3040c0a9c64be8117d3301393f49,tennis_wta_china_open,WTA China Open,2026-09-30T02:00:00+00:00,2026-09-30T03:00:00+01:00,Janice Tjen,Anhelina Kalinina,livescorebet,LiveScore Bet,2026-09-29T08:50:41Z,h2h,Janice Tjen,1.86,,0.5376344086021505,0.5118110236220472,0.2
2026-09-29T08:51:09.445673+00:00,2026-09-29T09:51:09.445673+01:00,7b7d3040c0a9c64be8117d3301393f49,tennis_wta_china_open,WTA China Open,2026-09-30T02:00:00+00:00,2026-09-30T03:00:00+01:00,Janice Tjen,Anhelina Kalinina,sport888,888sport,2026-09-29T08:49:59Z,h2h,Anhelina Kalinina,2.0,,0.5,0.47368421052631576,0.2
2026-09-29T08:51:09.445673+00:00,2026-09-29T09:51:09.445673+01:00,7b7d3040c0a9c64be8117d3301393f49,tennis_wta_china_open,WTA China Open,2026-09-30T02:00:00+00:00,2026-09-30T03:00:00+01:00,Janice Tjen,Anhelina Kalinina,sport888,888sport,2026-09-29T08:49:59Z,h2h,Janice Tjen,1.8,,0.5555555555555556,0.5263157894736842,0.2
2026-09-29T08:51:09.445673+00:00,2026-09-29T09:51:09.445673+01:00,7b7d3040c0a9c64be8117d3301393f49,tennis_wta_china_open,WTA China Open,2026-09-30T02:00:00+00:00,2026-09-30T03:00:00+01:00,Janice Tjen,Anhelina Kalinina,coral,Coral,2026-09-29T08:50:14Z,h2h,Anhelina Kalinina,1.95,,0.5128205128205129,0.48,0.2
2026-09-29T08:51:09.445673+00:00,2026-09-29T09:51:09.445673+01:00,7b7d3040c0a9c64be8117d3301393f49,tennis_wta_china_open,WTA China Open,2026-09-30T02:00:00+00:00,2026-09-30T03:00:00+01:00,Janice Tjen,Anhelina Kalinina,coral,Coral,2026-09-29T08:50:14Z,h2h,Janice Tjen,1.8,,0.5555555555555556,0.5199999999999999,0.2
2026-09-29T08:51:09.445673+00:00,2026-09-29T09:51:09.445673+01:00,7b7d3040c0a9c64be8117d3301393f49,tennis_wta_china_open,WTA China Open,2026-09-30T02:00:00+00:00,2026-09-30T03:00:00+01:00,Janice Tjen,Anhelina Kalinina,betano_uk,Betano (UK),2026-09-29T08:50:52Z,h2h,Anhelina Kalinina,1.91,,0.5235602094240838,0.4851752021563342,0.2
2026-09-29T08:51:09.445673+00:00,2026-09-29T09:51:09.445673+01:00,7b7d3040c0a9c64be8117d3301393f49,tennis_wta_china_open,WTA China Open,2026-09-30T02:00:00+00:00,2026-09-30T03:00:00+01:00,Janice Tjen,Anhelina Kalinina,betano_uk,Betano (UK),2026-09-29T08:50:52Z,h2h,Janice Tjen,1.8,,0.5555555555555556,0.5148247978436657,0.2
2026-09-29T08:51:09.445673+00:00,2026-09-29T09:51:09.445673+01:00,7b7d3040c0a9c64be8117d3301393f49,tennis_wta_china_open,WTA China Open,2026-09-30T02:00:00+00:00,2026-09-30T03:00:00+01:00,Janice Tjen,Anhelina Kalinina,betvictor,Bet Victor,2026-09-29T08:46:25Z,h2h,Anhelina Kalinina,1.91,,0.5235602094240838,0.4851752021563342,0.2
2026-09-29T08:51:09.445673+00:00,2026-09-29T09:51:09.445673+01:00,7b7d3040c0a9c64be8117d3301393f49,tennis_wta_china_open,WTA China Open,2026-09-30T02:00:00+00:00,2026-09-30T03:00:00+01:00,Janice Tjen,Anhelina Kalinina,betvictor,Bet Victor,2026-09-29T08:46:25Z,h2h,Janice Tjen,1.8,,0.5555555555555556,0.5148247978436657,0.2
2026-09-29T08:51:09.445673+00:00,2026-09-29T09:51:09.445673+01:00,7b7d3040c0a9c64be8117d3301393f49,tennis_wta_china_open,WTA China Open,2026-09-30T02:00:00+00:00,2026-09-30T03:00:00+01:00,Janice Tjen,Anhelina Kalinina,boylesports,BoyleSports,2026-09-29T08:50:41Z,h2h,Anhelina Kalinina,2.0,,0.5,0.47780678851174935,0.2
2026-09-29T08:51:09.445673+00:00,2026-09-29T09:51:09.445673+01:00,7b7d3040c0a9c64be8117d3301393f49,tennis_wta_china_open,WTA China Open,2026-09-30T02:00:00+00:00,2026-09-30T03:00:00+01:00,Janice Tjen,Anhelina Kalinina,boylesports,BoyleSports,2026-09-29T08:50:41Z,h2h,Janice Tjen,1.83,,0.5464480874316939,0.5221932114882506,0.2
2026-09-29T08:51:09.445673+00:00,2026-09-29T09:51:09.445673+01:00,7b7d3040c0a9c64be8117d3301393f49,tennis_wta_china_open,WTA China Open,2026-09-30T02:00:00+00:00,2026-09-30T03:00:00+01:00,Janice Tjen,Anhelina Kalinina,matchbook,Matchbook,2026-09-29T08:50:57Z,h2h,Anhelina Kalinina,1.95,,0.5128205128205129,0.48,0.2
2026-09-29T08:51:09.445673+00:00,2026-09-29T09:51:09.445673+01:00,7b7d3040c0a9c64be8117d3301393f49,tennis_wta_china_open,WTA China Open,2026-09-30T02:00:00+00:00,2026-09-30T03:00:00+01:00,Janice Tjen,Anhelina Kalinina,matchbook,Matchbook,2026-09-29T08:50:57Z,h2h,Janice Tjen,1.8,,0.5555555555555556,0.5199999999999999,0.2
2026-09-29T08:51:09.445673+00:00,2026-09-29T09:51:09.445673+01:00,7b7d3040c0a9c64be8117d3301393f49,tennis_wta_china_open,WTA China Open,2026-09-30T02:00:00+00:00,2026-09-30T03:00:00+01:00,Janice Tjen,Anhelina Kalinina,matchbook,Matchbook,2026-09-29T08:50:57Z,h2h_lay,Anhelina Kalinina,2.24,,0.4464285714285714,1.0,0.2
2026-09-29T08:51:09.445673+00:00,2026-09-29T09:51:09.445673+01:00,7b7d3040c0a9c64be8117d3301393f49,tennis_wta_china_open,WTA China Open,2026-09-30T02:00:00+00:00,2026-09-30T03:00:00+01:00,Janice Tjen,Anhelina Kalinina,matchbook,Matchbook,2026-09-29T08:50:57Z,h2h_lay,Janice Tjen,2.06,,0.4854368932038835,1.0,0.2
2026-09-29T08:51:09.445673+00:00,2026-09-29T09:51:09.445673+01:00,7b7d3040c0a9c64be8117d3301393f49,tennis_wta_china_open,WTA China Open,2026-09-30T02:00:00+00:00,2026-09-30T03:00:00+01:00,Janice Tjen,Anhelina Kalinina,betfair_ex_uk,Betfair,2026-09-29T08:50:40Z,h2h,Anhelina Kalinina,1.95,,0.5128205128205129,0.4987146529562982,0.2
2026-09-29T08:51:09.445673+00:00,2026-09-29T09:51:09.445673+01:00,7b7d3040c0a9c64be8117d3301393f49,tennis_wta_china_open,WTA China Open,2026-09-30T02:00:00+00:00,2026-09-30T03:00:00+01:00,Janice Tjen,Anhelina Kalinina,betfair_ex_uk,Betfair,2026-09-29T08:50:40Z,h2h,Janice Tjen,1.94,,0.5154639175257733,0.5012853470437018,0.2
2026-09-29T08:51:09.445673+00:00,2026-09-29T09:51:09.445673+01:00,7b7d3040c0a9c64be8117d3301393f49,tennis_wta_china_open,WTA China Open,2026-09-30T02:00:00+00:00,2026-09-30T03:00:00+01:00,Janice Tjen,Anhelina Kalinina,betfair_ex_uk,Betfair,2026-09-29T08:50:40Z,h2h_lay,Anhelina Kalinina,2.06,,0.4854368932038835,1.0,0.2
2026-09-29T08:51:09.445673+00:00,2026-09-29T09:51:09.445673+01:00,7b7d3040c0a9c64be8117d3301393f49,tennis_wta_china_open,WTA China Open,2026-09-30T02:00:00+00:00,2026-09-30T03:00:00+01:00,Janice Tjen,Anhelina Kalinina,betfair_ex_uk,Betfair,2026-09-29T08:50:40Z,h2h_lay,Janice Tjen,2.06,,0.4854368932038835,1.0,0.2
2026-09-29T08:51:09.445673+00:00,2026-09-29T09:51:09.445673+01:00,7b7d3040c0a9c64be8117d3301393f49,tennis_wta_china_open,WTA China Open,2026-09-30T02:00:00+00:00,2026-09-30T03:00:00+01:00,Janice Tjen,Anhelina Kalinina,paddypower,Paddy Power,2026-09-29T08:50:12Z,h2h,Anhelina Kalinina,1.91,,0.5235602094240838,0.5,0.2
2026-09-29T08:51:09.445673+00:00,2026-09-29T09:51:09.445673+01:00,7b7d3040c0a9c64be8117d3301393f49,tennis_wta_china_open,WTA China Open,2026-09-30T02:00:00+00:00,2026-09-30T03:00:00+01:00,Janice Tjen,Anhelina Kalinina,paddypower,Paddy Power,2026-09-29T08:50:12Z,h2h,Janice Tjen,1.91,,0.5235602094240838,0.5,0.2
2026-09-29T08:51:09.445673+00:00,2026-09-29T09:51:09.445673+01:00,7b7d3040c0a9c64be8117d3301393f49,tennis_wta_china_open,WTA China Open,2026-09-30T02:00:00+00:00,2026-09-30T03:00:00+01:00,Janice Tjen,Anhelina Kalinina,unibet_uk,Unibet (UK),2026-09-29T08:50:57Z,h2h,Anhelina Kalinina,1.98,,0.5050505050505051,0.4761904761904762,0.2
2026-09-29T08:51:09.445673+00:00,2026-09-29T09:51:09.445673+01:00,7b7d3040c0a9c64be8117d3301393f49,tennis_wta_china_open,WTA China Open,2026-09-30T02:00:00+00:00,2026-09-30T03:00:00+01:00,Janice Tjen,Anhelina Kalinina,unibet_uk,Unibet (UK),2026-09-29T08:50:57Z,h2h,Janice Tjen,1.8,,0.5555555555555556,0.5238095238095238,0.2
2026-09-29T08:51:09.445673+00:00,2026-09-29T09:51:09.445673+01:00,7b7d3040c0a9c64be8117d3301393f49,tennis_wta_china_open,WTA China Open,2026-09-30T02:00:00+00:00,2026-09-30T03:00:00+01:00,Janice Tjen,Anhelina Kalinina,leovegas,LeoVegas,2026-09-29T08:50:15Z,h2h,Anhelina Kalinina,1.95,,0.5128205128205129,0.47297297297297297,0.2
2026-09-29T08:51:09.445673+00:00,2026-09-29T09:51:09.445673+01:00,7b7d3040c0a9c64be8117d3301393f49,tennis_wta_china_open,WTA China Open,2026-09-30T02:00:00+00:00,2026-09-30T03:00:00+01:00,Janice Tjen,Anhelina Kalinina,leovegas,LeoVegas,2026-09-29T08:50:15Z,h2h,Janice Tjen,1.75,,0.5714285714285714,0.527027027027027,0.2
2026-09-29T08:51:09.445673+00:00,2026-09-29T09:51:09.445673+01:00,7b7d3040c0a9c64be8117d3301393f49,tennis_wta_china_open,WTA China Open,2026-09-30T02:00:00+00:00,2026-09-30T03:00:00+01:00,Janice Tjen,Anhelina Kalinina,betfair_sb_uk,Betfair Sportsbook,2026-09-29T08:50:55Z,h2h,Anhelina Kalinina,1.9,,0.5263157894736842,0.5,0.2
2026-09-29T08:51:09.445673+00:00,2026-09-29T09:51:09.445673+01:00,7b7d3040c0a9c64be8117d3301393f49,tennis_wta_china_open,WTA China Open,2026-09-30T02:00:00+00:00,2026-09-30T03:00:00+01:00,Janice Tjen,Anhelina Kalinina,betfair_sb_uk,Betfair Sportsbook,2026-09-29T08:50:55Z,h2h,Janice Tjen,1.9,,0.5263157894736842,0.5,0.2
2026-09-29T08:51:09.445673+00:00,2026-09-29T09:51:09.445673+01:00,8a371753095dc91ecfc727a9bf51b90c,tennis_wta_china_open,WTA China Open,2026-09-30T02:00:00+00:00,2026-09-30T03:00:00+01:00,Anna Bondár,Renata Zarazua,grosvenor,Grosvenor,2026-09-29T08:50:40Z,h2h,Anna Bondár,1.43,,0.6993006993006994,0.6619385342789598,0.2
2026-09-29T08:51:09.445673+00:00,2026-09-29T09:51:09.445673+01:00,8a371753095dc91ecfc727a9bf51b90c,tennis_wta_china_open,WTA China Open,2026-09-30T02:00:00+00:00,2026-09-30T03:00:00+01:00,Anna Bondár,Renata Zarazua,grosvenor,Grosvenor,2026-09-29T08:50:40Z,h2h,Renata Zarazua,2.8,,0.35714285714285715,0.3380614657210402,0.2
2026-09-29T08:51:09.445673+00:00,2026-09-29T09:51:09.445673+01:00,8a371753095dc91ecfc727a9bf51b90c,tennis_wta_china_open,WTA China Open,2026-09-30T02:00:00+00:00,2026-09-30T03:00:00+01:00,Anna Bondár,Renata Zarazua,smarkets,Smarkets,2026-09-29T08:50:56Z,h2h,Anna Bondár,1.4,,0.7142857142857143,0.6713615023474179,0.2
2026-09-29T08:51:09.445673+00:00,2026-09-29T09:51:09.445673+01:00,8a371753095dc91ecfc727a9bf51b90c,tennis_wta_china_open,WTA China Open,2026-09-30T02:00:00+00:00,2026-09-30T03:00:00+01:00,Anna Bondár,Renata Zarazua,smarkets,Smarkets,2026-09-29T08:50:56Z,h2h,Renata Zarazua,2.86,,0.3496503496503497,0.3286384976525822,0.2
2026-09-29T08:51:09.445673+00:00,2026-09-29T09:51:09.445673+01:00,8a371753095dc91ecfc727a9bf51b90c,tennis_wta_china_open,WTA China Open,2026-09-30T02:00:00+00:00,2026-09-30T03:00:00+01:00,Anna Bondár,Renata Zarazua,smarkets,Smarkets,2026-09-29T08:50:56Z,h2h_lay,Anna Bondár,1.63,,0.6134969325153374,1.0,0.2
2026-09-29T08:51:09.445673+00:00,2026-09-29T09:51:09.445673+01:00,8a371753095dc91ecfc727a9bf51b90c,tennis_wta_china_open,WTA China Open,2026-09-30T02:00:00+00:00,2026-09-30T03:00:00+01:00,Anna Bondár,Renata Zarazua,smarkets,Smarkets,2026-09-29T08:50:56Z,h2h_lay,Renata Zarazua,3.5,,0.2857142857142857,1.0,0.2
2026-09-29T08:51:09.445673+00:00,2026-09-29T09:51:09.445673+01:00,8a371753095dc91ecfc727a9bf51b90c,tennis_wta_china_open,WTA China Open,2026-09-30T02:00:00+00:00,2026-09-30T03:00:00+01:00,Anna Bondár,Renata Zarazua,ladbrokes_uk,Ladbrokes,2026-09-29T08:50:29Z,h2h,Anna Bondár,1.44,,0.6944444444444444,0.645320197044335,0.2
2026-09-29T08:51:09.445673+00:00,2026-09-29T09:51:09.445673+01:00,8a371753095dc91ecfc727a9bf51b90c,tennis_wta_china_open,WTA China Open,2026-09-30T02:00:00+00:00,2026-09-30T03:00:00+01:00,Anna Bondár,Renata Zarazua,ladbrokes_uk,Ladbrokes,2026-09-29T08:50:29Z,h2h,Renata Zarazua,2.62,,0.38167938931297707,0.35467980295566504,0.2
2026-09-29T08:51:09.445673+00:00,2026-09-29T09:51:09.445673+01:00,8a371753095dc91ecfc727a9bf51b90c,tennis_wta_china_open,WTA China Open,2026-09-30T02:00:00+00:00,2026-09-30T03:00:00+01:00,Anna Bondár,Renata Zarazua,virginbet,Virgin Bet,2026-09-29T08:50:41Z,h2h,Anna Bondár,1.44,,0.6944444444444444,0.660377358490566,0.2
2026-09-29T08:51:09.445673+00:00,2026-09-29T09:51:09.445673+01:00,8a371753095dc91ecfc727a9bf51b90c,tennis_wta_china_open,WTA China Open,2026-09-30T02:00:00+00:00,2026-09-30T03:00:00+01:00,Anna Bondár,Renata Zarazua,virginbet,Virgin Bet,2026-09-29T08:50:41Z,h2h,Renata Zarazua,2.8,,0.35714285714285715,0.33962264150943394,0.2
2026-09-29T08:51:09.445673+00:00,2026-09-29T09:51:09.445673+01:00,8a371753095dc91ecfc727a9bf51b90c,tennis_wta_china_open,WTA China Open,2026-09-30T02:00:00+00:00,2026-09-30T03:00:00+01:00,Anna Bondár,Renata Zarazua,casumo,Casumo,2026-09-29T08:50:41Z,h2h,Anna Bondár,1.43,,0.6993006993006994,0.6619385342789598,0.2
2026-09-29T08:51:09.445673+00:00,2026-09-29T09:51:09.445673+01:00,8a371753095dc91ecfc727a9bf51b90c,tennis_wta_china_open,WTA China Open,2026-09-30T02:00:00+00:00,2026-09-30T03:00:00+01:00,Anna Bondár,Renata Zarazua,casumo,Casumo,2026-09-29T08:50:41Z,h2h,Renata Zarazua,2.8,,0.35714285714285715,0.3380614657210402,0.2
2026-09-29T08:51:09.445673+00:00,2026-09-29T09:51:09.445673+01:00,8a371753095dc91ecfc727a9bf51b90c,tennis_wta_china_open,WTA China Open,2026-09-30T02:00:00+00:00,2026-09-30T03:00:00+01:00,Anna Bondár,Renata Zarazua,betway,Betway,2026-09-29T08:50:00Z,h2h,Anna Bondár,1.45,,0.6896551724137931,0.6547619047619047,0.2
2026-09-29T08:51:09.445673+00:00,2026-09-29T09:51:09.445673+01:00,8a371753095dc91ecfc727a9bf51b90c,tennis_wta_china_open,WTA China Open,2026-09-30T02:00:00+00:00,2026-09-30T03:00:00+01:00,Anna Bondár,Renata Zarazua,betway,Betway,2026-09-29T08:50:00Z,h2h,Renata Zarazua,2.75,,0.36363636363636365,0.3452380952380952,0.2
2026-09-29T08:51:09.445673+00:00,2026-09-29T09:51:09.445673+01:00,8a371753095dc91ecfc727a9bf51b90c,tennis_wta_china_open,WTA China Open,2026-09-30T02:00:00+00:00,2026-09-30T03:00:00+01:00,Anna Bondár,Renata Zarazua,livescorebet,LiveScore Bet,2026-09-29T08:50:41Z,h2h,Anna Bondár,1.44,,0.6944444444444444,0.660377358490566,0.2
2026-09-29T08:51:09.445673+00:00,2026-09-29T09:51:09.445673+01:00,8a371753095dc91ecfc727a9bf51b90c,tennis_wta_china_open,WTA China Open,2026-09-30T02:00:00+00:00,2026-09-30T03:00:00+01:00,Anna Bondár,Renata Zarazua,livescorebet,LiveScore Bet,2026-09-29T08:50:41Z,h2h,Renata Zarazua,2.8,,0.35714285714285715,0.33962264150943394,0.2
2026-09-29T08:51:09.445673+00:00,2026-09-29T09:51:09.445673+01:00,8a371753095dc91ecfc727a9bf51b90c,tennis_wta_china_open,WTA China Open,2026-09-30T02:00:00+00:00,2026-09-30T03:00:00+01:00,Anna Bondár,Renata Zarazua,sport888,888sport,2026-09-29T08:49:59Z,h2h,Anna Bondár,1.44,,0.6944444444444444,0.6563245823389022,0.2
2026-09-29T08:51:09.445673+00:00,2026-09-29T09:51:09.445673+01:00,8a371753095dc91ecfc727a9bf51b90c,tennis_wta_china_open,WTA China Open,2026-09-30T02:00:00+00:00,2026-09-30T03:00:00+01:00,Anna Bondár,Renata Zarazua,sport888,888sport,2026-09-29T08:49:59Z,h2h,Renata Zarazua,2.75,,0.36363636363636365,0.3436754176610979,0.2
2026-09-29T08:51:09.445673+00:00,2026-09-29T09:51:09.445673+01:00,8a371753095dc91ecfc727a9bf51b90c,tennis_wta_china_open,WTA China Open,2026-09-30T02:00:00+00:00,2026-09-30T03:00:00+01:00,Anna Bondár,Renata Zarazua,coral,Coral,2026-09-29T08:50:14Z,h2h,Anna Bondár,1.44,,0.6944444444444444,0.645320197044335,0.2
2026-09-29T08:51:09.445673+00:00,2026-09-29T09:51:09.445673+01:00,8a371753095dc91ecfc727a9bf51b90c,tennis_wta_china_open,WTA China Open,2026-09-30T02:00:00+00:00,2026-09-30T03:00:00+01:00,Anna Bondár,Renata Zarazua,coral,Coral,2026-09-29T08:50:14Z,h2h,Renata Zarazua,2.62,,0.38167938931297707,0.35467980295566504,0.2
2026-09-29T08:51:09.445673+00:00,2026-09-29T09:51:09.445673+01:00,8a371753095dc91ecfc727a9bf51b90c,tennis_wta_china_open,WTA China Open,2026-09-30T02:00:00+00:00,2026-09-30T03:00:00+01:00,Anna Bondár,Renata Zarazua,betano_uk,Betano (UK),2026-09-29T08:50:52Z,h2h,Anna Bondár,1.44,,0.6944444444444444,0.6435643564356436,0.2
2026-09-29T08:51:09.445673+00:00,2026-09-29T09:51:09.445673+01:00,8a371753095dc91ecfc727a9bf51b90c,tennis_wta_china_open,WTA China Open,2026-09-30T02:00:00+00:00,2026-09-30T03:00:00+01:00,Anna Bondár,Renata Zarazua,betano_uk,Betano (UK),2026-09-29T08:50:52Z,h2h,Renata Zarazua,2.6,,0.3846153846153846,0.3564356435643564,0.2
2026-09-29T08:51:09.445673+00:00,2026-09-29T09:51:09.445673+01:00,8a371753095dc91ecfc727a9bf51b90c,tennis_wta_china_open,WTA China Open,2026-09-30T02:00:00+00:00,2026-09-30T03:00:00+01:00,Anna Bondár,Renata Zarazua,betvictor,Bet Victor,2026-09-29T08:46:25Z,h2h,Anna Bondár,1.44,,0.6944444444444444,0.6435643564356436,0.2
2026-09-29T08:51:09.445673+00:00,2026-09-29T09:51:09.445673+01:00,8a371753095dc91ecfc727a9bf51b90c,tennis_wta_china_open,WTA China Open,2026-09-30T02:00:00+00:00,2026-09-30T03:00:00+01:00,Anna Bondár,Renata Zarazua,betvictor,Bet Victor,2026-09-29T08:46:25Z,h2h,Renata Zarazua,2.6,,0.3846153846153846,0.3564356435643564,0.2
2026-09-29T08:51:09.445673+00:00,2026-09-29T09:51:09.445673+01:00,8a371753095dc91ecfc727a9bf51b90c,tennis_wta_china_open,WTA China Open,2026-09-30T02:00:00+00:00,2026-09-30T03:00:00+01:00,Anna Bondár,Renata Zarazua,boylesports,BoyleSports,2026-09-29T08:50:41Z,h2h,Anna Bondár,1.44,,0.6944444444444444,0.6563245823389022,0.2
2026-09-29T08:51:09.445673+00:00,2026-09-29T09:51:09.445673+01:00,8a371753095dc91ecfc727a9bf51b90c,tennis_wta_china_open,WTA China Open,2026-09-30T02:00:00+00:00,2026-09-30T03:00:00+01:00,Anna Bondár,Renata Zarazua,boylesports,BoyleSports,2026-09-29T08:50:41Z,h2h,Renata Zarazua,2.75,,0.36363636363636365,0.3436754176610979,0.2
2026-09-29T08:51:09.445673+00:00,2026-09-29T09:51:09.445673+01:00,8a371753095dc91ecfc727a9bf51b90c,tennis_wta_china_open,WTA China Open,2026-09-30T02:00:00+00:00,2026-09-30T03:00:00+01:00,Anna Bondár,Renata Zarazua,matchbook,Matchbook,2026-09-29T08:50:57Z,h2h,Anna Bondár,1.44,,0.6944444444444444,0.682819383259912,0.2
2026-09-29T08:51:09.445673+00:00,2026-09-29T09:51:09.445673+01:00,8a371753095dc91ecfc727a9bf51b90c,tennis_wta_china_open,WTA China Open,2026-09-30T02:00:00+00:00,2026-09-30T03:00:00+01:00,Anna Bondár,Renata Zarazua,matchbook,Matchbook,2026-09-29T08:50:57Z,h2h,Renata Zarazua,3.1,,0.3225806451612903,0.31718061674008813,0.2
2026-09-29T08:51:09.445673+00:00,2026-09-29T09:51:09.445673+01:00,8a371753095dc91ecfc727a9bf51b90c,tennis_wta_china_open,WTA China Open,2026-09-30T02:00:00+00:00,2026-09-30T03:00:00+01:00,Anna Bondár,Renata Zarazua,matchbook,Matchbook,2026-09-29T08:50:57Z,h2h_lay,Anna Bondár,1.47,,0.6802721088435374,1.0,0.2
2026-09-29T08:51:09.445673+00:00,2026-09-29T09:51:09.445673+01:00,8a371753095dc91ecfc727a9bf51b90c,tennis_wta_china_open,WTA China Open,2026-09-30T02:00:00+00:00,2026-09-30T03:00:00+01:00,Anna Bondár,Renata Zarazua,matchbook,Matchbook,2026-09-29T08:50:57Z,h2h_lay,Renata Zarazua,3.3,,0.30303030303030304,1.0,0.2
2026-09-29T08:51:09.445673+00:00,2026-09-29T09:51:09.445673+01:00,8a371753095dc91ecfc727a9bf51b90c,tennis_wta_china_open,WTA China Open,2026-09-30T02:00:00+00:00,2026-09-30T03:00:00+01:00,Anna Bondár,Renata Zarazua,betfair_ex_uk,Betfair,2026-09-29T08:50:40Z,h2h,Anna Bondár,1.45,,0.6896551724137931,0.6813186813186813,0.2
2026-09-29T08:51:09.445673+00:00,2026-09-29T09:51:09.445673+01:00,8a371753095dc91ecfc727a9bf51b90c,tennis_wta_china_open,WTA China Open,2026-09-30T02:00:00+00:00,2026-09-30T03:00:00+01:00,Anna Bondár,Renata Zarazua,betfair_ex_uk,Betfair,2026-09-29T08:50:40Z,h2h,Renata Zarazua,3.1,,0.3225806451612903,0.31868131868131866,0.2
2026-09-29T08:51:09.445673+00:00,2026-09-29T09:51:09.445673+01:00,8a371753095dc91ecfc727a9bf51b90c,tennis_wta_china_open,WTA China Open,2026-09-30T02:00:00+00:00,2026-09-30T03:00:00+01:00,Anna Bondár,Renata Zarazua,betfair_ex_uk,Betfair,2026-09-29T08:50:40Z,h2h_lay,Anna Bondár,1.47,,0.6802721088435374,1.0,0.2
2026-09-29T08:51:09.445673+00:00,2026-09-29T09:51:09.445673+01:00,8a371753095dc91ecfc727a9bf51b90c,tennis_wta_china_open,WTA China Open,2026-09-30T02:00:00+00:00,2026-09-30T03:00:00+01:00,Anna Bondár,Renata Zarazua,betfair_ex_uk,Betfair,2026-09-29T08:50:40Z,h2h_lay,Renata Zarazua,3.25,,0.3076923076923077,1.0,0.2
2026-09-29T08:51:09.445673+00:00,2026-09-29T09:51:09.445673+01:00,8a371753095dc91ecfc727a9bf51b90c,tennis_wta_china_open,WTA China Open,2026-09-30T02:00:00+00:00,2026-09-30T03:00:00+01:00,Anna Bondár,Renata Zarazua,paddypower,Paddy Power,2026-09-29T08:50:12Z,h2h,Anna Bondár,1.4,,0.7142857142857143,0.6666666666666667,0.2
2026-09-29T08:51:09.445673+00:00,2026-09-29T09:51:09.445673+01:00,8a371753095dc91ecfc727a9bf51b90c,tennis_wta_china_open,WTA China Open,2026-09-30T02:00:00+00:00,2026-09-30T03:00:00+01:00,Anna Bondár,Renata Zarazua,paddypower,Paddy Power,2026-09-29T08:50:12Z,h2h,Renata Zarazua,2.8,,0.35714285714285715,0.33333333333333337,0.2
2026-09-29T08:51:09.445673+00:00,2026-09-29T09:51:09.445673+01:00,8a371753095dc91ecfc727a9bf51b90c,tennis_wta_china_open,WTA China Open,2026-09-30T02:00:00+00:00,2026-09-30T03:00:00+01:00,Anna Bondár,Renata Zarazua,unibet_uk,Unibet (UK),2026-09-29T08:50:57Z,h2h,Anna Bondár,1.44,,0.6944444444444444,0.6563245823389022,0.2
2026-09-29T08:51:09.445673+00:00,2026-09-29T09:51:09.445673+01:00,8a371753095dc91ecfc727a9bf51b90c,tennis_wta_china_open,WTA China Open,2026-09-30T02:00:00+00:00,2026-09-30T03:00:00+01:00,Anna Bondár,Renata Zarazua,unibet_uk,Unibet (UK),2026-09-29T08:50:57Z,h2h,Renata Zarazua,2.75,,0.36363636363636365,0.3436754176610979,0.2
2026-09-29T08:51:09.445673+00:00,2026-09-29T09:51:09.445673+01:00,8a371753095dc91ecfc727a9bf51b90c,tennis_wta_china_open,WTA China Open,2026-09-30T02:00:00+00:00,2026-09-30T03:00:00+01:00,Anna Bondár,Renata Zarazua,leovegas,LeoVegas,2026-09-29T08:50:15Z,h2h,Anna Bondár,1.4,,0.7142857142857143,0.6585365853658537,0.2
2026-09-29T08:51:09.445673+00:00,2026-09-29T09:51:09.445673+01:00,8a371753095dc91ecfc727a9bf51b90c,tennis_wta_china_open,WTA China Open,2026-09-30T02:00:00+00:00,2026-09-30T03:00:00+01:00,Anna Bondár,Renata Zarazua,leovegas,LeoVegas,2026-09-29T08:50:15Z,h2h,Renata Zarazua,2.7,,0.37037037037037035,0.3414634146341463,0.2
2026-09-29T08:51:09.445673+00:00,2026-09-29T09:51:09.445673+01:00,8a371753095dc91ecfc727a9bf51b90c,tennis_wta_china_open,WTA China Open,2026-09-30T02:00:00+00:00,2026-09-30T03:00:00+01:00,Anna Bondár,Renata Zarazua,betfair_sb_uk,Betfair Sportsbook,2026-09-29T08:50:55Z,h2h,Anna Bondár,1.44,,0.6944444444444444,0.6563245823389022,0.2
2026-09-29T08:51:09.445673+00:00,2026-09-29T09:51:09.445673+01:00,8a371753095dc91ecfc727a9bf51b90c,tennis_wta_china_open,WTA China Open,2026-09-30T02:00:00+00:00,2026-09-30T03:00:00+01:00,Anna Bondár,Renata Zarazua,betfair_sb_uk,Betfair Sportsbook,2026-09-29T08:50:55Z,h2h,Renata Zarazua,2.75,,0.36363636363636365,0.3436754176610979,0.2
2026-09-29T08:51:09.445673+00:00,2026-09-29T09:51:09.445673+01:00,c61cca87a103a35f8e1889747b27f171,tennis_wta_china_open,WTA China Open,2026-09-30T02:00:00+00:00,2026-09-30T03:00:00+01:00,Aoi Ito,Kimberly Birrell,betano_uk,Betano (UK),2026-09-29T08:50:52Z,h2h,Aoi Ito,3.25,,0.3076923076923077,0.28414096916299564,0.2
2026-09-29T08:51:09.445673+00:00,2026-09-29T09:51:09.445673+01:00,c61cca87a103a35f8e1889747b27f171,tennis_wta_china_open,WTA China Open,2026-09-30T02:00:00+00:00,2026-09-30T03:00:00+01:00,Aoi Ito,Kimberly Birrell,betano_uk,Betano (UK),2026-09-29T08:50:52Z,h2h,Kimberly Birrell,1.29,,0.7751937984496123,0.7158590308370044,0.2
2026-09-29T08:51:09.445673+00:00,2026-09-29T09:51:09.445673+01:00,c61cca87a103a35f8e1889747b27f171,tennis_wta_china_open,WTA China Open,2026-09-30T02:00:00+00:00,2026-09-30T03:00:00+01:00,Aoi Ito,Kimberly Birrell,smarkets,Smarkets,2026-09-29T08:50:56Z,h2h,Aoi Ito,3.55,,0.28169014084507044,0.26195426195426197,0.2
2026-09-29T08:51:09.445673+00:00,2026-09-29T09:51:09.445673+01:00,c61cca87a103a35f8e1889747b27f171,tennis_wta_china_open,WTA China Open,2026-09-30T02:00:00+00:00,2026-09-30T03:00:00+01:00,Aoi Ito,Kimberly Birrell,smarkets,Smarkets,2026-09-29T08:50:56Z,h2h,Kimberly Birrell,1.26,,0.7936507936507936,0.738045738045738,0.2
2026-09-29T08:51:09.445673+00:00,2026-09-29T09:51:09.445673+01:00,c61cca87a103a35f8e1889747b27f171,tennis_wta_china_open,WTA China Open,2026-09-30T02:00:00+00:00,2026-09-30T03:00:00+01:00,Aoi Ito,Kimberly Birrell,smarkets,Smarkets,2026-09-29T08:50:56Z,h2h_lay,Aoi Ito,4.9,,0.2040816326530612,1.0,0.2
2026-09-29T08:51:09.445673+00:00,2026-09-29T09:51:09.445673+01:00,c61cca87a103a35f8e1889747b27f171,tennis_wta_china_open,WTA China Open,2026-09-30T02:00:00+00:00,2026-09-30T03:00:00+01:00,Aoi Ito,Kimberly Birrell,smarkets,Smarkets,2026-09-29T08:50:56Z,h2h_lay,Kimberly Birrell,1.45,,0.6896551724137931,1.0,0.2
2026-09-29T08:51:09.445673+00:00,2026-09-29T09:51:09.445673+01:00,c61cca87a103a35f8e1889747b27f171,tennis_wta_china_open,WTA China Open,2026-09-30T02:00:00+00:00,2026-09-30T03:00:00+01:00,Aoi Ito,Kimberly Birrell,ladbrokes_uk,Ladbrokes,2026-09-29T08:50:29Z,h2h,Aoi Ito,3.7,,0.27027027027027023,0.2525252525252525,0.2
2026-09-29T08:51:09.445673+00:00,2026-09-29T09:51:09.445673+01:00,c61cca87a103a35f8e1889747b27f171,tennis_wta_china_open,WTA China Open,2026-09-30T02:00:00+00:00,2026-09-30T03:00:00+01:00,Aoi Ito,Kimberly Birrell,ladbrokes_uk,Ladbrokes,2026-09-29T08:50:29Z,h2h,Kimberly Birrell,1.25,,0.8,0.7474747474747475,0.2
2026-09-29T08:51:09.445673+00:00,2026-09-29T09:51:09.445673+01:00,c61cca87a103a35f8e1889747b27f171,tennis_wta_china_open,WTA China Open,2026-09-30T02:00:00+00:00,2026-09-30T03:00:00+01:00,Aoi Ito,Kimberly Birrell,virginbet,Virgin Bet,2026-09-29T08:50:41Z,h2h,Aoi Ito,4.0,,0.25,0.23809523809523808,0.2
2026-09-29T08:51:09.445673+00:00,2026-09-29T09:51:09.445673+01:00,c61cca87a103a35f8e1889747b27f171,tennis_wta_china_open,WTA China Open,2026-09-30T02:00:00+00:00,2026-09-30T03:00:00+01:00,Aoi Ito,Kimberly Birrell,virginbet,Virgin Bet,2026-09-29T08:50:41Z,h2h,Kimberly Birrell,1.25,,0.8,0.7619047619047619,0.2
2026-09-29T08:51:09.445673+00:00,2026-09-29T09:51:09.445673+01:00,c61cca87a103a35f8e1889747b27f171,tennis_wta_china_open,WTA China Open,2026-09-30T02:00:00+00:00,2026-09-30T03:00:00+01:00,Aoi Ito,Kimberly Birrell,casumo,Casumo,2026-09-29T08:50:41Z,h2h,Aoi Ito,4.0,,0.25,0.23809523809523808,0.2
2026-09-29T08:51:09.445673+00:00,2026-09-29T09:51:09.445673+01:00,c61cca87a103a35f8e1889747b27f171,tennis_wta_china_open,WTA China Open,2026-09-30T02:00:00+00:00,2026-09-30T03:00:00+01:00,Aoi Ito,Kimberly Birrell,casumo,Casumo,2026-09-29T08:50:41Z,h2h,Kimberly Birrell,1.25,,0.8,0.7619047619047619,0.2
2026-09-29T08:51:09.445673+00:00,2026-09-29T09:51:09.445673+01:00,c61cca87a103a35f8e1889747b27f171,tennis_wta_china_open,WTA China Open,2026-09-30T02:00:00+00:00,2026-09-30T03:00:00+01:00,Aoi Ito,Kimberly Birrell,betway,Betway,2026-09-29T08:50:00Z,h2h,Aoi Ito,3.75,,0.26666666666666666,0.25595238095238093,0.2
2026-09-29T08:51:09.445673+00:00,2026-09-29T09:51:09.445673+01:00,c61cca87a103a35f8e1889747b27f171,tennis_wta_china_open,WTA China Open,2026-09-30T02:00:00+00:00,2026-09-30T03:00:00+01:00,Aoi Ito,Kimberly Birrell,betway,Betway,2026-09-29T08:50:00Z,h2h,Kimberly Birrell,1.29,,0.7751937984496123,0.744047619047619,0.2
2026-09-29T08:51:09.445673+00:00,2026-09-29T09:51:09.445673+01:00,c61cca87a103a35f8e1889747b27f171,tennis_wta_china_open,WTA China Open,2026-09-30T02:00:00+00:00,2026-09-30T03:00:00+01:00,Aoi Ito,Kimberly Birrell,sport888,888sport,2026-09-29T08:49:59Z,h2h,Aoi Ito,3.5,,0.2857142857142857,0.27083333333333337,0.2
2026-09-29T08:51:09.445673+00:00,2026-09-29T09:51:09.445673+01:00,c61cca87a103a35f8e1889747b27f171,tennis_wta_china_open,WTA China Open,2026-09-30T02:00:00+00:00,2026-09-30T03:00:00+01:00,Aoi Ito,Kimberly Birrell,sport888,888sport,2026-09-29T08:49:59Z,h2h,Kimberly Birrell,1.3,,0.7692307692307692,0.7291666666666667,0.2
2026-09-29T08:51:09.445673+00:00,2026-09-29T09:51:09.445673+01:00,c61cca87a103a35f8e1889747b27f171,tennis_wta_china_open,WTA China Open,2026-09-30T02:00:00+00:00,2026-09-30T03:00:00+01:00,Aoi Ito,Kimberly Birrell,livescorebet,LiveScore Bet,2026-09-29T08:50:41Z,h2h,Aoi Ito,4.0,,0.25,0.23809523809523808,0.2
2026-09-29T08:51:09.445673+00:00,2026-09-29T09:51:09.445673+01:00,c61cca87a103a35f8e1889747b27f171,tennis_wta_china_open,WTA China Open,2026-09-30T02:00:00+00:00,2026-09-30T03:00:00+01:00,Aoi Ito,Kimberly Birrell,livescorebet,LiveScore Bet,2026-09-29T08:50:41Z,h2h,Kimberly Birrell,1.25,,0.8,0.7619047619047619,0.2
2026-09-29T08:51:09.445673+00:00,2026-09-29T09:51:09.445673+01:00,c61cca87a103a35f8e1889747b27f171,tennis_wta_china_open,WTA China Open,2026-09-30T02:00:00+00:00,2026-09-30T03:00:00+01:00,Aoi Ito,Kimberly Birrell,coral,Coral,2026-09-29T08:50:14Z,h2h,Aoi Ito,3.7,,0.27027027027027023,0.2525252525252525,0.2
2026-09-29T08:51:09.445673+00:00,2026-09-29T09:51:09.445673+01:00,c61cca87a103a35f8e1889747b27f171,tennis_wta_china_open,WTA China Open,2026-09-30T02:00:00+00:00,2026-09-30T03:00:00+01:00,Aoi Ito,Kimberly Birrell,coral,Coral,2026-09-29T08:50:14Z,h2h,Kimberly Birrell,1.25,,0.8,0.7474747474747475,0.2
2026-09-29T08:51:09.445673+00:00,2026-09-29T09:51:09.445673+01:00,c61cca87a103a35f8e1889747b27f171,tennis_wta_china_open,WTA China Open,2026-09-30T02:00:00+00:00,2026-09-30T03:00:00+01:00,Aoi Ito,Kimberly Birrell,grosvenor,Grosvenor,2026-09-29T08:50:40Z,h2h,Aoi Ito,4.0,,0.25,0.23809523809523808,0.2
2026-09-29T08:51:09.445673+00:00,2026-09-29T09:51:09.445673+01:00,c61cca87a103a35f8e1889747b27f171,tennis_wta_china_open,WTA China Open,2026-09-30T02:00:00+00:00,2026-09-30T03:00:00+01:00,Aoi Ito,Kimberly Birrell,grosvenor,Grosvenor,2026-09-29T08:50:40Z,h2h,Kimberly Birrell,1.25,,0.8,0.7619047619047619,0.2
2026-09-29T08:51:09.445673+00:00,2026-09-29T09:51:09.445673+01:00,c61cca87a103a35f8e1889747b27f171,tennis_wta_china_open,WTA China Open,2026-09-30T02:00:00+00:00,2026-09-30T03:00:00+01:00,Aoi Ito,Kimberly Birrell,betvictor,Bet Victor,2026-09-29T08:46:25Z,h2h,Aoi Ito,3.6,,0.2777777777777778,0.25773195876288657,0.2
2026-09-29T08:51:09.445673+00:00,2026-09-29T09:51:09.445673+01:00,c61cca87a103a35f8e1889747b27f171,tennis_wta_china_open,WTA China Open,2026-09-30T02:00:00+00:00,2026-09-30T03:00:00+01:00,Aoi Ito,Kimberly Birrell,betvictor,Bet Victor,2026-09-29T08:46:25Z,h2h,Kimberly Birrell,1.25,,0.8,0.7422680412371133,0.2
2026-09-29T08:51:09.445673+00:00,2026-09-29T09:51:09.445673+01:00,c61cca87a103a35f8e1889747b27f171,tennis_wta_china_open,WTA China Open,2026-09-30T02:00:00+00:00,2026-09-30T03:00:00+01:00,Aoi Ito,Kimberly Birrell,boylesports,BoyleSports,2026-09-29T08:50:41Z,h2h,Aoi Ito,3.75,,0.26666666666666666,0.25595238095238093,0.2
2026-09-29T08:51:09.445673+00:00,2026-09-29T09:51:09.445673+01:00,c61cca87a103a35f8e1889747b27f171,tennis_wta_china_open,WTA China Open,2026-09-30T02:00:00+00:00,2026-09-30T03:00:00+01:00,Aoi Ito,Kimberly Birrell,boylesports,BoyleSports,2026-09-29T08:50:41Z,h2h,Kimberly Birrell,1.29,,0.7751937984496123,0.744047619047619,0.2
2026-09-29T08:51:09.445673+00:00,2026-09-29T09:51:09.445673+01:00,c61cca87a103a35f8e1889747b27f171,tennis_wta_china_open,WTA China Open,2026-09-30T02:00:00+00:00,2026-09-30T03:00:00+01:00,Aoi Ito,Kimberly Birrell,matchbook,Matchbook,2026-09-29T08:50:57Z,h2h,Aoi Ito,3.75,,0.26666666666666666,0.25889328063241107,0.2
2026-09-29T08:51:09.445673+00:00,2026-09-29T09:51:09.445673+01:00,c61cca87a103a35f8e1889747b27f171,tennis_wta_china_open,WTA China Open,2026-09-30T02:00:00+00:00,2026-09-30T03:00:00+01:00,Aoi Ito,Kimberly Birrell,matchbook,Matchbook,2026-09-29T08:50:57Z,h2h,Kimberly Birrell,1.31,,0.7633587786259541,0.741106719367589,0.2
2026-09-29T08:51:09.445673+00:00,2026-09-29T09:51:09.445673+01:00,c61cca87a103a35f8e1889747b27f171,tennis_wta_china_open,WTA China Open,2026-09-30T02:00:00+00:00,2026-09-30T03:00:00+01:00,Aoi Ito,Kimberly Birrell,matchbook,Matchbook,2026-09-29T08:50:57Z,h2h_lay,Aoi Ito,4.3,,0.23255813953488372,1.0,0.2
2026-09-29T08:51:09.445673+00:00,2026-09-29T09:51:09.445673+01:00,c61cca87a103a35f8e1889747b27f171,tennis_wta_china_open,WTA China Open,2026-09-30T02:00:00+00:00,2026-09-30T03:00:00+01:00,Aoi Ito,Kimberly Birrell,matchbook,Matchbook,2026-09-29T08:50:57Z,h2h_lay,Kimberly Birrell,1.35,,0.7407407407407407,1.0,0.2
2026-09-29T08:51:09.445673+00:00,2026-09-29T09:51:09.445673+01:00,c61cca87a103a35f8e1889747b27f171,tennis_wta_china_open,WTA China Open,2026-09-30T02:00:00+00:00,2026-09-30T03:00:00+01:00,Aoi Ito,Kimberly Birrell,betfair_ex_uk,Betfair,2026-09-29T08:50:40Z,h2h,Aoi Ito,3.85,,0.2597402597402597,0.253875968992248,0.2
2026-09-29T08:51:09.445673+00:00,2026-09-29T09:51:09.445673+01:00,c61cca87a103a35f8e1889747b27f171,tennis_wta_china_open,WTA China Open,2026-09-30T02:00:00+00:00,2026-09-30T03:00:00+01:00,Aoi Ito,Kimberly Birrell,betfair_ex_uk,Betfair,2026-09-29T08:50:40Z,h2h,Kimberly Birrell,1.31,,0.7633587786259541,0.7461240310077518,0.2
2026-09-29T08:51:09.445673+00:00,2026-09-29T09:51:09.445673+01:00,c61cca87a103a35f8e1889747b27f171,tennis_wta_china_open,WTA China Open,2026-09-30T02:00:00+00:00,2026-09-30T03:00:00+01:00,Aoi Ito,Kimberly Birrell,betfair_ex_uk,Betfair,2026-09-29T08:50:40Z,h2h_lay,Aoi Ito,4.2,,0.23809523809523808,1.0,0.2
2026-09-29T08:51:09.445673+00:00,2026-09-29T09:51:09.445673+01:00,c61cca87a103a35f8e1889747b27f171,tennis_wta_china_open,WTA China Open,2026-09-30T02:00:00+00:00,2026-09-30T03:00:00+01:00,Aoi Ito,Kimberly Birrell,betfair_ex_uk,Betfair,2026-09-29T08:50:40Z,h2h_lay,Kimberly Birrell,1.35,,0.7407407407407407,1.0,0.2
2026-09-29T08:51:09.445673+00:00,2026-09-29T09:51:09.445673+01:00,c61cca87a103a35f8e1889747b27f171,tennis_wta_china_open,WTA China Open,2026-09-30T02:00:00+00:00,2026-09-30T03:00:00+01:00,Aoi Ito,Kimberly Birrell,paddypower,Paddy Power,2026-09-29T08:50:12Z,h2h,Aoi Ito,3.6,,0.2777777777777778,0.25773195876288657,0.2
2026-09-29T08:51:09.445673+00:00,2026-09-29T09:51:09.445673+01:00,c61cca87a103a35f8e1889747b27f171,tennis_wta_china_open,WTA China Open,2026-09-30T02:00:00+00:00,2026-09-30T03:00:00+01:00,Aoi Ito,Kimberly Birrell,paddypower,Paddy Power,2026-09-29T08:50:12Z,h2h,Kimberly Birrell,1.25,,0.8,0.7422680412371133,0.2
2026-09-29T08:51:09.445673+00:00,2026-09-29T09:51:09.445673+01:00,c61cca87a103a35f8e1889747b27f171,tennis_wta_china_open,WTA China Open,2026-09-30T02:00:00+00:00,2026-09-30T03:00:00+01:00,Aoi Ito,Kimberly Birrell,unibet_uk,Unibet (UK),2026-09-29T08:50:57Z,h2h,Aoi Ito,3.5,,0.2857142857142857,0.26931106471816285,0.2
2026-09-29T08:51:09.445673+00:00,2026-09-29T09:51:09.445673+01:00,c61cca87a103a35f8e1889747b27f171,tennis_wta_china_open,WTA China Open,2026-09-30T02:00:00+00:00,2026-09-30T03:00:00+01:00,Aoi Ito,Kimberly Birrell,unibet_uk,Unibet (UK),2026-09-29T08:50:57Z,h2h,Kimberly Birrell,1.29,,0.7751937984496123,0.7306889352818372,0.2
2026-09-29T08:51:09.445673+00:00,2026-09-29T09:51:09.445673+01:00,c61cca87a103a35f8e1889747b27f171,tennis_wta_china_open,WTA China Open,2026-09-30T02:00:00+00:00,2026-09-30T03:00:00+01:00,Aoi Ito,Kimberly Birrell,leovegas,LeoVegas,2026-09-29T08:50:15Z,h2h,Aoi Ito,3.5,,0.2857142857142857,0.2647058823529412,0.2
2026-09-29T08:51:09.445673+00:00,2026-09-29T09:51:09.445673+01:00,c61cca87a103a35f8e1889747b27f171,tennis_wta_china_open,WTA China Open,2026-09-30T02:00:00+00:00,2026-09-30T03:00:00+01:00,Aoi Ito,Kimberly Birrell,leovegas,LeoVegas,2026-09-29T08:50:15Z,h2h,Kimberly Birrell,1.26,,0.7936507936507936,0.7352941176470589,0.2
2026-09-29T08:51:09.445673+00:00,2026-09-29T09:51:09.445673+01:00,53f873d1a51975238b8a55de03609702,tennis_wta_china_open,WTA China Open,2026-09-30T02:00:00+00:00,2026-09-30T03:00:00+01:00,Sofia Kenin,Ashlyn Krueger,virginbet,Virgin Bet,2026-09-29T08:50:41Z,h2h,Ashlyn Krueger,1.6,,0.625,0.5928753180661578,0.2
2026-09-29T08:51:09.445673+00:00,2026-09-29T09:51:09.445673+01:00,53f873d1a51975238b8a55de03609702,tennis_wta_china_open,WTA China Open,2026-09-30T02:00:00+00:00,2026-09-30T03:00:00+01:00,Sofia Kenin,Ashlyn Krueger,virginbet,Virgin Bet,2026-09-29T08:50:41Z,h2h,Sofia Kenin,2.33,,0.4291845493562232,0.40712468193384227,0.2
2026-09-29T08:51:09.445673+00:00,2026-09-29T09:51:09.445673+01:00,53f873d1a51975238b8a55de03609702,tennis_wta_china_open,WTA China Open,2026-09-30T02:00:00+00:00,2026-09-30T03:00:00+01:00,Sofia Kenin,Ashlyn Krueger,casumo,Casumo,2026-09-29T08:50:41Z,h2h,Ashlyn Krueger,1.6,,0.625,0.5928753180661578,0.2
2026-09-29T08:51:09.445673+00:00,2026-09-29T09:51:09.445673+01:00,53f873d1a51975238b8a55de03609702,tennis_wta_china_open,WTA China Open,2026-09-30T02:00:00+00:00,2026-09-30T03:00:00+01:00,Sofia Kenin,Ashlyn Krueger,casumo,Casumo,2026-09-29T08:50:41Z,h2h,Sofia Kenin,2.33,,0.4291845493562232,0.40712468193384227,0.2
2026-09-29T08:51:09.445673+00:00,2026-09-29T09:51:09.445673+01:00,53f873d1a51975238b8a55de03609702,tennis_wta_china_open,WTA China Open,2026-09-30T02:00:00+00:00,2026-09-30T03:00:00+01:00,Sofia Kenin,Ashlyn Krueger,betway,Betway,2026-09-29T08:50:00Z,h2h,Ashlyn Krueger,1.6,,0.625,0.5897435897435896,0.2
2026-09-29T08:51:09.445673+00:00,2026-09-29T09:51:09.445673+01:00,53f873d1a51975238b8a55de03609702,tennis_wta_china_open,WTA China Open,2026-09-30T02:00:00+00:00,2026-09-30T03:00:00+01:00,Sofia Kenin,Ashlyn Krueger,betway,Betway,2026-09-29T08:50:00Z,h2h,Sofia Kenin,2.3,,0.4347826086956522,0.41025641025641024,0.2
2026-09-29T08:51:09.445673+00:00,2026-09-29T09:51:09.445673+01:00,53f873d1a51975238b8a55de03609702,tennis_wta_china_open,WTA China Open,2026-09-30T02:00:00+00:00,2026-09-30T03:00:00+01:00,Sofia Kenin,Ashlyn Krueger,smarkets,Smarkets,2026-09-29T08:50:56Z,h2h,Ashlyn Krueger,1.56,,0.641025641025641,0.5806451612903226,0.2
2026-09-29T08:51:09.445673+00:00,2026-09-29T09:51:09.445673+01:00,53f873d1a51975238b8a55de03609702,tennis_wta_china_open,WTA China Open,2026-09-30T02:00:00+00:00,2026-09-30T03:00:00+01:00,Sofia Kenin,Ashlyn Krueger,smarkets,Smarkets,2026-09-29T08:50:56Z,h2h,Sofia Kenin,2.16,,0.4629629629629629,0.41935483870967744,0.2
2026-09-29T08:51:09.445673+00:00,2026-09-29T09:51:09.445673+01:00,53f873d1a51975238b8a55de03609702,tennis_wta_china_open,WTA China Open,2026-09-30T02:00:00+00:00,2026-09-30T03:00:00+01:00,Sofia Kenin,Ashlyn Krueger,smarkets,Smarkets,2026-09-29T08:50:56Z,h2h_lay,Ashlyn Krueger,1.86,,0.5376344086021505,1.0,0.2
2026-09-29T08:51:09.445673+00:00,2026-09-29T09:51:09.445673+01:00,53f873d1a51975238b8a55de03609702,tennis_wta_china_open,WTA China Open,2026-09-30T02:00:00+00:00,2026-09-30T03:00:00+01:00,Sofia Kenin,Ashlyn Krueger,smarkets,Smarkets,2026-09-29T08:50:56Z,h2h_lay,Sofia Kenin,2.78,,0.3597122302158274,1.0,0.2
2026-09-29T08:51:09.445673+00:00,2026-09-29T09:51:09.445673+01:00,53f873d1a51975238b8a55de03609702,tennis_wta_china_open,WTA China Open,2026-09-30T02:00:00+00:00,2026-09-30T03:00:00+01:00,Sofia Kenin,Ashlyn Krueger,sport888,888sport,2026-09-29T08:49:59Z,h2h,Ashlyn Krueger,1.67,,0.5988023952095809,0.5684754521963824,0.2
2026-09-29T08:51:09.445673+00:00,2026-09-29T09:51:09.445673+01:00,53f873d1a51975238b8a55de03609702,tennis_wta_china_open,WTA China Open,2026-09-30T02:00:00+00:00,2026-09-30T03:00:00+01:00,Sofia Kenin,Ashlyn Krueger,sport888,888sport,2026-09-29T08:49:59Z,h2h,Sofia Kenin,2.2,,0.45454545454545453,0.43152454780361754,0.2
2026-09-29T08:51:09.445673+00:00,2026-09-29T09:51:09.445673+01:00,53f873d1a51975238b8a55de03609702,tennis_wta_china_open,WTA China Open,2026-09-30T02:00:00+00:00,2026-09-30T03:00:00+01:00,Sofia Kenin,Ashlyn Krueger,livescorebet,LiveScore Bet,2026-09-29T08:50:41Z,h2h,Ashlyn Krueger,1.6,,0.625,0.5928753180661578,0.2
2026-09-29T08:51:09.445673+00:00,2026-09-29T09:51:09.445673+01:00,53f873d1a51975238b8a55de03609702,tennis_wta_china_open,WTA China Open,2026-09-30T02:00:00+00:00,2026-09-30T03:00:00+01:00,Sofia Kenin,Ashlyn Krueger,livescorebet,LiveScore Bet,2026-09-29T08:50:41Z,h2h,Sofia Kenin,2.33,,0.4291845493562232,0.40712468193384227,0.2
2026-09-29T08:51:09.445673+00:00,2026-09-29T09:51:09.445673+01:00,53f873d1a51975238b8a55de03609702,tennis_wta_china_open,WTA China Open,2026-09-30T02:00:00+00:00,2026-09-30T03:00:00+01:00,Sofia Kenin,Ashlyn Krueger,betvictor,Bet Victor,2026-09-29T08:46:25Z,h2h,Ashlyn Krueger,1.6,,0.625,0.5789473684210527,0.2
2026-09-29T08:51:09.445673+00:00,2026-09-29T09:51:09.445673+01:00,53f873d1a51975238b8a55de03609702,tennis_wta_china_open,WTA China Open,2026-09-30T02:00:00+00:00,2026-09-30T03:00:00+01:00,Sofia Kenin,Ashlyn Krueger,betvictor,Bet Victor,2026-09-29T08:46:25Z,h2h,Sofia Kenin,2.2,,0.45454545454545453,0.42105263157894735,0.2
2026-09-29T08:51:09.445673+00:00,2026-09-29T09:51:09.445673+01:00,53f873d1a51975238b8a55de03609702,tennis_wta_china_open,WTA China Open,2026-09-30T02:00:00+00:00,2026-09-30T03:00:00+01:00,Sofia Kenin,Ashlyn Krueger,grosvenor,Grosvenor,2026-09-29T08:50:40Z,h2h,Ashlyn Krueger,1.6,,0.625,0.5928753180661578,0.2
2026-09-29T08:51:09.445673+00:00,2026-09-29T09:51:09.445673+01:00,53f873d1a51975238b8a55de03609702,tennis_wta_china_open,WTA China Open,2026-09-30T02:00:00+00:00,2026-09-30T03:00:00+01:00,Sofia Kenin,Ashlyn Krueger,grosvenor,Grosvenor,2026-09-29T08:50:40Z,h2h,Sofia Kenin,2.33,,0.4291845493562232,0.40712468193384227,0.2
2026-09-29T08:51:09.445673+00:00,2026-09-29T09:51:09.445673+01:00,53f873d1a51975238b8a55de03609702,tennis_wta_china_open,WTA China Open,2026-09-30T02:00:00+00:00,2026-09-30T03:00:00+01:00,Sofia Kenin,Ashlyn Krueger,betano_uk,Betano (UK),2026-09-29T08:50:52Z,h2h,Ashlyn Krueger,1.6,,0.625,0.5789473684210527,0.2
2026-09-29T08:51:09.445673+00:00,2026-09-29T09:51:09.445673+01:00,53f873d1a51975238b8a55de03609702,tennis_wta_china_open,WTA China Open,2026-09-30T02:00:00+00:00,2026-09-30T03:00:00+01:00,Sofia Kenin,Ashlyn Krueger,betano_uk,Betano (UK),2026-09-29T08:50:52Z,h2h,Sofia Kenin,2.2,,0.45454545454545453,0.42105263157894735,0.2
2026-09-29T08:51:09.445673+00:00,2026-09-29T09:51:09.445673+01:00,53f873d1a51975238b8a55de03609702,tennis_wta_china_open,WTA China Open,2026-09-30T02:00:00+00:00,2026-09-30T03:00:00+01:00,Sofia Kenin,Ashlyn Krueger,coral,Coral,2026-09-29T08:50:14Z,h2h,Ashlyn Krueger,1.6,,0.625,0.5789473684210527,0.2
2026-09-29T08:51:09.445673+00:00,2026-09-29T09:51:09.445673+01:00,53f873d1a51975238b8a55de03609702,tennis_wta_china_open,WTA China Open,2026-09-30T02:00:00+00:00,2026-09-30T03:00:00+01:00,Sofia Kenin,Ashlyn Krueger,coral,Coral,2026-09-29T08:50:14Z,h2h,Sofia Kenin,2.2,,0.45454545454545453,0.42105263157894735,0.2
2026-09-29T08:51:09.445673+00:00,2026-09-29T09:51:09.445673+01:00,53f873d1a51975238b8a55de03609702,tennis_wta_china_open,WTA China Open,2026-09-30T02:00:00+00:00,2026-09-30T03:00:00+01:00,Sofia Kenin,Ashlyn Krueger,ladbrokes_uk,Ladbrokes,2026-09-29T08:50:29Z,h2h,Ashlyn Krueger,1.6,,0.625,0.5789473684210527,0.2
2026-09-29T08:51:09.445673+00:00,2026-09-29T09:51:09.445673+01:00,53f873d1a51975238b8a55de03609702,tennis_wta_china_open,WTA China Open,2026-09-30T02:00:00+00:00,2026-09-30T03:00:00+01:00,Sofia Kenin,Ashlyn Krueger,ladbrokes_uk,Ladbrokes,2026-09-29T08:50:29Z,h2h,Sofia Kenin,2.2,,0.45454545454545453,0.42105263157894735,0.2
2026-09-29T08:51:09.445673+00:00,2026-09-29T09:51:09.445673+01:00,53f873d1a51975238b8a55de03609702,tennis_wta_china_open,WTA China Open,2026-09-30T02:00:00+00:00,2026-09-30T03:00:00+01:00,Sofia Kenin,Ashlyn Krueger,boylesports,BoyleSports,2026-09-29T08:50:41Z,h2h,Ashlyn Krueger,1.62,,0.6172839506172839,0.586734693877551,0.2
2026-09-29T08:51:09.445673+00:00,2026-09-29T09:51:09.445673+01:00,53f873d1a51975238b8a55de03609702,tennis_wta_china_open,WTA China Open,2026-09-30T02:00:00+00:00,2026-09-30T03:00:00+01:00,Sofia Kenin,Ashlyn Krueger,boylesports,BoyleSports,2026-09-29T08:50:41Z,h2h,Sofia Kenin,2.3,,0.4347826086956522,0.413265306122449,0.2
2026-09-29T08:51:09.445673+00:00,2026-09-29T09:51:09.445673+01:00,53f873d1a51975238b8a55de03609702,tennis_wta_china_open,WTA China Open,2026-09-30T02:00:00+00:00,2026-09-30T03:00:00+01:00,Sofia Kenin,Ashlyn Krueger,matchbook,Matchbook,2026-09-29T08:50:57Z,h2h,Ashlyn Krueger,1.7,,0.5882352941176471,0.5771144278606966,0.2
2026-09-29T08:51:09.445673+00:00,2026-09-29T09:51:09.445673+01:00,53f873d1a51975238b8a55de03609702,tennis_wta_china_open,WTA China Open,2026-09-30T02:00:00+00:00,2026-09-30T03:00:00+01:00,Sofia Kenin,Ashlyn Krueger,matchbook,Matchbook,2026-09-29T08:50:57Z,h2h,Sofia Kenin,2.32,,0.4310344827586207,0.4228855721393035,0.2
2026-09-29T08:51:09.445673+00:00,2026-09-29T09:51:09.445673+01:00,53f873d1a51975238b8a55de03609702,tennis_wta_china_open,WTA China Open,2026-09-30T02:00:00+00:00,2026-09-30T03:00:00+01:00,Sofia Kenin,Ashlyn Krueger,matchbook,Matchbook,2026-09-29T08:50:57Z,h2h_lay,Ashlyn Krueger,1.75,,0.5714285714285714,1.0,0.2
2026-09-29T08:51:09.445673+00:00,2026-09-29T09:51:09.445673+01:00,53f873d1a51975238b8a55de03609702,tennis_wta_china_open,WTA China Open,2026-09-30T02:00:00+00:00,2026-09-30T03:00:00+01:00,Sofia Kenin,Ashlyn Krueger,matchbook,Matchbook,2026-09-29T08:50:57Z,h2h_lay,Sofia Kenin,2.42,,0.4132231404958678,1.0,0.2
2026-09-29T08:51:09.445673+00:00,2026-09-29T09:51:09.445673+01:00,53f873d1a51975238b8a55de03609702,tennis_wta_china_open,WTA China Open,2026-09-30T02:00:00+00:00,2026-09-30T03:00:00+01:00,Sofia Kenin,Ashlyn Krueger,betfair_ex_uk,Betfair,2026-09-29T08:50:40Z,h2h,Ashlyn Krueger,1.7,,0.5882352941176471,0.5792079207920793,0.2
2026-09-29T08:51:09.445673+00:00,2026-09-29T09:51:09.445673+01:00,53f873d1a51975238b8a55de03609702,tennis_wta_china_open,WTA China Open,2026-09-30T02:00:00+00:00,2026-09-30T03:00:00+01:00,Sofia Kenin,Ashlyn Krueger,betfair_ex_uk,Betfair,2026-09-29T08:50:40Z,h2h,Sofia Kenin,2.34,,0.4273504273504274,0.42079207920792083,0.2
2026-09-29T08:51:09.445673+00:00,2026-09-29T09:51:09.445673+01:00,53f873d1a51975238b8a55de03609702,tennis_wta_china_open,WTA China Open,2026-09-30T02:00:00+00:00,2026-09-30T03:00:00+01:00,Sofia Kenin,Ashlyn Krueger,betfair_ex_uk,Betfair,2026-09-29T08:50:40Z,h2h_lay,Ashlyn Krueger,1.75,,0.5714285714285714,1.0,0.2
2026-09-29T08:51:09.445673+00:00,2026-09-29T09:51:09.445673+01:00,53f873d1a51975238b8a55de03609702,tennis_wta_china_open,WTA China Open,2026-09-30T02:00:00+00:00,2026-09-30T03:00:00+01:00,Sofia Kenin,Ashlyn Krueger,betfair_ex_uk,Betfair,2026-09-29T08:50:40Z,h2h_lay,Sofia Kenin,2.42,,0.4132231404958678,1.0,0.2
2026-09-29T08:51:09.445673+00:00,2026-09-29T09:51:09.445673+01:00,53f873d1a51975238b8a55de03609702,tennis_wta_china_open,WTA China Open,2026-09-30T02:00:00+00:00,2026-09-30T03:00:00+01:00,Sofia Kenin,Ashlyn Krueger,paddypower,Paddy Power,2026-09-29T08:50:12Z,h2h,Ashlyn Krueger,1.62,,0.6172839506172839,0.586734693877551,0.2
2026-09-29T08:51:09.445673+00:00,2026-09-29T09:51:09.445673+01:00,53f873d1a51975238b8a55de03609702,tennis_wta_china_open,WTA China Open,2026-09-30T02:00:00+00:00,2026-09-30T03:00:00+01:00,Sofia Kenin,Ashlyn Krueger,paddypower,Paddy Power,2026-09-29T08:50:12Z,h2h,Sofia Kenin,2.3,,0.4347826086956522,0.413265306122449,0.2
2026-09-29T08:51:09.445673+00:00,2026-09-29T09:51:09.445673+01:00,53f873d1a51975238b8a55de03609702,tennis_wta_china_open,WTA China Open,2026-09-30T02:00:00+00:00,2026-09-30T03:00:00+01:00,Sofia Kenin,Ashlyn Krueger,unibet_uk,Unibet (UK),2026-09-29T08:50:57Z,h2h,Ashlyn Krueger,1.62,,0.6172839506172839,0.5813953488372093,0.2
2026-09-29T08:51:09.445673+00:00,2026-09-29T09:51:09.445673+01:00,53f873d1a51975238b8a55de03609702,tennis_wta_china_open,WTA China Open,2026-09-30T02:00:00+00:00,2026-09-30T03:00:00+01:00,Sofia Kenin,Ashlyn Krueger,unibet_uk,Unibet (UK),2026-09-29T08:50:57Z,h2h,Sofia Kenin,2.25,,0.4444444444444444,0.4186046511627907,0.2
2026-09-29T08:51:09.445673+00:00,2026-09-29T09:51:09.445673+01:00,53f873d1a51975238b8a55de03609702,tennis_wta_china_open,WTA China Open,2026-09-30T02:00:00+00:00,2026-09-30T03:00:00+01:00,Sofia Kenin,Ashlyn Krueger,leovegas,LeoVegas,2026-09-29T08:50:15Z,h2h,Ashlyn Krueger,1.6,,0.625,0.5789473684210527,0.2
2026-09-29T08:51:09.445673+00:00,2026-09-29T09:51:09.445673+01:00,53f873d1a51975238b8a55de03609702,tennis_wta_china_open,WTA China Open,2026-09-30T02:00:00+00:00,2026-09-30T03:00:00+01:00,Sofia Kenin,Ashlyn Krueger,leovegas,LeoVegas,2026-09-29T08:50:15Z,h2h,Sofia Kenin,2.2,,0.45454545454545453,0.42105263157894735,0.2
2026-09-29T08:51:09.445673+00:00,2026-09-29T09:51:09.445673+01:00,f987a5ce8a5a3b88fa7c8a8804858cbe,tennis_wta_china_open,WTA China Open,2026-09-30T02:00:00+00:00,2026-09-30T03:00:00+01:00,Caty McNally,Dayana Yastremska,grosvenor,Grosvenor,2026-09-29T08:50:40Z,h2h,Caty McNally,1.54,,0.6493506493506493,0.6169154228855721,0.2
2026-09-29T08:51:09.445673+00:00,2026-09-29T09:51:09.445673+01:00,f987a5ce8a5a3b88fa7c8a8804858cbe,tennis_wta_china_open,WTA China Open,2026-09-30T02:00:00+00:00,2026-09-30T03:00:00+01:00,Caty McNally,Dayana Yastremska,grosvenor,Grosvenor,2026-09-29T08:50:40Z,h2h,Dayana Yastremska,2.48,,0.40322580645161293,0.38308457711442784,0.2
2026-09-29T08:51:09.445673+00:00,2026-09-29T09:51:09.445673+01:00,f987a5ce8a5a3b88fa7c8a8804858cbe,tennis_wta_china_open,WTA China Open,2026-09-30T02:00:00+00:00,2026-09-30T03:00:00+01:00,Caty McNally,Dayana Yastremska,smarkets,Smarkets,2026-09-29T08:50:56Z,h2h,Caty McNally,1.48,,0.6756756756756757,0.6125654450261779,0.2
2026-09-29T08:51:09.445673+00:00,2026-09-29T09:51:09.445673+01:00,f987a5ce8a5a3b88fa7c8a8804858cbe,tennis_wta_china_open,WTA China Open,2026-09-30T02:00:00+00:00,2026-09-30T03:00:00+01:00,Caty McNally,Dayana Yastremska,smarkets,Smarkets,2026-09-29T08:50:56Z,h2h,Dayana Yastremska,2.34,,0.4273504273504274,0.387434554973822,0.2
2026-09-29T08:51:09.445673+00:00,2026-09-29T09:51:09.445673+01:00,f987a5ce8a5a3b88fa7c8a8804858cbe,tennis_wta_china_open,WTA China Open,2026-09-30T02:00:00+00:00,2026-09-30T03:00:00+01:00,Caty McNally,Dayana Yastremska,smarkets,Smarkets,2026-09-29T08:50:56Z,h2h_lay,Caty McNally,1.75,,0.5714285714285714,1.0,0.2
2026-09-29T08:51:09.445673+00:00,2026-09-29T09:51:09.445673+01:00,f987a5ce8a5a3b88fa7c8a8804858cbe,tennis_wta_china_open,WTA China Open,2026-09-30T02:00:00+00:00,2026-09-30T03:00:00+01:00,Caty McNally,Dayana Yastremska,smarkets,Smarkets,2026-09-29T08:50:56Z,h2h_lay,Dayana Yastremska,3.1,,0.3225806451612903,1.0,0.2
2026-09-29T08:51:09.445673+00:00,2026-09-29T09:51:09.445673+01:00,f987a5ce8a5a3b88fa7c8a8804858cbe,tennis_wta_china_open,WTA China Open,2026-09-30T02:00:00+00:00,2026-09-30T03:00:00+01:00,Caty McNally,Dayana Yastremska,betway,Betway,2026-09-29T08:50:00Z,h2h,Caty McNally,1.55,,0.6451612903225806,0.6075949367088608,0.2
2026-09-29T08:51:09.445673+00:00,2026-09-29T09:51:09.445673+01:00,f987a5ce8a5a3b88fa7c8a8804858cbe,tennis_wta_china_open,WTA China Open,2026-09-30T02:00:00+00:00,2026-09-30T03:00:00+01:00,Caty McNally,Dayana Yastremska,betway,Betway,2026-09-29T08:50:00Z,h2h,Dayana Yastremska,2.4,,0.4166666666666667,0.3924050632911393,0.2
2026-09-29T08:51:09.445673+00:00,2026-09-29T09:51:09.445673+01:00,f987a5ce8a5a3b88fa7c8a8804858cbe,tennis_wta_china_open,WTA China Open,2026-09-30T02:00:00+00:00,2026-09-30T03:00:00+01:00,Caty McNally,Dayana Yastremska,casumo,Casumo,2026-09-29T08:50:41Z,h2h,Caty McNally,1.54,,0.6493506493506493,0.6169154228855721,0.2
2026-09-29T08:51:09.445673+00:00,2026-09-29T09:51:09.445673+01:00,f987a5ce8a5a3b88fa7c8a8804858cbe,tennis_wta_china_open,WTA China Open,2026-09-30T02:00:00+00:00,2026-09-30T03:00:00+01:00,Caty McNally,Dayana Yastremska,casumo,Casumo,2026-09-29T08:50:41Z,h2h,Dayana Yastremska,2.48,,0.40322580645161293,0.38308457711442784,0.2
2026-09-29T08:51:09.445673+00:00,2026-09-29T09:51:09.445673+01:00,f987a5ce8a5a3b88fa7c8a8804858cbe,tennis_wta_china_open,WTA China Open,2026-09-30T02:00:00+00:00,2026-09-30T03:00:00+01:00,Caty McNally,Dayana Yastremska,virginbet,Virgin Bet,2026-09-29T08:50:41Z,h2h,Caty McNally,1.54,,0.6493506493506493,0.6169154228855721,0.2
2026-09-29T08:51:09.445673+00:00,2026-09-29T09:51:09.445673+01:00,f987a5ce8a5a3b88fa7c8a8804858cbe,tennis_wta_china_open,WTA China Open,2026-09-30T02:00:00+00:00,2026-09-30T03:00:00+01:00,Caty McNally,Dayana Yastremska,virginbet,Virgin Bet,2026-09-29T08:50:41Z,h2h,Dayana Yastremska,2.48,,0.40322580645161293,0.38308457711442784,0.2
2026-09-29T08:51:09.445673+00:00,2026-09-29T09:51:09.445673+01:00,f987a5ce8a5a3b88fa7c8a8804858cbe,tennis_wta_china_open,WTA China Open,2026-09-30T02:00:00+00:00,2026-09-30T03:00:00+01:00,Caty McNally,Dayana Yastremska,sport888,888sport,2026-09-29T08:49:59Z,h2h,Caty McNally,1.53,,0.6535947712418301,0.6203473945409429,0.2
2026-09-29T08:51:09.445673+00:00,2026-09-29T09:51:09.445673+01:00,f987a5ce8a5a3b88fa7c8a8804858cbe,tennis_wta_china_open,WTA China Open,2026-09-30T02:00:00+00:00,2026-09-30T03:00:00+01:00,Caty McNally,Dayana Yastremska,sport888,888sport,2026-09-29T08:49:59Z,h2h,Dayana Yastremska,2.5,,0.4,0.3796526054590571,0.2
2026-09-29T08:51:09.445673+00:00,2026-09-29T09:51:09.445673+01:00,f987a5ce8a5a3b88fa7c8a8804858cbe,tennis_wta_china_open,WTA China Open,2026-09-30T02:00:00+00:00,2026-09-30T03:00:00+01:00,Caty McNally,Dayana Yastremska,livescorebet,LiveScore Bet,2026-09-29T08:50:41Z,h2h,Caty McNally,1.54,,0.6493506493506493,0.6169154228855721,0.2
2026-09-29T08:51:09.445673+00:00,2026-09-29T09:51:09.445673+01:00,f987a5ce8a5a3b88fa7c8a8804858cbe,tennis_wta_china_open,WTA China Open,2026-09-30T02:00:00+00:00,2026-09-30T03:00:00+01:00,Caty McNally,Dayana Yastremska,livescorebet,LiveScore Bet,2026-09-29T08:50:41Z,h2h,Dayana Yastremska,2.48,,0.40322580645161293,0.38308457711442784,0.2
2026-09-29T08:51:09.445673+00:00,2026-09-29T09:51:09.445673+01:00,f987a5ce8a5a3b88fa7c8a8804858cbe,tennis_wta_china_open,WTA China Open,2026-09-30T02:00:00+00:00,2026-09-30T03:00:00+01:00,Caty McNally,Dayana Yastremska,betano_uk,Betano (UK),2026-09-29T08:50:52Z,h2h,Caty McNally,1.5,,0.6666666666666666,0.6153846153846154,0.2
2026-09-29T08:51:09.445673+00:00,2026-09-29T09:51:09.445673+01:00,f987a5ce8a5a3b88fa7c8a8804858cbe,tennis_wta_china_open,WTA China Open,2026-09-30T02:00:00+00:00,2026-09-30T03:00:00+01:00,Caty McNally,Dayana Yastremska,betano_uk,Betano (UK),2026-09-29T08:50:52Z,h2h,Dayana Yastremska,2.4,,0.4166666666666667,0.38461538461538464,0.2
2026-09-29T08:51:09.445673+00:00,2026-09-29T09:51:09.445673+01:00,f987a5ce8a5a3b88fa7c8a8804858cbe,tennis_wta_china_open,WTA China Open,2026-09-30T02:00:00+00:00,2026-09-30T03:00:00+01:00,Caty McNally,Dayana Yastremska,betvictor,Bet Victor,2026-09-29T08:46:25Z,h2h,Caty McNally,1.5,,0.6666666666666666,0.6153846153846154,0.2
2026-09-29T08:51:09.445673+00:00,2026-09-29T09:51:09.445673+01:00,f987a5ce8a5a3b88fa7c8a8804858cbe,tennis_wta_china_open,WTA China Open,2026-09-30T02:00:00+00:00,2026-09-30T03:00:00+01:00,Caty McNally,Dayana Yastremska,betvictor,Bet Victor,2026-09-29T08:46:25Z,h2h,Dayana Yastremska,2.4,,0.4166666666666667,0.38461538461538464,0.2
2026-09-29T08:51:09.445673+00:00,2026-09-29T09:51:09.445673+01:00,f987a5ce8a5a3b88fa7c8a8804858cbe,tennis_wta_china_open,WTA China Open,2026-09-30T02:00:00+00:00,2026-09-30T03:00:00+01:00,Caty McNally,Dayana Yastremska,boylesports,BoyleSports,2026-09-29T08:50:41Z,h2h,Caty McNally,1.53,,0.6535947712418301,0.6203473945409429,0.2
2026-09-29T08:51:09.445673+00:00,2026-09-29T09:51:09.445673+01:00,f987a5ce8a5a3b88fa7c8a8804858cbe,tennis_wta_china_open,WTA China Open,2026-09-30T02:00:00+00:00,2026-09-30T03:00:00+01:00,Caty McNally,Dayana Yastremska,boylesports,BoyleSports,2026-09-29T08:50:41Z,h2h,Dayana Yastremska,2.5,,0.4,0.3796526054590571,0.2
2026-09-29T08:51:09.445673+00:00,2026-09-29T09:51:09.445673+01:00,f987a5ce8a5a3b88fa7c8a8804858cbe,tennis_wta_china_open,WTA China Open,2026-09-30T02:00:00+00:00,2026-09-30T03:00:00+01:00,Caty McNally,Dayana Yastremska,matchbook,Matchbook,2026-09-29T08:50:57Z,h2h,Caty McNally,1.53,,0.6535947712418301,0.6222222222222222,0.2
2026-09-29T08:51:09.445673+00:00,2026-09-29T09:51:09.445673+01:00,f987a5ce8a5a3b88fa7c8a8804858cbe,tennis_wta_china_open,WTA China Open,2026-09-30T02:00:00+00:00,2026-09-30T03:00:00+01:00,Caty McNally,Dayana Yastremska,matchbook,Matchbook,2026-09-29T08:50:57Z,h2h,Dayana Yastremska,2.52,,0.3968253968253968,0.37777777777777777,0.2
2026-09-29T08:51:09.445673+00:00,2026-09-29T09:51:09.445673+01:00,f987a5ce8a5a3b88fa7c8a8804858cbe,tennis_wta_china_open,WTA China Open,2026-09-30T02:00:00+00:00,2026-09-30T03:00:00+01:00,Caty McNally,Dayana Yastremska,matchbook,Matchbook,2026-09-29T08:50:57Z,h2h_lay,Caty McNally,1.66,,0.6024096385542169,1.0,0.2
2026-09-29T08:51:09.445673+00:00,2026-09-29T09:51:09.445673+01:00,f987a5ce8a5a3b88fa7c8a8804858cbe,tennis_wta_china_open,WTA China Open,2026-09-30T02:00:00+00:00,2026-09-30T03:00:00+01:00,Caty McNally,Dayana Yastremska,matchbook,Matchbook,2026-09-29T08:50:57Z,h2h_lay,Dayana Yastremska,2.9,,0.3448275862068966,1.0,0.2
2026-09-29T08:51:09.445673+00:00,2026-09-29T09:51:09.445673+01:00,f987a5ce8a5a3b88fa7c8a8804858cbe,tennis_wta_china_open,WTA China Open,2026-09-30T02:00:00+00:00,2026-09-30T03:00:00+01:00,Caty McNally,Dayana Yastremska,betfair_ex_uk,Betfair,2026-09-29T08:50:40Z,h2h,Caty McNally,1.53,,0.6535947712418301,0.6222222222222222,0.2
2026-09-29T08:51:09.445673+00:00,2026-09-29T09:51:09.445673+01:00,f987a5ce8a5a3b88fa7c8a8804858cbe,tennis_wta_china_open,WTA China Open,2026-09-30T02:00:00+00:00,2026-09-30T03:00:00+01:00,Caty McNally,Dayana Yastremska,betfair_ex_uk,Betfair,2026-09-29T08:50:40Z,h2h,Dayana Yastremska,2.52,,0.3968253968253968,0.37777777777777777,0.2
2026-09-29T08:51:09.445673+00:00,2026-09-29T09:51:09.445673+01:00,f987a5ce8a5a3b88fa7c8a8804858cbe,tennis_wta_china_open,WTA China Open,2026-09-30T02:00:00+00:00,2026-09-30T03:00:00+01:00,Caty McNally,Dayana Yastremska,betfair_ex_uk,Betfair,2026-09-29T08:50:40Z,h2h_lay,Caty McNally,1.66,,0.6024096385542169,1.0,0.2
2026-09-29T08:51:09.445673+00:00,2026-09-29T09:51:09.445673+01:00,f987a5ce8a5a3b88fa7c8a8804858cbe,tennis_wta_china_open,WTA China Open,2026-09-30T02:00:00+00:00,2026-09-30T03:00:00+01:00,Caty McNally,Dayana Yastremska,betfair_ex_uk,Betfair,2026-09-29T08:50:40Z,h2h_lay,Dayana Yastremska,2.9,,0.3448275862068966,1.0,0.2
2026-09-29T08:51:09.445673+00:00,2026-09-29T09:51:09.445673+01:00,f987a5ce8a5a3b88fa7c8a8804858cbe,tennis_wta_china_open,WTA China Open,2026-09-30T02:00:00+00:00,2026-09-30T03:00:00+01:00,Caty McNally,Dayana Yastremska,paddypower,Paddy Power,2026-09-29T08:50:12Z,h2h,Caty McNally,1.53,,0.6535947712418301,0.6203473945409429,0.2
2026-09-29T08:51:09.445673+00:00,2026-09-29T09:51:09.445673+01:00,f987a5ce8a5a3b88fa7c8a8804858cbe,tennis_wta_china_open,WTA China Open,2026-09-30T02:00:00+00:00,2026-09-30T03:00:00+01:00,Caty McNally,Dayana Yastremska,paddypower,Paddy Power,2026-09-29T08:50:12Z,h2h,Dayana Yastremska,2.5,,0.4,0.3796526054590571,0.2
2026-09-29T08:51:09.445673+00:00,2026-09-29T09:51:09.445673+01:00,f987a5ce8a5a3b88fa7c8a8804858cbe,tennis_wta_china_open,WTA China Open,2026-09-30T02:00:00+00:00,2026-09-30T03:00:00+01:00,Caty McNally,Dayana Yastremska,unibet_uk,Unibet (UK),2026-09-29T08:50:57Z,h2h,Caty McNally,1.52,,0.6578947368421053,0.6190476190476191,0.2
2026-09-29T08:51:09.445673+00:00,2026-09-29T09:51:09.445673+01:00,f987a5ce8a5a3b88fa7c8a8804858cbe,tennis_wta_china_open,WTA China Open,2026-09-30T02:00:00+00:00,2026-09-30T03:00:00+01:00,Caty McNally,Dayana Yastremska,unibet_uk,Unibet (UK),2026-09-29T08:50:57Z,h2h,Dayana Yastremska,2.47,,0.4048582995951417,0.38095238095238093,0.2
2026-09-29T08:51:09.445673+00:00,2026-09-29T09:51:09.445673+01:00,f987a5ce8a5a3b88fa7c8a8804858cbe,tennis_wta_china_open,WTA China Open,2026-09-30T02:00:00+00:00,2026-09-30T03:00:00+01:00,Caty McNally,Dayana Yastremska,leovegas,LeoVegas,2026-09-29T08:50:15Z,h2h,Caty McNally,1.5,,0.6666666666666666,0.6202531645569621,0.2
2026-09-29T08:51:09.445673+00:00,2026-09-29T09:51:09.445673+01:00,f987a5ce8a5a3b88fa7c8a8804858cbe,tennis_wta_china_open,WTA China Open,2026-09-30T02:00:00+00:00,2026-09-30T03:00:00+01:00,Caty McNally,Dayana Yastremska,leovegas,LeoVegas,2026-09-29T08:50:15Z,h2h,Dayana Yastremska,2.45,,0.4081632653061224,0.379746835443038,0.2
2026-09-29T08:51:09.445673+00:00,2026-09-29T09:51:09.445673+01:00,a4aa67d29f120efed0e3f1eab2c7a88c,tennis_wta_china_open,WTA China Open,2026-09-30T02:00:00+00:00,2026-09-30T03:00:00+01:00,Paula Badosa,Daria Kasatkina,betvictor,Bet Victor,2026-09-29T08:46:25Z,h2h,Daria Kasatkina,2.75,,0.36363636363636365,0.3373493975903614,0.2
2026-09-29T08:51:09.445673+00:00,2026-09-29T09:51:09.445673+01:00,a4aa67d29f120efed0e3f1eab2c7a88c,tennis_wta_china_open,WTA China Open,2026-09-30T02:00:00+00:00,2026-09-30T03:00:00+01:00,Paula Badosa,Daria Kasatkina,betvictor,Bet Victor,2026-09-29T08:46:25Z,h2h,Paula Badosa,1.4,,0.7142857142857143,0.6626506024096386,0.2
2026-09-29T08:51:09.445673+00:00,2026-09-29T09:51:09.445673+01:00,a4aa67d29f120efed0e3f1eab2c7a88c,tennis_wta_china_open,WTA China Open,2026-09-30T02:00:00+00:00,2026-09-30T03:00:00+01:00,Paula Badosa,Daria Kasatkina,grosvenor,Grosvenor,2026-09-29T08:50:40Z,h2h,Daria Kasatkina,2.8,,0.35714285714285715,0.3380614657210402,0.2
2026-09-29T08:51:09.445673+00:00,2026-09-29T09:51:09.445673+01:00,a4aa67d29f120efed0e3f1eab2c7a88c,tennis_wta_china_open,WTA China Open,2026-09-30T02:00:00+00:00,2026-09-30T03:00:00+01:00,Paula Badosa,Daria Kasatkina,grosvenor,Grosvenor,2026-09-29T08:50:40Z,h2h,Paula Badosa,1.43,,0.6993006993006994,0.6619385342789598,0.2
2026-09-29T08:51:09.445673+00:00,2026-09-29T09:51:09.445673+01:00,a4aa67d29f120efed0e3f1eab2c7a88c,tennis_wta_china_open,WTA China Open,2026-09-30T02:00:00+00:00,2026-09-30T03:00:00+01:00,Paula Badosa,Daria Kasatkina,smarkets,Smarkets,2026-09-29T08:50:56Z,h2h,Daria Kasatkina,2.74,,0.36496350364963503,0.3317073170731708,0.2
2026-09-29T08:51:09.445673+00:00,2026-09-29T09:51:09.445673+01:00,a4aa67d29f120efed0e3f1eab2c7a88c,tennis_wta_china_open,WTA China Open,2026-09-30T02:00:00+00:00,2026-09-30T03:00:00+01:00,Paula Badosa,Daria Kasatkina,smarkets,Smarkets,2026-09-29T08:50:56Z,h2h,Paula Badosa,1.36,,0.7352941176470588,0.6682926829268293,0.2
2026-09-29T08:51:09.445673+00:00,2026-09-29T09:51:09.445673+01:00,a4aa67d29f120efed0e3f1eab2c7a88c,tennis_wta_china_open,WTA China Open,2026-09-30T02:00:00+00:00,2026-09-30T03:00:00+01:00,Paula Badosa,Daria Kasatkina,smarkets,Smarkets,2026-09-29T08:50:56Z,h2h_lay,Daria Kasatkina,3.75,,0.26666666666666666,1.0,0.2
2026-09-29T08:51:09.445673+00:00,2026-09-29T09:51:09.445673+01:00,a4aa67d29f120efed0e3f1eab2c7a88c,tennis_wta_china_open,WTA China Open,2026-09-30T02:00:00+00:00,2026-09-30T03:00:00+01:00,Paula Badosa,Daria Kasatkina,smarkets,Smarkets,2026-09-29T08:50:56Z,h2h_lay,Paula Badosa,1.58,,0.6329113924050632,1.0,0.2
2026-09-29T08:51:09.445673+00:00,2026-09-29T09:51:09.445673+01:00,a4aa67d29f120efed0e3f1eab2c7a88c,tennis_wta_china_open,WTA China Open,2026-09-30T02:00:00+00:00,2026-09-30T03:00:00+01:00,Paula Badosa,Daria Kasatkina,casumo,Casumo,2026-09-29T08:50:41Z,h2h,Daria Kasatkina,2.8,,0.35714285714285715,0.3380614657210402,0.2
2026-09-29T08:51:09.445673+00:00,2026-09-29T09:51:09.445673+01:00,a4aa67d29f120efed0e3f1eab2c7a88c,tennis_wta_china_open,WTA China Open,2026-09-30T02:00:00+00:00,2026-09-30T03:00:00+01:00,Paula Badosa,Daria Kasatkina,casumo,Casumo,2026-09-29T08:50:41Z,h2h,Paula Badosa,1.43,,0.6993006993006994,0.6619385342789598,0.2
2026-09-29T08:51:09.445673+00:00,2026-09-29T09:51:09.445673+01:00,a4aa67d29f120efed0e3f1eab2c7a88c,tennis_wta_china_open,WTA China Open,2026-09-30T02:00:00+00:00,2026-09-30T03:00:00+01:00,Paula Badosa,Daria Kasatkina,betway,Betway,2026-09-29T08:50:00Z,h2h,Daria Kasatkina,2.75,,0.36363636363636365,0.3436754176610979,0.2
2026-09-29T08:51:09.445673+00:00,2026-09-29T09:51:09.445673+01:00,a4aa67d29f120efed0e3f1eab2c7a88c,tennis_wta_china_open,WTA China Open,2026-09-30T02:00:00+00:00,2026-09-30T03:00:00+01:00,Paula Badosa,Daria Kasatkina,betway,Betway,2026-09-29T08:50:00Z,h2h,Paula Badosa,1.44,,0.6944444444444444,0.6563245823389022,0.2
2026-09-29T08:51:09.445673+00:00,2026-09-29T09:51:09.445673+01:00,a4aa67d29f120efed0e3f1eab2c7a88c,tennis_wta_china_open,WTA China Open,2026-09-30T02:00:00+00:00,2026-09-30T03:00:00+01:00,Paula Badosa,Daria Kasatkina,virginbet,Virgin Bet,2026-09-29T08:50:41Z,h2h,Daria Kasatkina,2.8,,0.35714285714285715,0.3380614657210402,0.2
2026-09-29T08:51:09.445673+00:00,2026-09-29T09:51:09.445673+01:00,a4aa67d29f120efed0e3f1eab2c7a88c,tennis_wta_china_open,WTA China Open,2026-09-30T02:00:00+00:00,2026-09-30T03:00:00+01:00,Paula Badosa,Daria Kasatkina,virginbet,Virgin Bet,2026-09-29T08:50:41Z,h2h,Paula Badosa,1.43,,0.6993006993006994,0.6619385342789598,0.2
2026-09-29T08:51:09.445673+00:00,2026-09-29T09:51:09.445673+01:00,a4aa67d29f120efed0e3f1eab2c7a88c,tennis_wta_china_open,WTA China Open,2026-09-30T02:00:00+00:00,2026-09-30T03:00:00+01:00,Paula Badosa,Daria Kasatkina,sport888,888sport,2026-09-29T08:49:59Z,h2h,Daria Kasatkina,2.9,,0.3448275862068966,0.32558139534883723,0.2
2026-09-29T08:51:09.445673+00:00,2026-09-29T09:51:09.445673+01:00,a4aa67d29f120efed0e3f1eab2c7a88c,tennis_wta_china_open,WTA China Open,2026-09-30T02:00:00+00:00,2026-09-30T03:00:00+01:00,Paula Badosa,Daria Kasatkina,sport888,888sport,2026-09-29T08:49:59Z,h2h,Paula Badosa,1.4,,0.7142857142857143,0.6744186046511629,0.2
2026-09-29T08:51:09.445673+00:00,2026-09-29T09:51:09.445673+01:00,a4aa67d29f120efed0e3f1eab2c7a88c,tennis_wta_china_open,WTA China Open,2026-09-30T02:00:00+00:00,2026-09-30T03:00:00+01:00,Paula Badosa,Daria Kasatkina,livescorebet,LiveScore Bet,2026-09-29T08:50:41Z,h2h,Daria Kasatkina,2.8,,0.35714285714285715,0.3380614657210402,0.2
2026-09-29T08:51:09.445673+00:00,2026-09-29T09:51:09.445673+01:00,a4aa67d29f120efed0e3f1eab2c7a88c,tennis_wta_china_open,WTA China Open,2026-09-30T02:00:00+00:00,2026-09-30T03:00:00+01:00,Paula Badosa,Daria Kasatkina,livescorebet,LiveScore Bet,2026-09-29T08:50:41Z,h2h,Paula Badosa,1.43,,0.6993006993006994,0.6619385342789598,0.2
2026-09-29T08:51:09.445673+00:00,2026-09-29T09:51:09.445673+01:00,a4aa67d29f120efed0e3f1eab2c7a88c,tennis_wta_china_open,WTA China Open,2026-09-30T02:00:00+00:00,2026-09-30T03:00:00+01:00,Paula Badosa,Daria Kasatkina,betano_uk,Betano (UK),2026-09-29T08:50:52Z,h2h,Daria Kasatkina,2.75,,0.36363636363636365,0.3373493975903614,0.2
2026-09-29T08:51:09.445673+00:00,2026-09-29T09:51:09.445673+01:00,a4aa67d29f120efed0e3f1eab2c7a88c,tennis_wta_china_open,WTA China Open,2026-09-30T02:00:00+00:00,2026-09-30T03:00:00+01:00,Paula Badosa,Daria Kasatkina,betano_uk,Betano (UK),2026-09-29T08:50:52Z,h2h,Paula Badosa,1.4,,0.7142857142857143,0.6626506024096386,0.2
2026-09-29T08:51:09.445673+00:00,2026-09-29T09:51:09.445673+01:00,a4aa67d29f120efed0e3f1eab2c7a88c,tennis_wta_china_open,WTA China Open,2026-09-30T02:00:00+00:00,2026-09-30T03:00:00+01:00,Paula Badosa,Daria Kasatkina,boylesports,BoyleSports,2026-09-29T08:50:41Z,h2h,Daria Kasatkina,3.1,,0.3225806451612903,0.30493273542600896,0.2
2026-09-29T08:51:09.445673+00:00,2026-09-29T09:51:09.445673+01:00,a4aa67d29f120efed0e3f1eab2c7a88c,tennis_wta_china_open,WTA China Open,2026-09-30T02:00:00+00:00,2026-09-30T03:00:00+01:00,Paula Badosa,Daria Kasatkina,boylesports,BoyleSports,2026-09-29T08:50:41Z,h2h,Paula Badosa,1.36,,0.7352941176470588,0.695067264573991,0.2
2026-09-29T08:51:09.445673+00:00,2026-09-29T09:51:09.445673+01:00,a4aa67d29f120efed0e3f1eab2c7a88c,tennis_wta_china_open,WTA China Open,2026-09-30T02:00:00+00:00,2026-09-30T03:00:00+01:00,Paula Badosa,Daria Kasatkina,matchbook,Matchbook,2026-09-29T08:50:57Z,h2h,Daria Kasatkina,3.2,,0.3125,0.29515418502202645,0.2
2026-09-29T08:51:09.445673+00:00,2026-09-29T09:51:09.445673+01:00,a4aa67d29f120efed0e3f1eab2c7a88c,tennis_wta_china_open,WTA China Open,2026-09-30T02:00:00+00:00,2026-09-30T03:00:00+01:00,Paula Badosa,Daria Kasatkina,matchbook,Matchbook,2026-09-29T08:50:57Z,h2h,Paula Badosa,1.34,,0.7462686567164178,0.7048458149779735,0.2
2026-09-29T08:51:09.445673+00:00,2026-09-29T09:51:09.445673+01:00,a4aa67d29f120efed0e3f1eab2c7a88c,tennis_wta_china_open,WTA China Open,2026-09-30T02:00:00+00:00,2026-09-30T03:00:00+01:00,Paula Badosa,Daria Kasatkina,matchbook,Matchbook,2026-09-29T08:50:57Z,h2h_lay,Daria Kasatkina,3.9,,0.25641025641025644,1.0,0.2
2026-09-29T08:51:09.445673+00:00,2026-09-29T09:51:09.445673+01:00,a4aa67d29f120efed0e3f1eab2c7a88c,tennis_wta_china_open,WTA China Open,2026-09-30T02:00:00+00:00,2026-09-30T03:00:00+01:00,Paula Badosa,Daria Kasatkina,matchbook,Matchbook,2026-09-29T08:50:57Z,h2h_lay,Paula Badosa,1.46,,0.684931506849315,1.0,0.2
2026-09-29T08:51:09.445673+00:00,2026-09-29T09:51:09.445673+01:00,a4aa67d29f120efed0e3f1eab2c7a88c,tennis_wta_china_open,WTA China Open,2026-09-30T02:00:00+00:00,2026-09-30T03:00:00+01:00,Paula Badosa,Daria Kasatkina,betfair_ex_uk,Betfair,2026-09-29T08:50:40Z,h2h,Daria Kasatkina,3.25,,0.3076923076923077,0.282560706401766,0.2
2026-09-29T08:51:09.445673+00:00,2026-09-29T09:51:09.445673+01:00,a4aa67d29f120efed0e3f1eab2c7a88c,tennis_wta_china_open,WTA China Open,2026-09-30T02:00:00+00:00,2026-09-30T03:00:00+01:00,Paula Badosa,Daria Kasatkina,betfair_ex_uk,Betfair,2026-09-29T08:50:40Z,h2h,Paula Badosa,1.28,,0.78125,0.717439293598234,0.2
2026-09-29T08:51:09.445673+00:00,2026-09-29T09:51:09.445673+01:00,a4aa67d29f120efed0e3f1eab2c7a88c,tennis_wta_china_open,WTA China Open,2026-09-30T02:00:00+00:00,2026-09-30T03:00:00+01:00,Paula Badosa,Daria Kasatkina,betfair_ex_uk,Betfair,2026-09-29T08:50:40Z,h2h_lay,Daria Kasatkina,4.6,,0.2173913043478261,1.0,0.2
2026-09-29T08:51:09.445673+00:00,2026-09-29T09:51:09.445673+01:00,a4aa67d29f120efed0e3f1eab2c7a88c,tennis_wta_china_open,WTA China Open,2026-09-30T02:00:00+00:00,2026-09-30T03:00:00+01:00,Paula Badosa,Daria Kasatkina,betfair_ex_uk,Betfair,2026-09-29T08:50:40Z,h2h_lay,Paula Badosa,1.45,,0.6896551724137931,1.0,0.2
2026-09-29T08:51:09.445673+00:00,2026-09-29T09:51:09.445673+01:00,a4aa67d29f120efed0e3f1eab2c7a88c,tennis_wta_china_open,WTA China Open,2026-09-30T02:00:00+00:00,2026-09-30T03:00:00+01:00,Paula Badosa,Daria Kasatkina,paddypower,Paddy Power,2026-09-29T08:50:12Z,h2h,Daria Kasatkina,2.88,,0.3472222222222222,0.32710280373831774,0.2
2026-09-29T08:51:09.445673+00:00,2026-09-29T09:51:09.445673+01:00,a4aa67d29f120efed0e3f1eab2c7a88c,tennis_wta_china_open,WTA China Open,2026-09-30T02:00:00+00:00,2026-09-30T03:00:00+01:00,Paula Badosa,Daria Kasatkina,paddypower,Paddy Power,2026-09-29T08:50:12Z,h2h,Paula Badosa,1.4,,0.7142857142857143,0.6728971962616822,0.2
2026-09-29T08:51:09.445673+00:00,2026-09-29T09:51:09.445673+01:00,a4aa67d29f120efed0e3f1eab2c7a88c,tennis_wta_china_open,WTA China Open,2026-09-30T02:00:00+00:00,2026-09-30T03:00:00+01:00,Paula Badosa,Daria Kasatkina,unibet_uk,Unibet (UK),2026-09-29T08:50:57Z,h2h,Daria Kasatkina,2.9,,0.3448275862068966,0.32558139534883723,0.2
2026-09-29T08:51:09.445673+00:00,2026-09-29T09:51:09.445673+01:00,a4aa67d29f120efed0e3f1eab2c7a88c,tennis_wta_china_open,WTA China Open,2026-09-30T02:00:00+00:00,2026-09-30T03:00:00+01:00,Paula Badosa,Daria Kasatkina,unibet_uk,Unibet (UK),2026-09-29T08:50:57Z,h2h,Paula Badosa,1.4,,0.7142857142857143,0.6744186046511629,0.2
2026-09-29T08:51:09.445673+00:00,2026-09-29T09:51:09.445673+01:00,a4aa67d29f120efed0e3f1eab2c7a88c,tennis_wta_china_open,WTA China Open,2026-09-30T02:00:00+00:00,2026-09-30T03:00:00+01:00,Paula Badosa,Daria Kasatkina,leovegas,LeoVegas,2026-09-29T08:50:15Z,h2h,Daria Kasatkina,2.85,,0.3508771929824561,0.326241134751773,0.2
2026-09-29T08:51:09.445673+00:00,2026-09-29T09:51:09.445673+01:00,a4aa67d29f120efed0e3f1eab2c7a88c,tennis_wta_china_open,WTA China Open,2026-09-30T02:00:00+00:00,2026-09-30T03:00:00+01:00,Paula Badosa,Daria Kasatkina,leovegas,LeoVegas,2026-09-29T08:50:15Z,h2h,Paula Badosa,1.38,,0.7246376811594204,0.673758865248227,0.2
2026-09-29T08:51:09.445673+00:00,2026-09-29T09:51:09.445673+01:00,7dc77d55cdf748e75a18b1dbcd1aae68,tennis_wta_china_open,WTA China Open,2026-09-30T02:00:00+00:00,2026-09-30T03:00:00+01:00,Darja Vidmanova,Maria Timofeeva,grosvenor,Grosvenor,2026-09-29T08:50:40Z,h2h,Darja Vidmanova,2.28,,0.4385964912280702,0.41687979539641945,0.2
2026-09-29T08:51:09.445673+00:00,2026-09-29T09:51:09.445673+01:00,7dc77d55cdf748e75a18b1dbcd1aae68,tennis_wta_china_open,WTA China Open,2026-09-30T02:00:00+00:00,2026-09-30T03:00:00+01:00,Darja Vidmanova,Maria Timofeeva,grosvenor,Grosvenor,2026-09-29T08:50:40Z,h2h,Maria Timofeeva,1.63,,0.6134969325153374,0.5831202046035805,0.2
2026-09-29T08:51:09.445673+00:00,2026-09-29T09:51:09.445673+01:00,7dc77d55cdf748e75a18b1dbcd1aae68,tennis_wta_china_open,WTA China Open,2026-09-30T02:00:00+00:00,2026-09-30T03:00:00+01:00,Darja Vidmanova,Maria Timofeeva,smarkets,Smarkets,2026-09-29T08:50:56Z,h2h,Darja Vidmanova,2.26,,0.4424778761061947,0.4021164021164021,0.2
2026-09-29T08:51:09.445673+00:00,2026-09-29T09:51:09.445673+01:00,7dc77d55cdf748e75a18b1dbcd1aae68,tennis_wta_china_open,WTA China Open,2026-09-30T02:00:00+00:00,2026-09-30T03:00:00+01:00,Darja Vidmanova,Maria Timofeeva,smarkets,Smarkets,2026-09-29T08:50:56Z,h2h,Maria Timofeeva,1.52,,0.6578947368421053,0.5978835978835979,0.2
2026-09-29T08:51:09.445673+00:00,2026-09-29T09:51:09.445673+01:00,7dc77d55cdf748e75a18b1dbcd1aae68,tennis_wta_china_open,WTA China Open,2026-09-30T02:00:00+00:00,2026-09-30T03:00:00+01:00,Darja Vidmanova,Maria Timofeeva,smarkets,Smarkets,2026-09-29T08:50:56Z,h2h_lay,Darja Vidmanova,2.76,,0.3623188405797102,1.0,0.2
2026-09-29T08:51:09.445673+00:00,2026-09-29T09:51:09.445673+01:00,7dc77d55cdf748e75a18b1dbcd1aae68,tennis_wta_china_open,WTA China Open,2026-09-30T02:00:00+00:00,2026-09-30T03:00:00+01:00,Darja Vidmanova,Maria Timofeeva,smarkets,Smarkets,2026-09-29T08:50:56Z,h2h_lay,Maria Timofeeva,1.81,,0.5524861878453039,1.0,0.2
2026-09-29T08:51:09.445673+00:00,2026-09-29T09:51:09.445673+01:00,7dc77d55cdf748e75a18b1dbcd1aae68,tennis_wta_china_open,WTA China Open,2026-09-30T02:00:00+00:00,2026-09-30T03:00:00+01:00,Darja Vidmanova,Maria Timofeeva,ladbrokes_uk,Ladbrokes,2026-09-29T08:50:29Z,h2h,Darja Vidmanova,2.2,,0.45454545454545453,0.42105263157894735,0.2
2026-09-29T08:51:09.445673+00:00,2026-09-29T09:51:09.445673+01:00,7dc77d55cdf748e75a18b1dbcd1aae68,tennis_wta_china_open,WTA China Open,2026-09-30T02:00:00+00:00,2026-09-30T03:00:00+01:00,Darja Vidmanova,Maria Timofeeva,ladbrokes_uk,Ladbrokes,2026-09-29T08:50:29Z,h2h,Maria Timofeeva,1.6,,0.625,0.5789473684210527,0.2
2026-09-29T08:51:09.445673+00:00,2026-09-29T09:51:09.445673+01:00,7dc77d55cdf748e75a18b1dbcd1aae68,tennis_wta_china_open,WTA China Open,2026-09-30T02:00:00+00:00,2026-09-30T03:00:00+01:00,Darja Vidmanova,Maria Timofeeva,virginbet,Virgin Bet,2026-09-29T08:50:41Z,h2h,Darja Vidmanova,2.28,,0.4385964912280702,0.41687979539641945,0.2
2026-09-29T08:51:09.445673+00:00,2026-09-29T09:51:09.445673+01:00,7dc77d55cdf748e75a18b1dbcd1aae68,tennis_wta_china_open,WTA China Open,2026-09-30T02:00:00+00:00,2026-09-30T03:00:00+01:00,Darja Vidmanova,Maria Timofeeva,virginbet,Virgin Bet,2026-09-29T08:50:41Z,h2h,Maria Timofeeva,1.63,,0.6134969325153374,0.5831202046035805,0.2
2026-09-29T08:51:09.445673+00:00,2026-09-29T09:51:09.445673+01:00,7dc77d55cdf748e75a18b1dbcd1aae68,tennis_wta_china_open,WTA China Open,2026-09-30T02:00:00+00:00,2026-09-30T03:00:00+01:00,Darja Vidmanova,Maria Timofeeva,casumo,Casumo,2026-09-29T08:50:41Z,h2h,Darja Vidmanova,2.28,,0.4385964912280702,0.41687979539641945,0.2
2026-09-29T08:51:09.445673+00:00,2026-09-29T09:51:09.445673+01:00,7dc77d55cdf748e75a18b1dbcd1aae68,tennis_wta_china_open,WTA China Open,2026-09-30T02:00:00+00:00,2026-09-30T03:00:00+01:00,Darja Vidmanova,Maria Timofeeva,casumo,Casumo,2026-09-29T08:50:41Z,h2h,Maria Timofeeva,1.63,,0.6134969325153374,0.5831202046035805,0.2
2026-09-29T08:51:09.445673+00:00,2026-09-29T09:51:09.445673+01:00,7dc77d55cdf748e75a18b1dbcd1aae68,tennis_wta_china_open,WTA China Open,2026-09-30T02:00:00+00:00,2026-09-30T03:00:00+01:00,Darja Vidmanova,Maria Timofeeva,betway,Betway,2026-09-29T08:50:00Z,h2h,Darja Vidmanova,2.25,,0.4444444444444444,0.423076923076923,0.2
2026-09-29T08:51:09.445673+00:00,2026-09-29T09:51:09.445673+01:00,7dc77d55cdf748e75a18b1dbcd1aae68,tennis_wta_china_open,WTA China Open,2026-09-30T02:00:00+00:00,2026-09-30T03:00:00+01:00,Darja Vidmanova,Maria Timofeeva,betway,Betway,2026-09-29T08:50:00Z,h2h,Maria Timofeeva,1.65,,0.6060606060606061,0.5769230769230769,0.2
2026-09-29T08:51:09.445673+00:00,2026-09-29T09:51:09.445673+01:00,7dc77d55cdf748e75a18b1dbcd1aae68,tennis_wta_china_open,WTA China Open,2026-09-30T02:00:00+00:00,2026-09-30T03:00:00+01:00,Darja Vidmanova,Maria Timofeeva,livescorebet,LiveScore Bet,2026-09-29T08:50:41Z,h2h,Darja Vidmanova,2.28,,0.4385964912280702,0.41687979539641945,0.2
2026-09-29T08:51:09.445673+00:00,2026-09-29T09:51:09.445673+01:00,7dc77d55cdf748e75a18b1dbcd1aae68,tennis_wta_china_open,WTA China Open,2026-09-30T02:00:00+00:00,2026-09-30T03:00:00+01:00,Darja Vidmanova,Maria Timofeeva,livescorebet,LiveScore Bet,2026-09-29T08:50:41Z,h2h,Maria Timofeeva,1.63,,0.6134969325153374,0.5831202046035805,0.2
2026-09-29T08:51:09.445673+00:00,2026-09-29T09:51:09.445673+01:00,7dc77d55cdf748e75a18b1dbcd1aae68,tennis_wta_china_open,WTA China Open,2026-09-30T02:00:00+00:00,2026-09-30T03:00:00+01:00,Darja Vidmanova,Maria Timofeeva,sport888,888sport,2026-09-29T08:49:59Z,h2h,Darja Vidmanova,2.38,,0.42016806722689076,0.39746835443037976,0.2
2026-09-29T08:51:09.445673+00:00,2026-09-29T09:51:09.445673+01:00,7dc77d55cdf748e75a18b1dbcd1aae68,tennis_wta_china_open,WTA China Open,2026-09-30T02:00:00+00:00,2026-09-30T03:00:00+01:00,Darja Vidmanova,Maria Timofeeva,sport888,888sport,2026-09-29T08:49:59Z,h2h,Maria Timofeeva,1.57,,0.6369426751592356,0.6025316455696202,0.2
2026-09-29T08:51:09.445673+00:00,2026-09-29T09:51:09.445673+01:00,7dc77d55cdf748e75a18b1dbcd1aae68,tennis_wta_china_open,WTA China Open,2026-09-30T02:00:00+00:00,2026-09-30T03:00:00+01:00,Darja Vidmanova,Maria Timofeeva,coral,Coral,2026-09-29T08:50:14Z,h2h,Darja Vidmanova,2.2,,0.45454545454545453,0.42105263157894735,0.2
2026-09-29T08:51:09.445673+00:00,2026-09-29T09:51:09.445673+01:00,7dc77d55cdf748e75a18b1dbcd1aae68,tennis_wta_china_open,WTA China Open,2026-09-30T02:00:00+00:00,2026-09-30T03:00:00+01:00,Darja Vidmanova,Maria Timofeeva,coral,Coral,2026-09-29T08:50:14Z,h2h,Maria Timofeeva,1.6,,0.625,0.5789473684210527,0.2
2026-09-29T08:51:09.445673+00:00,2026-09-29T09:51:09.445673+01:00,7dc77d55cdf748e75a18b1dbcd1aae68,tennis_wta_china_open,WTA China Open,2026-09-30T02:00:00+00:00,2026-09-30T03:00:00+01:00,Darja Vidmanova,Maria Timofeeva,betano_uk,Betano (UK),2026-09-29T08:50:52Z,h2h,Darja Vidmanova,2.2,,0.45454545454545453,0.42105263157894735,0.2
2026-09-29T08:51:09.445673+00:00,2026-09-29T09:51:09.445673+01:00,7dc77d55cdf748e75a18b1dbcd1aae68,tennis_wta_china_open,WTA China Open,2026-09-30T02:00:00+00:00,2026-09-30T03:00:00+01:00,Darja Vidmanova,Maria Timofeeva,betano_uk,Betano (UK),2026-09-29T08:50:52Z,h2h,Maria Timofeeva,1.6,,0.625,0.5789473684210527,0.2
2026-09-29T08:51:09.445673+00:00,2026-09-29T09:51:09.445673+01:00,7dc77d55cdf748e75a18b1dbcd1aae68,tennis_wta_china_open,WTA China Open,2026-09-30T02:00:00+00:00,2026-09-30T03:00:00+01:00,Darja Vidmanova,Maria Timofeeva,betvictor,Bet Victor,2026-09-29T08:46:25Z,h2h,Darja Vidmanova,2.2,,0.45454545454545453,0.42105263157894735,0.2
2026-09-29T08:51:09.445673+00:00,2026-09-29T09:51:09.445673+01:00,7dc77d55cdf748e75a18b1dbcd1aae68,tennis_wta_china_open,WTA China Open,2026-09-30T02:00:00+00:00,2026-09-30T03:00:00+01:00,Darja Vidmanova,Maria Timofeeva,betvictor,Bet Victor,2026-09-29T08:46:25Z,h2h,Maria Timofeeva,1.6,,0.625,0.5789473684210527,0.2
2026-09-29T08:51:09.445673+00:00,2026-09-29T09:51:09.445673+01:00,7dc77d55cdf748e75a18b1dbcd1aae68,tennis_wta_china_open,WTA China Open,2026-09-30T02:00:00+00:00,2026-09-30T03:00:00+01:00,Darja Vidmanova,Maria Timofeeva,boylesports,BoyleSports,2026-09-29T08:50:41Z,h2h,Darja Vidmanova,2.38,,0.42016806722689076,0.39746835443037976,0.2
2026-09-29T08:51:09.445673+00:00,2026-09-29T09:51:09.445673+01:00,7dc77d55cdf748e75a18b1dbcd1aae68,tennis_wta_china_open,WTA China Open,2026-09-30T02:00:00+00:00,2026-09-30T03:00:00+01:00,Darja Vidmanova,Maria Timofeeva,boylesports,BoyleSports,2026-09-29T08:50:41Z,h2h,Maria Timofeeva,1.57,,0.6369426751592356,0.6025316455696202,0.2
2026-09-29T08:51:09.445673+00:00,2026-09-29T09:51:09.445673+01:00,7dc77d55cdf748e75a18b1dbcd1aae68,tennis_wta_china_open,WTA China Open,2026-09-30T02:00:00+00:00,2026-09-30T03:00:00+01:00,Darja Vidmanova,Maria Timofeeva,matchbook,Matchbook,2026-09-29T08:50:57Z,h2h,Darja Vidmanova,2.28,,0.4385964912280702,0.41687979539641945,0.2
2026-09-29T08:51:09.445673+00:00,2026-09-29T09:51:09.445673+01:00,7dc77d55cdf748e75a18b1dbcd1aae68,tennis_wta_china_open,WTA China Open,2026-09-30T02:00:00+00:00,2026-09-30T03:00:00+01:00,Darja Vidmanova,Maria Timofeeva,matchbook,Matchbook,2026-09-29T08:50:57Z,h2h,Maria Timofeeva,1.63,,0.6134969325153374,0.5831202046035805,0.2
2026-09-29T08:51:09.445673+00:00,2026-09-29T09:51:09.445673+01:00,7dc77d55cdf748e75a18b1dbcd1aae68,tennis_wta_china_open,WTA China Open,2026-09-30T02:00:00+00:00,2026-09-30T03:00:00+01:00,Darja Vidmanova,Maria Timofeeva,matchbook,Matchbook,2026-09-29T08:50:57Z,h2h_lay,Darja Vidmanova,2.58,,0.38759689922480617,1.0,0.2
2026-09-29T08:51:09.445673+00:00,2026-09-29T09:51:09.445673+01:00,7dc77d55cdf748e75a18b1dbcd1aae68,tennis_wta_china_open,WTA China Open,2026-09-30T02:00:00+00:00,2026-09-30T03:00:00+01:00,Darja Vidmanova,Maria Timofeeva,matchbook,Matchbook,2026-09-29T08:50:57Z,h2h_lay,Maria Timofeeva,1.78,,0.5617977528089888,1.0,0.2
2026-09-29T08:51:09.445673+00:00,2026-09-29T09:51:09.445673+01:00,7dc77d55cdf748e75a18b1dbcd1aae68,tennis_wta_china_open,WTA China Open,2026-09-30T02:00:00+00:00,2026-09-30T03:00:00+01:00,Darja Vidmanova,Maria Timofeeva,betfair_ex_uk,Betfair,2026-09-29T08:50:40Z,h2h,Darja Vidmanova,2.28,,0.4385964912280702,0.41687979539641945,0.2
2026-09-29T08:51:09.445673+00:00,2026-09-29T09:51:09.445673+01:00,7dc77d55cdf748e75a18b1dbcd1aae68,tennis_wta_china_open,WTA China Open,2026-09-30T02:00:00+00:00,2026-09-30T03:00:00+01:00,Darja Vidmanova,Maria Timofeeva,betfair_ex_uk,Betfair,2026-09-29T08:50:40Z,h2h,Maria Timofeeva,1.63,,0.6134969325153374,0.5831202046035805,0.2
2026-09-29T08:51:09.445673+00:00,2026-09-29T09:51:09.445673+01:00,7dc77d55cdf748e75a18b1dbcd1aae68,tennis_wta_china_open,WTA China Open,2026-09-30T02:00:00+00:00,2026-09-30T03:00:00+01:00,Darja Vidmanova,Maria Timofeeva,betfair_ex_uk,Betfair,2026-09-29T08:50:40Z,h2h_lay,Darja Vidmanova,2.58,,0.38759689922480617,1.0,0.2
2026-09-29T08:51:09.445673+00:00,2026-09-29T09:51:09.445673+01:00,7dc77d55cdf748e75a18b1dbcd1aae68,tennis_wta_china_open,WTA China Open,2026-09-30T02:00:00+00:00,2026-09-30T03:00:00+01:00,Darja Vidmanova,Maria Timofeeva,betfair_ex_uk,Betfair,2026-09-29T08:50:40Z,h2h_lay,Maria Timofeeva,1.78,,0.5617977528089888,1.0,0.2
2026-09-29T08:51:09.445673+00:00,2026-09-29T09:51:09.445673+01:00,7dc77d55cdf748e75a18b1dbcd1aae68,tennis_wta_china_open,WTA China Open,2026-09-30T02:00:00+00:00,2026-09-30T03:00:00+01:00,Darja Vidmanova,Maria Timofeeva,paddypower,Paddy Power,2026-09-29T08:50:12Z,h2h,Darja Vidmanova,2.2,,0.45454545454545453,0.43152454780361754,0.2
2026-09-29T08:51:09.445673+00:00,2026-09-29T09:51:09.445673+01:00,7dc77d55cdf748e75a18b1dbcd1aae68,tennis_wta_china_open,WTA China Open,2026-09-30T02:00:00+00:00,2026-09-30T03:00:00+01:00,Darja Vidmanova,Maria Timofeeva,paddypower,Paddy Power,2026-09-29T08:50:12Z,h2h,Maria Timofeeva,1.67,,0.5988023952095809,0.5684754521963824,0.2
2026-09-29T08:51:09.445673+00:00,2026-09-29T09:51:09.445673+01:00,7dc77d55cdf748e75a18b1dbcd1aae68,tennis_wta_china_open,WTA China Open,2026-09-30T02:00:00+00:00,2026-09-30T03:00:00+01:00,Darja Vidmanova,Maria Timofeeva,unibet_uk,Unibet (UK),2026-09-29T08:50:57Z,h2h,Darja Vidmanova,2.35,,0.425531914893617,0.4020356234096692,0.2
2026-09-29T08:51:09.445673+00:00,2026-09-29T09:51:09.445673+01:00,7dc77d55cdf748e75a18b1dbcd1aae68,tennis_wta_china_open,WTA China Open,2026-09-30T02:00:00+00:00,2026-09-30T03:00:00+01:00,Darja Vidmanova,Maria Timofeeva,unibet_uk,Unibet (UK),2026-09-29T08:50:57Z,h2h,Maria Timofeeva,1.58,,0.6329113924050632,0.5979643765903307,0.2
2026-09-29T08:51:09.445673+00:00,2026-09-29T09:51:09.445673+01:00,7dc77d55cdf748e75a18b1dbcd1aae68,tennis_wta_china_open,WTA China Open,2026-09-30T02:00:00+00:00,2026-09-30T03:00:00+01:00,Darja Vidmanova,Maria Timofeeva,leovegas,LeoVegas,2026-09-29T08:50:15Z,h2h,Darja Vidmanova,2.35,,0.425531914893617,0.3943298969072165,0.2
2026-09-29T08:51:09.445673+00:00,2026-09-29T09:51:09.445673+01:00,7dc77d55cdf748e75a18b1dbcd1aae68,tennis_wta_china_open,WTA China Open,2026-09-30T02:00:00+00:00,2026-09-30T03:00:00+01:00,Darja Vidmanova,Maria Timofeeva,leovegas,LeoVegas,2026-09-29T08:50:15Z,h2h,Maria Timofeeva,1.53,,0.6535947712418301,0.6056701030927835,0.2
2026-09-29T08:51:09.445673+00:00,2026-09-29T09:51:09.445673+01:00,7dc77d55cdf748e75a18b1dbcd1aae68,tennis_wta_china_open,WTA China Open,2026-09-30T02:00:00+00:00,2026-09-30T03:00:00+01:00,Darja Vidmanova,Maria Timofeeva,betfair_sb_uk,Betfair Sportsbook,2026-09-29T08:50:55Z,h2h,Darja Vidmanova,2.2,,0.45454545454545453,0.43152454780361754,0.2
2026-09-29T08:51:09.445673+00:00,2026-09-29T09:51:09.445673+01:00,7dc77d55cdf748e75a18b1dbcd1aae68,tennis_wta_china_open,WTA China Open,2026-09-30T02:00:00+00:00,2026-09-30T03:00:00+01:00,Darja Vidmanova,Maria Timofeeva,betfair_sb_uk,Betfair Sportsbook,2026-09-29T08:50:55Z,h2h,Maria Timofeeva,1.67,,0.5988023952095809,0.5684754521963824,0.2
2026-09-29T08:51:09.445673+00:00,2026-09-29T09:51:09.445673+01:00,32e7c1cc65b0c3a18b06e9e009cd3e35,tennis_wta_china_open,WTA China Open,2026-09-30T02:00:00+00:00,2026-09-30T03:00:00+01:00,Elena Gabriela Ruse,Lilli Tagger,grosvenor,Grosvenor,2026-09-29T08:50:40Z,h2h,Elena Gabriela Ruse,1.88,,0.5319148936170213,0.503957783641161,0.2
2026-09-29T08:51:09.445673+00:00,2026-09-29T09:51:09.445673+01:00,32e7c1cc65b0c3a18b06e9e009cd3e35,tennis_wta_china_open,WTA China Open,2026-09-30T02:00:00+00:00,2026-09-30T03:00:00+01:00,Elena Gabriela Ruse,Lilli Tagger,grosvenor,Grosvenor,2026-09-29T08:50:40Z,h2h,Lilli Tagger,1.91,,0.5235602094240838,0.4960422163588391,0.2
2026-09-29T08:51:09.445673+00:00,2026-09-29T09:51:09.445673+01:00,32e7c1cc65b0c3a18b06e9e009cd3e35,tennis_wta_china_open,WTA China Open,2026-09-30T02:00:00+00:00,2026-09-30T03:00:00+01:00,Elena Gabriela Ruse,Lilli Tagger,smarkets,Smarkets,2026-09-29T08:50:56Z,h2h,Elena Gabriela Ruse,1.85,,0.5405405405405405,0.49175824175824173,0.2
2026-09-29T08:51:09.445673+00:00,2026-09-29T09:51:09.445673+01:00,32e7c1cc65b0c3a18b06e9e009cd3e35,tennis_wta_china_open,WTA China Open,2026-09-30T02:00:00+00:00,2026-09-30T03:00:00+01:00,Elena Gabriela Ruse,Lilli Tagger,smarkets,Smarkets,2026-09-29T08:50:56Z,h2h,Lilli Tagger,1.79,,0.5586592178770949,0.5082417582417582,0.2
2026-09-29T08:51:09.445673+00:00,2026-09-29T09:51:09.445673+01:00,32e7c1cc65b0c3a18b06e9e009cd3e35,tennis_wta_china_open,WTA China Open,2026-09-30T02:00:00+00:00,2026-09-30T03:00:00+01:00,Elena Gabriela Ruse,Lilli Tagger,smarkets,Smarkets,2026-09-29T08:50:56Z,h2h_lay,Elena Gabriela Ruse,2.28,,0.4385964912280702,1.0,0.2
2026-09-29T08:51:09.445673+00:00,2026-09-29T09:51:09.445673+01:00,32e7c1cc65b0c3a18b06e9e009cd3e35,tennis_wta_china_open,WTA China Open,2026-09-30T02:00:00+00:00,2026-09-30T03:00:00+01:00,Elena Gabriela Ruse,Lilli Tagger,smarkets,Smarkets,2026-09-29T08:50:56Z,h2h_lay,Lilli Tagger,2.02,,0.49504950495049505,1.0,0.2
2026-09-29T08:51:09.445673+00:00,2026-09-29T09:51:09.445673+01:00,32e7c1cc65b0c3a18b06e9e009cd3e35,tennis_wta_china_open,WTA China Open,2026-09-30T02:00:00+00:00,2026-09-30T03:00:00+01:00,Elena Gabriela Ruse,Lilli Tagger,ladbrokes_uk,Ladbrokes,2026-09-29T08:50:29Z,h2h,Elena Gabriela Ruse,1.91,,0.5235602094240838,0.4851752021563342,0.2
2026-09-29T08:51:09.445673+00:00,2026-09-29T09:51:09.445673+01:00,32e7c1cc65b0c3a18b06e9e009cd3e35,tennis_wta_china_open,WTA China Open,2026-09-30T02:00:00+00:00,2026-09-30T03:00:00+01:00,Elena Gabriela Ruse,Lilli Tagger,ladbrokes_uk,Ladbrokes,2026-09-29T08:50:29Z,h2h,Lilli Tagger,1.8,,0.5555555555555556,0.5148247978436657,0.2
2026-09-29T08:51:09.445673+00:00,2026-09-29T09:51:09.445673+01:00,32e7c1cc65b0c3a18b06e9e009cd3e35,tennis_wta_china_open,WTA China Open,2026-09-30T02:00:00+00:00,2026-09-30T03:00:00+01:00,Elena Gabriela Ruse,Lilli Tagger,virginbet,Virgin Bet,2026-09-29T08:50:41Z,h2h,Elena Gabriela Ruse,1.89,,0.5291005291005292,0.5026315789473684,0.2
2026-09-29T08:51:09.445673+00:00,2026-09-29T09:51:09.445673+01:00,32e7c1cc65b0c3a18b06e9e009cd3e35,tennis_wta_china_open,WTA China Open,2026-09-30T02:00:00+00:00,2026-09-30T03:00:00+01:00,Elena Gabriela Ruse,Lilli Tagger,virginbet,Virgin Bet,2026-09-29T08:50:41Z,h2h,Lilli Tagger,1.91,,0.5235602094240838,0.4973684210526315,0.2
2026-09-29T08:51:09.445673+00:00,2026-09-29T09:51:09.445673+01:00,32e7c1cc65b0c3a18b06e9e009cd3e35,tennis_wta_china_open,WTA China Open,2026-09-30T02:00:00+00:00,2026-09-30T03:00:00+01:00,Elena Gabriela Ruse,Lilli Tagger,casumo,Casumo,2026-09-29T08:50:41Z,h2h,Elena Gabriela Ruse,1.88,,0.5319148936170213,0.503957783641161,0.2
2026-09-29T08:51:09.445673+00:00,2026-09-29T09:51:09.445673+01:00,32e7c1cc65b0c3a18b06e9e009cd3e35,tennis_wta_china_open,WTA China Open,2026-09-30T02:00:00+00:00,2026-09-30T03:00:00+01:00,Elena Gabriela Ruse,Lilli Tagger,casumo,Casumo,2026-09-29T08:50:41Z,h2h,Lilli Tagger,1.91,,0.5235602094240838,0.4960422163588391,0.2
2026-09-29T08:51:09.445673+00:00,2026-09-29T09:51:09.445673+01:00,32e7c1cc65b0c3a18b06e9e009cd3e35,tennis_wta_china_open,WTA China Open,2026-09-30T02:00:00+00:00,2026-09-30T03:00:00+01:00,Elena Gabriela Ruse,Lilli Tagger,betway,Betway,2026-09-29T08:50:00Z,h2h,Elena Gabriela Ruse,1.95,,0.5128205128205129,0.48684210526315796,0.2
2026-09-29T08:51:09.445673+00:00,2026-09-29T09:51:09.445673+01:00,32e7c1cc65b0c3a18b06e9e009cd3e35,tennis_wta_china_open,WTA China Open,2026-09-30T02:00:00+00:00,2026-09-30T03:00:00+01:00,Elena Gabriela Ruse,Lilli Tagger,betway,Betway,2026-09-29T08:50:00Z,h2h,Lilli Tagger,1.85,,0.5405405405405405,0.513157894736842,0.2
2026-09-29T08:51:09.445673+00:00,2026-09-29T09:51:09.445673+01:00,32e7c1cc65b0c3a18b06e9e009cd3e35,tennis_wta_china_open,WTA China Open,2026-09-30T02:00:00+00:00,2026-09-30T03:00:00+01:00,Elena Gabriela Ruse,Lilli Tagger,livescorebet,LiveScore Bet,2026-09-29T08:50:41Z,h2h,Elena Gabriela Ruse,1.89,,0.5291005291005292,0.5026315789473684,0.2
2026-09-29T08:51:09.445673+00:00,2026-09-29T09:51:09.445673+01:00,32e7c1cc65b0c3a18b06e9e009cd3e35,tennis_wta_china_open,WTA China Open,2026-09-30T02:00:00+00:00,2026-09-30T03:00:00+01:00,Elena Gabriela Ruse,Lilli Tagger,livescorebet,LiveScore Bet,2026-09-29T08:50:41Z,h2h,Lilli Tagger,1.91,,0.5235602094240838,0.4973684210526315,0.2
2026-09-29T08:51:09.445673+00:00,2026-09-29T09:51:09.445673+01:00,32e7c1cc65b0c3a18b06e9e009cd3e35,tennis_wta_china_open,WTA China Open,2026-09-30T02:00:00+00:00,2026-09-30T03:00:00+01:00,Elena Gabriela Ruse,Lilli Tagger,sport888,888sport,2026-09-29T08:49:59Z,h2h,Elena Gabriela Ruse,1.95,,0.5128205128205129,0.48684210526315796,0.2
2026-09-29T08:51:09.445673+00:00,2026-09-29T09:51:09.445673+01:00,32e7c1cc65b0c3a18b06e9e009cd3e35,tennis_wta_china_open,WTA China Open,2026-09-30T02:00:00+00:00,2026-09-30T03:00:00+01:00,Elena Gabriela Ruse,Lilli Tagger,sport888,888sport,2026-09-29T08:49:59Z,h2h,Lilli Tagger,1.85,,0.5405405405405405,0.513157894736842,0.2
2026-09-29T08:51:09.445673+00:00,2026-09-29T09:51:09.445673+01:00,32e7c1cc65b0c3a18b06e9e009cd3e35,tennis_wta_china_open,WTA China Open,2026-09-30T02:00:00+00:00,2026-09-30T03:00:00+01:00,Elena Gabriela Ruse,Lilli Tagger,coral,Coral,2026-09-29T08:50:14Z,h2h,Elena Gabriela Ruse,1.91,,0.5235602094240838,0.4851752021563342,0.2
2026-09-29T08:51:09.445673+00:00,2026-09-29T09:51:09.445673+01:00,32e7c1cc65b0c3a18b06e9e009cd3e35,tennis_wta_china_open,WTA China Open,2026-09-30T02:00:00+00:00,2026-09-30T03:00:00+01:00,Elena Gabriela Ruse,Lilli Tagger,coral,Coral,2026-09-29T08:50:14Z,h2h,Lilli Tagger,1.8,,0.5555555555555556,0.5148247978436657,0.2
2026-09-29T08:51:09.445673+00:00,2026-09-29T09:51:09.445673+01:00,32e7c1cc65b0c3a18b06e9e009cd3e35,tennis_wta_china_open,WTA China Open,2026-09-30T02:00:00+00:00,2026-09-30T03:00:00+01:00,Elena Gabriela Ruse,Lilli Tagger,betano_uk,Betano (UK),2026-09-29T08:50:52Z,h2h,Elena Gabriela Ruse,1.9,,0.5263157894736842,0.4864864864864864,0.2
2026-09-29T08:51:09.445673+00:00,2026-09-29T09:51:09.445673+01:00,32e7c1cc65b0c3a18b06e9e009cd3e35,tennis_wta_china_open,WTA China Open,2026-09-30T02:00:00+00:00,2026-09-30T03:00:00+01:00,Elena Gabriela Ruse,Lilli Tagger,betano_uk,Betano (UK),2026-09-29T08:50:52Z,h2h,Lilli Tagger,1.8,,0.5555555555555556,0.5135135135135135,0.2
2026-09-29T08:51:09.445673+00:00,2026-09-29T09:51:09.445673+01:00,32e7c1cc65b0c3a18b06e9e009cd3e35,tennis_wta_china_open,WTA China Open,2026-09-30T02:00:00+00:00,2026-09-30T03:00:00+01:00,Elena Gabriela Ruse,Lilli Tagger,betvictor,Bet Victor,2026-09-29T08:46:25Z,h2h,Elena Gabriela Ruse,1.9,,0.5263157894736842,0.4864864864864864,0.2
2026-09-29T08:51:09.445673+00:00,2026-09-29T09:51:09.445673+01:00,32e7c1cc65b0c3a18b06e9e009cd3e35,tennis_wta_china_open,WTA China Open,2026-09-30T02:00:00+00:00,2026-09-30T03:00:00+01:00,Elena Gabriela Ruse,Lilli Tagger,betvictor,Bet Victor,2026-09-29T08:46:25Z,h2h,Lilli Tagger,1.8,,0.5555555555555556,0.5135135135135135,0.2
2026-09-29T08:51:09.445673+00:00,2026-09-29T09:51:09.445673+01:00,32e7c1cc65b0c3a18b06e9e009cd3e35,tennis_wta_china_open,WTA China Open,2026-09-30T02:00:00+00:00,2026-09-30T03:00:00+01:00,Elena Gabriela Ruse,Lilli Tagger,boylesports,BoyleSports,2026-09-29T08:50:41Z,h2h,Elena Gabriela Ruse,1.91,,0.5235602094240838,0.5,0.2
2026-09-29T08:51:09.445673+00:00,2026-09-29T09:51:09.445673+01:00,32e7c1cc65b0c3a18b06e9e009cd3e35,tennis_wta_china_open,WTA China Open,2026-09-30T02:00:00+00:00,2026-09-30T03:00:00+01:00,Elena Gabriela Ruse,Lilli Tagger,boylesports,BoyleSports,2026-09-29T08:50:41Z,h2h,Lilli Tagger,1.91,,0.5235602094240838,0.5,0.2
2026-09-29T08:51:09.445673+00:00,2026-09-29T09:51:09.445673+01:00,32e7c1cc65b0c3a18b06e9e009cd3e35,tennis_wta_china_open,WTA China Open,2026-09-30T02:00:00+00:00,2026-09-30T03:00:00+01:00,Elena Gabriela Ruse,Lilli Tagger,matchbook,Matchbook,2026-09-29T08:50:57Z,h2h,Elena Gabriela Ruse,2.06,,0.4854368932038835,0.464935064935065,0.2
2026-09-29T08:51:09.445673+00:00,2026-09-29T09:51:09.445673+01:00,32e7c1cc65b0c3a18b06e9e009cd3e35,tennis_wta_china_open,WTA China Open,2026-09-30T02:00:00+00:00,2026-09-30T03:00:00+01:00,Elena Gabriela Ruse,Lilli Tagger,matchbook,Matchbook,2026-09-29T08:50:57Z,h2h,Lilli Tagger,1.79,,0.5586592178770949,0.5350649350649351,0.2
2026-09-29T08:51:09.445673+00:00,2026-09-29T09:51:09.445673+01:00,32e7c1cc65b0c3a18b06e9e009cd3e35,tennis_wta_china_open,WTA China Open,2026-09-30T02:00:00+00:00,2026-09-30T03:00:00+01:00,Elena Gabriela Ruse,Lilli Tagger,matchbook,Matchbook,2026-09-29T08:50:57Z,h2h_lay,Elena Gabriela Ruse,2.26,,0.4424778761061947,1.0,0.2
2026-09-29T08:51:09.445673+00:00,2026-09-29T09:51:09.445673+01:00,32e7c1cc65b0c3a18b06e9e009cd3e35,tennis_wta_china_open,WTA China Open,2026-09-30T02:00:00+00:00,2026-09-30T03:00:00+01:00,Elena Gabriela Ruse,Lilli Tagger,matchbook,Matchbook,2026-09-29T08:50:57Z,h2h_lay,Lilli Tagger,1.95,,0.5128205128205129,1.0,0.2
2026-09-29T08:51:09.445673+00:00,2026-09-29T09:51:09.445673+01:00,32e7c1cc65b0c3a18b06e9e009cd3e35,tennis_wta_china_open,WTA China Open,2026-09-30T02:00:00+00:00,2026-09-30T03:00:00+01:00,Elena Gabriela Ruse,Lilli Tagger,betfair_ex_uk,Betfair,2026-09-29T08:50:40Z,h2h,Elena Gabriela Ruse,2.1,,0.47619047619047616,0.4601542416452442,0.2
2026-09-29T08:51:09.445673+00:00,2026-09-29T09:51:09.445673+01:00,32e7c1cc65b0c3a18b06e9e009cd3e35,tennis_wta_china_open,WTA China Open,2026-09-30T02:00:00+00:00,2026-09-30T03:00:00+01:00,Elena Gabriela Ruse,Lilli Tagger,betfair_ex_uk,Betfair,2026-09-29T08:50:40Z,h2h,Lilli Tagger,1.79,,0.5586592178770949,0.5398457583547558,0.2
2026-09-29T08:51:09.445673+00:00,2026-09-29T09:51:09.445673+01:00,32e7c1cc65b0c3a18b06e9e009cd3e35,tennis_wta_china_open,WTA China Open,2026-09-30T02:00:00+00:00,2026-09-30T03:00:00+01:00,Elena Gabriela Ruse,Lilli Tagger,betfair_ex_uk,Betfair,2026-09-29T08:50:40Z,h2h_lay,Elena Gabriela Ruse,2.28,,0.4385964912280702,1.0,0.2
2026-09-29T08:51:09.445673+00:00,2026-09-29T09:51:09.445673+01:00,32e7c1cc65b0c3a18b06e9e009cd3e35,tennis_wta_china_open,WTA China Open,2026-09-30T02:00:00+00:00,2026-09-30T03:00:00+01:00,Elena Gabriela Ruse,Lilli Tagger,betfair_ex_uk,Betfair,2026-09-29T08:50:40Z,h2h_lay,Lilli Tagger,1.9,,0.5263157894736842,1.0,0.2
2026-09-29T08:51:09.445673+00:00,2026-09-29T09:51:09.445673+01:00,32e7c1cc65b0c3a18b06e9e009cd3e35,tennis_wta_china_open,WTA China Open,2026-09-30T02:00:00+00:00,2026-09-30T03:00:00+01:00,Elena Gabriela Ruse,Lilli Tagger,paddypower,Paddy Power,2026-09-29T08:50:12Z,h2h,Elena Gabriela Ruse,2.0,,0.5,0.47368421052631576,0.2
2026-09-29T08:51:09.445673+00:00,2026-09-29T09:51:09.445673+01:00,32e7c1cc65b0c3a18b06e9e009cd3e35,tennis_wta_china_open,WTA China Open,2026-09-30T02:00:00+00:00,2026-09-30T03:00:00+01:00,Elena Gabriela Ruse,Lilli Tagger,paddypower,Paddy Power,2026-09-29T08:50:12Z,h2h,Lilli Tagger,1.8,,0.5555555555555556,0.5263157894736842,0.2
2026-09-29T08:51:09.445673+00:00,2026-09-29T09:51:09.445673+01:00,32e7c1cc65b0c3a18b06e9e009cd3e35,tennis_wta_china_open,WTA China Open,2026-09-30T02:00:00+00:00,2026-09-30T03:00:00+01:00,Elena Gabriela Ruse,Lilli Tagger,unibet_uk,Unibet (UK),2026-09-29T08:50:57Z,h2h,Elena Gabriela Ruse,1.92,,0.5208333333333334,0.49071618037135284,0.2
2026-09-29T08:51:09.445673+00:00,2026-09-29T09:51:09.445673+01:00,32e7c1cc65b0c3a18b06e9e009cd3e35,tennis_wta_china_open,WTA China Open,2026-09-30T02:00:00+00:00,2026-09-30T03:00:00+01:00,Elena Gabriela Ruse,Lilli Tagger,unibet_uk,Unibet (UK),2026-09-29T08:50:57Z,h2h,Lilli Tagger,1.85,,0.5405405405405405,0.5092838196286471,0.2
2026-09-29T08:51:09.445673+00:00,2026-09-29T09:51:09.445673+01:00,32e7c1cc65b0c3a18b06e9e009cd3e35,tennis_wta_china_open,WTA China Open,2026-09-30T02:00:00+00:00,2026-09-30T03:00:00+01:00,Elena Gabriela Ruse,Lilli Tagger,leovegas,LeoVegas,2026-09-29T08:50:15Z,h2h,Elena Gabriela Ruse,1.88,,0.5319148936170213,0.4932614555256065,0.2
2026-09-29T08:51:09.445673+00:00,2026-09-29T09:51:09.445673+01:00,32e7c1cc65b0c3a18b06e9e009cd3e35,tennis_wta_china_open,WTA China Open,2026-09-30T02:00:00+00:00,2026-09-30T03:00:00+01:00,Elena Gabriela Ruse,Lilli Tagger,leovegas,LeoVegas,2026-09-29T08:50:15Z,h2h,Lilli Tagger,1.83,,0.5464480874316939,0.5067385444743935,0.2
2026-09-29T08:51:09.445673+00:00,2026-09-29T09:51:09.445673+01:00,025d305a5487d45a414b2e270fa4754b,tennis_wta_china_open,WTA China Open,2026-09-30T02:00:00+00:00,2026-09-30T03:00:00+01:00,Petra Marcinko,Magdalena Frech,grosvenor,Grosvenor,2026-09-29T08:50:40Z,h2h,Magdalena Frech,1.44,,0.6944444444444444,0.6563245823389022,0.2
2026-09-29T08:51:09.445673+00:00,2026-09-29T09:51:09.445673+01:00,025d305a5487d45a414b2e270fa4754b,tennis_wta_china_open,WTA China Open,2026-09-30T02:00:00+00:00,2026-09-30T03:00:00+01:00,Petra Marcinko,Magdalena Frech,grosvenor,Grosvenor,2026-09-29T08:50:40Z,h2h,Petra Marcinko,2.75,,0.36363636363636365,0.3436754176610979,0.2
2026-09-29T08:51:09.445673+00:00,2026-09-29T09:51:09.445673+01:00,025d305a5487d45a414b2e270fa4754b,tennis_wta_china_open,WTA China Open,2026-09-30T02:00:00+00:00,2026-09-30T03:00:00+01:00,Petra Marcinko,Magdalena Frech,virginbet,Virgin Bet,2026-09-29T08:50:41Z,h2h,Magdalena Frech,1.45,,0.6896551724137931,0.6547619047619047,0.2
2026-09-29T08:51:09.445673+00:00,2026-09-29T09:51:09.445673+01:00,025d305a5487d45a414b2e270fa4754b,tennis_wta_china_open,WTA China Open,2026-09-30T02:00:00+00:00,2026-09-30T03:00:00+01:00,Petra Marcinko,Magdalena Frech,virginbet,Virgin Bet,2026-09-29T08:50:41Z,h2h,Petra Marcinko,2.75,,0.36363636363636365,0.3452380952380952,0.2
2026-09-29T08:51:09.445673+00:00,2026-09-29T09:51:09.445673+01:00,025d305a5487d45a414b2e270fa4754b,tennis_wta_china_open,WTA China Open,2026-09-30T02:00:00+00:00,2026-09-30T03:00:00+01:00,Petra Marcinko,Magdalena Frech,casumo,Casumo,2026-09-29T08:50:41Z,h2h,Magdalena Frech,1.44,,0.6944444444444444,0.6563245823389022,0.2
2026-09-29T08:51:09.445673+00:00,2026-09-29T09:51:09.445673+01:00,025d305a5487d45a414b2e270fa4754b,tennis_wta_china_open,WTA China Open,2026-09-30T02:00:00+00:00,2026-09-30T03:00:00+01:00,Petra Marcinko,Magdalena Frech,casumo,Casumo,2026-09-29T08:50:41Z,h2h,Petra Marcinko,2.75,,0.36363636363636365,0.3436754176610979,0.2
2026-09-29T08:51:09.445673+00:00,2026-09-29T09:51:09.445673+01:00,025d305a5487d45a414b2e270fa4754b,tennis_wta_china_open,WTA China Open,2026-09-30T02:00:00+00:00,2026-09-30T03:00:00+01:00,Petra Marcinko,Magdalena Frech,betway,Betway,2026-09-29T08:50:00Z,h2h,Magdalena Frech,1.45,,0.6896551724137931,0.6547619047619047,0.2
2026-09-29T08:51:09.445673+00:00,2026-09-29T09:51:09.445673+01:00,025d305a5487d45a414b2e270fa4754b,tennis_wta_china_open,WTA China Open,2026-09-30T02:00:00+00:00,2026-09-30T03:00:00+01:00,Petra Marcinko,Magdalena Frech,betway,Betway,2026-09-29T08:50:00Z,h2h,Petra Marcinko,2.75,,0.36363636363636365,0.3452380952380952,0.2
2026-09-29T08:51:09.445673+00:00,2026-09-29T09:51:09.445673+01:00,025d305a5487d45a414b2e270fa4754b,tennis_wta_china_open,WTA China Open,2026-09-30T02:00:00+00:00,2026-09-30T03:00:00+01:00,Petra Marcinko,Magdalena Frech,livescorebet,LiveScore Bet,2026-09-29T08:50:41Z,h2h,Magdalena Frech,1.45,,0.6896551724137931,0.6547619047619047,0.2
2026-09-29T08:51:09.445673+00:00,2026-09-29T09:51:09.445673+01:00,025d305a5487d45a414b2e270fa4754b,tennis_wta_china_open,WTA China Open,2026-09-30T02:00:00+00:00,2026-09-30T03:00:00+01:00,Petra Marcinko,Magdalena Frech,livescorebet,LiveScore Bet,2026-09-29T08:50:41Z,h2h,Petra Marcinko,2.75,,0.36363636363636365,0.3452380952380952,0.2
2026-09-29T08:51:09.445673+00:00,2026-09-29T09:51:09.445673+01:00,025d305a5487d45a414b2e270fa4754b,tennis_wta_china_open,WTA China Open,2026-09-30T02:00:00+00:00,2026-09-30T03:00:00+01:00,Petra Marcinko,Magdalena Frech,sport888,888sport,2026-09-29T08:49:59Z,h2h,Magdalena Frech,1.44,,0.6944444444444444,0.6563245823389022,0.2
2026-09-29T08:51:09.445673+00:00,2026-09-29T09:51:09.445673+01:00,025d305a5487d45a414b2e270fa4754b,tennis_wta_china_open,WTA China Open,2026-09-30T02:00:00+00:00,2026-09-30T03:00:00+01:00,Petra Marcinko,Magdalena Frech,sport888,888sport,2026-09-29T08:49:59Z,h2h,Petra Marcinko,2.75,,0.36363636363636365,0.3436754176610979,0.2
2026-09-29T08:51:09.445673+00:00,2026-09-29T09:51:09.445673+01:00,025d305a5487d45a414b2e270fa4754b,tennis_wta_china_open,WTA China Open,2026-09-30T02:00:00+00:00,2026-09-30T03:00:00+01:00,Petra Marcinko,Magdalena Frech,betano_uk,Betano (UK),2026-09-29T08:50:52Z,h2h,Magdalena Frech,1.44,,0.6944444444444444,0.645320197044335,0.2
2026-09-29T08:51:09.445673+00:00,2026-09-29T09:51:09.445673+01:00,025d305a5487d45a414b2e270fa4754b,tennis_wta_china_open,WTA China Open,2026-09-30T02:00:00+00:00,2026-09-30T03:00:00+01:00,Petra Marcinko,Magdalena Frech,betano_uk,Betano (UK),2026-09-29T08:50:52Z,h2h,Petra Marcinko,2.62,,0.38167938931297707,0.35467980295566504,0.2
2026-09-29T08:51:09.445673+00:00,2026-09-29T09:51:09.445673+01:00,025d305a5487d45a414b2e270fa4754b,tennis_wta_china_open,WTA China Open,2026-09-30T02:00:00+00:00,2026-09-30T03:00:00+01:00,Petra Marcinko,Magdalena Frech,betvictor,Bet Victor,2026-09-29T08:46:25Z,h2h,Magdalena Frech,1.44,,0.6944444444444444,0.645320197044335,0.2
2026-09-29T08:51:09.445673+00:00,2026-09-29T09:51:09.445673+01:00,025d305a5487d45a414b2e270fa4754b,tennis_wta_china_open,WTA China Open,2026-09-30T02:00:00+00:00,2026-09-30T03:00:00+01:00,Petra Marcinko,Magdalena Frech,betvictor,Bet Victor,2026-09-29T08:46:25Z,h2h,Petra Marcinko,2.62,,0.38167938931297707,0.35467980295566504,0.2
2026-09-29T08:51:09.445673+00:00,2026-09-29T09:51:09.445673+01:00,025d305a5487d45a414b2e270fa4754b,tennis_wta_china_open,WTA China Open,2026-09-30T02:00:00+00:00,2026-09-30T03:00:00+01:00,Petra Marcinko,Magdalena Frech,boylesports,BoyleSports,2026-09-29T08:50:41Z,h2h,Magdalena Frech,1.44,,0.6944444444444444,0.6563245823389022,0.2
2026-09-29T08:51:09.445673+00:00,2026-09-29T09:51:09.445673+01:00,025d305a5487d45a414b2e270fa4754b,tennis_wta_china_open,WTA China Open,2026-09-30T02:00:00+00:00,2026-09-30T03:00:00+01:00,Petra Marcinko,Magdalena Frech,boylesports,BoyleSports,2026-09-29T08:50:41Z,h2h,Petra Marcinko,2.75,,0.36363636363636365,0.3436754176610979,0.2
2026-09-29T08:51:09.445673+00:00,2026-09-29T09:51:09.445673+01:00,025d305a5487d45a414b2e270fa4754b,tennis_wta_china_open,WTA China Open,2026-09-30T02:00:00+00:00,2026-09-30T03:00:00+01:00,Petra Marcinko,Magdalena Frech,matchbook,Matchbook,2026-09-29T08:50:57Z,h2h,Magdalena Frech,1.43,,0.6993006993006994,0.6520681265206814,0.2
2026-09-29T08:51:09.445673+00:00,2026-09-29T09:51:09.445673+01:00,025d305a5487d45a414b2e270fa4754b,tennis_wta_china_open,WTA China Open,2026-09-30T02:00:00+00:00,2026-09-30T03:00:00+01:00,Petra Marcinko,Magdalena Frech,matchbook,Matchbook,2026-09-29T08:50:57Z,h2h,Petra Marcinko,2.68,,0.3731343283582089,0.3479318734793187,0.2
2026-09-29T08:51:09.445673+00:00,2026-09-29T09:51:09.445673+01:00,025d305a5487d45a414b2e270fa4754b,tennis_wta_china_open,WTA China Open,2026-09-30T02:00:00+00:00,2026-09-30T03:00:00+01:00,Petra Marcinko,Magdalena Frech,matchbook,Matchbook,2026-09-29T08:50:57Z,h2h_lay,Magdalena Frech,1.59,,0.6289308176100629,1.0,0.2
2026-09-29T08:51:09.445673+00:00,2026-09-29T09:51:09.445673+01:00,025d305a5487d45a414b2e270fa4754b,tennis_wta_china_open,WTA China Open,2026-09-30T02:00:00+00:00,2026-09-30T03:00:00+01:00,Petra Marcinko,Magdalena Frech,matchbook,Matchbook,2026-09-29T08:50:57Z,h2h_lay,Petra Marcinko,3.3,,0.30303030303030304,1.0,0.2
2026-09-29T08:51:09.445673+00:00,2026-09-29T09:51:09.445673+01:00,025d305a5487d45a414b2e270fa4754b,tennis_wta_china_open,WTA China Open,2026-09-30T02:00:00+00:00,2026-09-30T03:00:00+01:00,Petra Marcinko,Magdalena Frech,betfair_ex_uk,Betfair,2026-09-29T08:50:40Z,h2h,Magdalena Frech,1.43,,0.6993006993006994,0.6520681265206814,0.2
2026-09-29T08:51:09.445673+00:00,2026-09-29T09:51:09.445673+01:00,025d305a5487d45a414b2e270fa4754b,tennis_wta_china_open,WTA China Open,2026-09-30T02:00:00+00:00,2026-09-30T03:00:00+01:00,Petra Marcinko,Magdalena Frech,betfair_ex_uk,Betfair,2026-09-29T08:50:40Z,h2h,Petra Marcinko,2.68,,0.3731343283582089,0.3479318734793187,0.2
2026-09-29T08:51:09.445673+00:00,2026-09-29T09:51:09.445673+01:00,025d305a5487d45a414b2e270fa4754b,tennis_wta_china_open,WTA China Open,2026-09-30T02:00:00+00:00,2026-09-30T03:00:00+01:00,Petra Marcinko,Magdalena Frech,betfair_ex_uk,Betfair,2026-09-29T08:50:40Z,h2h_lay,Magdalena Frech,1.59,,0.6289308176100629,1.0,0.2
2026-09-29T08:51:09.445673+00:00,2026-09-29T09:51:09.445673+01:00,025d305a5487d45a414b2e270fa4754b,tennis_wta_china_open,WTA China Open,2026-09-30T02:00:00+00:00,2026-09-30T03:00:00+01:00,Petra Marcinko,Magdalena Frech,betfair_ex_uk,Betfair,2026-09-29T08:50:40Z,h2h_lay,Petra Marcinko,3.3,,0.30303030303030304,1.0,0.2
2026-09-29T08:51:09.445673+00:00,2026-09-29T09:51:09.445673+01:00,3d7ca27dc89b58d3883de95847cfc74e,tennis_wta_china_open,WTA China Open,2026-09-30T02:00:00+00:00,2026-09-30T03:00:00+01:00,Maya Joint,Sinja Kraus,grosvenor,Grosvenor,2026-09-29T08:50:40Z,h2h,Maya Joint,1.25,,0.8,0.7596153846153846,0.2
2026-09-29T08:51:09.445673+00:00,2026-09-29T09:51:09.445673+01:00,3d7ca27dc89b58d3883de95847cfc74e,tennis_wta_china_open,WTA China Open,2026-09-30T02:00:00+00:00,2026-09-30T03:00:00+01:00,Maya Joint,Sinja Kraus,grosvenor,Grosvenor,2026-09-29T08:50:40Z,h2h,Sinja Kraus,3.95,,0.2531645569620253,0.24038461538461534,0.2
2026-09-29T08:51:09.445673+00:00,2026-09-29T09:51:09.445673+01:00,3d7ca27dc89b58d3883de95847cfc74e,tennis_wta_china_open,WTA China Open,2026-09-30T02:00:00+00:00,2026-09-30T03:00:00+01:00,Maya Joint,Sinja Kraus,smarkets,Smarkets,2026-09-29T08:50:56Z,h2h,Maya Joint,1.25,,0.8,0.7252747252747254,0.2
2026-09-29T08:51:09.445673+00:00,2026-09-29T09:51:09.445673+01:00,3d7ca27dc89b58d3883de95847cfc74e,tennis_wta_china_open,WTA China Open,2026-09-30T02:00:00+00:00,2026-09-30T03:00:00+01:00,Maya Joint,Sinja Kraus,smarkets,Smarkets,2026-09-29T08:50:56Z,h2h,Sinja Kraus,3.3,,0.30303030303030304,0.27472527472527475,0.2
2026-09-29T08:51:09.445673+00:00,2026-09-29T09:51:09.445673+01:00,3d7ca27dc89b58d3883de95847cfc74e,tennis_wta_china_open,WTA China Open,2026-09-30T02:00:00+00:00,2026-09-30T03:00:00+01:00,Maya Joint,Sinja Kraus,smarkets,Smarkets,2026-09-29T08:50:56Z,h2h_lay,Maya Joint,1.44,,0.6944444444444444,1.0,0.2
2026-09-29T08:51:09.445673+00:00,2026-09-29T09:51:09.445673+01:00,3d7ca27dc89b58d3883de95847cfc74e,tennis_wta_china_open,WTA China Open,2026-09-30T02:00:00+00:00,2026-09-30T03:00:00+01:00,Maya Joint,Sinja Kraus,smarkets,Smarkets,2026-09-29T08:50:56Z,h2h_lay,Sinja Kraus,5.0,,0.2,1.0,0.2
2026-09-29T08:51:09.445673+00:00,2026-09-29T09:51:09.445673+01:00,3d7ca27dc89b58d3883de95847cfc74e,tennis_wta_china_open,WTA China Open,2026-09-30T02:00:00+00:00,2026-09-30T03:00:00+01:00,Maya Joint,Sinja Kraus,virginbet,Virgin Bet,2026-09-29T08:50:41Z,h2h,Maya Joint,1.25,,0.8,0.7596153846153846,0.2
2026-09-29T08:51:09.445673+00:00,2026-09-29T09:51:09.445673+01:00,3d7ca27dc89b58d3883de95847cfc74e,tennis_wta_china_open,WTA China Open,2026-09-30T02:00:00+00:00,2026-09-30T03:00:00+01:00,Maya Joint,Sinja Kraus,virginbet,Virgin Bet,2026-09-29T08:50:41Z,h2h,Sinja Kraus,3.95,,0.2531645569620253,0.24038461538461534,0.2
2026-09-29T08:51:09.445673+00:00,2026-09-29T09:51:09.445673+01:00,3d7ca27dc89b58d3883de95847cfc74e,tennis_wta_china_open,WTA China Open,2026-09-30T02:00:00+00:00,2026-09-30T03:00:00+01:00,Maya Joint,Sinja Kraus,casumo,Casumo,2026-09-29T08:50:41Z,h2h,Maya Joint,1.25,,0.8,0.7596153846153846,0.2
2026-09-29T08:51:09.445673+00:00,2026-09-29T09:51:09.445673+01:00,3d7ca27dc89b58d3883de95847cfc74e,tennis_wta_china_open,WTA China Open,2026-09-30T02:00:00+00:00,2026-09-30T03:00:00+01:00,Maya Joint,Sinja Kraus,casumo,Casumo,2026-09-29T08:50:41Z,h2h,Sinja Kraus,3.95,,0.2531645569620253,0.24038461538461534,0.2
2026-09-29T08:51:09.445673+00:00,2026-09-29T09:51:09.445673+01:00,3d7ca27dc89b58d3883de95847cfc74e,tennis_wta_china_open,WTA China Open,2026-09-30T02:00:00+00:00,2026-09-30T03:00:00+01:00,Maya Joint,Sinja Kraus,betway,Betway,2026-09-29T08:50:00Z,h2h,Maya Joint,1.29,,0.7751937984496123,0.744047619047619,0.2
2026-09-29T08:51:09.445673+00:00,2026-09-29T09:51:09.445673+01:00,3d7ca27dc89b58d3883de95847cfc74e,tennis_wta_china_open,WTA China Open,2026-09-30T02:00:00+00:00,2026-09-30T03:00:00+01:00,Maya Joint,Sinja Kraus,betway,Betway,2026-09-29T08:50:00Z,h2h,Sinja Kraus,3.75,,0.26666666666666666,0.25595238095238093,0.2
2026-09-29T08:51:09.445673+00:00,2026-09-29T09:51:09.445673+01:00,3d7ca27dc89b58d3883de95847cfc74e,tennis_wta_china_open,WTA China Open,2026-09-30T02:00:00+00:00,2026-09-30T03:00:00+01:00,Maya Joint,Sinja Kraus,livescorebet,LiveScore Bet,2026-09-29T08:50:41Z,h2h,Maya Joint,1.25,,0.8,0.7596153846153846,0.2
2026-09-29T08:51:09.445673+00:00,2026-09-29T09:51:09.445673+01:00,3d7ca27dc89b58d3883de95847cfc74e,tennis_wta_china_open,WTA China Open,2026-09-30T02:00:00+00:00,2026-09-30T03:00:00+01:00,Maya Joint,Sinja Kraus,livescorebet,LiveScore Bet,2026-09-29T08:50:41Z,h2h,Sinja Kraus,3.95,,0.2531645569620253,0.24038461538461534,0.2
2026-09-29T08:51:09.445673+00:00,2026-09-29T09:51:09.445673+01:00,3d7ca27dc89b58d3883de95847cfc74e,tennis_wta_china_open,WTA China Open,2026-09-30T02:00:00+00:00,2026-09-30T03:00:00+01:00,Maya Joint,Sinja Kraus,sport888,888sport,2026-09-29T08:49:59Z,h2h,Maya Joint,1.33,,0.7518796992481203,0.712742980561555,0.2
2026-09-29T08:51:09.445673+00:00,2026-09-29T09:51:09.445673+01:00,3d7ca27dc89b58d3883de95847cfc74e,tennis_wta_china_open,WTA China Open,2026-09-30T02:00:00+00:00,2026-09-30T03:00:00+01:00,Maya Joint,Sinja Kraus,sport888,888sport,2026-09-29T08:49:59Z,h2h,Sinja Kraus,3.3,,0.30303030303030304,0.28725701943844495,0.2
2026-09-29T08:51:09.445673+00:00,2026-09-29T09:51:09.445673+01:00,3d7ca27dc89b58d3883de95847cfc74e,tennis_wta_china_open,WTA China Open,2026-09-30T02:00:00+00:00,2026-09-30T03:00:00+01:00,Maya Joint,Sinja Kraus,betano_uk,Betano (UK),2026-09-29T08:50:52Z,h2h,Maya Joint,1.29,,0.7751937984496123,0.7158590308370044,0.2
2026-09-29T08:51:09.445673+00:00,2026-09-29T09:51:09.445673+01:00,3d7ca27dc89b58d3883de95847cfc74e,tennis_wta_china_open,WTA China Open,2026-09-30T02:00:00+00:00,2026-09-30T03:00:00+01:00,Maya Joint,Sinja Kraus,betano_uk,Betano (UK),2026-09-29T08:50:52Z,h2h,Sinja Kraus,3.25,,0.3076923076923077,0.28414096916299564,0.2
2026-09-29T08:51:09.445673+00:00,2026-09-29T09:51:09.445673+01:00,3d7ca27dc89b58d3883de95847cfc74e,tennis_wta_china_open,WTA China Open,2026-09-30T02:00:00+00:00,2026-09-30T03:00:00+01:00,Maya Joint,Sinja Kraus,betvictor,Bet Victor,2026-09-29T08:46:25Z,h2h,Maya Joint,1.29,,0.7751937984496123,0.7158590308370044,0.2
2026-09-29T08:51:09.445673+00:00,2026-09-29T09:51:09.445673+01:00,3d7ca27dc89b58d3883de95847cfc74e,tennis_wta_china_open,WTA China Open,2026-09-30T02:00:00+00:00,2026-09-30T03:00:00+01:00,Maya Joint,Sinja Kraus,betvictor,Bet Victor,2026-09-29T08:46:25Z,h2h,Sinja Kraus,3.25,,0.3076923076923077,0.28414096916299564,0.2
2026-09-29T08:51:09.445673+00:00,2026-09-29T09:51:09.445673+01:00,3d7ca27dc89b58d3883de95847cfc74e,tennis_wta_china_open,WTA China Open,2026-09-30T02:00:00+00:00,2026-09-30T03:00:00+01:00,Maya Joint,Sinja Kraus,boylesports,BoyleSports,2026-09-29T08:50:41Z,h2h,Maya Joint,1.29,,0.7751937984496123,0.7361963190184049,0.2
2026-09-29T08:51:09.445673+00:00,2026-09-29T09:51:09.445673+01:00,3d7ca27dc89b58d3883de95847cfc74e,tennis_wta_china_open,WTA China Open,2026-09-30T02:00:00+00:00,2026-09-30T03:00:00+01:00,Maya Joint,Sinja Kraus,boylesports,BoyleSports,2026-09-29T08:50:41Z,h2h,Sinja Kraus,3.6,,0.2777777777777778,0.2638036809815951,0.2
2026-09-29T08:51:09.445673+00:00,2026-09-29T09:51:09.445673+01:00,3d7ca27dc89b58d3883de95847cfc74e,tennis_wta_china_open,WTA China Open,2026-09-30T02:00:00+00:00,2026-09-30T03:00:00+01:00,Maya Joint,Sinja Kraus,matchbook,Matchbook,2026-09-29T08:50:57Z,h2h,Maya Joint,1.32,,0.7575757575757576,0.728952772073922,0.2
2026-09-29T08:51:09.445673+00:00,2026-09-29T09:51:09.445673+01:00,3d7ca27dc89b58d3883de95847cfc74e,tennis_wta_china_open,WTA China Open,2026-09-30T02:00:00+00:00,2026-09-30T03:00:00+01:00,Maya Joint,Sinja Kraus,matchbook,Matchbook,2026-09-29T08:50:57Z,h2h,Sinja Kraus,3.55,,0.28169014084507044,0.27104722792607805,0.2
2026-09-29T08:51:09.445673+00:00,2026-09-29T09:51:09.445673+01:00,3d7ca27dc89b58d3883de95847cfc74e,tennis_wta_china_open,WTA China Open,2026-09-30T02:00:00+00:00,2026-09-30T03:00:00+01:00,Maya Joint,Sinja Kraus,matchbook,Matchbook,2026-09-29T08:50:57Z,h2h_lay,Maya Joint,1.39,,0.7194244604316548,1.0,0.2
2026-09-29T08:51:09.445673+00:00,2026-09-29T09:51:09.445673+01:00,3d7ca27dc89b58d3883de95847cfc74e,tennis_wta_china_open,WTA China Open,2026-09-30T02:00:00+00:00,2026-09-30T03:00:00+01:00,Maya Joint,Sinja Kraus,matchbook,Matchbook,2026-09-29T08:50:57Z,h2h_lay,Sinja Kraus,4.2,,0.23809523809523808,1.0,0.2
2026-09-29T08:51:09.445673+00:00,2026-09-29T09:51:09.445673+01:00,3d7ca27dc89b58d3883de95847cfc74e,tennis_wta_china_open,WTA China Open,2026-09-30T02:00:00+00:00,2026-09-30T03:00:00+01:00,Maya Joint,Sinja Kraus,betfair_ex_uk,Betfair,2026-09-29T08:50:40Z,h2h,Maya Joint,1.33,,0.7518796992481203,0.7158119658119658,0.2
2026-09-29T08:51:09.445673+00:00,2026-09-29T09:51:09.445673+01:00,3d7ca27dc89b58d3883de95847cfc74e,tennis_wta_china_open,WTA China Open,2026-09-30T02:00:00+00:00,2026-09-30T03:00:00+01:00,Maya Joint,Sinja Kraus,betfair_ex_uk,Betfair,2026-09-29T08:50:40Z,h2h,Sinja Kraus,3.35,,0.29850746268656714,0.2841880341880342,0.2
2026-09-29T08:51:09.445673+00:00,2026-09-29T09:51:09.445673+01:00,3d7ca27dc89b58d3883de95847cfc74e,tennis_wta_china_open,WTA China Open,2026-09-30T02:00:00+00:00,2026-09-30T03:00:00+01:00,Maya Joint,Sinja Kraus,betfair_ex_uk,Betfair,2026-09-29T08:50:40Z,h2h_lay,Maya Joint,1.42,,0.7042253521126761,1.0,0.2
2026-09-29T08:51:09.445673+00:00,2026-09-29T09:51:09.445673+01:00,3d7ca27dc89b58d3883de95847cfc74e,tennis_wta_china_open,WTA China Open,2026-09-30T02:00:00+00:00,2026-09-30T03:00:00+01:00,Maya Joint,Sinja Kraus,betfair_ex_uk,Betfair,2026-09-29T08:50:40Z,h2h_lay,Sinja Kraus,4.0,,0.25,1.0,0.2
2026-09-29T08:51:09.445673+00:00,2026-09-29T09:51:09.445673+01:00,3d7ca27dc89b58d3883de95847cfc74e,tennis_wta_china_open,WTA China Open,2026-09-30T02:00:00+00:00,2026-09-30T03:00:00+01:00,Maya Joint,Sinja Kraus,paddypower,Paddy Power,2026-09-29T08:50:12Z,h2h,Maya Joint,1.25,,0.8,0.75,0.2
2026-09-29T08:51:09.445673+00:00,2026-09-29T09:51:09.445673+01:00,3d7ca27dc89b58d3883de95847cfc74e,tennis_wta_china_open,WTA China Open,2026-09-30T02:00:00+00:00,2026-09-30T03:00:00+01:00,Maya Joint,Sinja Kraus,paddypower,Paddy Power,2026-09-29T08:50:12Z,h2h,Sinja Kraus,3.75,,0.26666666666666666,0.25,0.2
2026-09-29T08:51:09.445673+00:00,2026-09-29T09:51:09.445673+01:00,3d7ca27dc89b58d3883de95847cfc74e,tennis_wta_china_open,WTA China Open,2026-09-30T02:00:00+00:00,2026-09-30T03:00:00+01:00,Maya Joint,Sinja Kraus,unibet_uk,Unibet (UK),2026-09-29T08:50:57Z,h2h,Maya Joint,1.28,,0.78125,0.7377049180327869,0.2
2026-09-29T08:51:09.445673+00:00,2026-09-29T09:51:09.445673+01:00,3d7ca27dc89b58d3883de95847cfc74e,tennis_wta_china_open,WTA China Open,2026-09-30T02:00:00+00:00,2026-09-30T03:00:00+01:00,Maya Joint,Sinja Kraus,unibet_uk,Unibet (UK),2026-09-29T08:50:57Z,h2h,Sinja Kraus,3.6,,0.2777777777777778,0.26229508196721313,0.2
2026-09-29T08:51:09.445673+00:00,2026-09-29T09:51:09.445673+01:00,3d7ca27dc89b58d3883de95847cfc74e,tennis_wta_china_open,WTA China Open,2026-09-30T02:00:00+00:00,2026-09-30T03:00:00+01:00,Maya Joint,Sinja Kraus,leovegas,LeoVegas,2026-09-29T08:50:15Z,h2h,Maya Joint,1.26,,0.7936507936507936,0.732484076433121,0.2
2026-09-29T08:51:09.445673+00:00,2026-09-29T09:51:09.445673+01:00,3d7ca27dc89b58d3883de95847cfc74e,tennis_wta_china_open,WTA China Open,2026-09-30T02:00:00+00:00,2026-09-30T03:00:00+01:00,Maya Joint,Sinja Kraus,leovegas,LeoVegas,2026-09-29T08:50:15Z,h2h,Sinja Kraus,3.45,,0.2898550724637681,0.267515923566879,0.2
2026-09-29T08:51:09.445673+00:00,2026-09-29T09:51:09.445673+01:00,3d7ca27dc89b58d3883de95847cfc74e,tennis_wta_china_open,WTA China Open,2026-09-30T02:00:00+00:00,2026-09-30T03:00:00+01:00,Maya Joint,Sinja Kraus,betfair_sb_uk,Betfair Sportsbook,2026-09-29T08:50:55Z,h2h,Maya Joint,1.29,,0.7751937984496123,0.7306889352818372,0.2
2026-09-29T08:51:09.445673+00:00,2026-09-29T09:51:09.445673+01:00,3d7ca27dc89b58d3883de95847cfc74e,tennis_wta_china_open,WTA China Open,2026-09-30T02:00:00+00:00,2026-09-30T03:00:00+01:00,Maya Joint,Sinja Kraus,betfair_sb_uk,Betfair Sportsbook,2026-09-29T08:50:55Z,h2h,Sinja Kraus,3.5,,0.2857142857142857,0.26931106471816285,0.2
2026-09-29T08:51:09.445673+00:00,2026-09-29T09:51:09.445673+01:00,2ef1631ed3c54fa2c2d6903629201493,tennis_wta_china_open,WTA China Open,2026-09-30T02:00:00+00:00,2026-09-30T03:00:00+01:00,Mayar Sherif,Polina Kudermetova,grosvenor,Grosvenor,2026-09-29T08:50:40Z,h2h,Mayar Sherif,2.48,,0.40322580645161293,0.3815461346633417,0.2
2026-09-29T08:51:09.445673+00:00,2026-09-29T09:51:09.445673+01:00,2ef1631ed3c54fa2c2d6903629201493,tennis_wta_china_open,WTA China Open,2026-09-30T02:00:00+00:00,2026-09-30T03:00:00+01:00,Mayar Sherif,Polina Kudermetova,grosvenor,Grosvenor,2026-09-29T08:50:40Z,h2h,Polina Kudermetova,1.53,,0.6535947712418301,0.6184538653366584,0.2
2026-09-29T08:51:09.445673+00:00,2026-09-29T09:51:09.445673+01:00,2ef1631ed3c54fa2c2d6903629201493,tennis_wta_china_open,WTA China Open,2026-09-30T02:00:00+00:00,2026-09-30T03:00:00+01:00,Mayar Sherif,Polina Kudermetova,smarkets,Smarkets,2026-09-29T08:50:56Z,h2h,Mayar Sherif,2.38,,0.42016806722689076,0.38181818181818183,0.2
2026-09-29T08:51:09.445673+00:00,2026-09-29T09:51:09.445673+01:00,2ef1631ed3c54fa2c2d6903629201493,tennis_wta_china_open,WTA China Open,2026-09-30T02:00:00+00:00,2026-09-30T03:00:00+01:00,Mayar Sherif,Polina Kudermetova,smarkets,Smarkets,2026-09-29T08:50:56Z,h2h,Polina Kudermetova,1.47,,0.6802721088435374,0.6181818181818182,0.2
2026-09-29T08:51:09.445673+00:00,2026-09-29T09:51:09.445673+01:00,2ef1631ed3c54fa2c2d6903629201493,tennis_wta_china_open,WTA China Open,2026-09-30T02:00:00+00:00,2026-09-30T03:00:00+01:00,Mayar Sherif,Polina Kudermetova,smarkets,Smarkets,2026-09-29T08:50:56Z,h2h_lay,Mayar Sherif,3.15,,0.31746031746031744,1.0,0.2
2026-09-29T08:51:09.445673+00:00,2026-09-29T09:51:09.445673+01:00,2ef1631ed3c54fa2c2d6903629201493,tennis_wta_china_open,WTA China Open,2026-09-30T02:00:00+00:00,2026-09-30T03:00:00+01:00,Mayar Sherif,Polina Kudermetova,smarkets,Smarkets,2026-09-29T08:50:56Z,h2h_lay,Polina Kudermetova,1.73,,0.5780346820809249,1.0,0.2
2026-09-29T08:51:09.445673+00:00,2026-09-29T09:51:09.445673+01:00,2ef1631ed3c54fa2c2d6903629201493,tennis_wta_china_open,WTA China Open,2026-09-30T02:00:00+00:00,2026-09-30T03:00:00+01:00,Mayar Sherif,Polina Kudermetova,virginbet,Virgin Bet,2026-09-29T08:50:41Z,h2h,Mayar Sherif,2.48,,0.40322580645161293,0.3815461346633417,0.2
2026-09-29T08:51:09.445673+00:00,2026-09-29T09:51:09.445673+01:00,2ef1631ed3c54fa2c2d6903629201493,tennis_wta_china_open,WTA China Open,2026-09-30T02:00:00+00:00,2026-09-30T03:00:00+01:00,Mayar Sherif,Polina Kudermetova,virginbet,Virgin Bet,2026-09-29T08:50:41Z,h2h,Polina Kudermetova,1.53,,0.6535947712418301,0.6184538653366584,0.2
2026-09-29T08:51:09.445673+00:00,2026-09-29T09:51:09.445673+01:00,2ef1631ed3c54fa2c2d6903629201493,tennis_wta_china_open,WTA China Open,2026-09-30T02:00:00+00:00,2026-09-30T03:00:00+01:00,Mayar Sherif,Polina Kudermetova,casumo,Casumo,2026-09-29T08:50:41Z,h2h,Mayar Sherif,2.48,,0.40322580645161293,0.3815461346633417,0.2
2026-09-29T08:51:09.445673+00:00,2026-09-29T09:51:09.445673+01:00,2ef1631ed3c54fa2c2d6903629201493,tennis_wta_china_open,WTA China Open,2026-09-30T02:00:00+00:00,2026-09-30T03:00:00+01:00,Mayar Sherif,Polina Kudermetova,casumo,Casumo,2026-09-29T08:50:41Z,h2h,Polina Kudermetova,1.53,,0.6535947712418301,0.6184538653366584,0.2
2026-09-29T08:51:09.445673+00:00,2026-09-29T09:51:09.445673+01:00,2ef1631ed3c54fa2c2d6903629201493,tennis_wta_china_open,WTA China Open,2026-09-30T02:00:00+00:00,2026-09-30T03:00:00+01:00,Mayar Sherif,Polina Kudermetova,betway,Betway,2026-09-29T08:50:00Z,h2h,Mayar Sherif,2.6,,0.3846153846153846,0.3658536585365854,0.2
2026-09-29T08:51:09.445673+00:00,2026-09-29T09:51:09.445673+01:00,2ef1631ed3c54fa2c2d6903629201493,tennis_wta_china_open,WTA China Open,2026-09-30T02:00:00+00:00,2026-09-30T03:00:00+01:00,Mayar Sherif,Polina Kudermetova,betway,Betway,2026-09-29T08:50:00Z,h2h,Polina Kudermetova,1.5,,0.6666666666666666,0.6341463414634148,0.2
2026-09-29T08:51:09.445673+00:00,2026-09-29T09:51:09.445673+01:00,2ef1631ed3c54fa2c2d6903629201493,tennis_wta_china_open,WTA China Open,2026-09-30T02:00:00+00:00,2026-09-30T03:00:00+01:00,Mayar Sherif,Polina Kudermetova,livescorebet,LiveScore Bet,2026-09-29T08:50:41Z,h2h,Mayar Sherif,2.48,,0.40322580645161293,0.3815461346633417,0.2
2026-09-29T08:51:09.445673+00:00,2026-09-29T09:51:09.445673+01:00,2ef1631ed3c54fa2c2d6903629201493,tennis_wta_china_open,WTA China Open,2026-09-30T02:00:00+00:00,2026-09-30T03:00:00+01:00,Mayar Sherif,Polina Kudermetova,livescorebet,LiveScore Bet,2026-09-29T08:50:41Z,h2h,Polina Kudermetova,1.53,,0.6535947712418301,0.6184538653366584,0.2
2026-09-29T08:51:09.445673+00:00,2026-09-29T09:51:09.445673+01:00,2ef1631ed3c54fa2c2d6903629201493,tennis_wta_china_open,WTA China Open,2026-09-30T02:00:00+00:00,2026-09-30T03:00:00+01:00,Mayar Sherif,Polina Kudermetova,sport888,888sport,2026-09-29T08:49:59Z,h2h,Mayar Sherif,2.5,,0.4,0.3796526054590571,0.2
2026-09-29T08:51:09.445673+00:00,2026-09-29T09:51:09.445673+01:00,2ef1631ed3c54fa2c2d6903629201493,tennis_wta_china_open,WTA China Open,2026-09-30T02:00:00+00:00,2026-09-30T03:00:00+01:00,Mayar Sherif,Polina Kudermetova,sport888,888sport,2026-09-29T08:49:59Z,h2h,Polina Kudermetova,1.53,,0.6535947712418301,0.6203473945409429,0.2
2026-09-29T08:51:09.445673+00:00,2026-09-29T09:51:09.445673+01:00,2ef1631ed3c54fa2c2d6903629201493,tennis_wta_china_open,WTA China Open,2026-09-30T02:00:00+00:00,2026-09-30T03:00:00+01:00,Mayar Sherif,Polina Kudermetova,betano_uk,Betano (UK),2026-09-29T08:50:52Z,h2h,Mayar Sherif,2.4,,0.4166666666666667,0.38461538461538464,0.2
2026-09-29T08:51:09.445673+00:00,2026-09-29T09:51:09.445673+01:00,2ef1631ed3c54fa2c2d6903629201493,tennis_wta_china_open,WTA China Open,2026-09-30T02:00:00+00:00,2026-09-30T03:00:00+01:00,Mayar Sherif,Polina Kudermetova,betano_uk,Betano (UK),2026-09-29T08:50:52Z,h2h,Polina Kudermetova,1.5,,0.6666666666666666,0.6153846153846154,0.2
2026-09-29T08:51:09.445673+00:00,2026-09-29T09:51:09.445673+01:00,2ef1631ed3c54fa2c2d6903629201493,tennis_wta_china_open,WTA China Open,2026-09-30T02:00:00+00:00,2026-09-30T03:00:00+01:00,Mayar Sherif,Polina Kudermetova,betvictor,Bet Victor,2026-09-29T08:46:25Z,h2h,Mayar Sherif,2.4,,0.4166666666666667,0.38461538461538464,0.2
2026-09-29T08:51:09.445673+00:00,2026-09-29T09:51:09.445673+01:00,2ef1631ed3c54fa2c2d6903629201493,tennis_wta_china_open,WTA China Open,2026-09-30T02:00:00+00:00,2026-09-30T03:00:00+01:00,Mayar Sherif,Polina Kudermetova,betvictor,Bet Victor,2026-09-29T08:46:25Z,h2h,Polina Kudermetova,1.5,,0.6666666666666666,0.6153846153846154,0.2
2026-09-29T08:51:09.445673+00:00,2026-09-29T09:51:09.445673+01:00,2ef1631ed3c54fa2c2d6903629201493,tennis_wta_china_open,WTA China Open,2026-09-30T02:00:00+00:00,2026-09-30T03:00:00+01:00,Mayar Sherif,Polina Kudermetova,boylesports,BoyleSports,2026-09-29T08:50:41Z,h2h,Mayar Sherif,2.5,,0.4,0.3796526054590571,0.2
2026-09-29T08:51:09.445673+00:00,2026-09-29T09:51:09.445673+01:00,2ef1631ed3c54fa2c2d6903629201493,tennis_wta_china_open,WTA China Open,2026-09-30T02:00:00+00:00,2026-09-30T03:00:00+01:00,Mayar Sherif,Polina Kudermetova,boylesports,BoyleSports,2026-09-29T08:50:41Z,h2h,Polina Kudermetova,1.53,,0.6535947712418301,0.6203473945409429,0.2
2026-09-29T08:51:09.445673+00:00,2026-09-29T09:51:09.445673+01:00,2ef1631ed3c54fa2c2d6903629201493,tennis_wta_china_open,WTA China Open,2026-09-30T02:00:00+00:00,2026-09-30T03:00:00+01:00,Mayar Sherif,Polina Kudermetova,matchbook,Matchbook,2026-09-29T08:50:57Z,h2h,Mayar Sherif,2.4,,0.4166666666666667,0.38461538461538464,0.2
2026-09-29T08:51:09.445673+00:00,2026-09-29T09:51:09.445673+01:00,2ef1631ed3c54fa2c2d6903629201493,tennis_wta_china_open,WTA China Open,2026-09-30T02:00:00+00:00,2026-09-30T03:00:00+01:00,Mayar Sherif,Polina Kudermetova,matchbook,Matchbook,2026-09-29T08:50:57Z,h2h,Polina Kudermetova,1.5,,0.6666666666666666,0.6153846153846154,0.2
2026-09-29T08:51:09.445673+00:00,2026-09-29T09:51:09.445673+01:00,2ef1631ed3c54fa2c2d6903629201493,tennis_wta_china_open,WTA China Open,2026-09-30T02:00:00+00:00,2026-09-30T03:00:00+01:00,Mayar Sherif,Polina Kudermetova,matchbook,Matchbook,2026-09-29T08:50:57Z,h2h_lay,Mayar Sherif,3.0,,0.3333333333333333,1.0,0.2
2026-09-29T08:51:09.445673+00:00,2026-09-29T09:51:09.445673+01:00,2ef1631ed3c54fa2c2d6903629201493,tennis_wta_china_open,WTA China Open,2026-09-30T02:00:00+00:00,2026-09-30T03:00:00+01:00,Mayar Sherif,Polina Kudermetova,matchbook,Matchbook,2026-09-29T08:50:57Z,h2h_lay,Polina Kudermetova,1.71,,0.5847953216374269,1.0,0.2
2026-09-29T08:51:09.445673+00:00,2026-09-29T09:51:09.445673+01:00,2ef1631ed3c54fa2c2d6903629201493,tennis_wta_china_open,WTA China Open,2026-09-30T02:00:00+00:00,2026-09-30T03:00:00+01:00,Mayar Sherif,Polina Kudermetova,betfair_ex_uk,Betfair,2026-09-29T08:50:40Z,h2h,Mayar Sherif,2.42,,0.4132231404958678,0.3826530612244898,0.2
2026-09-29T08:51:09.445673+00:00,2026-09-29T09:51:09.445673+01:00,2ef1631ed3c54fa2c2d6903629201493,tennis_wta_china_open,WTA China Open,2026-09-30T02:00:00+00:00,2026-09-30T03:00:00+01:00,Mayar Sherif,Polina Kudermetova,betfair_ex_uk,Betfair,2026-09-29T08:50:40Z,h2h,Polina Kudermetova,1.5,,0.6666666666666666,0.6173469387755102,0.2
2026-09-29T08:51:09.445673+00:00,2026-09-29T09:51:09.445673+01:00,2ef1631ed3c54fa2c2d6903629201493,tennis_wta_china_open,WTA China Open,2026-09-30T02:00:00+00:00,2026-09-30T03:00:00+01:00,Mayar Sherif,Polina Kudermetova,betfair_ex_uk,Betfair,2026-09-29T08:50:40Z,h2h_lay,Mayar Sherif,3.0,,0.3333333333333333,1.0,0.2
2026-09-29T08:51:09.445673+00:00,2026-09-29T09:51:09.445673+01:00,2ef1631ed3c54fa2c2d6903629201493,tennis_wta_china_open,WTA China Open,2026-09-30T02:00:00+00:00,2026-09-30T03:00:00+01:00,Mayar Sherif,Polina Kudermetova,betfair_ex_uk,Betfair,2026-09-29T08:50:40Z,h2h_lay,Polina Kudermetova,1.71,,0.5847953216374269,1.0,0.2
2026-09-29T08:51:09.445673+00:00,2026-09-29T09:51:09.445673+01:00,2ef1631ed3c54fa2c2d6903629201493,tennis_wta_china_open,WTA China Open,2026-09-30T02:00:00+00:00,2026-09-30T03:00:00+01:00,Mayar Sherif,Polina Kudermetova,paddypower,Paddy Power,2026-09-29T08:50:12Z,h2h,Mayar Sherif,2.5,,0.4,0.375,0.2
2026-09-29T08:51:09.445673+00:00,2026-09-29T09:51:09.445673+01:00,2ef1631ed3c54fa2c2d6903629201493,tennis_wta_china_open,WTA China Open,2026-09-30T02:00:00+00:00,2026-09-30T03:00:00+01:00,Mayar Sherif,Polina Kudermetova,paddypower,Paddy Power,2026-09-29T08:50:12Z,h2h,Polina Kudermetova,1.5,,0.6666666666666666,0.625,0.2
2026-09-29T08:51:09.445673+00:00,2026-09-29T09:51:09.445673+01:00,2ef1631ed3c54fa2c2d6903629201493,tennis_wta_china_open,WTA China Open,2026-09-30T02:00:00+00:00,2026-09-30T03:00:00+01:00,Mayar Sherif,Polina Kudermetova,unibet_uk,Unibet (UK),2026-09-29T08:50:57Z,h2h,Mayar Sherif,2.5,,0.4,0.37810945273631846,0.2
2026-09-29T08:51:09.445673+00:00,2026-09-29T09:51:09.445673+01:00,2ef1631ed3c54fa2c2d6903629201493,tennis_wta_china_open,WTA China Open,2026-09-30T02:00:00+00:00,2026-09-30T03:00:00+01:00,Mayar Sherif,Polina Kudermetova,unibet_uk,Unibet (UK),2026-09-29T08:50:57Z,h2h,Polina Kudermetova,1.52,,0.6578947368421053,0.6218905472636816,0.2
2026-09-29T08:51:09.445673+00:00,2026-09-29T09:51:09.445673+01:00,2ef1631ed3c54fa2c2d6903629201493,tennis_wta_china_open,WTA China Open,2026-09-30T02:00:00+00:00,2026-09-30T03:00:00+01:00,Mayar Sherif,Polina Kudermetova,betfair_sb_uk,Betfair Sportsbook,2026-09-29T08:50:55Z,h2h,Mayar Sherif,2.5,,0.4,0.3796526054590571,0.2
2026-09-29T08:51:09.445673+00:00,2026-09-29T09:51:09.445673+01:00,2ef1631ed3c54fa2c2d6903629201493,tennis_wta_china_open,WTA China Open,2026-09-30T02:00:00+00:00,2026-09-30T03:00:00+01:00,Mayar Sherif,Polina Kudermetova,betfair_sb_uk,Betfair Sportsbook,2026-09-29T08:50:55Z,h2h,Polina Kudermetova,1.53,,0.6535947712418301,0.6203473945409429,0.2
2026-09-29T08:51:09.445673+00:00,2026-09-29T09:51:09.445673+01:00,2ef1631ed3c54fa2c2d6903629201493,tennis_wta_china_open,WTA China Open,2026-09-30T02:00:00+00:00,2026-09-30T03:00:00+01:00,Mayar Sherif,Polina Kudermetova,leovegas,LeoVegas,2026-09-29T08:50:15Z,h2h,Mayar Sherif,2.45,,0.4081632653061224,0.379746835443038,0.2
2026-09-29T08:51:09.445673+00:00,2026-09-29T09:51:09.445673+01:00,2ef1631ed3c54fa2c2d6903629201493,tennis_wta_china_open,WTA China Open,2026-09-30T02:00:00+00:00,2026-09-30T03:00:00+01:00,Mayar Sherif,Polina Kudermetova,leovegas,LeoVegas,2026-09-29T08:50:15Z,h2h,Polina Kudermetova,1.5,,0.6666666666666666,0.6202531645569621,0.2
2026-09-29T08:51:09.445673+00:00,2026-09-29T09:51:09.445673+01:00,018b47464f16ca78f46bd6e72e2227a2,tennis_wta_china_open,WTA China Open,2026-09-30T02:00:00+00:00,2026-09-30T03:00:00+01:00,Oleksandra Oliynykova,Yue Yuan,grosvenor,Grosvenor,2026-09-29T08:50:40Z,h2h,Oleksandra Oliynykova,2.6,,0.3846153846153846,0.3658536585365854,0.2
2026-09-29T08:51:09.445673+00:00,2026-09-29T09:51:09.445673+01:00,018b47464f16ca78f46bd6e72e2227a2,tennis_wta_china_open,WTA China Open,2026-09-30T02:00:00+00:00,2026-09-30T03:00:00+01:00,Oleksandra Oliynykova,Yue Yuan,grosvenor,Grosvenor,2026-09-29T08:50:40Z,h2h,Yue Yuan,1.5,,0.6666666666666666,0.6341463414634148,0.2
2026-09-29T08:51:09.445673+00:00,2026-09-29T09:51:09.445673+01:00,018b47464f16ca78f46bd6e72e2227a2,tennis_wta_china_open,WTA China Open,2026-09-30T02:00:00+00:00,2026-09-30T03:00:00+01:00,Oleksandra Oliynykova,Yue Yuan,smarkets,Smarkets,2026-09-29T08:50:56Z,h2h,Oleksandra Oliynykova,2.38,,0.42016806722689076,0.38181818181818183,0.2
2026-09-29T08:51:09.445673+00:00,2026-09-29T09:51:09.445673+01:00,018b47464f16ca78f46bd6e72e2227a2,tennis_wta_china_open,WTA China Open,2026-09-30T02:00:00+00:00,2026-09-30T03:00:00+01:00,Oleksandra Oliynykova,Yue Yuan,smarkets,Smarkets,2026-09-29T08:50:56Z,h2h,Yue Yuan,1.47,,0.6802721088435374,0.6181818181818182,0.2
2026-09-29T08:51:09.445673+00:00,2026-09-29T09:51:09.445673+01:00,018b47464f16ca78f46bd6e72e2227a2,tennis_wta_china_open,WTA China Open,2026-09-30T02:00:00+00:00,2026-09-30T03:00:00+01:00,Oleksandra Oliynykova,Yue Yuan,smarkets,Smarkets,2026-09-29T08:50:56Z,h2h_lay,Oleksandra Oliynykova,3.15,,0.31746031746031744,1.0,0.2
2026-09-29T08:51:09.445673+00:00,2026-09-29T09:51:09.445673+01:00,018b47464f16ca78f46bd6e72e2227a2,tennis_wta_china_open,WTA China Open,2026-09-30T02:00:00+00:00,2026-09-30T03:00:00+01:00,Oleksandra Oliynykova,Yue Yuan,smarkets,Smarkets,2026-09-29T08:50:56Z,h2h_lay,Yue Yuan,1.73,,0.5780346820809249,1.0,0.2
2026-09-29T08:51:09.445673+00:00,2026-09-29T09:51:09.445673+01:00,018b47464f16ca78f46bd6e72e2227a2,tennis_wta_china_open,WTA China Open,2026-09-30T02:00:00+00:00,2026-09-30T03:00:00+01:00,Oleksandra Oliynykova,Yue Yuan,ladbrokes_uk,Ladbrokes,2026-09-29T08:50:29Z,h2h,Oleksandra Oliynykova,2.5,,0.4,0.37185929648241206,0.2
2026-09-29T08:51:09.445673+00:00,2026-09-29T09:51:09.445673+01:00,018b47464f16ca78f46bd6e72e2227a2,tennis_wta_china_open,WTA China Open,2026-09-30T02:00:00+00:00,2026-09-30T03:00:00+01:00,Oleksandra Oliynykova,Yue Yuan,ladbrokes_uk,Ladbrokes,2026-09-29T08:50:29Z,h2h,Yue Yuan,1.48,,0.6756756756756757,0.6281407035175879,0.2
2026-09-29T08:51:09.445673+00:00,2026-09-29T09:51:09.445673+01:00,018b47464f16ca78f46bd6e72e2227a2,tennis_wta_china_open,WTA China Open,2026-09-30T02:00:00+00:00,2026-09-30T03:00:00+01:00,Oleksandra Oliynykova,Yue Yuan,virginbet,Virgin Bet,2026-09-29T08:50:41Z,h2h,Oleksandra Oliynykova,2.6,,0.3846153846153846,0.3658536585365854,0.2
2026-09-29T08:51:09.445673+00:00,2026-09-29T09:51:09.445673+01:00,018b47464f16ca78f46bd6e72e2227a2,tennis_wta_china_open,WTA China Open,2026-09-30T02:00:00+00:00,2026-09-30T03:00:00+01:00,Oleksandra Oliynykova,Yue Yuan,virginbet,Virgin Bet,2026-09-29T08:50:41Z,h2h,Yue Yuan,1.5,,0.6666666666666666,0.6341463414634148,0.2
2026-09-29T08:51:09.445673+00:00,2026-09-29T09:51:09.445673+01:00,018b47464f16ca78f46bd6e72e2227a2,tennis_wta_china_open,WTA China Open,2026-09-30T02:00:00+00:00,2026-09-30T03:00:00+01:00,Oleksandra Oliynykova,Yue Yuan,casumo,Casumo,2026-09-29T08:50:41Z,h2h,Oleksandra Oliynykova,2.6,,0.3846153846153846,0.3658536585365854,0.2
2026-09-29T08:51:09.445673+00:00,2026-09-29T09:51:09.445673+01:00,018b47464f16ca78f46bd6e72e2227a2,tennis_wta_china_open,WTA China Open,2026-09-30T02:00:00+00:00,2026-09-30T03:00:00+01:00,Oleksandra Oliynykova,Yue Yuan,casumo,Casumo,2026-09-29T08:50:41Z,h2h,Yue Yuan,1.5,,0.6666666666666666,0.6341463414634148,0.2
2026-09-29T08:51:09.445673+00:00,2026-09-29T09:51:09.445673+01:00,018b47464f16ca78f46bd6e72e2227a2,tennis_wta_china_open,WTA China Open,2026-09-30T02:00:00+00:00,2026-09-30T03:00:00+01:00,Oleksandra Oliynykova,Yue Yuan,livescorebet,LiveScore Bet,2026-09-29T08:50:41Z,h2h,Oleksandra Oliynykova,2.6,,0.3846153846153846,0.3658536585365854,0.2
2026-09-29T08:51:09.445673+00:00,2026-09-29T09:51:09.445673+01:00,018b47464f16ca78f46bd6e72e2227a2,tennis_wta_china_open,WTA China Open,2026-09-30T02:00:00+00:00,2026-09-30T03:00:00+01:00,Oleksandra Oliynykova,Yue Yuan,livescorebet,LiveScore Bet,2026-09-29T08:50:41Z,h2h,Yue Yuan,1.5,,0.6666666666666666,0.6341463414634148,0.2
2026-09-29T08:51:09.445673+00:00,2026-09-29T09:51:09.445673+01:00,018b47464f16ca78f46bd6e72e2227a2,tennis_wta_china_open,WTA China Open,2026-09-30T02:00:00+00:00,2026-09-30T03:00:00+01:00,Oleksandra Oliynykova,Yue Yuan,sport888,888sport,2026-09-29T08:49:59Z,h2h,Oleksandra Oliynykova,2.5,,0.4,0.3796526054590571,0.2
2026-09-29T08:51:09.445673+00:00,2026-09-29T09:51:09.445673+01:00,018b47464f16ca78f46bd6e72e2227a2,tennis_wta_china_open,WTA China Open,2026-09-30T02:00:00+00:00,2026-09-30T03:00:00+01:00,Oleksandra Oliynykova,Yue Yuan,sport888,888sport,2026-09-29T08:49:59Z,h2h,Yue Yuan,1.53,,0.6535947712418301,0.6203473945409429,0.2
2026-09-29T08:51:09.445673+00:00,2026-09-29T09:51:09.445673+01:00,018b47464f16ca78f46bd6e72e2227a2,tennis_wta_china_open,WTA China Open,2026-09-30T02:00:00+00:00,2026-09-30T03:00:00+01:00,Oleksandra Oliynykova,Yue Yuan,coral,Coral,2026-09-29T08:50:14Z,h2h,Oleksandra Oliynykova,2.5,,0.4,0.37185929648241206,0.2
2026-09-29T08:51:09.445673+00:00,2026-09-29T09:51:09.445673+01:00,018b47464f16ca78f46bd6e72e2227a2,tennis_wta_china_open,WTA China Open,2026-09-30T02:00:00+00:00,2026-09-30T03:00:00+01:00,Oleksandra Oliynykova,Yue Yuan,coral,Coral,2026-09-29T08:50:14Z,h2h,Yue Yuan,1.48,,0.6756756756756757,0.6281407035175879,0.2
2026-09-29T08:51:09.445673+00:00,2026-09-29T09:51:09.445673+01:00,018b47464f16ca78f46bd6e72e2227a2,tennis_wta_china_open,WTA China Open,2026-09-30T02:00:00+00:00,2026-09-30T03:00:00+01:00,Oleksandra Oliynykova,Yue Yuan,betway,Betway,2026-09-29T08:50:00Z,h2h,Oleksandra Oliynykova,2.6,,0.3846153846153846,0.3658536585365854,0.2
2026-09-29T08:51:09.445673+00:00,2026-09-29T09:51:09.445673+01:00,018b47464f16ca78f46bd6e72e2227a2,tennis_wta_china_open,WTA China Open,2026-09-30T02:00:00+00:00,2026-09-30T03:00:00+01:00,Oleksandra Oliynykova,Yue Yuan,betway,Betway,2026-09-29T08:50:00Z,h2h,Yue Yuan,1.5,,0.6666666666666666,0.6341463414634148,0.2
2026-09-29T08:51:09.445673+00:00,2026-09-29T09:51:09.445673+01:00,018b47464f16ca78f46bd6e72e2227a2,tennis_wta_china_open,WTA China Open,2026-09-30T02:00:00+00:00,2026-09-30T03:00:00+01:00,Oleksandra Oliynykova,Yue Yuan,betano_uk,Betano (UK),2026-09-29T08:50:52Z,h2h,Oleksandra Oliynykova,2.4,,0.4166666666666667,0.38461538461538464,0.2
2026-09-29T08:51:09.445673+00:00,2026-09-29T09:51:09.445673+01:00,018b47464f16ca78f46bd6e72e2227a2,tennis_wta_china_open,WTA China Open,2026-09-30T02:00:00+00:00,2026-09-30T03:00:00+01:00,Oleksandra Oliynykova,Yue Yuan,betano_uk,Betano (UK),2026-09-29T08:50:52Z,h2h,Yue Yuan,1.5,,0.6666666666666666,0.6153846153846154,0.2
2026-09-29T08:51:09.445673+00:00,2026-09-29T09:51:09.445673+01:00,018b47464f16ca78f46bd6e72e2227a2,tennis_wta_china_open,WTA China Open,2026-09-30T02:00:00+00:00,2026-09-30T03:00:00+01:00,Oleksandra Oliynykova,Yue Yuan,betvictor,Bet Victor,2026-09-29T08:46:25Z,h2h,Oleksandra Oliynykova,2.4,,0.4166666666666667,0.38461538461538464,0.2
2026-09-29T08:51:09.445673+00:00,2026-09-29T09:51:09.445673+01:00,018b47464f16ca78f46bd6e72e2227a2,tennis_wta_china_open,WTA China Open,2026-09-30T02:00:00+00:00,2026-09-30T03:00:00+01:00,Oleksandra Oliynykova,Yue Yuan,betvictor,Bet Victor,2026-09-29T08:46:25Z,h2h,Yue Yuan,1.5,,0.6666666666666666,0.6153846153846154,0.2
2026-09-29T08:51:09.445673+00:00,2026-09-29T09:51:09.445673+01:00,018b47464f16ca78f46bd6e72e2227a2,tennis_wta_china_open,WTA China Open,2026-09-30T02:00:00+00:00,2026-09-30T03:00:00+01:00,Oleksandra Oliynykova,Yue Yuan,boylesports,BoyleSports,2026-09-29T08:50:41Z,h2h,Oleksandra Oliynykova,2.5,,0.4,0.3796526054590571,0.2
2026-09-29T08:51:09.445673+00:00,2026-09-29T09:51:09.445673+01:00,018b47464f16ca78f46bd6e72e2227a2,tennis_wta_china_open,WTA China Open,2026-09-30T02:00:00+00:00,2026-09-30T03:00:00+01:00,Oleksandra Oliynykova,Yue Yuan,boylesports,BoyleSports,2026-09-29T08:50:41Z,h2h,Yue Yuan,1.53,,0.6535947712418301,0.6203473945409429,0.2
2026-09-29T08:51:09.445673+00:00,2026-09-29T09:51:09.445673+01:00,018b47464f16ca78f46bd6e72e2227a2,tennis_wta_china_open,WTA China Open,2026-09-30T02:00:00+00:00,2026-09-30T03:00:00+01:00,Oleksandra Oliynykova,Yue Yuan,matchbook,Matchbook,2026-09-29T08:50:57Z,h2h,Oleksandra Oliynykova,2.4,,0.4166666666666667,0.37984496124031014,0.2
2026-09-29T08:51:09.445673+00:00,2026-09-29T09:51:09.445673+01:00,018b47464f16ca78f46bd6e72e2227a2,tennis_wta_china_open,WTA China Open,2026-09-30T02:00:00+00:00,2026-09-30T03:00:00+01:00,Oleksandra Oliynykova,Yue Yuan,matchbook,Matchbook,2026-09-29T08:50:57Z,h2h,Yue Yuan,1.47,,0.6802721088435374,0.6201550387596899,0.2
2026-09-29T08:51:09.445673+00:00,2026-09-29T09:51:09.445673+01:00,018b47464f16ca78f46bd6e72e2227a2,tennis_wta_china_open,WTA China Open,2026-09-30T02:00:00+00:00,2026-09-30T03:00:00+01:00,Oleksandra Oliynykova,Yue Yuan,matchbook,Matchbook,2026-09-29T08:50:57Z,h2h_lay,Oleksandra Oliynykova,3.1,,0.3225806451612903,1.0,0.2
2026-09-29T08:51:09.445673+00:00,2026-09-29T09:51:09.445673+01:00,018b47464f16ca78f46bd6e72e2227a2,tennis_wta_china_open,WTA China Open,2026-09-30T02:00:00+00:00,2026-09-30T03:00:00+01:00,Oleksandra Oliynykova,Yue Yuan,matchbook,Matchbook,2026-09-29T08:50:57Z,h2h_lay,Yue Yuan,1.72,,0.5813953488372093,1.0,0.2
2026-09-29T08:51:09.445673+00:00,2026-09-29T09:51:09.445673+01:00,018b47464f16ca78f46bd6e72e2227a2,tennis_wta_china_open,WTA China Open,2026-09-30T02:00:00+00:00,2026-09-30T03:00:00+01:00,Oleksandra Oliynykova,Yue Yuan,betfair_ex_uk,Betfair,2026-09-29T08:50:40Z,h2h,Oleksandra Oliynykova,2.18,,0.4587155963302752,0.4155495978552278,0.2
2026-09-29T08:51:09.445673+00:00,2026-09-29T09:51:09.445673+01:00,018b47464f16ca78f46bd6e72e2227a2,tennis_wta_china_open,WTA China Open,2026-09-30T02:00:00+00:00,2026-09-30T03:00:00+01:00,Oleksandra Oliynykova,Yue Yuan,betfair_ex_uk,Betfair,2026-09-29T08:50:40Z,h2h,Yue Yuan,1.55,,0.6451612903225806,0.5844504021447721,0.2
2026-09-29T08:51:09.445673+00:00,2026-09-29T09:51:09.445673+01:00,018b47464f16ca78f46bd6e72e2227a2,tennis_wta_china_open,WTA China Open,2026-09-30T02:00:00+00:00,2026-09-30T03:00:00+01:00,Oleksandra Oliynykova,Yue Yuan,betfair_ex_uk,Betfair,2026-09-29T08:50:40Z,h2h_lay,Oleksandra Oliynykova,2.8,,0.35714285714285715,1.0,0.2
2026-09-29T08:51:09.445673+00:00,2026-09-29T09:51:09.445673+01:00,018b47464f16ca78f46bd6e72e2227a2,tennis_wta_china_open,WTA China Open,2026-09-30T02:00:00+00:00,2026-09-30T03:00:00+01:00,Oleksandra Oliynykova,Yue Yuan,betfair_ex_uk,Betfair,2026-09-29T08:50:40Z,h2h_lay,Yue Yuan,1.84,,0.5434782608695652,1.0,0.2
2026-09-29T08:51:09.445673+00:00,2026-09-29T09:51:09.445673+01:00,018b47464f16ca78f46bd6e72e2227a2,tennis_wta_china_open,WTA China Open,2026-09-30T02:00:00+00:00,2026-09-30T03:00:00+01:00,Oleksandra Oliynykova,Yue Yuan,paddypower,Paddy Power,2026-09-29T08:50:12Z,h2h,Oleksandra Oliynykova,2.6,,0.3846153846153846,0.3658536585365854,0.2
2026-09-29T08:51:09.445673+00:00,2026-09-29T09:51:09.445673+01:00,018b47464f16ca78f46bd6e72e2227a2,tennis_wta_china_open,WTA China Open,2026-09-30T02:00:00+00:00,2026-09-30T03:00:00+01:00,Oleksandra Oliynykova,Yue Yuan,paddypower,Paddy Power,2026-09-29T08:50:12Z,h2h,Yue Yuan,1.5,,0.6666666666666666,0.6341463414634148,0.2
2026-09-29T08:51:09.445673+00:00,2026-09-29T09:51:09.445673+01:00,018b47464f16ca78f46bd6e72e2227a2,tennis_wta_china_open,WTA China Open,2026-09-30T02:00:00+00:00,2026-09-30T03:00:00+01:00,Oleksandra Oliynykova,Yue Yuan,unibet_uk,Unibet (UK),2026-09-29T08:50:57Z,h2h,Oleksandra Oliynykova,2.5,,0.4,0.37810945273631846,0.2
2026-09-29T08:51:09.445673+00:00,2026-09-29T09:51:09.445673+01:00,018b47464f16ca78f46bd6e72e2227a2,tennis_wta_china_open,WTA China Open,2026-09-30T02:00:00+00:00,2026-09-30T03:00:00+01:00,Oleksandra Oliynykova,Yue Yuan,unibet_uk,Unibet (UK),2026-09-29T08:50:57Z,h2h,Yue Yuan,1.52,,0.6578947368421053,0.6218905472636816,0.2
2026-09-29T08:51:09.445673+00:00,2026-09-29T09:51:09.445673+01:00,018b47464f16ca78f46bd6e72e2227a2,tennis_wta_china_open,WTA China Open,2026-09-30T02:00:00+00:00,2026-09-30T03:00:00+01:00,Oleksandra Oliynykova,Yue Yuan,leovegas,LeoVegas,2026-09-29T08:50:15Z,h2h,Oleksandra Oliynykova,2.45,,0.4081632653061224,0.375,0.2
2026-09-29T08:51:09.445673+00:00,2026-09-29T09:51:09.445673+01:00,018b47464f16ca78f46bd6e72e2227a2,tennis_wta_china_open,WTA China Open,2026-09-30T02:00:00+00:00,2026-09-30T03:00:00+01:00,Oleksandra Oliynykova,Yue Yuan,leovegas,LeoVegas,2026-09-29T08:50:15Z,h2h,Yue Yuan,1.47,,0.6802721088435374,0.625,0.2
2026-09-29T08:51:09.445673+00:00,2026-09-29T09:51:09.445673+01:00,018b47464f16ca78f46bd6e72e2227a2,tennis_wta_china_open,WTA China Open,2026-09-30T02:00:00+00:00,2026-09-30T03:00:00+01:00,Oleksandra Oliynykova,Yue Yuan,betfair_sb_uk,Betfair Sportsbook,2026-09-29T08:50:55Z,h2h,Oleksandra Oliynykova,2.5,,0.4,0.3796526054590571,0.2
2026-09-29T08:51:09.445673+00:00,2026-09-29T09:51:09.445673+01:00,018b47464f16ca78f46bd6e72e2227a2,tennis_wta_china_open,WTA China Open,2026-09-30T02:00:00+00:00,2026-09-30T03:00:00+01:00,Oleksandra Oliynykova,Yue Yuan,betfair_sb_uk,Betfair Sportsbook,2026-09-29T08:50:55Z,h2h,Yue Yuan,1.53,,0.6535947712418301,0.6203473945409429,0.2
2026-09-29T08:51:09.445673+00:00,2026-09-29T09:51:09.445673+01:00,9d98e83d4b96d041dcae01896cf15d92,tennis_wta_china_open,WTA China Open,2026-09-30T02:00:00+00:00,2026-09-30T03:00:00+01:00,Xinyu Gao,Panna Udvardy,betano_uk,Betano (UK),2026-09-29T08:50:52Z,h2h,Panna Udvardy,1.45,,0.6896551724137931,0.6329113924050633,0.2
2026-09-29T08:51:09.445673+00:00,2026-09-29T09:51:09.445673+01:00,9d98e83d4b96d041dcae01896cf15d92,tennis_wta_china_open,WTA China Open,2026-09-30T02:00:00+00:00,2026-09-30T03:00:00+01:00,Xinyu Gao,Panna Udvardy,betano_uk,Betano (UK),2026-09-29T08:50:52Z,h2h,Xinyu Gao,2.5,,0.4,0.3670886075949367,0.2
2026-09-29T08:51:09.445673+00:00,2026-09-29T09:51:09.445673+01:00,9d98e83d4b96d041dcae01896cf15d92,tennis_wta_china_open,WTA China Open,2026-09-30T02:00:00+00:00,2026-09-30T03:00:00+01:00,Xinyu Gao,Panna Udvardy,smarkets,Smarkets,2026-09-29T08:50:56Z,h2h,Panna Udvardy,1.43,,0.6993006993006994,0.6323907455012854,0.2
2026-09-29T08:51:09.445673+00:00,2026-09-29T09:51:09.445673+01:00,9d98e83d4b96d041dcae01896cf15d92,tennis_wta_china_open,WTA China Open,2026-09-30T02:00:00+00:00,2026-09-30T03:00:00+01:00,Xinyu Gao,Panna Udvardy,smarkets,Smarkets,2026-09-29T08:50:56Z,h2h,Xinyu Gao,2.46,,0.4065040650406504,0.3676092544987146,0.2
2026-09-29T08:51:09.445673+00:00,2026-09-29T09:51:09.445673+01:00,9d98e83d4b96d041dcae01896cf15d92,tennis_wta_china_open,WTA China Open,2026-09-30T02:00:00+00:00,2026-09-30T03:00:00+01:00,Xinyu Gao,Panna Udvardy,smarkets,Smarkets,2026-09-29T08:50:56Z,h2h_lay,Panna Udvardy,1.69,,0.591715976331361,1.0,0.2
2026-09-29T08:51:09.445673+00:00,2026-09-29T09:51:09.445673+01:00,9d98e83d4b96d041dcae01896cf15d92,tennis_wta_china_open,WTA China Open,2026-09-30T02:00:00+00:00,2026-09-30T03:00:00+01:00,Xinyu Gao,Panna Udvardy,smarkets,Smarkets,2026-09-29T08:50:56Z,h2h_lay,Xinyu Gao,3.3,,0.30303030303030304,1.0,0.2
2026-09-29T08:51:09.445673+00:00,2026-09-29T09:51:09.445673+01:00,9d98e83d4b96d041dcae01896cf15d92,tennis_wta_china_open,WTA China Open,2026-09-30T02:00:00+00:00,2026-09-30T03:00:00+01:00,Xinyu Gao,Panna Udvardy,ladbrokes_uk,Ladbrokes,2026-09-29T08:50:29Z,h2h,Panna Udvardy,1.48,,0.6756756756756757,0.6281407035175879,0.2
2026-09-29T08:51:09.445673+00:00,2026-09-29T09:51:09.445673+01:00,9d98e83d4b96d041dcae01896cf15d92,tennis_wta_china_open,WTA China Open,2026-09-30T02:00:00+00:00,2026-09-30T03:00:00+01:00,Xinyu Gao,Panna Udvardy,ladbrokes_uk,Ladbrokes,2026-09-29T08:50:29Z,h2h,Xinyu Gao,2.5,,0.4,0.37185929648241206,0.2
2026-09-29T08:51:09.445673+00:00,2026-09-29T09:51:09.445673+01:00,9d98e83d4b96d041dcae01896cf15d92,tennis_wta_china_open,WTA China Open,2026-09-30T02:00:00+00:00,2026-09-30T03:00:00+01:00,Xinyu Gao,Panna Udvardy,virginbet,Virgin Bet,2026-09-29T08:50:41Z,h2h,Panna Udvardy,1.58,,0.6329113924050632,0.5979643765903307,0.2
2026-09-29T08:51:09.445673+00:00,2026-09-29T09:51:09.445673+01:00,9d98e83d4b96d041dcae01896cf15d92,tennis_wta_china_open,WTA China Open,2026-09-30T02:00:00+00:00,2026-09-30T03:00:00+01:00,Xinyu Gao,Panna Udvardy,virginbet,Virgin Bet,2026-09-29T08:50:41Z,h2h,Xinyu Gao,2.35,,0.425531914893617,0.4020356234096692,0.2
2026-09-29T08:51:09.445673+00:00,2026-09-29T09:51:09.445673+01:00,9d98e83d4b96d041dcae01896cf15d92,tennis_wta_china_open,WTA China Open,2026-09-30T02:00:00+00:00,2026-09-30T03:00:00+01:00,Xinyu Gao,Panna Udvardy,casumo,Casumo,2026-09-29T08:50:41Z,h2h,Panna Udvardy,1.57,,0.6369426751592356,0.5994897959183673,0.2
2026-09-29T08:51:09.445673+00:00,2026-09-29T09:51:09.445673+01:00,9d98e83d4b96d041dcae01896cf15d92,tennis_wta_china_open,WTA China Open,2026-09-30T02:00:00+00:00,2026-09-30T03:00:00+01:00,Xinyu Gao,Panna Udvardy,casumo,Casumo,2026-09-29T08:50:41Z,h2h,Xinyu Gao,2.35,,0.425531914893617,0.4005102040816326,0.2
2026-09-29T08:51:09.445673+00:00,2026-09-29T09:51:09.445673+01:00,9d98e83d4b96d041dcae01896cf15d92,tennis_wta_china_open,WTA China Open,2026-09-30T02:00:00+00:00,2026-09-30T03:00:00+01:00,Xinyu Gao,Panna Udvardy,betway,Betway,2026-09-29T08:50:00Z,h2h,Panna Udvardy,1.5,,0.6666666666666666,0.6341463414634148,0.2
2026-09-29T08:51:09.445673+00:00,2026-09-29T09:51:09.445673+01:00,9d98e83d4b96d041dcae01896cf15d92,tennis_wta_china_open,WTA China Open,2026-09-30T02:00:00+00:00,2026-09-30T03:00:00+01:00,Xinyu Gao,Panna Udvardy,betway,Betway,2026-09-29T08:50:00Z,h2h,Xinyu Gao,2.6,,0.3846153846153846,0.3658536585365854,0.2
2026-09-29T08:51:09.445673+00:00,2026-09-29T09:51:09.445673+01:00,9d98e83d4b96d041dcae01896cf15d92,tennis_wta_china_open,WTA China Open,2026-09-30T02:00:00+00:00,2026-09-30T03:00:00+01:00,Xinyu Gao,Panna Udvardy,sport888,888sport,2026-09-29T08:49:59Z,h2h,Panna Udvardy,1.44,,0.6944444444444444,0.6563245823389022,0.2
2026-09-29T08:51:09.445673+00:00,2026-09-29T09:51:09.445673+01:00,9d98e83d4b96d041dcae01896cf15d92,tennis_wta_china_open,WTA China Open,2026-09-30T02:00:00+00:00,2026-09-30T03:00:00+01:00,Xinyu Gao,Panna Udvardy,sport888,888sport,2026-09-29T08:49:59Z,h2h,Xinyu Gao,2.75,,0.36363636363636365,0.3436754176610979,0.2
2026-09-29T08:51:09.445673+00:00,2026-09-29T09:51:09.445673+01:00,9d98e83d4b96d041dcae01896cf15d92,tennis_wta_china_open,WTA China Open,2026-09-30T02:00:00+00:00,2026-09-30T03:00:00+01:00,Xinyu Gao,Panna Udvardy,livescorebet,LiveScore Bet,2026-09-29T08:50:41Z,h2h,Panna Udvardy,1.58,,0.6329113924050632,0.5979643765903307,0.2
2026-09-29T08:51:09.445673+00:00,2026-09-29T09:51:09.445673+01:00,9d98e83d4b96d041dcae01896cf15d92,tennis_wta_china_open,WTA China Open,2026-09-30T02:00:00+00:00,2026-09-30T03:00:00+01:00,Xinyu Gao,Panna Udvardy,livescorebet,LiveScore Bet,2026-09-29T08:50:41Z,h2h,Xinyu Gao,2.35,,0.425531914893617,0.4020356234096692,0.2
2026-09-29T08:51:09.445673+00:00,2026-09-29T09:51:09.445673+01:00,9d98e83d4b96d041dcae01896cf15d92,tennis_wta_china_open,WTA China Open,2026-09-30T02:00:00+00:00,2026-09-30T03:00:00+01:00,Xinyu Gao,Panna Udvardy,grosvenor,Grosvenor,2026-09-29T08:50:40Z,h2h,Panna Udvardy,1.57,,0.6369426751592356,0.5994897959183673,0.2
2026-09-29T08:51:09.445673+00:00,2026-09-29T09:51:09.445673+01:00,9d98e83d4b96d041dcae01896cf15d92,tennis_wta_china_open,WTA China Open,2026-09-30T02:00:00+00:00,2026-09-30T03:00:00+01:00,Xinyu Gao,Panna Udvardy,grosvenor,Grosvenor,2026-09-29T08:50:40Z,h2h,Xinyu Gao,2.35,,0.425531914893617,0.4005102040816326,0.2
2026-09-29T08:51:09.445673+00:00,2026-09-29T09:51:09.445673+01:00,9d98e83d4b96d041dcae01896cf15d92,tennis_wta_china_open,WTA China Open,2026-09-30T02:00:00+00:00,2026-09-30T03:00:00+01:00,Xinyu Gao,Panna Udvardy,betvictor,Bet Victor,2026-09-29T08:46:25Z,h2h,Panna Udvardy,1.45,,0.6896551724137931,0.6329113924050633,0.2
2026-09-29T08:51:09.445673+00:00,2026-09-29T09:51:09.445673+01:00,9d98e83d4b96d041dcae01896cf15d92,tennis_wta_china_open,WTA China Open,2026-09-30T02:00:00+00:00,2026-09-30T03:00:00+01:00,Xinyu Gao,Panna Udvardy,betvictor,Bet Victor,2026-09-29T08:46:25Z,h2h,Xinyu Gao,2.5,,0.4,0.3670886075949367,0.2
2026-09-29T08:51:09.445673+00:00,2026-09-29T09:51:09.445673+01:00,9d98e83d4b96d041dcae01896cf15d92,tennis_wta_china_open,WTA China Open,2026-09-30T02:00:00+00:00,2026-09-30T03:00:00+01:00,Xinyu Gao,Panna Udvardy,boylesports,BoyleSports,2026-09-29T08:50:41Z,h2h,Panna Udvardy,1.5,,0.6666666666666666,0.6359223300970874,0.2
2026-09-29T08:51:09.445673+00:00,2026-09-29T09:51:09.445673+01:00,9d98e83d4b96d041dcae01896cf15d92,tennis_wta_china_open,WTA China Open,2026-09-30T02:00:00+00:00,2026-09-30T03:00:00+01:00,Xinyu Gao,Panna Udvardy,boylesports,BoyleSports,2026-09-29T08:50:41Z,h2h,Xinyu Gao,2.62,,0.38167938931297707,0.3640776699029127,0.2
2026-09-29T08:51:09.445673+00:00,2026-09-29T09:51:09.445673+01:00,9d98e83d4b96d041dcae01896cf15d92,tennis_wta_china_open,WTA China Open,2026-09-30T02:00:00+00:00,2026-09-30T03:00:00+01:00,Xinyu Gao,Panna Udvardy,matchbook,Matchbook,2026-09-29T08:50:57Z,h2h,Panna Udvardy,1.45,,0.6896551724137931,0.6174142480211082,0.2
2026-09-29T08:51:09.445673+00:00,2026-09-29T09:51:09.445673+01:00,9d98e83d4b96d041dcae01896cf15d92,tennis_wta_china_open,WTA China Open,2026-09-30T02:00:00+00:00,2026-09-30T03:00:00+01:00,Xinyu Gao,Panna Udvardy,matchbook,Matchbook,2026-09-29T08:50:57Z,h2h,Xinyu Gao,2.34,,0.4273504273504274,0.38258575197889183,0.2
2026-09-29T08:51:09.445673+00:00,2026-09-29T09:51:09.445673+01:00,9d98e83d4b96d041dcae01896cf15d92,tennis_wta_china_open,WTA China Open,2026-09-30T02:00:00+00:00,2026-09-30T03:00:00+01:00,Xinyu Gao,Panna Udvardy,matchbook,Matchbook,2026-09-29T08:50:57Z,h2h_lay,Panna Udvardy,1.75,,0.5714285714285714,1.0,0.2
2026-09-29T08:51:09.445673+00:00,2026-09-29T09:51:09.445673+01:00,9d98e83d4b96d041dcae01896cf15d92,tennis_wta_china_open,WTA China Open,2026-09-30T02:00:00+00:00,2026-09-30T03:00:00+01:00,Xinyu Gao,Panna Udvardy,matchbook,Matchbook,2026-09-29T08:50:57Z,h2h_lay,Xinyu Gao,3.2,,0.3125,1.0,0.2
2026-09-29T08:51:09.445673+00:00,2026-09-29T09:51:09.445673+01:00,9d98e83d4b96d041dcae01896cf15d92,tennis_wta_china_open,WTA China Open,2026-09-30T02:00:00+00:00,2026-09-30T03:00:00+01:00,Xinyu Gao,Panna Udvardy,betfair_ex_uk,Betfair,2026-09-29T08:50:40Z,h2h,Panna Udvardy,1.53,,0.6535947712418301,0.6005221932114883,0.2
2026-09-29T08:51:09.445673+00:00,2026-09-29T09:51:09.445673+01:00,9d98e83d4b96d041dcae01896cf15d92,tennis_wta_china_open,WTA China Open,2026-09-30T02:00:00+00:00,2026-09-30T03:00:00+01:00,Xinyu Gao,Panna Udvardy,betfair_ex_uk,Betfair,2026-09-29T08:50:40Z,h2h,Xinyu Gao,2.3,,0.4347826086956522,0.39947780678851175,0.2
2026-09-29T08:51:09.445673+00:00,2026-09-29T09:51:09.445673+01:00,9d98e83d4b96d041dcae01896cf15d92,tennis_wta_china_open,WTA China Open,2026-09-30T02:00:00+00:00,2026-09-30T03:00:00+01:00,Xinyu Gao,Panna Udvardy,betfair_ex_uk,Betfair,2026-09-29T08:50:40Z,h2h_lay,Panna Udvardy,1.77,,0.5649717514124294,1.0,0.2
2026-09-29T08:51:09.445673+00:00,2026-09-29T09:51:09.445673+01:00,9d98e83d4b96d041dcae01896cf15d92,tennis_wta_china_open,WTA China Open,2026-09-30T02:00:00+00:00,2026-09-30T03:00:00+01:00,Xinyu Gao,Panna Udvardy,betfair_ex_uk,Betfair,2026-09-29T08:50:40Z,h2h_lay,Xinyu Gao,2.88,,0.3472222222222222,1.0,0.2
2026-09-29T08:51:09.445673+00:00,2026-09-29T09:51:09.445673+01:00,9d98e83d4b96d041dcae01896cf15d92,tennis_wta_china_open,WTA China Open,2026-09-30T02:00:00+00:00,2026-09-30T03:00:00+01:00,Xinyu Gao,Panna Udvardy,paddypower,Paddy Power,2026-09-29T08:50:12Z,h2h,Panna Udvardy,1.44,,0.6944444444444444,0.645320197044335,0.2
2026-09-29T08:51:09.445673+00:00,2026-09-29T09:51:09.445673+01:00,9d98e83d4b96d041dcae01896cf15d92,tennis_wta_china_open,WTA China Open,2026-09-30T02:00:00+00:00,2026-09-30T03:00:00+01:00,Xinyu Gao,Panna Udvardy,paddypower,Paddy Power,2026-09-29T08:50:12Z,h2h,Xinyu Gao,2.62,,0.38167938931297707,0.35467980295566504,0.2
2026-09-29T08:51:09.445673+00:00,2026-09-29T09:51:09.445673+01:00,9d98e83d4b96d041dcae01896cf15d92,tennis_wta_china_open,WTA China Open,2026-09-30T02:00:00+00:00,2026-09-30T03:00:00+01:00,Xinyu Gao,Panna Udvardy,unibet_uk,Unibet (UK),2026-09-29T08:50:57Z,h2h,Panna Udvardy,1.48,,0.6756756756756757,0.6372549019607844,0.2
2026-09-29T08:51:09.445673+00:00,2026-09-29T09:51:09.445673+01:00,9d98e83d4b96d041dcae01896cf15d92,tennis_wta_china_open,WTA China Open,2026-09-30T02:00:00+00:00,2026-09-30T03:00:00+01:00,Xinyu Gao,Panna Udvardy,unibet_uk,Unibet (UK),2026-09-29T08:50:57Z,h2h,Xinyu Gao,2.6,,0.3846153846153846,0.3627450980392157,0.2
2026-09-29T08:51:09.445673+00:00,2026-09-29T09:51:09.445673+01:00,9d98e83d4b96d041dcae01896cf15d92,tennis_wta_china_open,WTA China Open,2026-09-30T02:00:00+00:00,2026-09-30T03:00:00+01:00,Xinyu Gao,Panna Udvardy,leovegas,LeoVegas,2026-09-29T08:50:15Z,h2h,Panna Udvardy,1.45,,0.6896551724137931,0.6375000000000001,0.2
2026-09-29T08:51:09.445673+00:00,2026-09-29T09:51:09.445673+01:00,9d98e83d4b96d041dcae01896cf15d92,tennis_wta_china_open,WTA China Open,2026-09-30T02:00:00+00:00,2026-09-30T03:00:00+01:00,Xinyu Gao,Panna Udvardy,leovegas,LeoVegas,2026-09-29T08:50:15Z,h2h,Xinyu Gao,2.55,,0.3921568627450981,0.36250000000000004,0.2
2026-09-29T08:51:09.445673+00:00,2026-09-29T09:51:09.445673+01:00,0a5724597a812c45faf15e4bb13f4f0e,tennis_wta_china_open,WTA China Open,2026-09-30T02:00:00+00:00,2026-09-30T03:00:00+01:00,Taylah Preston,Tamara Korpatsch,grosvenor,Grosvenor,2026-09-29T08:50:40Z,h2h,Tamara Korpatsch,2.65,,0.37735849056603776,0.3567961165048544,0.2
2026-09-29T08:51:09.445673+00:00,2026-09-29T09:51:09.445673+01:00,0a5724597a812c45faf15e4bb13f4f0e,tennis_wta_china_open,WTA China Open,2026-09-30T02:00:00+00:00,2026-09-30T03:00:00+01:00,Taylah Preston,Tamara Korpatsch,grosvenor,Grosvenor,2026-09-29T08:50:40Z,h2h,Taylah Preston,1.47,,0.6802721088435374,0.6432038834951456,0.2
2026-09-29T08:51:09.445673+00:00,2026-09-29T09:51:09.445673+01:00,0a5724597a812c45faf15e4bb13f4f0e,tennis_wta_china_open,WTA China Open,2026-09-30T02:00:00+00:00,2026-09-30T03:00:00+01:00,Taylah Preston,Tamara Korpatsch,smarkets,Smarkets,2026-09-29T08:50:56Z,h2h,Tamara Korpatsch,2.68,,0.3731343283582089,0.34951456310679613,0.2
2026-09-29T08:51:09.445673+00:00,2026-09-29T09:51:09.445673+01:00,0a5724597a812c45faf15e4bb13f4f0e,tennis_wta_china_open,WTA China Open,2026-09-30T02:00:00+00:00,2026-09-30T03:00:00+01:00,Taylah Preston,Tamara Korpatsch,smarkets,Smarkets,2026-09-29T08:50:56Z,h2h,Taylah Preston,1.44,,0.6944444444444444,0.6504854368932039,0.2
2026-09-29T08:51:09.445673+00:00,2026-09-29T09:51:09.445673+01:00,0a5724597a812c45faf15e4bb13f4f0e,tennis_wta_china_open,WTA China Open,2026-09-30T02:00:00+00:00,2026-09-30T03:00:00+01:00,Taylah Preston,Tamara Korpatsch,smarkets,Smarkets,2026-09-29T08:50:56Z,h2h_lay,Tamara Korpatsch,3.3,,0.30303030303030304,1.0,0.2
2026-09-29T08:51:09.445673+00:00,2026-09-29T09:51:09.445673+01:00,0a5724597a812c45faf15e4bb13f4f0e,tennis_wta_china_open,WTA China Open,2026-09-30T02:00:00+00:00,2026-09-30T03:00:00+01:00,Taylah Preston,Tamara Korpatsch,smarkets,Smarkets,2026-09-29T08:50:56Z,h2h_lay,Taylah Preston,1.59,,0.6289308176100629,1.0,0.2
2026-09-29T08:51:09.445673+00:00,2026-09-29T09:51:09.445673+01:00,0a5724597a812c45faf15e4bb13f4f0e,tennis_wta_china_open,WTA China Open,2026-09-30T02:00:00+00:00,2026-09-30T03:00:00+01:00,Taylah Preston,Tamara Korpatsch,ladbrokes_uk,Ladbrokes,2026-09-29T08:50:29Z,h2h,Tamara Korpatsch,2.75,,0.36363636363636365,0.3373493975903614,0.2
2026-09-29T08:51:09.445673+00:00,2026-09-29T09:51:09.445673+01:00,0a5724597a812c45faf15e4bb13f4f0e,tennis_wta_china_open,WTA China Open,2026-09-30T02:00:00+00:00,2026-09-30T03:00:00+01:00,Taylah Preston,Tamara Korpatsch,ladbrokes_uk,Ladbrokes,2026-09-29T08:50:29Z,h2h,Taylah Preston,1.4,,0.7142857142857143,0.6626506024096386,0.2
2026-09-29T08:51:09.445673+00:00,2026-09-29T09:51:09.445673+01:00,0a5724597a812c45faf15e4bb13f4f0e,tennis_wta_china_open,WTA China Open,2026-09-30T02:00:00+00:00,2026-09-30T03:00:00+01:00,Taylah Preston,Tamara Korpatsch,virginbet,Virgin Bet,2026-09-29T08:50:41Z,h2h,Tamara Korpatsch,2.65,,0.37735849056603776,0.3567961165048544,0.2
2026-09-29T08:51:09.445673+00:00,2026-09-29T09:51:09.445673+01:00,0a5724597a812c45faf15e4bb13f4f0e,tennis_wta_china_open,WTA China Open,2026-09-30T02:00:00+00:00,2026-09-30T03:00:00+01:00,Taylah Preston,Tamara Korpatsch,virginbet,Virgin Bet,2026-09-29T08:50:41Z,h2h,Taylah Preston,1.47,,0.6802721088435374,0.6432038834951456,0.2
2026-09-29T08:51:09.445673+00:00,2026-09-29T09:51:09.445673+01:00,0a5724597a812c45faf15e4bb13f4f0e,tennis_wta_china_open,WTA China Open,2026-09-30T02:00:00+00:00,2026-09-30T03:00:00+01:00,Taylah Preston,Tamara Korpatsch,casumo,Casumo,2026-09-29T08:50:41Z,h2h,Tamara Korpatsch,2.65,,0.37735849056603776,0.3567961165048544,0.2
2026-09-29T08:51:09.445673+00:00,2026-09-29T09:51:09.445673+01:00,0a5724597a812c45faf15e4bb13f4f0e,tennis_wta_china_open,WTA China Open,2026-09-30T02:00:00+00:00,2026-09-30T03:00:00+01:00,Taylah Preston,Tamara Korpatsch,casumo,Casumo,2026-09-29T08:50:41Z,h2h,Taylah Preston,1.47,,0.6802721088435374,0.6432038834951456,0.2
2026-09-29T08:51:09.445673+00:00,2026-09-29T09:51:09.445673+01:00,0a5724597a812c45faf15e4bb13f4f0e,tennis_wta_china_open,WTA China Open,2026-09-30T02:00:00+00:00,2026-09-30T03:00:00+01:00,Taylah Preston,Tamara Korpatsch,betway,Betway,2026-09-29T08:50:00Z,h2h,Tamara Korpatsch,2.75,,0.36363636363636365,0.3436754176610979,0.2
2026-09-29T08:51:09.445673+00:00,2026-09-29T09:51:09.445673+01:00,0a5724597a812c45faf15e4bb13f4f0e,tennis_wta_china_open,WTA China Open,2026-09-30T02:00:00+00:00,2026-09-30T03:00:00+01:00,Taylah Preston,Tamara Korpatsch,betway,Betway,2026-09-29T08:50:00Z,h2h,Taylah Preston,1.44,,0.6944444444444444,0.6563245823389022,0.2
2026-09-29T08:51:09.445673+00:00,2026-09-29T09:51:09.445673+01:00,0a5724597a812c45faf15e4bb13f4f0e,tennis_wta_china_open,WTA China Open,2026-09-30T02:00:00+00:00,2026-09-30T03:00:00+01:00,Taylah Preston,Tamara Korpatsch,livescorebet,LiveScore Bet,2026-09-29T08:50:41Z,h2h,Tamara Korpatsch,2.65,,0.37735849056603776,0.3567961165048544,0.2
2026-09-29T08:51:09.445673+00:00,2026-09-29T09:51:09.445673+01:00,0a5724597a812c45faf15e4bb13f4f0e,tennis_wta_china_open,WTA China Open,2026-09-30T02:00:00+00:00,2026-09-30T03:00:00+01:00,Taylah Preston,Tamara Korpatsch,livescorebet,LiveScore Bet,2026-09-29T08:50:41Z,h2h,Taylah Preston,1.47,,0.6802721088435374,0.6432038834951456,0.2
2026-09-29T08:51:09.445673+00:00,2026-09-29T09:51:09.445673+01:00,0a5724597a812c45faf15e4bb13f4f0e,tennis_wta_china_open,WTA China Open,2026-09-30T02:00:00+00:00,2026-09-30T03:00:00+01:00,Taylah Preston,Tamara Korpatsch,sport888,888sport,2026-09-29T08:49:59Z,h2h,Tamara Korpatsch,2.9,,0.3448275862068966,0.32558139534883723,0.2
2026-09-29T08:51:09.445673+00:00,2026-09-29T09:51:09.445673+01:00,0a5724597a812c45faf15e4bb13f4f0e,tennis_wta_china_open,WTA China Open,2026-09-30T02:00:00+00:00,2026-09-30T03:00:00+01:00,Taylah Preston,Tamara Korpatsch,sport888,888sport,2026-09-29T08:49:59Z,h2h,Taylah Preston,1.4,,0.7142857142857143,0.6744186046511629,0.2
2026-09-29T08:51:09.445673+00:00,2026-09-29T09:51:09.445673+01:00,0a5724597a812c45faf15e4bb13f4f0e,tennis_wta_china_open,WTA China Open,2026-09-30T02:00:00+00:00,2026-09-30T03:00:00+01:00,Taylah Preston,Tamara Korpatsch,coral,Coral,2026-09-29T08:50:14Z,h2h,Tamara Korpatsch,2.75,,0.36363636363636365,0.3373493975903614,0.2
2026-09-29T08:51:09.445673+00:00,2026-09-29T09:51:09.445673+01:00,0a5724597a812c45faf15e4bb13f4f0e,tennis_wta_china_open,WTA China Open,2026-09-30T02:00:00+00:00,2026-09-30T03:00:00+01:00,Taylah Preston,Tamara Korpatsch,coral,Coral,2026-09-29T08:50:14Z,h2h,Taylah Preston,1.4,,0.7142857142857143,0.6626506024096386,0.2
2026-09-29T08:51:09.445673+00:00,2026-09-29T09:51:09.445673+01:00,0a5724597a812c45faf15e4bb13f4f0e,tennis_wta_china_open,WTA China Open,2026-09-30T02:00:00+00:00,2026-09-30T03:00:00+01:00,Taylah Preston,Tamara Korpatsch,betano_uk,Betano (UK),2026-09-29T08:50:52Z,h2h,Tamara Korpatsch,2.62,,0.38167938931297707,0.35467980295566504,0.2
2026-09-29T08:51:09.445673+00:00,2026-09-29T09:51:09.445673+01:00,0a5724597a812c45faf15e4bb13f4f0e,tennis_wta_china_open,WTA China Open,2026-09-30T02:00:00+00:00,2026-09-30T03:00:00+01:00,Taylah Preston,Tamara Korpatsch,betano_uk,Betano (UK),2026-09-29T08:50:52Z,h2h,Taylah Preston,1.44,,0.6944444444444444,0.645320197044335,0.2
2026-09-29T08:51:09.445673+00:00,2026-09-29T09:51:09.445673+01:00,0a5724597a812c45faf15e4bb13f4f0e,tennis_wta_china_open,WTA China Open,2026-09-30T02:00:00+00:00,2026-09-30T03:00:00+01:00,Taylah Preston,Tamara Korpatsch,betvictor,Bet Victor,2026-09-29T08:46:25Z,h2h,Tamara Korpatsch,2.62,,0.38167938931297707,0.35467980295566504,0.2
2026-09-29T08:51:09.445673+00:00,2026-09-29T09:51:09.445673+01:00,0a5724597a812c45faf15e4bb13f4f0e,tennis_wta_china_open,WTA China Open,2026-09-30T02:00:00+00:00,2026-09-30T03:00:00+01:00,Taylah Preston,Tamara Korpatsch,betvictor,Bet Victor,2026-09-29T08:46:25Z,h2h,Taylah Preston,1.44,,0.6944444444444444,0.645320197044335,0.2
2026-09-29T08:51:09.445673+00:00,2026-09-29T09:51:09.445673+01:00,0a5724597a812c45faf15e4bb13f4f0e,tennis_wta_china_open,WTA China Open,2026-09-30T02:00:00+00:00,2026-09-30T03:00:00+01:00,Taylah Preston,Tamara Korpatsch,boylesports,BoyleSports,2026-09-29T08:50:41Z,h2h,Tamara Korpatsch,2.75,,0.36363636363636365,0.3436754176610979,0.2
2026-09-29T08:51:09.445673+00:00,2026-09-29T09:51:09.445673+01:00,0a5724597a812c45faf15e4bb13f4f0e,tennis_wta_china_open,WTA China Open,2026-09-30T02:00:00+00:00,2026-09-30T03:00:00+01:00,Taylah Preston,Tamara Korpatsch,boylesports,BoyleSports,2026-09-29T08:50:41Z,h2h,Taylah Preston,1.44,,0.6944444444444444,0.6563245823389022,0.2
2026-09-29T08:51:09.445673+00:00,2026-09-29T09:51:09.445673+01:00,0a5724597a812c45faf15e4bb13f4f0e,tennis_wta_china_open,WTA China Open,2026-09-30T02:00:00+00:00,2026-09-30T03:00:00+01:00,Taylah Preston,Tamara Korpatsch,matchbook,Matchbook,2026-09-29T08:50:57Z,h2h,Tamara Korpatsch,2.88,,0.3472222222222222,0.3454545454545454,0.2
2026-09-29T08:51:09.445673+00:00,2026-09-29T09:51:09.445673+01:00,0a5724597a812c45faf15e4bb13f4f0e,tennis_wta_china_open,WTA China Open,2026-09-30T02:00:00+00:00,2026-09-30T03:00:00+01:00,Taylah Preston,Tamara Korpatsch,matchbook,Matchbook,2026-09-29T08:50:57Z,h2h,Taylah Preston,1.52,,0.6578947368421053,0.6545454545454545,0.2
2026-09-29T08:51:09.445673+00:00,2026-09-29T09:51:09.445673+01:00,0a5724597a812c45faf15e4bb13f4f0e,tennis_wta_china_open,WTA China Open,2026-09-30T02:00:00+00:00,2026-09-30T03:00:00+01:00,Taylah Preston,Tamara Korpatsch,matchbook,Matchbook,2026-09-29T08:50:57Z,h2h_lay,Tamara Korpatsch,2.94,,0.3401360544217687,1.0,0.2
2026-09-29T08:51:09.445673+00:00,2026-09-29T09:51:09.445673+01:00,0a5724597a812c45faf15e4bb13f4f0e,tennis_wta_china_open,WTA China Open,2026-09-30T02:00:00+00:00,2026-09-30T03:00:00+01:00,Taylah Preston,Tamara Korpatsch,matchbook,Matchbook,2026-09-29T08:50:57Z,h2h_lay,Taylah Preston,1.53,,0.6535947712418301,1.0,0.2
2026-09-29T08:51:09.445673+00:00,2026-09-29T09:51:09.445673+01:00,0a5724597a812c45faf15e4bb13f4f0e,tennis_wta_china_open,WTA China Open,2026-09-30T02:00:00+00:00,2026-09-30T03:00:00+01:00,Taylah Preston,Tamara Korpatsch,betfair_ex_uk,Betfair,2026-09-29T08:50:40Z,h2h,Tamara Korpatsch,2.86,,0.3496503496503497,0.34703196347031967,0.2
2026-09-29T08:51:09.445673+00:00,2026-09-29T09:51:09.445673+01:00,0a5724597a812c45faf15e4bb13f4f0e,tennis_wta_china_open,WTA China Open,2026-09-30T02:00:00+00:00,2026-09-30T03:00:00+01:00,Taylah Preston,Tamara Korpatsch,betfair_ex_uk,Betfair,2026-09-29T08:50:40Z,h2h,Taylah Preston,1.52,,0.6578947368421053,0.6529680365296804,0.2
2026-09-29T08:51:09.445673+00:00,2026-09-29T09:51:09.445673+01:00,0a5724597a812c45faf15e4bb13f4f0e,tennis_wta_china_open,WTA China Open,2026-09-30T02:00:00+00:00,2026-09-30T03:00:00+01:00,Taylah Preston,Tamara Korpatsch,betfair_ex_uk,Betfair,2026-09-29T08:50:40Z,h2h_lay,Tamara Korpatsch,2.94,,0.3401360544217687,1.0,0.2
2026-09-29T08:51:09.445673+00:00,2026-09-29T09:51:09.445673+01:00,0a5724597a812c45faf15e4bb13f4f0e,tennis_wta_china_open,WTA China Open,2026-09-30T02:00:00+00:00,2026-09-30T03:00:00+01:00,Taylah Preston,Tamara Korpatsch,betfair_ex_uk,Betfair,2026-09-29T08:50:40Z,h2h_lay,Taylah Preston,1.54,,0.6493506493506493,1.0,0.2
2026-09-29T08:51:09.445673+00:00,2026-09-29T09:51:09.445673+01:00,0a5724597a812c45faf15e4bb13f4f0e,tennis_wta_china_open,WTA China Open,2026-09-30T02:00:00+00:00,2026-09-30T03:00:00+01:00,Taylah Preston,Tamara Korpatsch,paddypower,Paddy Power,2026-09-29T08:50:12Z,h2h,Tamara Korpatsch,2.75,,0.36363636363636365,0.3436754176610979,0.2
2026-09-29T08:51:09.445673+00:00,2026-09-29T09:51:09.445673+01:00,0a5724597a812c45faf15e4bb13f4f0e,tennis_wta_china_open,WTA China Open,2026-09-30T02:00:00+00:00,2026-09-30T03:00:00+01:00,Taylah Preston,Tamara Korpatsch,paddypower,Paddy Power,2026-09-29T08:50:12Z,h2h,Taylah Preston,1.44,,0.6944444444444444,0.6563245823389022,0.2
2026-09-29T08:51:09.445673+00:00,2026-09-29T09:51:09.445673+01:00,0a5724597a812c45faf15e4bb13f4f0e,tennis_wta_china_open,WTA China Open,2026-09-30T02:00:00+00:00,2026-09-30T03:00:00+01:00,Taylah Preston,Tamara Korpatsch,unibet_uk,Unibet (UK),2026-09-29T08:50:57Z,h2h,Tamara Korpatsch,2.8,,0.35714285714285715,0.33649289099526064,0.2
2026-09-29T08:51:09.445673+00:00,2026-09-29T09:51:09.445673+01:00,0a5724597a812c45faf15e4bb13f4f0e,tennis_wta_china_open,WTA China Open,2026-09-30T02:00:00+00:00,2026-09-30T03:00:00+01:00,Taylah Preston,Tamara Korpatsch,unibet_uk,Unibet (UK),2026-09-29T08:50:57Z,h2h,Taylah Preston,1.42,,0.7042253521126761,0.6635071090047394,0.2
2026-09-29T08:51:09.445673+00:00,2026-09-29T09:51:09.445673+01:00,0a5724597a812c45faf15e4bb13f4f0e,tennis_wta_china_open,WTA China Open,2026-09-30T02:00:00+00:00,2026-09-30T03:00:00+01:00,Taylah Preston,Tamara Korpatsch,leovegas,LeoVegas,2026-09-29T08:50:15Z,h2h,Tamara Korpatsch,2.75,,0.36363636363636365,0.3373493975903614,0.2
2026-09-29T08:51:09.445673+00:00,2026-09-29T09:51:09.445673+01:00,0a5724597a812c45faf15e4bb13f4f0e,tennis_wta_china_open,WTA China Open,2026-09-30T02:00:00+00:00,2026-09-30T03:00:00+01:00,Taylah Preston,Tamara Korpatsch,leovegas,LeoVegas,2026-09-29T08:50:15Z,h2h,Taylah Preston,1.4,,0.7142857142857143,0.6626506024096386,0.2
2026-09-29T08:51:09.445673+00:00,2026-09-29T09:51:09.445673+01:00,0a5724597a812c45faf15e4bb13f4f0e,tennis_wta_china_open,WTA China Open,2026-09-30T02:00:00+00:00,2026-09-30T03:00:00+01:00,Taylah Preston,Tamara Korpatsch,betfair_sb_uk,Betfair Sportsbook,2026-09-29T08:50:55Z,h2h,Tamara Korpatsch,2.75,,0.36363636363636365,0.3436754176610979,0.2
2026-09-29T08:51:09.445673+00:00,2026-09-29T09:51:09.445673+01:00,0a5724597a812c45faf15e4bb13f4f0e,tennis_wta_china_open,WTA China Open,2026-09-30T02:00:00+00:00,2026-09-30T03:00:00+01:00,Taylah Preston,Tamara Korpatsch,betfair_sb_uk,Betfair Sportsbook,2026-09-29T08:50:55Z,h2h,Taylah Preston,1.44,,0.6944444444444444,0.6563245823389022,0.2
2026-09-29T08:51:09.445673+00:00,2026-09-29T09:51:09.445673+01:00,856a463c40ce3e6329ca60937a31128b,basketball_euroleague,Basketball Euroleague,2026-09-29T16:00:00+00:00,2026-09-29T17:00:00+01:00,Dubai Basketball,FC Barcelona Bàsquet,unibet_uk,Unibet (UK),2026-09-29T08:50:28Z,h2h,Dubai Basketball,1.3,,0.7692307692307692,0.7291666666666667,0.2
2026-09-29T08:51:09.445673+00:00,2026-09-29T09:51:09.445673+01:00,856a463c40ce3e6329ca60937a31128b,basketball_euroleague,Basketball Euroleague,2026-09-29T16:00:00+00:00,2026-09-29T17:00:00+01:00,Dubai Basketball,FC Barcelona Bàsquet,unibet_uk,Unibet (UK),2026-09-29T08:50:28Z,h2h,FC Barcelona Bàsquet,3.5,,0.2857142857142857,0.27083333333333337,0.2
2026-09-29T08:51:09.445673+00:00,2026-09-29T09:51:09.445673+01:00,856a463c40ce3e6329ca60937a31128b,basketball_euroleague,Basketball Euroleague,2026-09-29T16:00:00+00:00,2026-09-29T17:00:00+01:00,Dubai Basketball,FC Barcelona Bàsquet,boylesports,BoyleSports,2026-09-29T08:50:40Z,h2h,Dubai Basketball,1.3,,0.7692307692307692,0.7234042553191489,0.2
2026-09-29T08:51:09.445673+00:00,2026-09-29T09:51:09.445673+01:00,856a463c40ce3e6329ca60937a31128b,basketball_euroleague,Basketball Euroleague,2026-09-29T16:00:00+00:00,2026-09-29T17:00:00+01:00,Dubai Basketball,FC Barcelona Bàsquet,boylesports,BoyleSports,2026-09-29T08:50:40Z,h2h,FC Barcelona Bàsquet,3.4,,0.29411764705882354,0.2765957446808511,0.2
2026-09-29T08:51:09.445673+00:00,2026-09-29T09:51:09.445673+01:00,856a463c40ce3e6329ca60937a31128b,basketball_euroleague,Basketball Euroleague,2026-09-29T16:00:00+00:00,2026-09-29T17:00:00+01:00,Dubai Basketball,FC Barcelona Bàsquet,paddypower,Paddy Power,2026-09-29T08:50:23Z,h2h,Dubai Basketball,1.29,,0.7751937984496123,0.7158590308370044,0.2
2026-09-29T08:51:09.445673+00:00,2026-09-29T09:51:09.445673+01:00,856a463c40ce3e6329ca60937a31128b,basketball_euroleague,Basketball Euroleague,2026-09-29T16:00:00+00:00,2026-09-29T17:00:00+01:00,Dubai Basketball,FC Barcelona Bàsquet,paddypower,Paddy Power,2026-09-29T08:50:23Z,h2h,FC Barcelona Bàsquet,3.25,,0.3076923076923077,0.28414096916299564,0.2
2026-09-29T08:51:09.445673+00:00,2026-09-29T09:51:09.445673+01:00,856a463c40ce3e6329ca60937a31128b,basketball_euroleague,Basketball Euroleague,2026-09-29T16:00:00+00:00,2026-09-29T17:00:00+01:00,Dubai Basketball,FC Barcelona Bàsquet,coral,Coral,2026-09-29T08:50:24Z,h2h,Dubai Basketball,1.25,,0.8,0.7368421052631579,0.2
2026-09-29T08:51:09.445673+00:00,2026-09-29T09:51:09.445673+01:00,856a463c40ce3e6329ca60937a31128b,basketball_euroleague,Basketball Euroleague,2026-09-29T16:00:00+00:00,2026-09-29T17:00:00+01:00,Dubai Basketball,FC Barcelona Bàsquet,coral,Coral,2026-09-29T08:50:24Z,h2h,FC Barcelona Bàsquet,3.5,,0.2857142857142857,0.26315789473684204,0.2
2026-09-29T08:51:09.445673+00:00,2026-09-29T09:51:09.445673+01:00,856a463c40ce3e6329ca60937a31128b,basketball_euroleague,Basketball Euroleague,2026-09-29T16:00:00+00:00,2026-09-29T17:00:00+01:00,Dubai Basketball,FC Barcelona Bàsquet,ladbrokes_uk,Ladbrokes,2026-09-29T08:50:24Z,h2h,Dubai Basketball,1.28,,0.78125,0.7036108998165467,0.2
2026-09-29T08:51:09.445673+00:00,2026-09-29T09:51:09.445673+01:00,856a463c40ce3e6329ca60937a31128b,basketball_euroleague,Basketball Euroleague,2026-09-29T16:00:00+00:00,2026-09-29T17:00:00+01:00,Dubai Basketball,FC Barcelona Bàsquet,ladbrokes_uk,Ladbrokes,2026-09-29T08:50:24Z,h2h,FC Barcelona Bàsquet,3.7,,0.27027027027027023,0.2434113383149134,0.2
2026-09-29T08:51:09.445673+00:00,2026-09-29T09:51:09.445673+01:00,856a463c40ce3e6329ca60937a31128b,basketball_euroleague,Basketball Euroleague,2026-09-29T16:00:00+00:00,2026-09-29T17:00:00+01:00,Dubai Basketball,FC Barcelona Bàsquet,ladbrokes_uk,Ladbrokes,2026-09-29T08:50:24Z,h2h,Draw,17.0,,0.058823529411764705,0.05297776186853998,0.2
2026-09-29T08:51:09.445673+00:00,2026-09-29T09:51:09.445673+01:00,856a463c40ce3e6329ca60937a31128b,basketball_euroleague,Basketball Euroleague,2026-09-29T16:00:00+00:00,2026-09-29T17:00:00+01:00,Dubai Basketball,FC Barcelona Bàsquet,sport888,888sport,2026-09-29T08:50:51Z,h2h,Dubai Basketball,1.3,,0.7692307692307692,0.7291666666666667,0.2
2026-09-29T08:51:09.445673+00:00,2026-09-29T09:51:09.445673+01:00,856a463c40ce3e6329ca60937a31128b,basketball_euroleague,Basketball Euroleague,2026-09-29T16:00:00+00:00,2026-09-29T17:00:00+01:00,Dubai Basketball,FC Barcelona Bàsquet,sport888,888sport,2026-09-29T08:50:51Z,h2h,FC Barcelona Bàsquet,3.5,,0.2857142857142857,0.27083333333333337,0.2
2026-09-29T08:51:09.445673+00:00,2026-09-29T09:51:09.445673+01:00,856a463c40ce3e6329ca60937a31128b,basketball_euroleague,Basketball Euroleague,2026-09-29T16:00:00+00:00,2026-09-29T17:00:00+01:00,Dubai Basketball,FC Barcelona Bàsquet,betfair_ex_uk,Betfair,2026-09-29T08:50:51Z,h2h,Dubai Basketball,1.37,,0.7299270072992701,0.7215447154471544,0.2
2026-09-29T08:51:09.445673+00:00,2026-09-29T09:51:09.445673+01:00,856a463c40ce3e6329ca60937a31128b,basketball_euroleague,Basketball Euroleague,2026-09-29T16:00:00+00:00,2026-09-29T17:00:00+01:00,Dubai Basketball,FC Barcelona Bàsquet,betfair_ex_uk,Betfair,2026-09-29T08:50:51Z,h2h,FC Barcelona Bàsquet,3.55,,0.28169014084507044,0.2784552845528455,0.2
2026-09-29T08:51:09.445673+00:00,2026-09-29T09:51:09.445673+01:00,856a463c40ce3e6329ca60937a31128b,basketball_euroleague,Basketball Euroleague,2026-09-29T16:00:00+00:00,2026-09-29T17:00:00+01:00,Dubai Basketball,FC Barcelona Bàsquet,betfair_ex_uk,Betfair,2026-09-29T08:50:51Z,h2h_lay,Dubai Basketball,1.39,,0.7194244604316548,1.0,0.2
2026-09-29T08:51:09.445673+00:00,2026-09-29T09:51:09.445673+01:00,856a463c40ce3e6329ca60937a31128b,basketball_euroleague,Basketball Euroleague,2026-09-29T16:00:00+00:00,2026-09-29T17:00:00+01:00,Dubai Basketball,FC Barcelona Bàsquet,betfair_ex_uk,Betfair,2026-09-29T08:50:51Z,h2h_lay,FC Barcelona Bàsquet,3.7,,0.27027027027027023,1.0,0.2
2026-09-29T08:51:09.445673+00:00,2026-09-29T09:51:09.445673+01:00,856a463c40ce3e6329ca60937a31128b,basketball_euroleague,Basketball Euroleague,2026-09-29T16:00:00+00:00,2026-09-29T17:00:00+01:00,Dubai Basketball,FC Barcelona Bàsquet,livescorebet,LiveScore Bet,2026-09-29T08:50:38Z,h2h,Dubai Basketball,1.3,,0.7692307692307692,0.7263157894736842,0.2
2026-09-29T08:51:09.445673+00:00,2026-09-29T09:51:09.445673+01:00,856a463c40ce3e6329ca60937a31128b,basketball_euroleague,Basketball Euroleague,2026-09-29T16:00:00+00:00,2026-09-29T17:00:00+01:00,Dubai Basketball,FC Barcelona Bàsquet,livescorebet,LiveScore Bet,2026-09-29T08:50:38Z,h2h,FC Barcelona Bàsquet,3.45,,0.2898550724637681,0.2736842105263158,0.2
2026-09-29T08:51:09.445673+00:00,2026-09-29T09:51:09.445673+01:00,856a463c40ce3e6329ca60937a31128b,basketball_euroleague,Basketball Euroleague,2026-09-29T16:00:00+00:00,2026-09-29T17:00:00+01:00,Dubai Basketball,FC Barcelona Bàsquet,smarkets,Smarkets,2026-09-29T08:50:51Z,h2h,Dubai Basketball,1.35,,0.7407407407407407,0.7216494845360824,0.2
2026-09-29T08:51:09.445673+00:00,2026-09-29T09:51:09.445673+01:00,856a463c40ce3e6329ca60937a31128b,basketball_euroleague,Basketball Euroleague,2026-09-29T16:00:00+00:00,2026-09-29T17:00:00+01:00,Dubai Basketball,FC Barcelona Bàsquet,smarkets,Smarkets,2026-09-29T08:50:51Z,h2h,FC Barcelona Bàsquet,3.5,,0.2857142857142857,0.2783505154639175,0.2
2026-09-29T08:51:09.445673+00:00,2026-09-29T09:51:09.445673+01:00,856a463c40ce3e6329ca60937a31128b,basketball_euroleague,Basketball Euroleague,2026-09-29T16:00:00+00:00,2026-09-29T17:00:00+01:00,Dubai Basketball,FC Barcelona Bàsquet,smarkets,Smarkets,2026-09-29T08:50:51Z,h2h_lay,Dubai Basketball,1.39,,0.7194244604316548,1.0,0.2
2026-09-29T08:51:09.445673+00:00,2026-09-29T09:51:09.445673+01:00,856a463c40ce3e6329ca60937a31128b,basketball_euroleague,Basketball Euroleague,2026-09-29T16:00:00+00:00,2026-09-29T17:00:00+01:00,Dubai Basketball,FC Barcelona Bàsquet,smarkets,Smarkets,2026-09-29T08:50:51Z,h2h_lay,FC Barcelona Bàsquet,3.65,,0.273972602739726,1.0,0.2
2026-09-29T08:51:09.445673+00:00,2026-09-29T09:51:09.445673+01:00,856a463c40ce3e6329ca60937a31128b,basketball_euroleague,Basketball Euroleague,2026-09-29T16:00:00+00:00,2026-09-29T17:00:00+01:00,Dubai Basketball,FC Barcelona Bàsquet,betway,Betway,2026-09-29T08:50:26Z,h2h,Dubai Basketball,1.3,,0.7692307692307692,0.7291666666666667,0.2
2026-09-29T08:51:09.445673+00:00,2026-09-29T09:51:09.445673+01:00,856a463c40ce3e6329ca60937a31128b,basketball_euroleague,Basketball Euroleague,2026-09-29T16:00:00+00:00,2026-09-29T17:00:00+01:00,Dubai Basketball,FC Barcelona Bàsquet,betway,Betway,2026-09-29T08:50:26Z,h2h,FC Barcelona Bàsquet,3.5,,0.2857142857142857,0.27083333333333337,0.2
2026-09-29T08:51:09.445673+00:00,2026-09-29T09:51:09.445673+01:00,856a463c40ce3e6329ca60937a31128b,basketball_euroleague,Basketball Euroleague,2026-09-29T16:00:00+00:00,2026-09-29T17:00:00+01:00,Dubai Basketball,FC Barcelona Bàsquet,matchbook,Matchbook,2026-09-29T08:50:51Z,h2h,Dubai Basketball,1.34,,0.7462686567164178,0.7202505219206681,0.2
2026-09-29T08:51:09.445673+00:00,2026-09-29T09:51:09.445673+01:00,856a463c40ce3e6329ca60937a31128b,basketball_euroleague,Basketball Euroleague,2026-09-29T16:00:00+00:00,2026-09-29T17:00:00+01:00,Dubai Basketball,FC Barcelona Bàsquet,matchbook,Matchbook,2026-09-29T08:50:51Z,h2h,FC Barcelona Bàsquet,3.45,,0.2898550724637681,0.279749478079332,0.2
2026-09-29T08:51:09.445673+00:00,2026-09-29T09:51:09.445673+01:00,856a463c40ce3e6329ca60937a31128b,basketball_euroleague,Basketball Euroleague,2026-09-29T16:00:00+00:00,2026-09-29T17:00:00+01:00,Dubai Basketball,FC Barcelona Bàsquet,matchbook,Matchbook,2026-09-29T08:50:51Z,h2h_lay,Dubai Basketball,1.41,,0.7092198581560284,1.0,0.2
2026-09-29T08:51:09.445673+00:00,2026-09-29T09:51:09.445673+01:00,856a463c40ce3e6329ca60937a31128b,basketball_euroleague,Basketball Euroleague,2026-09-29T16:00:00+00:00,2026-09-29T17:00:00+01:00,Dubai Basketball,FC Barcelona Bàsquet,matchbook,Matchbook,2026-09-29T08:50:51Z,h2h_lay,FC Barcelona Bàsquet,3.9,,0.25641025641025644,1.0,0.2
2026-09-29T08:51:09.445673+00:00,2026-09-29T09:51:09.445673+01:00,670c71e1c104910cc5edf679ee8a65fc,basketball_euroleague,Basketball Euroleague,2026-09-29T17:00:00+00:00,2026-09-29T18:00:00+01:00,Anadolu Efes,Real Madrid,unibet_uk,Unibet (UK),2026-09-29T08:50:28Z,h2h,Anadolu Efes,1.83,,0.5464480874316939,0.5196850393700787,0.2
2026-09-29T08:51:09.445673+00:00,2026-09-29T09:51:09.445673+01:00,670c71e1c104910cc5edf679ee8a65fc,basketball_euroleague,Basketball Euroleague,2026-09-29T17:00:00+00:00,2026-09-29T18:00:00+01:00,Anadolu Efes,Real Madrid,unibet_uk,Unibet (UK),2026-09-29T08:50:28Z,h2h,Real Madrid,1.98,,0.5050505050505051,0.48031496062992135,0.2
2026-09-29T08:51:09.445673+00:00,2026-09-29T09:51:09.445673+01:00,670c71e1c104910cc5edf679ee8a65fc,basketball_euroleague,Basketball Euroleague,2026-09-29T17:00:00+00:00,2026-09-29T18:00:00+01:00,Anadolu Efes,Real Madrid,boylesports,BoyleSports,2026-09-29T08:50:40Z,h2h,Anadolu Efes,1.83,,0.5464480874316939,0.5158730158730157,0.2
2026-09-29T08:51:09.445673+00:00,2026-09-29T09:51:09.445673+01:00,670c71e1c104910cc5edf679ee8a65fc,basketball_euroleague,Basketball Euroleague,2026-09-29T17:00:00+00:00,2026-09-29T18:00:00+01:00,Anadolu Efes,Real Madrid,boylesports,BoyleSports,2026-09-29T08:50:40Z,h2h,Real Madrid,1.95,,0.5128205128205129,0.48412698412698413,0.2
2026-09-29T08:51:09.445673+00:00,2026-09-29T09:51:09.445673+01:00,670c71e1c104910cc5edf679ee8a65fc,basketball_euroleague,Basketball Euroleague,2026-09-29T17:00:00+00:00,2026-09-29T18:00:00+01:00,Anadolu Efes,Real Madrid,paddypower,Paddy Power,2026-09-29T08:50:23Z,h2h,Anadolu Efes,1.73,,0.5780346820809249,0.5361930294906166,0.2
2026-09-29T08:51:09.445673+00:00,2026-09-29T09:51:09.445673+01:00,670c71e1c104910cc5edf679ee8a65fc,basketball_euroleague,Basketball Euroleague,2026-09-29T17:00:00+00:00,2026-09-29T18:00:00+01:00,Anadolu Efes,Real Madrid,paddypower,Paddy Power,2026-09-29T08:50:23Z,h2h,Real Madrid,2.0,,0.5,0.4638069705093834,0.2
2026-09-29T08:51:09.445673+00:00,2026-09-29T09:51:09.445673+01:00,670c71e1c104910cc5edf679ee8a65fc,basketball_euroleague,Basketball Euroleague,2026-09-29T17:00:00+00:00,2026-09-29T18:00:00+01:00,Anadolu Efes,Real Madrid,coral,Coral,2026-09-29T08:50:24Z,h2h,Anadolu Efes,1.73,,0.5780346820809249,0.529891304347826,0.2
2026-09-29T08:51:09.445673+00:00,2026-09-29T09:51:09.445673+01:00,670c71e1c104910cc5edf679ee8a65fc,basketball_euroleague,Basketball Euroleague,2026-09-29T17:00:00+00:00,2026-09-29T18:00:00+01:00,Anadolu Efes,Real Madrid,coral,Coral,2026-09-29T08:50:24Z,h2h,Real Madrid,1.95,,0.5128205128205129,0.47010869565217395,0.2
2026-09-29T08:51:09.445673+00:00,2026-09-29T09:51:09.445673+01:00,670c71e1c104910cc5edf679ee8a65fc,basketball_euroleague,Basketball Euroleague,2026-09-29T17:00:00+00:00,2026-09-29T18:00:00+01:00,Anadolu Efes,Real Madrid,ladbrokes_uk,Ladbrokes,2026-09-29T08:50:24Z,h2h,Anadolu Efes,1.83,,0.5464480874316939,0.4907271684405073,0.2
2026-09-29T08:51:09.445673+00:00,2026-09-29T09:51:09.445673+01:00,670c71e1c104910cc5edf679ee8a65fc,basketball_euroleague,Basketball Euroleague,2026-09-29T17:00:00+00:00,2026-09-29T18:00:00+01:00,Anadolu Efes,Real Madrid,ladbrokes_uk,Ladbrokes,2026-09-29T08:50:24Z,h2h,Real Madrid,2.1,,0.47619047619047616,0.4276336753552992,0.2
2026-09-29T08:51:09.445673+00:00,2026-09-29T09:51:09.445673+01:00,670c71e1c104910cc5edf679ee8a65fc,basketball_euroleague,Basketball Euroleague,2026-09-29T17:00:00+00:00,2026-09-29T18:00:00+01:00,Anadolu Efes,Real Madrid,ladbrokes_uk,Ladbrokes,2026-09-29T08:50:24Z,h2h,Draw,11.0,,0.09090909090909091,0.0816391562041935,0.2
2026-09-29T08:51:09.445673+00:00,2026-09-29T09:51:09.445673+01:00,670c71e1c104910cc5edf679ee8a65fc,basketball_euroleague,Basketball Euroleague,2026-09-29T17:00:00+00:00,2026-09-29T18:00:00+01:00,Anadolu Efes,Real Madrid,sport888,888sport,2026-09-29T08:50:51Z,h2h,Anadolu Efes,1.8,,0.5555555555555556,0.5263157894736842,0.2
2026-09-29T08:51:09.445673+00:00,2026-09-29T09:51:09.445673+01:00,670c71e1c104910cc5edf679ee8a65fc,basketball_euroleague,Basketball Euroleague,2026-09-29T17:00:00+00:00,2026-09-29T18:00:00+01:00,Anadolu Efes,Real Madrid,sport888,888sport,2026-09-29T08:50:51Z,h2h,Real Madrid,2.0,,0.5,0.47368421052631576,0.2
2026-09-29T08:51:09.445673+00:00,2026-09-29T09:51:09.445673+01:00,670c71e1c104910cc5edf679ee8a65fc,basketball_euroleague,Basketball Euroleague,2026-09-29T17:00:00+00:00,2026-09-29T18:00:00+01:00,Anadolu Efes,Real Madrid,betfair_ex_uk,Betfair,2026-09-29T08:50:51Z,h2h,Anadolu Efes,1.94,,0.5154639175257733,0.5101010101010102,0.2
2026-09-29T08:51:09.445673+00:00,2026-09-29T09:51:09.445673+01:00,670c71e1c104910cc5edf679ee8a65fc,basketball_euroleague,Basketball Euroleague,2026-09-29T17:00:00+00:00,2026-09-29T18:00:00+01:00,Anadolu Efes,Real Madrid,betfair_ex_uk,Betfair,2026-09-29T08:50:51Z,h2h,Real Madrid,2.02,,0.49504950495049505,0.48989898989898994,0.2
2026-09-29T08:51:09.445673+00:00,2026-09-29T09:51:09.445673+01:00,670c71e1c104910cc5edf679ee8a65fc,basketball_euroleague,Basketball Euroleague,2026-09-29T17:00:00+00:00,2026-09-29T18:00:00+01:00,Anadolu Efes,Real Madrid,betfair_ex_uk,Betfair,2026-09-29T08:50:51Z,h2h_lay,Anadolu Efes,1.98,,0.5050505050505051,1.0,0.2
2026-09-29T08:51:09.445673+00:00,2026-09-29T09:51:09.445673+01:00,670c71e1c104910cc5edf679ee8a65fc,basketball_euroleague,Basketball Euroleague,2026-09-29T17:00:00+00:00,2026-09-29T18:00:00+01:00,Anadolu Efes,Real Madrid,betfair_ex_uk,Betfair,2026-09-29T08:50:51Z,h2h_lay,Real Madrid,2.06,,0.4854368932038835,1.0,0.2
2026-09-29T08:51:09.445673+00:00,2026-09-29T09:51:09.445673+01:00,670c71e1c104910cc5edf679ee8a65fc,basketball_euroleague,Basketball Euroleague,2026-09-29T17:00:00+00:00,2026-09-29T18:00:00+01:00,Anadolu Efes,Real Madrid,livescorebet,LiveScore Bet,2026-09-29T08:50:38Z,h2h,Anadolu Efes,1.83,,0.5464480874316939,0.5196850393700787,0.2
2026-09-29T08:51:09.445673+00:00,2026-09-29T09:51:09.445673+01:00,670c71e1c104910cc5edf679ee8a65fc,basketball_euroleague,Basketball Euroleague,2026-09-29T17:00:00+00:00,2026-09-29T18:00:00+01:00,Anadolu Efes,Real Madrid,livescorebet,LiveScore Bet,2026-09-29T08:50:38Z,h2h,Real Madrid,1.98,,0.5050505050505051,0.48031496062992135,0.2
2026-09-29T08:51:09.445673+00:00,2026-09-29T09:51:09.445673+01:00,670c71e1c104910cc5edf679ee8a65fc,basketball_euroleague,Basketball Euroleague,2026-09-29T17:00:00+00:00,2026-09-29T18:00:00+01:00,Anadolu Efes,Real Madrid,smarkets,Smarkets,2026-09-29T08:50:51Z,h2h,Anadolu Efes,1.76,,0.5681818181818182,0.5191256830601093,0.2
2026-09-29T08:51:09.445673+00:00,2026-09-29T09:51:09.445673+01:00,670c71e1c104910cc5edf679ee8a65fc,basketball_euroleague,Basketball Euroleague,2026-09-29T17:00:00+00:00,2026-09-29T18:00:00+01:00,Anadolu Efes,Real Madrid,smarkets,Smarkets,2026-09-29T08:50:51Z,h2h,Real Madrid,1.9,,0.5263157894736842,0.4808743169398907,0.2
2026-09-29T08:51:09.445673+00:00,2026-09-29T09:51:09.445673+01:00,670c71e1c104910cc5edf679ee8a65fc,basketball_euroleague,Basketball Euroleague,2026-09-29T17:00:00+00:00,2026-09-29T18:00:00+01:00,Anadolu Efes,Real Madrid,smarkets,Smarkets,2026-09-29T08:50:51Z,h2h_lay,Anadolu Efes,2.1,,0.47619047619047616,1.0,0.2
2026-09-29T08:51:09.445673+00:00,2026-09-29T09:51:09.445673+01:00,670c71e1c104910cc5edf679ee8a65fc,basketball_euroleague,Basketball Euroleague,2026-09-29T17:00:00+00:00,2026-09-29T18:00:00+01:00,Anadolu Efes,Real Madrid,smarkets,Smarkets,2026-09-29T08:50:51Z,h2h_lay,Real Madrid,2.32,,0.4310344827586207,1.0,0.2
2026-09-29T08:51:09.445673+00:00,2026-09-29T09:51:09.445673+01:00,670c71e1c104910cc5edf679ee8a65fc,basketball_euroleague,Basketball Euroleague,2026-09-29T17:00:00+00:00,2026-09-29T18:00:00+01:00,Anadolu Efes,Real Madrid,betway,Betway,2026-09-29T08:50:26Z,h2h,Anadolu Efes,1.85,,0.5405405405405405,0.513157894736842,0.2
2026-09-29T08:51:09.445673+00:00,2026-09-29T09:51:09.445673+01:00,670c71e1c104910cc5edf679ee8a65fc,basketball_euroleague,Basketball Euroleague,2026-09-29T17:00:00+00:00,2026-09-29T18:00:00+01:00,Anadolu Efes,Real Madrid,betway,Betway,2026-09-29T08:50:26Z,h2h,Real Madrid,1.95,,0.5128205128205129,0.48684210526315796,0.2
2026-09-29T08:51:09.445673+00:00,2026-09-29T09:51:09.445673+01:00,670c71e1c104910cc5edf679ee8a65fc,basketball_euroleague,Basketball Euroleague,2026-09-29T17:00:00+00:00,2026-09-29T18:00:00+01:00,Anadolu Efes,Real Madrid,matchbook,Matchbook,2026-09-29T08:50:51Z,h2h,Anadolu Efes,1.88,,0.5319148936170213,0.5116883116883117,0.2
2026-09-29T08:51:09.445673+00:00,2026-09-29T09:51:09.445673+01:00,670c71e1c104910cc5edf679ee8a65fc,basketball_euroleague,Basketball Euroleague,2026-09-29T17:00:00+00:00,2026-09-29T18:00:00+01:00,Anadolu Efes,Real Madrid,matchbook,Matchbook,2026-09-29T08:50:51Z,h2h,Real Madrid,1.97,,0.5076142131979695,0.4883116883116883,0.2
2026-09-29T08:51:09.445673+00:00,2026-09-29T09:51:09.445673+01:00,670c71e1c104910cc5edf679ee8a65fc,basketball_euroleague,Basketball Euroleague,2026-09-29T17:00:00+00:00,2026-09-29T18:00:00+01:00,Anadolu Efes,Real Madrid,matchbook,Matchbook,2026-09-29T08:50:51Z,h2h_lay,Anadolu Efes,2.04,,0.49019607843137253,1.0,0.2
2026-09-29T08:51:09.445673+00:00,2026-09-29T09:51:09.445673+01:00,670c71e1c104910cc5edf679ee8a65fc,basketball_euroleague,Basketball Euroleague,2026-09-29T17:00:00+00:00,2026-09-29T18:00:00+01:00,Anadolu Efes,Real Madrid,matchbook,Matchbook,2026-09-29T08:50:51Z,h2h_lay,Real Madrid,2.14,,0.4672897196261682,1.0,0.2
2026-09-29T08:51:09.445673+00:00,2026-09-29T09:51:09.445673+01:00,f81c0fafff6aa898b2461179c72d4abd,basketball_euroleague,Basketball Euroleague,2026-09-29T17:00:00+00:00,2026-09-29T18:00:00+01:00,Žalgiris,Olympiacos,unibet_uk,Unibet (UK),2026-09-29T08:50:28Z,h2h,Olympiacos,1.65,,0.6060606060606061,0.5769230769230769,0.2
2026-09-29T08:51:09.445673+00:00,2026-09-29T09:51:09.445673+01:00,f81c0fafff6aa898b2461179c72d4abd,basketball_euroleague,Basketball Euroleague,2026-09-29T17:00:00+00:00,2026-09-29T18:00:00+01:00,Žalgiris,Olympiacos,unibet_uk,Unibet (UK),2026-09-29T08:50:28Z,h2h,Žalgiris,2.25,,0.4444444444444444,0.423076923076923,0.2
2026-09-29T08:51:09.445673+00:00,2026-09-29T09:51:09.445673+01:00,f81c0fafff6aa898b2461179c72d4abd,basketball_euroleague,Basketball Euroleague,2026-09-29T17:00:00+00:00,2026-09-29T18:00:00+01:00,Žalgiris,Olympiacos,boylesports,BoyleSports,2026-09-29T08:50:40Z,h2h,Olympiacos,1.62,,0.6172839506172839,0.5813953488372093,0.2
2026-09-29T08:51:09.445673+00:00,2026-09-29T09:51:09.445673+01:00,f81c0fafff6aa898b2461179c72d4abd,basketball_euroleague,Basketball Euroleague,2026-09-29T17:00:00+00:00,2026-09-29T18:00:00+01:00,Žalgiris,Olympiacos,boylesports,BoyleSports,2026-09-29T08:50:40Z,h2h,Žalgiris,2.25,,0.4444444444444444,0.4186046511627907,0.2
2026-09-29T08:51:09.445673+00:00,2026-09-29T09:51:09.445673+01:00,f81c0fafff6aa898b2461179c72d4abd,basketball_euroleague,Basketball Euroleague,2026-09-29T17:00:00+00:00,2026-09-29T18:00:00+01:00,Žalgiris,Olympiacos,paddypower,Paddy Power,2026-09-29T08:50:23Z,h2h,Olympiacos,1.57,,0.6369426751592356,0.5890052356020942,0.2
2026-09-29T08:51:09.445673+00:00,2026-09-29T09:51:09.445673+01:00,f81c0fafff6aa898b2461179c72d4abd,basketball_euroleague,Basketball Euroleague,2026-09-29T17:00:00+00:00,2026-09-29T18:00:00+01:00,Žalgiris,Olympiacos,paddypower,Paddy Power,2026-09-29T08:50:23Z,h2h,Žalgiris,2.25,,0.4444444444444444,0.4109947643979057,0.2
2026-09-29T08:51:09.445673+00:00,2026-09-29T09:51:09.445673+01:00,f81c0fafff6aa898b2461179c72d4abd,basketball_euroleague,Basketball Euroleague,2026-09-29T17:00:00+00:00,2026-09-29T18:00:00+01:00,Žalgiris,Olympiacos,coral,Coral,2026-09-29T08:50:24Z,h2h,Olympiacos,1.6,,0.625,0.5733333333333334,0.2
2026-09-29T08:51:09.445673+00:00,2026-09-29T09:51:09.445673+01:00,f81c0fafff6aa898b2461179c72d4abd,basketball_euroleague,Basketball Euroleague,2026-09-29T17:00:00+00:00,2026-09-29T18:00:00+01:00,Žalgiris,Olympiacos,coral,Coral,2026-09-29T08:50:24Z,h2h,Žalgiris,2.15,,0.46511627906976744,0.4266666666666667,0.2
2026-09-29T08:51:09.445673+00:00,2026-09-29T09:51:09.445673+01:00,f81c0fafff6aa898b2461179c72d4abd,basketball_euroleague,Basketball Euroleague,2026-09-29T17:00:00+00:00,2026-09-29T18:00:00+01:00,Žalgiris,Olympiacos,ladbrokes_uk,Ladbrokes,2026-09-29T08:50:24Z,h2h,Olympiacos,1.7,,0.5882352941176471,0.523532522474881,0.2
2026-09-29T08:51:09.445673+00:00,2026-09-29T09:51:09.445673+01:00,f81c0fafff6aa898b2461179c72d4abd,basketball_euroleague,Basketball Euroleague,2026-09-29T17:00:00+00:00,2026-09-29T18:00:00+01:00,Žalgiris,Olympiacos,ladbrokes_uk,Ladbrokes,2026-09-29T08:50:24Z,h2h,Žalgiris,2.25,,0.4444444444444444,0.3955579058699101,0.2
2026-09-29T08:51:09.445673+00:00,2026-09-29T09:51:09.445673+01:00,f81c0fafff6aa898b2461179c72d4abd,basketball_euroleague,Basketball Euroleague,2026-09-29T17:00:00+00:00,2026-09-29T18:00:00+01:00,Žalgiris,Olympiacos,ladbrokes_uk,Ladbrokes,2026-09-29T08:50:24Z,h2h,Draw,11.0,,0.09090909090909091,0.08090957165520889,0.2
2026-09-29T08:51:09.445673+00:00,2026-09-29T09:51:09.445673+01:00,f81c0fafff6aa898b2461179c72d4abd,basketball_euroleague,Basketball Euroleague,2026-09-29T17:00:00+00:00,2026-09-29T18:00:00+01:00,Žalgiris,Olympiacos,sport888,888sport,2026-09-29T08:50:51Z,h2h,Olympiacos,1.7,,0.5882352941176471,0.5584415584415584,0.2
2026-09-29T08:51:09.445673+00:00,2026-09-29T09:51:09.445673+01:00,f81c0fafff6aa898b2461179c72d4abd,basketball_euroleague,Basketball Euroleague,2026-09-29T17:00:00+00:00,2026-09-29T18:00:00+01:00,Žalgiris,Olympiacos,sport888,888sport,2026-09-29T08:50:51Z,h2h,Žalgiris,2.15,,0.46511627906976744,0.44155844155844154,0.2
2026-09-29T08:51:09.445673+00:00,2026-09-29T09:51:09.445673+01:00,f81c0fafff6aa898b2461179c72d4abd,basketball_euroleague,Basketball Euroleague,2026-09-29T17:00:00+00:00,2026-09-29T18:00:00+01:00,Žalgiris,Olympiacos,betfair_ex_uk,Betfair,2026-09-29T08:50:51Z,h2h,Olympiacos,1.69,,0.591715976331361,0.582716049382716,0.2
2026-09-29T08:51:09.445673+00:00,2026-09-29T09:51:09.445673+01:00,f81c0fafff6aa898b2461179c72d4abd,basketball_euroleague,Basketball Euroleague,2026-09-29T17:00:00+00:00,2026-09-29T18:00:00+01:00,Žalgiris,Olympiacos,betfair_ex_uk,Betfair,2026-09-29T08:50:51Z,h2h,Žalgiris,2.36,,0.42372881355932207,0.41728395061728396,0.2
2026-09-29T08:51:09.445673+00:00,2026-09-29T09:51:09.445673+01:00,f81c0fafff6aa898b2461179c72d4abd,basketball_euroleague,Basketball Euroleague,2026-09-29T17:00:00+00:00,2026-09-29T18:00:00+01:00,Žalgiris,Olympiacos,betfair_ex_uk,Betfair,2026-09-29T08:50:51Z,h2h_lay,Olympiacos,1.72,,0.5813953488372093,1.0,0.2
2026-09-29T08:51:09.445673+00:00,2026-09-29T09:51:09.445673+01:00,f81c0fafff6aa898b2461179c72d4abd,basketball_euroleague,Basketball Euroleague,2026-09-29T17:00:00+00:00,2026-09-29T18:00:00+01:00,Žalgiris,Olympiacos,betfair_ex_uk,Betfair,2026-09-29T08:50:51Z,h2h_lay,Žalgiris,2.44,,0.4098360655737705,1.0,0.2
2026-09-29T08:51:09.445673+00:00,2026-09-29T09:51:09.445673+01:00,f81c0fafff6aa898b2461179c72d4abd,basketball_euroleague,Basketball Euroleague,2026-09-29T17:00:00+00:00,2026-09-29T18:00:00+01:00,Žalgiris,Olympiacos,livescorebet,LiveScore Bet,2026-09-29T08:50:38Z,h2h,Olympiacos,1.67,,0.5988023952095809,0.5684754521963824,0.2
2026-09-29T08:51:09.445673+00:00,2026-09-29T09:51:09.445673+01:00,f81c0fafff6aa898b2461179c72d4abd,basketball_euroleague,Basketball Euroleague,2026-09-29T17:00:00+00:00,2026-09-29T18:00:00+01:00,Žalgiris,Olympiacos,livescorebet,LiveScore Bet,2026-09-29T08:50:38Z,h2h,Žalgiris,2.2,,0.45454545454545453,0.43152454780361754,0.2
2026-09-29T08:51:09.445673+00:00,2026-09-29T09:51:09.445673+01:00,f81c0fafff6aa898b2461179c72d4abd,basketball_euroleague,Basketball Euroleague,2026-09-29T17:00:00+00:00,2026-09-29T18:00:00+01:00,Žalgiris,Olympiacos,smarkets,Smarkets,2026-09-29T08:50:51Z,h2h,Olympiacos,1.59,,0.6289308176100629,0.5760000000000001,0.2
2026-09-29T08:51:09.445673+00:00,2026-09-29T09:51:09.445673+01:00,f81c0fafff6aa898b2461179c72d4abd,basketball_euroleague,Basketball Euroleague,2026-09-29T17:00:00+00:00,2026-09-29T18:00:00+01:00,Žalgiris,Olympiacos,smarkets,Smarkets,2026-09-29T08:50:51Z,h2h,Žalgiris,2.16,,0.4629629629629629,0.424,0.2
2026-09-29T08:51:09.445673+00:00,2026-09-29T09:51:09.445673+01:00,f81c0fafff6aa898b2461179c72d4abd,basketball_euroleague,Basketball Euroleague,2026-09-29T17:00:00+00:00,2026-09-29T18:00:00+01:00,Žalgiris,Olympiacos,smarkets,Smarkets,2026-09-29T08:50:51Z,h2h_lay,Olympiacos,1.87,,0.53475935828877,1.0,0.2
2026-09-29T08:51:09.445673+00:00,2026-09-29T09:51:09.445673+01:00,f81c0fafff6aa898b2461179c72d4abd,basketball_euroleague,Basketball Euroleague,2026-09-29T17:00:00+00:00,2026-09-29T18:00:00+01:00,Žalgiris,Olympiacos,smarkets,Smarkets,2026-09-29T08:50:51Z,h2h_lay,Žalgiris,2.68,,0.3731343283582089,1.0,0.2
2026-09-29T08:51:09.445673+00:00,2026-09-29T09:51:09.445673+01:00,f81c0fafff6aa898b2461179c72d4abd,basketball_euroleague,Basketball Euroleague,2026-09-29T17:00:00+00:00,2026-09-29T18:00:00+01:00,Žalgiris,Olympiacos,betway,Betway,2026-09-29T08:50:26Z,h2h,Olympiacos,1.65,,0.6060606060606061,0.5822784810126582,0.2
2026-09-29T08:51:09.445673+00:00,2026-09-29T09:51:09.445673+01:00,f81c0fafff6aa898b2461179c72d4abd,basketball_euroleague,Basketball Euroleague,2026-09-29T17:00:00+00:00,2026-09-29T18:00:00+01:00,Žalgiris,Olympiacos,betway,Betway,2026-09-29T08:50:26Z,h2h,Žalgiris,2.3,,0.4347826086956522,0.4177215189873418,0.2
2026-09-29T08:51:09.445673+00:00,2026-09-29T09:51:09.445673+01:00,f81c0fafff6aa898b2461179c72d4abd,basketball_euroleague,Basketball Euroleague,2026-09-29T17:00:00+00:00,2026-09-29T18:00:00+01:00,Žalgiris,Olympiacos,matchbook,Matchbook,2026-09-29T08:50:51Z,h2h,Olympiacos,1.65,,0.6060606060606061,0.5843828715365239,0.2
2026-09-29T08:51:09.445673+00:00,2026-09-29T09:51:09.445673+01:00,f81c0fafff6aa898b2461179c72d4abd,basketball_euroleague,Basketball Euroleague,2026-09-29T17:00:00+00:00,2026-09-29T18:00:00+01:00,Žalgiris,Olympiacos,matchbook,Matchbook,2026-09-29T08:50:51Z,h2h,Žalgiris,2.32,,0.4310344827586207,0.4156171284634761,0.2
2026-09-29T08:51:09.445673+00:00,2026-09-29T09:51:09.445673+01:00,f81c0fafff6aa898b2461179c72d4abd,basketball_euroleague,Basketball Euroleague,2026-09-29T17:00:00+00:00,2026-09-29T18:00:00+01:00,Žalgiris,Olympiacos,matchbook,Matchbook,2026-09-29T08:50:51Z,h2h_lay,Olympiacos,1.76,,0.5681818181818182,1.0,0.2
2026-09-29T08:51:09.445673+00:00,2026-09-29T09:51:09.445673+01:00,f81c0fafff6aa898b2461179c72d4abd,basketball_euroleague,Basketball Euroleague,2026-09-29T17:00:00+00:00,2026-09-29T18:00:00+01:00,Žalgiris,Olympiacos,matchbook,Matchbook,2026-09-29T08:50:51Z,h2h_lay,Žalgiris,2.54,,0.39370078740157477,1.0,0.2
2026-09-29T08:51:09.445673+00:00,2026-09-29T09:51:09.445673+01:00,5e6c0e6bdaf033eb660612b020c09a7d,basketball_euroleague,Basketball Euroleague,2026-09-29T17:45:00+00:00,2026-09-29T18:45:00+01:00,Fenerbahce SK,FC Bayern München,unibet_uk,Unibet (UK),2026-09-29T08:50:28Z,h2h,FC Bayern München,4.2,,0.23809523809523808,0.22651933701657456,0.2
2026-09-29T08:51:09.445673+00:00,2026-09-29T09:51:09.445673+01:00,5e6c0e6bdaf033eb660612b020c09a7d,basketball_euroleague,Basketball Euroleague,2026-09-29T17:45:00+00:00,2026-09-29T18:45:00+01:00,Fenerbahce SK,FC Bayern München,unibet_uk,Unibet (UK),2026-09-29T08:50:28Z,h2h,Fenerbahce SK,1.23,,0.8130081300813008,0.7734806629834253,0.2
2026-09-29T08:51:09.445673+00:00,2026-09-29T09:51:09.445673+01:00,5e6c0e6bdaf033eb660612b020c09a7d,basketball_euroleague,Basketball Euroleague,2026-09-29T17:45:00+00:00,2026-09-29T18:45:00+01:00,Fenerbahce SK,FC Bayern München,boylesports,BoyleSports,2026-09-29T08:50:40Z,h2h,FC Bayern München,4.1,,0.24390243902439027,0.2293233082706767,0.2
2026-09-29T08:51:09.445673+00:00,2026-09-29T09:51:09.445673+01:00,5e6c0e6bdaf033eb660612b020c09a7d,basketball_euroleague,Basketball Euroleague,2026-09-29T17:45:00+00:00,2026-09-29T18:45:00+01:00,Fenerbahce SK,FC Bayern München,boylesports,BoyleSports,2026-09-29T08:50:40Z,h2h,Fenerbahce SK,1.22,,0.819672131147541,0.7706766917293233,0.2
2026-09-29T08:51:09.445673+00:00,2026-09-29T09:51:09.445673+01:00,5e6c0e6bdaf033eb660612b020c09a7d,basketball_euroleague,Basketball Euroleague,2026-09-29T17:45:00+00:00,2026-09-29T18:45:00+01:00,Fenerbahce SK,FC Bayern München,paddypower,Paddy Power,2026-09-29T08:50:23Z,h2h,FC Bayern München,4.0,,0.25,0.23076923076923073,0.2
2026-09-29T08:51:09.445673+00:00,2026-09-29T09:51:09.445673+01:00,5e6c0e6bdaf033eb660612b020c09a7d,basketball_euroleague,Basketball Euroleague,2026-09-29T17:45:00+00:00,2026-09-29T18:45:00+01:00,Fenerbahce SK,FC Bayern München,paddypower,Paddy Power,2026-09-29T08:50:23Z,h2h,Fenerbahce SK,1.2,,0.8333333333333334,0.7692307692307692,0.2
2026-09-29T08:51:09.445673+00:00,2026-09-29T09:51:09.445673+01:00,5e6c0e6bdaf033eb660612b020c09a7d,basketball_euroleague,Basketball Euroleague,2026-09-29T17:45:00+00:00,2026-09-29T18:45:00+01:00,Fenerbahce SK,FC Bayern München,coral,Coral,2026-09-29T08:50:24Z,h2h,FC Bayern München,3.75,,0.26666666666666666,0.2454728370221328,0.2
2026-09-29T08:51:09.445673+00:00,2026-09-29T09:51:09.445673+01:00,5e6c0e6bdaf033eb660612b020c09a7d,basketball_euroleague,Basketball Euroleague,2026-09-29T17:45:00+00:00,2026-09-29T18:45:00+01:00,Fenerbahce SK,FC Bayern München,coral,Coral,2026-09-29T08:50:24Z,h2h,Fenerbahce SK,1.22,,0.819672131147541,0.7545271629778673,0.2
2026-09-29T08:51:09.445673+00:00,2026-09-29T09:51:09.445673+01:00,5e6c0e6bdaf033eb660612b020c09a7d,basketball_euroleague,Basketball Euroleague,2026-09-29T17:45:00+00:00,2026-09-29T18:45:00+01:00,Fenerbahce SK,FC Bayern München,ladbrokes_uk,Ladbrokes,2026-09-29T08:50:24Z,h2h,FC Bayern München,4.0,,0.25,0.22546419098143236,0.2
2026-09-29T08:51:09.445673+00:00,2026-09-29T09:51:09.445673+01:00,5e6c0e6bdaf033eb660612b020c09a7d,basketball_euroleague,Basketball Euroleague,2026-09-29T17:45:00+00:00,2026-09-29T18:45:00+01:00,Fenerbahce SK,FC Bayern München,ladbrokes_uk,Ladbrokes,2026-09-29T08:50:24Z,h2h,Fenerbahce SK,1.25,,0.8,0.7214854111405835,0.2
2026-09-29T08:51:09.445673+00:00,2026-09-29T09:51:09.445673+01:00,5e6c0e6bdaf033eb660612b020c09a7d,basketball_euroleague,Basketball Euroleague,2026-09-29T17:45:00+00:00,2026-09-29T18:45:00+01:00,Fenerbahce SK,FC Bayern München,ladbrokes_uk,Ladbrokes,2026-09-29T08:50:24Z,h2h,Draw,17.0,,0.058823529411764705,0.05305039787798408,0.2
2026-09-29T08:51:09.445673+00:00,2026-09-29T09:51:09.445673+01:00,5e6c0e6bdaf033eb660612b020c09a7d,basketball_euroleague,Basketball Euroleague,2026-09-29T17:45:00+00:00,2026-09-29T18:45:00+01:00,Fenerbahce SK,FC Bayern München,sport888,888sport,2026-09-29T08:50:51Z,h2h,FC Bayern München,4.2,,0.23809523809523808,0.2250922509225092,0.2
2026-09-29T08:51:09.445673+00:00,2026-09-29T09:51:09.445673+01:00,5e6c0e6bdaf033eb660612b020c09a7d,basketball_euroleague,Basketball Euroleague,2026-09-29T17:45:00+00:00,2026-09-29T18:45:00+01:00,Fenerbahce SK,FC Bayern München,sport888,888sport,2026-09-29T08:50:51Z,h2h,Fenerbahce SK,1.22,,0.819672131147541,0.7749077490774907,0.2
2026-09-29T08:51:09.445673+00:00,2026-09-29T09:51:09.445673+01:00,5e6c0e6bdaf033eb660612b020c09a7d,basketball_euroleague,Basketball Euroleague,2026-09-29T17:45:00+00:00,2026-09-29T18:45:00+01:00,Fenerbahce SK,FC Bayern München,betfair_ex_uk,Betfair,2026-09-29T08:50:51Z,h2h,FC Bayern München,4.2,,0.23809523809523808,0.23636363636363636,0.2
2026-09-29T08:51:09.445673+00:00,2026-09-29T09:51:09.445673+01:00,5e6c0e6bdaf033eb660612b020c09a7d,basketball_euroleague,Basketball Euroleague,2026-09-29T17:45:00+00:00,2026-09-29T18:45:00+01:00,Fenerbahce SK,FC Bayern München,betfair_ex_uk,Betfair,2026-09-29T08:50:51Z,h2h,Fenerbahce SK,1.3,,0.7692307692307692,0.7636363636363636,0.2
2026-09-29T08:51:09.445673+00:00,2026-09-29T09:51:09.445673+01:00,5e6c0e6bdaf033eb660612b020c09a7d,basketball_euroleague,Basketball Euroleague,2026-09-29T17:45:00+00:00,2026-09-29T18:45:00+01:00,Fenerbahce SK,FC Bayern München,betfair_ex_uk,Betfair,2026-09-29T08:50:51Z,h2h_lay,FC Bayern München,4.4,,0.22727272727272727,1.0,0.2
2026-09-29T08:51:09.445673+00:00,2026-09-29T09:51:09.445673+01:00,5e6c0e6bdaf033eb660612b020c09a7d,basketball_euroleague,Basketball Euroleague,2026-09-29T17:45:00+00:00,2026-09-29T18:45:00+01:00,Fenerbahce SK,FC Bayern München,betfair_ex_uk,Betfair,2026-09-29T08:50:51Z,h2h_lay,Fenerbahce SK,1.32,,0.7575757575757576,1.0,0.2
2026-09-29T08:51:09.445673+00:00,2026-09-29T09:51:09.445673+01:00,5e6c0e6bdaf033eb660612b020c09a7d,basketball_euroleague,Basketball Euroleague,2026-09-29T17:45:00+00:00,2026-09-29T18:45:00+01:00,Fenerbahce SK,FC Bayern München,smarkets,Smarkets,2026-09-29T08:50:51Z,h2h,FC Bayern München,3.85,,0.2597402597402597,0.23762376237623759,0.2
2026-09-29T08:51:09.445673+00:00,2026-09-29T09:51:09.445673+01:00,5e6c0e6bdaf033eb660612b020c09a7d,basketball_euroleague,Basketball Euroleague,2026-09-29T17:45:00+00:00,2026-09-29T18:45:00+01:00,Fenerbahce SK,FC Bayern München,smarkets,Smarkets,2026-09-29T08:50:51Z,h2h,Fenerbahce SK,1.2,,0.8333333333333334,0.7623762376237624,0.2
2026-09-29T08:51:09.445673+00:00,2026-09-29T09:51:09.445673+01:00,5e6c0e6bdaf033eb660612b020c09a7d,basketball_euroleague,Basketball Euroleague,2026-09-29T17:45:00+00:00,2026-09-29T18:45:00+01:00,Fenerbahce SK,FC Bayern München,smarkets,Smarkets,2026-09-29T08:50:51Z,h2h_lay,FC Bayern München,6.0,,0.16666666666666666,1.0,0.2
2026-09-29T08:51:09.445673+00:00,2026-09-29T09:51:09.445673+01:00,5e6c0e6bdaf033eb660612b020c09a7d,basketball_euroleague,Basketball Euroleague,2026-09-29T17:45:00+00:00,2026-09-29T18:45:00+01:00,Fenerbahce SK,FC Bayern München,smarkets,Smarkets,2026-09-29T08:50:51Z,h2h_lay,Fenerbahce SK,1.36,,0.7352941176470588,1.0,0.2
2026-09-29T08:51:09.445673+00:00,2026-09-29T09:51:09.445673+01:00,5e6c0e6bdaf033eb660612b020c09a7d,basketball_euroleague,Basketball Euroleague,2026-09-29T17:45:00+00:00,2026-09-29T18:45:00+01:00,Fenerbahce SK,FC Bayern München,livescorebet,LiveScore Bet,2026-09-29T08:50:38Z,h2h,FC Bayern München,3.75,,0.26666666666666666,0.252988047808765,0.2
2026-09-29T08:51:09.445673+00:00,2026-09-29T09:51:09.445673+01:00,5e6c0e6bdaf033eb660612b020c09a7d,basketball_euroleague,Basketball Euroleague,2026-09-29T17:45:00+00:00,2026-09-29T18:45:00+01:00,Fenerbahce SK,FC Bayern München,livescorebet,LiveScore Bet,2026-09-29T08:50:38Z,h2h,Fenerbahce SK,1.27,,0.7874015748031495,0.7470119521912351,0.2
2026-09-29T08:51:09.445673+00:00,2026-09-29T09:51:09.445673+01:00,5e6c0e6bdaf033eb660612b020c09a7d,basketball_euroleague,Basketball Euroleague,2026-09-29T17:45:00+00:00,2026-09-29T18:45:00+01:00,Fenerbahce SK,FC Bayern München,betway,Betway,2026-09-29T08:50:26Z,h2h,FC Bayern München,4.25,,0.23529411764705882,0.22303473491773307,0.2
2026-09-29T08:51:09.445673+00:00,2026-09-29T09:51:09.445673+01:00,5e6c0e6bdaf033eb660612b020c09a7d,basketball_euroleague,Basketball Euroleague,2026-09-29T17:45:00+00:00,2026-09-29T18:45:00+01:00,Fenerbahce SK,FC Bayern München,betway,Betway,2026-09-29T08:50:26Z,h2h,Fenerbahce SK,1.22,,0.819672131147541,0.7769652650822669,0.2
2026-09-29T08:51:09.445673+00:00,2026-09-29T09:51:09.445673+01:00,5e6c0e6bdaf033eb660612b020c09a7d,basketball_euroleague,Basketball Euroleague,2026-09-29T17:45:00+00:00,2026-09-29T18:45:00+01:00,Fenerbahce SK,FC Bayern München,matchbook,Matchbook,2026-09-29T08:50:51Z,h2h,FC Bayern München,4.0,,0.25,0.24242424242424243,0.2
2026-09-29T08:51:09.445673+00:00,2026-09-29T09:51:09.445673+01:00,5e6c0e6bdaf033eb660612b020c09a7d,basketball_euroleague,Basketball Euroleague,2026-09-29T17:45:00+00:00,2026-09-29T18:45:00+01:00,Fenerbahce SK,FC Bayern München,matchbook,Matchbook,2026-09-29T08:50:51Z,h2h,Fenerbahce SK,1.28,,0.78125,0.7575757575757576,0.2
2026-09-29T08:51:09.445673+00:00,2026-09-29T09:51:09.445673+01:00,5e6c0e6bdaf033eb660612b020c09a7d,basketball_euroleague,Basketball Euroleague,2026-09-29T17:45:00+00:00,2026-09-29T18:45:00+01:00,Fenerbahce SK,FC Bayern München,matchbook,Matchbook,2026-09-29T08:50:51Z,h2h_lay,FC Bayern München,4.5,,0.2222222222222222,1.0,0.2
2026-09-29T08:51:09.445673+00:00,2026-09-29T09:51:09.445673+01:00,5e6c0e6bdaf033eb660612b020c09a7d,basketball_euroleague,Basketball Euroleague,2026-09-29T17:45:00+00:00,2026-09-29T18:45:00+01:00,Fenerbahce SK,FC Bayern München,matchbook,Matchbook,2026-09-29T08:50:51Z,h2h_lay,Fenerbahce SK,1.33,,0.7518796992481203,1.0,0.2
2026-09-29T08:51:09.445673+00:00,2026-09-29T09:51:09.445673+01:00,d36c97678dd6b8d012e8ff8ea7fcb31e,basketball_euroleague,Basketball Euroleague,2026-09-29T18:00:00+00:00,2026-09-29T19:00:00+01:00,KK Crvena zvezda,Hapoel Tel Aviv,unibet_uk,Unibet (UK),2026-09-29T08:50:28Z,h2h,Hapoel Tel Aviv,2.15,,0.46511627906976744,0.44155844155844154,0.2
2026-09-29T08:51:09.445673+00:00,2026-09-29T09:51:09.445673+01:00,d36c97678dd6b8d012e8ff8ea7fcb31e,basketball_euroleague,Basketball Euroleague,2026-09-29T18:00:00+00:00,2026-09-29T19:00:00+01:00,KK Crvena zvezda,Hapoel Tel Aviv,unibet_uk,Unibet (UK),2026-09-29T08:50:28Z,h2h,KK Crvena zvezda,1.7,,0.5882352941176471,0.5584415584415584,0.2
2026-09-29T08:51:09.445673+00:00,2026-09-29T09:51:09.445673+01:00,d36c97678dd6b8d012e8ff8ea7fcb31e,basketball_euroleague,Basketball Euroleague,2026-09-29T18:00:00+00:00,2026-09-29T19:00:00+01:00,KK Crvena zvezda,Hapoel Tel Aviv,paddypower,Paddy Power,2026-09-29T08:50:23Z,h2h,Hapoel Tel Aviv,2.1,,0.47619047619047616,0.44297082228116713,0.2
2026-09-29T08:51:09.445673+00:00,2026-09-29T09:51:09.445673+01:00,d36c97678dd6b8d012e8ff8ea7fcb31e,basketball_euroleague,Basketball Euroleague,2026-09-29T18:00:00+00:00,2026-09-29T19:00:00+01:00,KK Crvena zvezda,Hapoel Tel Aviv,paddypower,Paddy Power,2026-09-29T08:50:23Z,h2h,KK Crvena zvezda,1.67,,0.5988023952095809,0.557029177718833,0.2
2026-09-29T08:51:09.445673+00:00,2026-09-29T09:51:09.445673+01:00,d36c97678dd6b8d012e8ff8ea7fcb31e,basketball_euroleague,Basketball Euroleague,2026-09-29T18:00:00+00:00,2026-09-29T19:00:00+01:00,KK Crvena zvezda,Hapoel Tel Aviv,boylesports,BoyleSports,2026-09-29T08:50:40Z,h2h,Hapoel Tel Aviv,2.15,,0.46511627906976744,0.43717277486910994,0.2
2026-09-29T08:51:09.445673+00:00,2026-09-29T09:51:09.445673+01:00,d36c97678dd6b8d012e8ff8ea7fcb31e,basketball_euroleague,Basketball Euroleague,2026-09-29T18:00:00+00:00,2026-09-29T19:00:00+01:00,KK Crvena zvezda,Hapoel Tel Aviv,boylesports,BoyleSports,2026-09-29T08:50:40Z,h2h,KK Crvena zvezda,1.67,,0.5988023952095809,0.5628272251308901,0.2
2026-09-29T08:51:09.445673+00:00,2026-09-29T09:51:09.445673+01:00,d36c97678dd6b8d012e8ff8ea7fcb31e,basketball_euroleague,Basketball Euroleague,2026-09-29T18:00:00+00:00,2026-09-29T19:00:00+01:00,KK Crvena zvezda,Hapoel Tel Aviv,coral,Coral,2026-09-29T08:50:24Z,h2h,Hapoel Tel Aviv,2.1,,0.47619047619047616,0.44,0.2
2026-09-29T08:51:09.445673+00:00,2026-09-29T09:51:09.445673+01:00,d36c97678dd6b8d012e8ff8ea7fcb31e,basketball_euroleague,Basketball Euroleague,2026-09-29T18:00:00+00:00,2026-09-29T19:00:00+01:00,KK Crvena zvezda,Hapoel Tel Aviv,coral,Coral,2026-09-29T08:50:24Z,h2h,KK Crvena zvezda,1.65,,0.6060606060606061,0.56,0.2
2026-09-29T08:51:09.445673+00:00,2026-09-29T09:51:09.445673+01:00,d36c97678dd6b8d012e8ff8ea7fcb31e,basketball_euroleague,Basketball Euroleague,2026-09-29T18:00:00+00:00,2026-09-29T19:00:00+01:00,KK Crvena zvezda,Hapoel Tel Aviv,ladbrokes_uk,Ladbrokes,2026-09-29T08:50:24Z,h2h,Hapoel Tel Aviv,2.2,,0.45454545454545453,0.40458372310570623,0.2
2026-09-29T08:51:09.445673+00:00,2026-09-29T09:51:09.445673+01:00,d36c97678dd6b8d012e8ff8ea7fcb31e,basketball_euroleague,Basketball Euroleague,2026-09-29T18:00:00+00:00,2026-09-29T19:00:00+01:00,KK Crvena zvezda,Hapoel Tel Aviv,ladbrokes_uk,Ladbrokes,2026-09-29T08:50:24Z,h2h,KK Crvena zvezda,1.73,,0.5780346820809249,0.5144995322731525,0.2
2026-09-29T08:51:09.445673+00:00,2026-09-29T09:51:09.445673+01:00,d36c97678dd6b8d012e8ff8ea7fcb31e,basketball_euroleague,Basketball Euroleague,2026-09-29T18:00:00+00:00,2026-09-29T19:00:00+01:00,KK Crvena zvezda,Hapoel Tel Aviv,ladbrokes_uk,Ladbrokes,2026-09-29T08:50:24Z,h2h,Draw,11.0,,0.09090909090909091,0.08091674462114125,0.2
2026-09-29T08:51:09.445673+00:00,2026-09-29T09:51:09.445673+01:00,d36c97678dd6b8d012e8ff8ea7fcb31e,basketball_euroleague,Basketball Euroleague,2026-09-29T18:00:00+00:00,2026-09-29T19:00:00+01:00,KK Crvena zvezda,Hapoel Tel Aviv,sport888,888sport,2026-09-29T08:50:51Z,h2h,Hapoel Tel Aviv,2.15,,0.46511627906976744,0.44155844155844154,0.2
2026-09-29T08:51:09.445673+00:00,2026-09-29T09:51:09.445673+01:00,d36c97678dd6b8d012e8ff8ea7fcb31e,basketball_euroleague,Basketball Euroleague,2026-09-29T18:00:00+00:00,2026-09-29T19:00:00+01:00,KK Crvena zvezda,Hapoel Tel Aviv,sport888,888sport,2026-09-29T08:50:51Z,h2h,KK Crvena zvezda,1.7,,0.5882352941176471,0.5584415584415584,0.2
2026-09-29T08:51:09.445673+00:00,2026-09-29T09:51:09.445673+01:00,d36c97678dd6b8d012e8ff8ea7fcb31e,basketball_euroleague,Basketball Euroleague,2026-09-29T18:00:00+00:00,2026-09-29T19:00:00+01:00,KK Crvena zvezda,Hapoel Tel Aviv,betfair_ex_uk,Betfair,2026-09-29T08:50:51Z,h2h,Hapoel Tel Aviv,2.32,,0.4310344827586207,0.4257425742574258,0.2
2026-09-29T08:51:09.445673+00:00,2026-09-29T09:51:09.445673+01:00,d36c97678dd6b8d012e8ff8ea7fcb31e,basketball_euroleague,Basketball Euroleague,2026-09-29T18:00:00+00:00,2026-09-29T19:00:00+01:00,KK Crvena zvezda,Hapoel Tel Aviv,betfair_ex_uk,Betfair,2026-09-29T08:50:51Z,h2h,KK Crvena zvezda,1.72,,0.5813953488372093,0.5742574257425743,0.2
2026-09-29T08:51:09.445673+00:00,2026-09-29T09:51:09.445673+01:00,d36c97678dd6b8d012e8ff8ea7fcb31e,basketball_euroleague,Basketball Euroleague,2026-09-29T18:00:00+00:00,2026-09-29T19:00:00+01:00,KK Crvena zvezda,Hapoel Tel Aviv,betfair_ex_uk,Betfair,2026-09-29T08:50:51Z,h2h_lay,Hapoel Tel Aviv,2.4,,0.4166666666666667,1.0,0.2
2026-09-29T08:51:09.445673+00:00,2026-09-29T09:51:09.445673+01:00,d36c97678dd6b8d012e8ff8ea7fcb31e,basketball_euroleague,Basketball Euroleague,2026-09-29T18:00:00+00:00,2026-09-29T19:00:00+01:00,KK Crvena zvezda,Hapoel Tel Aviv,betfair_ex_uk,Betfair,2026-09-29T08:50:51Z,h2h_lay,KK Crvena zvezda,1.76,,0.5681818181818182,1.0,0.2
2026-09-29T08:51:09.445673+00:00,2026-09-29T09:51:09.445673+01:00,d36c97678dd6b8d012e8ff8ea7fcb31e,basketball_euroleague,Basketball Euroleague,2026-09-29T18:00:00+00:00,2026-09-29T19:00:00+01:00,KK Crvena zvezda,Hapoel Tel Aviv,smarkets,Smarkets,2026-09-29T08:50:51Z,h2h,Hapoel Tel Aviv,2.06,,0.4854368932038835,0.44474393530997297,0.2
2026-09-29T08:51:09.445673+00:00,2026-09-29T09:51:09.445673+01:00,d36c97678dd6b8d012e8ff8ea7fcb31e,basketball_euroleague,Basketball Euroleague,2026-09-29T18:00:00+00:00,2026-09-29T19:00:00+01:00,KK Crvena zvezda,Hapoel Tel Aviv,smarkets,Smarkets,2026-09-29T08:50:51Z,h2h,KK Crvena zvezda,1.65,,0.6060606060606061,0.5552560646900269,0.2
2026-09-29T08:51:09.445673+00:00,2026-09-29T09:51:09.445673+01:00,d36c97678dd6b8d012e8ff8ea7fcb31e,basketball_euroleague,Basketball Euroleague,2026-09-29T18:00:00+00:00,2026-09-29T19:00:00+01:00,KK Crvena zvezda,Hapoel Tel Aviv,smarkets,Smarkets,2026-09-29T08:50:51Z,h2h_lay,Hapoel Tel Aviv,2.54,,0.39370078740157477,1.0,0.2
2026-09-29T08:51:09.445673+00:00,2026-09-29T09:51:09.445673+01:00,d36c97678dd6b8d012e8ff8ea7fcb31e,basketball_euroleague,Basketball Euroleague,2026-09-29T18:00:00+00:00,2026-09-29T19:00:00+01:00,KK Crvena zvezda,Hapoel Tel Aviv,smarkets,Smarkets,2026-09-29T08:50:51Z,h2h_lay,KK Crvena zvezda,1.95,,0.5128205128205129,1.0,0.2
2026-09-29T08:51:09.445673+00:00,2026-09-29T09:51:09.445673+01:00,d36c97678dd6b8d012e8ff8ea7fcb31e,basketball_euroleague,Basketball Euroleague,2026-09-29T18:00:00+00:00,2026-09-29T19:00:00+01:00,KK Crvena zvezda,Hapoel Tel Aviv,livescorebet,LiveScore Bet,2026-09-29T08:50:38Z,h2h,Hapoel Tel Aviv,2.2,,0.45454545454545453,0.43005181347150256,0.2
2026-09-29T08:51:09.445673+00:00,2026-09-29T09:51:09.445673+01:00,d36c97678dd6b8d012e8ff8ea7fcb31e,basketball_euroleague,Basketball Euroleague,2026-09-29T18:00:00+00:00,2026-09-29T19:00:00+01:00,KK Crvena zvezda,Hapoel Tel Aviv,livescorebet,LiveScore Bet,2026-09-29T08:50:38Z,h2h,KK Crvena zvezda,1.66,,0.6024096385542169,0.5699481865284974,0.2
2026-09-29T08:51:09.445673+00:00,2026-09-29T09:51:09.445673+01:00,d36c97678dd6b8d012e8ff8ea7fcb31e,basketball_euroleague,Basketball Euroleague,2026-09-29T18:00:00+00:00,2026-09-29T19:00:00+01:00,KK Crvena zvezda,Hapoel Tel Aviv,betway,Betway,2026-09-29T08:50:26Z,h2h,Hapoel Tel Aviv,2.2,,0.45454545454545453,0.4358974358974359,0.2
2026-09-29T08:51:09.445673+00:00,2026-09-29T09:51:09.445673+01:00,d36c97678dd6b8d012e8ff8ea7fcb31e,basketball_euroleague,Basketball Euroleague,2026-09-29T18:00:00+00:00,2026-09-29T19:00:00+01:00,KK Crvena zvezda,Hapoel Tel Aviv,betway,Betway,2026-09-29T08:50:26Z,h2h,KK Crvena zvezda,1.7,,0.5882352941176471,0.5641025641025641,0.2
2026-09-29T08:51:09.445673+00:00,2026-09-29T09:51:09.445673+01:00,d36c97678dd6b8d012e8ff8ea7fcb31e,basketball_euroleague,Basketball Euroleague,2026-09-29T18:00:00+00:00,2026-09-29T19:00:00+01:00,KK Crvena zvezda,Hapoel Tel Aviv,matchbook,Matchbook,2026-09-29T08:50:51Z,h2h,Hapoel Tel Aviv,2.24,,0.4464285714285714,0.43147208121827413,0.2
2026-09-29T08:51:09.445673+00:00,2026-09-29T09:51:09.445673+01:00,d36c97678dd6b8d012e8ff8ea7fcb31e,basketball_euroleague,Basketball Euroleague,2026-09-29T18:00:00+00:00,2026-09-29T19:00:00+01:00,KK Crvena zvezda,Hapoel Tel Aviv,matchbook,Matchbook,2026-09-29T08:50:51Z,h2h,KK Crvena zvezda,1.7,,0.5882352941176471,0.5685279187817259,0.2
2026-09-29T08:51:09.445673+00:00,2026-09-29T09:51:09.445673+01:00,d36c97678dd6b8d012e8ff8ea7fcb31e,basketball_euroleague,Basketball Euroleague,2026-09-29T18:00:00+00:00,2026-09-29T19:00:00+01:00,KK Crvena zvezda,Hapoel Tel Aviv,matchbook,Matchbook,2026-09-29T08:50:51Z,h2h_lay,Hapoel Tel Aviv,2.44,,0.4098360655737705,1.0,0.2
2026-09-29T08:51:09.445673+00:00,2026-09-29T09:51:09.445673+01:00,d36c97678dd6b8d012e8ff8ea7fcb31e,basketball_euroleague,Basketball Euroleague,2026-09-29T18:00:00+00:00,2026-09-29T19:00:00+01:00,KK Crvena zvezda,Hapoel Tel Aviv,matchbook,Matchbook,2026-09-29T08:50:51Z,h2h_lay,KK Crvena zvezda,1.81,,0.5524861878453039,1.0,0.2
2026-09-29T08:51:09.445673+00:00,2026-09-29T09:51:09.445673+01:00,08d0ddedce84664b3bbb9e4f5137c8fb,basketball_euroleague,Basketball Euroleague,2026-09-29T18:30:00+00:00,2026-09-29T19:30:00+01:00,Pallacanestro Olimpia Milano,Virtus Segafredo Bologna,boylesports,BoyleSports,2026-09-29T08:50:40Z,h2h,Pallacanestro Olimpia Milano,1.36,,0.7352941176470588,0.695067264573991,0.2
2026-09-29T08:51:09.445673+00:00,2026-09-29T09:51:09.445673+01:00,08d0ddedce84664b3bbb9e4f5137c8fb,basketball_euroleague,Basketball Euroleague,2026-09-29T18:30:00+00:00,2026-09-29T19:30:00+01:00,Pallacanestro Olimpia Milano,Virtus Segafredo Bologna,boylesports,BoyleSports,2026-09-29T08:50:40Z,h2h,Virtus Segafredo Bologna,3.1,,0.3225806451612903,0.30493273542600896,0.2
2026-09-29T08:51:09.445673+00:00,2026-09-29T09:51:09.445673+01:00,08d0ddedce84664b3bbb9e4f5137c8fb,basketball_euroleague,Basketball Euroleague,2026-09-29T18:30:00+00:00,2026-09-29T19:30:00+01:00,Pallacanestro Olimpia Milano,Virtus Segafredo Bologna,unibet_uk,Unibet (UK),2026-09-29T08:50:28Z,h2h,Pallacanestro Olimpia Milano,1.37,,0.7299270072992701,0.6969026548672567,0.2
2026-09-29T08:51:09.445673+00:00,2026-09-29T09:51:09.445673+01:00,08d0ddedce84664b3bbb9e4f5137c8fb,basketball_euroleague,Basketball Euroleague,2026-09-29T18:30:00+00:00,2026-09-29T19:30:00+01:00,Pallacanestro Olimpia Milano,Virtus Segafredo Bologna,unibet_uk,Unibet (UK),2026-09-29T08:50:28Z,h2h,Virtus Segafredo Bologna,3.15,,0.31746031746031744,0.30309734513274333,0.2
2026-09-29T08:51:09.445673+00:00,2026-09-29T09:51:09.445673+01:00,08d0ddedce84664b3bbb9e4f5137c8fb,basketball_euroleague,Basketball Euroleague,2026-09-29T18:30:00+00:00,2026-09-29T19:30:00+01:00,Pallacanestro Olimpia Milano,Virtus Segafredo Bologna,paddypower,Paddy Power,2026-09-29T08:50:23Z,h2h,Pallacanestro Olimpia Milano,1.33,,0.7518796992481203,0.6928406466512702,0.2
2026-09-29T08:51:09.445673+00:00,2026-09-29T09:51:09.445673+01:00,08d0ddedce84664b3bbb9e4f5137c8fb,basketball_euroleague,Basketball Euroleague,2026-09-29T18:30:00+00:00,2026-09-29T19:30:00+01:00,Pallacanestro Olimpia Milano,Virtus Segafredo Bologna,paddypower,Paddy Power,2026-09-29T08:50:23Z,h2h,Virtus Segafredo Bologna,3.0,,0.3333333333333333,0.3071593533487298,0.2
2026-09-29T08:51:09.445673+00:00,2026-09-29T09:51:09.445673+01:00,08d0ddedce84664b3bbb9e4f5137c8fb,basketball_euroleague,Basketball Euroleague,2026-09-29T18:30:00+00:00,2026-09-29T19:30:00+01:00,Pallacanestro Olimpia Milano,Virtus Segafredo Bologna,coral,Coral,2026-09-29T08:50:24Z,h2h,Pallacanestro Olimpia Milano,1.33,,0.7518796992481203,0.6928406466512702,0.2
2026-09-29T08:51:09.445673+00:00,2026-09-29T09:51:09.445673+01:00,08d0ddedce84664b3bbb9e4f5137c8fb,basketball_euroleague,Basketball Euroleague,2026-09-29T18:30:00+00:00,2026-09-29T19:30:00+01:00,Pallacanestro Olimpia Milano,Virtus Segafredo Bologna,coral,Coral,2026-09-29T08:50:24Z,h2h,Virtus Segafredo Bologna,3.0,,0.3333333333333333,0.3071593533487298,0.2
2026-09-29T08:51:09.445673+00:00,2026-09-29T09:51:09.445673+01:00,08d0ddedce84664b3bbb9e4f5137c8fb,basketball_euroleague,Basketball Euroleague,2026-09-29T18:30:00+00:00,2026-09-29T19:30:00+01:00,Pallacanestro Olimpia Milano,Virtus Segafredo Bologna,ladbrokes_uk,Ladbrokes,2026-09-29T08:50:24Z,h2h,Pallacanestro Olimpia Milano,1.36,,0.7352941176470588,0.6597756762700681,0.2
2026-09-29T08:51:09.445673+00:00,2026-09-29T09:51:09.445673+01:00,08d0ddedce84664b3bbb9e4f5137c8fb,basketball_euroleague,Basketball Euroleague,2026-09-29T18:30:00+00:00,2026-09-29T19:30:00+01:00,Pallacanestro Olimpia Milano,Virtus Segafredo Bologna,ladbrokes_uk,Ladbrokes,2026-09-29T08:50:24Z,h2h,Virtus Segafredo Bologna,3.2,,0.3125,0.28040466241477896,0.2
2026-09-29T08:51:09.445673+00:00,2026-09-29T09:51:09.445673+01:00,08d0ddedce84664b3bbb9e4f5137c8fb,basketball_euroleague,Basketball Euroleague,2026-09-29T18:30:00+00:00,2026-09-29T19:30:00+01:00,Pallacanestro Olimpia Milano,Virtus Segafredo Bologna,ladbrokes_uk,Ladbrokes,2026-09-29T08:50:24Z,h2h,Draw,15.0,,0.06666666666666667,0.059819661315152844,0.2
2026-09-29T08:51:09.445673+00:00,2026-09-29T09:51:09.445673+01:00,08d0ddedce84664b3bbb9e4f5137c8fb,basketball_euroleague,Basketball Euroleague,2026-09-29T18:30:00+00:00,2026-09-29T19:30:00+01:00,Pallacanestro Olimpia Milano,Virtus Segafredo Bologna,sport888,888sport,2026-09-29T08:50:51Z,h2h,Pallacanestro Olimpia Milano,1.36,,0.7352941176470588,0.695067264573991,0.2
2026-09-29T08:51:09.445673+00:00,2026-09-29T09:51:09.445673+01:00,08d0ddedce84664b3bbb9e4f5137c8fb,basketball_euroleague,Basketball Euroleague,2026-09-29T18:30:00+00:00,2026-09-29T19:30:00+01:00,Pallacanestro Olimpia Milano,Virtus Segafredo Bologna,sport888,888sport,2026-09-29T08:50:51Z,h2h,Virtus Segafredo Bologna,3.1,,0.3225806451612903,0.30493273542600896,0.2
2026-09-29T08:51:09.445673+00:00,2026-09-29T09:51:09.445673+01:00,08d0ddedce84664b3bbb9e4f5137c8fb,basketball_euroleague,Basketball Euroleague,2026-09-29T18:30:00+00:00,2026-09-29T19:30:00+01:00,Pallacanestro Olimpia Milano,Virtus Segafredo Bologna,betfair_ex_uk,Betfair,2026-09-29T08:50:51Z,h2h,Pallacanestro Olimpia Milano,1.4,,0.7142857142857143,0.7083333333333334,0.2
2026-09-29T08:51:09.445673+00:00,2026-09-29T09:51:09.445673+01:00,08d0ddedce84664b3bbb9e4f5137c8fb,basketball_euroleague,Basketball Euroleague,2026-09-29T18:30:00+00:00,2026-09-29T19:30:00+01:00,Pallacanestro Olimpia Milano,Virtus Segafredo Bologna,betfair_ex_uk,Betfair,2026-09-29T08:50:51Z,h2h,Virtus Segafredo Bologna,3.4,,0.29411764705882354,0.2916666666666667,0.2
2026-09-29T08:51:09.445673+00:00,2026-09-29T09:51:09.445673+01:00,08d0ddedce84664b3bbb9e4f5137c8fb,basketball_euroleague,Basketball Euroleague,2026-09-29T18:30:00+00:00,2026-09-29T19:30:00+01:00,Pallacanestro Olimpia Milano,Virtus Segafredo Bologna,betfair_ex_uk,Betfair,2026-09-29T08:50:51Z,h2h_lay,Pallacanestro Olimpia Milano,1.41,,0.7092198581560284,1.0,0.2
2026-09-29T08:51:09.445673+00:00,2026-09-29T09:51:09.445673+01:00,08d0ddedce84664b3bbb9e4f5137c8fb,basketball_euroleague,Basketball Euroleague,2026-09-29T18:30:00+00:00,2026-09-29T19:30:00+01:00,Pallacanestro Olimpia Milano,Virtus Segafredo Bologna,betfair_ex_uk,Betfair,2026-09-29T08:50:51Z,h2h_lay,Virtus Segafredo Bologna,3.55,,0.28169014084507044,1.0,0.2
2026-09-29T08:51:09.445673+00:00,2026-09-29T09:51:09.445673+01:00,08d0ddedce84664b3bbb9e4f5137c8fb,basketball_euroleague,Basketball Euroleague,2026-09-29T18:30:00+00:00,2026-09-29T19:30:00+01:00,Pallacanestro Olimpia Milano,Virtus Segafredo Bologna,smarkets,Smarkets,2026-09-29T08:50:51Z,h2h,Pallacanestro Olimpia Milano,1.33,,0.7518796992481203,0.6885245901639344,0.2
2026-09-29T08:51:09.445673+00:00,2026-09-29T09:51:09.445673+01:00,08d0ddedce84664b3bbb9e4f5137c8fb,basketball_euroleague,Basketball Euroleague,2026-09-29T18:30:00+00:00,2026-09-29T19:30:00+01:00,Pallacanestro Olimpia Milano,Virtus Segafredo Bologna,smarkets,Smarkets,2026-09-29T08:50:51Z,h2h,Virtus Segafredo Bologna,2.94,,0.3401360544217687,0.3114754098360656,0.2
2026-09-29T08:51:09.445673+00:00,2026-09-29T09:51:09.445673+01:00,08d0ddedce84664b3bbb9e4f5137c8fb,basketball_euroleague,Basketball Euroleague,2026-09-29T18:30:00+00:00,2026-09-29T19:30:00+01:00,Pallacanestro Olimpia Milano,Virtus Segafredo Bologna,smarkets,Smarkets,2026-09-29T08:50:51Z,h2h_lay,Pallacanestro Olimpia Milano,1.52,,0.6578947368421053,1.0,0.2
2026-09-29T08:51:09.445673+00:00,2026-09-29T09:51:09.445673+01:00,08d0ddedce84664b3bbb9e4f5137c8fb,basketball_euroleague,Basketball Euroleague,2026-09-29T18:30:00+00:00,2026-09-29T19:30:00+01:00,Pallacanestro Olimpia Milano,Virtus Segafredo Bologna,smarkets,Smarkets,2026-09-29T08:50:51Z,h2h_lay,Virtus Segafredo Bologna,4.1,,0.24390243902439027,1.0,0.2
2026-09-29T08:51:09.445673+00:00,2026-09-29T09:51:09.445673+01:00,08d0ddedce84664b3bbb9e4f5137c8fb,basketball_euroleague,Basketball Euroleague,2026-09-29T18:30:00+00:00,2026-09-29T19:30:00+01:00,Pallacanestro Olimpia Milano,Virtus Segafredo Bologna,livescorebet,LiveScore Bet,2026-09-29T08:50:38Z,h2h,Pallacanestro Olimpia Milano,1.35,,0.7407407407407407,0.7032967032967032,0.2
2026-09-29T08:51:09.445673+00:00,2026-09-29T09:51:09.445673+01:00,08d0ddedce84664b3bbb9e4f5137c8fb,basketball_euroleague,Basketball Euroleague,2026-09-29T18:30:00+00:00,2026-09-29T19:30:00+01:00,Pallacanestro Olimpia Milano,Virtus Segafredo Bologna,livescorebet,LiveScore Bet,2026-09-29T08:50:38Z,h2h,Virtus Segafredo Bologna,3.2,,0.3125,0.2967032967032967,0.2
2026-09-29T08:51:09.445673+00:00,2026-09-29T09:51:09.445673+01:00,08d0ddedce84664b3bbb9e4f5137c8fb,basketball_euroleague,Basketball Euroleague,2026-09-29T18:30:00+00:00,2026-09-29T19:30:00+01:00,Pallacanestro Olimpia Milano,Virtus Segafredo Bologna,betway,Betway,2026-09-29T08:50:26Z,h2h,Pallacanestro Olimpia Milano,1.36,,0.7352941176470588,0.7049891540130152,0.2
2026-09-29T08:51:09.445673+00:00,2026-09-29T09:51:09.445673+01:00,08d0ddedce84664b3bbb9e4f5137c8fb,basketball_euroleague,Basketball Euroleague,2026-09-29T18:30:00+00:00,2026-09-29T19:30:00+01:00,Pallacanestro Olimpia Milano,Virtus Segafredo Bologna,betway,Betway,2026-09-29T08:50:26Z,h2h,Virtus Segafredo Bologna,3.25,,0.3076923076923077,0.29501084598698485,0.2
2026-09-29T08:51:09.445673+00:00,2026-09-29T09:51:09.445673+01:00,08d0ddedce84664b3bbb9e4f5137c8fb,basketball_euroleague,Basketball Euroleague,2026-09-29T18:30:00+00:00,2026-09-29T19:30:00+01:00,Pallacanestro Olimpia Milano,Virtus Segafredo Bologna,matchbook,Matchbook,2026-09-29T08:50:51Z,h2h,Pallacanestro Olimpia Milano,1.37,,0.7299270072992701,0.7034632034632035,0.2
2026-09-29T08:51:09.445673+00:00,2026-09-29T09:51:09.445673+01:00,08d0ddedce84664b3bbb9e4f5137c8fb,basketball_euroleague,Basketball Euroleague,2026-09-29T18:30:00+00:00,2026-09-29T19:30:00+01:00,Pallacanestro Olimpia Milano,Virtus Segafredo Bologna,matchbook,Matchbook,2026-09-29T08:50:51Z,h2h,Virtus Segafredo Bologna,3.25,,0.3076923076923077,0.29653679653679654,0.2
2026-09-29T08:51:09.445673+00:00,2026-09-29T09:51:09.445673+01:00,08d0ddedce84664b3bbb9e4f5137c8fb,basketball_euroleague,Basketball Euroleague,2026-09-29T18:30:00+00:00,2026-09-29T19:30:00+01:00,Pallacanestro Olimpia Milano,Virtus Segafredo Bologna,matchbook,Matchbook,2026-09-29T08:50:51Z,h2h_lay,Pallacanestro Olimpia Milano,1.45,,0.6896551724137931,1.0,0.2
2026-09-29T08:51:09.445673+00:00,2026-09-29T09:51:09.445673+01:00,08d0ddedce84664b3bbb9e4f5137c8fb,basketball_euroleague,Basketball Euroleague,2026-09-29T18:30:00+00:00,2026-09-29T19:30:00+01:00,Pallacanestro Olimpia Milano,Virtus Segafredo Bologna,matchbook,Matchbook,2026-09-29T08:50:51Z,h2h_lay,Virtus Segafredo Bologna,3.75,,0.26666666666666666,1.0,0.2
2026-09-29T08:51:09.445673+00:00,2026-09-29T09:51:09.445673+01:00,6688ca1dae31049031867522670aeb5d,basketball_euroleague,Basketball Euroleague,2026-09-29T18:30:00+00:00,2026-09-29T19:30:00+01:00,Valencia Basket,Saski Baskonia,unibet_uk,Unibet (UK),2026-09-29T08:50:28Z,h2h,Saski Baskonia,3.9,,0.25641025641025644,0.24271844660194178,0.2
2026-09-29T08:51:09.445673+00:00,2026-09-29T09:51:09.445673+01:00,6688ca1dae31049031867522670aeb5d,basketball_euroleague,Basketball Euroleague,2026-09-29T18:30:00+00:00,2026-09-29T19:30:00+01:00,Valencia Basket,Saski Baskonia,unibet_uk,Unibet (UK),2026-09-29T08:50:28Z,h2h,Valencia Basket,1.25,,0.8,0.7572815533980582,0.2
2026-09-29T08:51:09.445673+00:00,2026-09-29T09:51:09.445673+01:00,6688ca1dae31049031867522670aeb5d,basketball_euroleague,Basketball Euroleague,2026-09-29T18:30:00+00:00,2026-09-29T19:30:00+01:00,Valencia Basket,Saski Baskonia,boylesports,BoyleSports,2026-09-29T08:50:40Z,h2h,Saski Baskonia,3.9,,0.25641025641025644,0.24271844660194178,0.2
2026-09-29T08:51:09.445673+00:00,2026-09-29T09:51:09.445673+01:00,6688ca1dae31049031867522670aeb5d,basketball_euroleague,Basketball Euroleague,2026-09-29T18:30:00+00:00,2026-09-29T19:30:00+01:00,Valencia Basket,Saski Baskonia,boylesports,BoyleSports,2026-09-29T08:50:40Z,h2h,Valencia Basket,1.25,,0.8,0.7572815533980582,0.2
2026-09-29T08:51:09.445673+00:00,2026-09-29T09:51:09.445673+01:00,6688ca1dae31049031867522670aeb5d,basketball_euroleague,Basketball Euroleague,2026-09-29T18:30:00+00:00,2026-09-29T19:30:00+01:00,Valencia Basket,Saski Baskonia,paddypower,Paddy Power,2026-09-29T08:50:23Z,h2h,Saski Baskonia,3.75,,0.26666666666666666,0.2454728370221328,0.2
2026-09-29T08:51:09.445673+00:00,2026-09-29T09:51:09.445673+01:00,6688ca1dae31049031867522670aeb5d,basketball_euroleague,Basketball Euroleague,2026-09-29T18:30:00+00:00,2026-09-29T19:30:00+01:00,Valencia Basket,Saski Baskonia,paddypower,Paddy Power,2026-09-29T08:50:23Z,h2h,Valencia Basket,1.22,,0.819672131147541,0.7545271629778673,0.2
2026-09-29T08:51:09.445673+00:00,2026-09-29T09:51:09.445673+01:00,6688ca1dae31049031867522670aeb5d,basketball_euroleague,Basketball Euroleague,2026-09-29T18:30:00+00:00,2026-09-29T19:30:00+01:00,Valencia Basket,Saski Baskonia,coral,Coral,2026-09-29T08:50:24Z,h2h,Saski Baskonia,3.5,,0.2857142857142857,0.26315789473684204,0.2
2026-09-29T08:51:09.445673+00:00,2026-09-29T09:51:09.445673+01:00,6688ca1dae31049031867522670aeb5d,basketball_euroleague,Basketball Euroleague,2026-09-29T18:30:00+00:00,2026-09-29T19:30:00+01:00,Valencia Basket,Saski Baskonia,coral,Coral,2026-09-29T08:50:24Z,h2h,Valencia Basket,1.25,,0.8,0.7368421052631579,0.2
2026-09-29T08:51:09.445673+00:00,2026-09-29T09:51:09.445673+01:00,6688ca1dae31049031867522670aeb5d,basketball_euroleague,Basketball Euroleague,2026-09-29T18:30:00+00:00,2026-09-29T19:30:00+01:00,Valencia Basket,Saski Baskonia,ladbrokes_uk,Ladbrokes,2026-09-29T08:50:24Z,h2h,Saski Baskonia,3.8,,0.2631578947368421,0.23853371919670263,0.2
2026-09-29T08:51:09.445673+00:00,2026-09-29T09:51:09.445673+01:00,6688ca1dae31049031867522670aeb5d,basketball_euroleague,Basketball Euroleague,2026-09-29T18:30:00+00:00,2026-09-29T19:30:00+01:00,Valencia Basket,Saski Baskonia,ladbrokes_uk,Ladbrokes,2026-09-29T08:50:24Z,h2h,Valencia Basket,1.28,,0.78125,0.7081469788652109,0.2
2026-09-29T08:51:09.445673+00:00,2026-09-29T09:51:09.445673+01:00,6688ca1dae31049031867522670aeb5d,basketball_euroleague,Basketball Euroleague,2026-09-29T18:30:00+00:00,2026-09-29T19:30:00+01:00,Valencia Basket,Saski Baskonia,ladbrokes_uk,Ladbrokes,2026-09-29T08:50:24Z,h2h,Draw,17.0,,0.058823529411764705,0.05331930193808647,0.2
2026-09-29T08:51:09.445673+00:00,2026-09-29T09:51:09.445673+01:00,6688ca1dae31049031867522670aeb5d,basketball_euroleague,Basketball Euroleague,2026-09-29T18:30:00+00:00,2026-09-29T19:30:00+01:00,Valencia Basket,Saski Baskonia,sport888,888sport,2026-09-29T08:50:51Z,h2h,Saski Baskonia,4.2,,0.23809523809523808,0.2250922509225092,0.2
2026-09-29T08:51:09.445673+00:00,2026-09-29T09:51:09.445673+01:00,6688ca1dae31049031867522670aeb5d,basketball_euroleague,Basketball Euroleague,2026-09-29T18:30:00+00:00,2026-09-29T19:30:00+01:00,Valencia Basket,Saski Baskonia,sport888,888sport,2026-09-29T08:50:51Z,h2h,Valencia Basket,1.22,,0.819672131147541,0.7749077490774907,0.2
2026-09-29T08:51:09.445673+00:00,2026-09-29T09:51:09.445673+01:00,6688ca1dae31049031867522670aeb5d,basketball_euroleague,Basketball Euroleague,2026-09-29T18:30:00+00:00,2026-09-29T19:30:00+01:00,Valencia Basket,Saski Baskonia,betfair_ex_uk,Betfair,2026-09-29T08:50:51Z,h2h,Saski Baskonia,4.1,,0.24390243902439027,0.23933209647495363,0.2
2026-09-29T08:51:09.445673+00:00,2026-09-29T09:51:09.445673+01:00,6688ca1dae31049031867522670aeb5d,basketball_euroleague,Basketball Euroleague,2026-09-29T18:30:00+00:00,2026-09-29T19:30:00+01:00,Valencia Basket,Saski Baskonia,betfair_ex_uk,Betfair,2026-09-29T08:50:51Z,h2h,Valencia Basket,1.29,,0.7751937984496123,0.7606679035250463,0.2
2026-09-29T08:51:09.445673+00:00,2026-09-29T09:51:09.445673+01:00,6688ca1dae31049031867522670aeb5d,basketball_euroleague,Basketball Euroleague,2026-09-29T18:30:00+00:00,2026-09-29T19:30:00+01:00,Valencia Basket,Saski Baskonia,betfair_ex_uk,Betfair,2026-09-29T08:50:51Z,h2h_lay,Saski Baskonia,4.5,,0.2222222222222222,1.0,0.2
2026-09-29T08:51:09.445673+00:00,2026-09-29T09:51:09.445673+01:00,6688ca1dae31049031867522670aeb5d,basketball_euroleague,Basketball Euroleague,2026-09-29T18:30:00+00:00,2026-09-29T19:30:00+01:00,Valencia Basket,Saski Baskonia,betfair_ex_uk,Betfair,2026-09-29T08:50:51Z,h2h_lay,Valencia Basket,1.32,,0.7575757575757576,1.0,0.2
2026-09-29T08:51:09.445673+00:00,2026-09-29T09:51:09.445673+01:00,6688ca1dae31049031867522670aeb5d,basketball_euroleague,Basketball Euroleague,2026-09-29T18:30:00+00:00,2026-09-29T19:30:00+01:00,Valencia Basket,Saski Baskonia,smarkets,Smarkets,2026-09-29T08:50:51Z,h2h,Saski Baskonia,3.6,,0.2777777777777778,0.2531120331950208,0.2
2026-09-29T08:51:09.445673+00:00,2026-09-29T09:51:09.445673+01:00,6688ca1dae31049031867522670aeb5d,basketball_euroleague,Basketball Euroleague,2026-09-29T18:30:00+00:00,2026-09-29T19:30:00+01:00,Valencia Basket,Saski Baskonia,smarkets,Smarkets,2026-09-29T08:50:51Z,h2h,Valencia Basket,1.22,,0.819672131147541,0.7468879668049794,0.2
2026-09-29T08:51:09.445673+00:00,2026-09-29T09:51:09.445673+01:00,6688ca1dae31049031867522670aeb5d,basketball_euroleague,Basketball Euroleague,2026-09-29T18:30:00+00:00,2026-09-29T19:30:00+01:00,Valencia Basket,Saski Baskonia,smarkets,Smarkets,2026-09-29T08:50:51Z,h2h_lay,Saski Baskonia,5.5,,0.18181818181818182,1.0,0.2
2026-09-29T08:51:09.445673+00:00,2026-09-29T09:51:09.445673+01:00,6688ca1dae31049031867522670aeb5d,basketball_euroleague,Basketball Euroleague,2026-09-29T18:30:00+00:00,2026-09-29T19:30:00+01:00,Valencia Basket,Saski Baskonia,smarkets,Smarkets,2026-09-29T08:50:51Z,h2h_lay,Valencia Basket,1.39,,0.7194244604316548,1.0,0.2
2026-09-29T08:51:09.445673+00:00,2026-09-29T09:51:09.445673+01:00,6688ca1dae31049031867522670aeb5d,basketball_euroleague,Basketball Euroleague,2026-09-29T18:30:00+00:00,2026-09-29T19:30:00+01:00,Valencia Basket,Saski Baskonia,betway,Betway,2026-09-29T08:50:26Z,h2h,Saski Baskonia,4.0,,0.25,0.23809523809523808,0.2
2026-09-29T08:51:09.445673+00:00,2026-09-29T09:51:09.445673+01:00,6688ca1dae31049031867522670aeb5d,basketball_euroleague,Basketball Euroleague,2026-09-29T18:30:00+00:00,2026-09-29T19:30:00+01:00,Valencia Basket,Saski Baskonia,betway,Betway,2026-09-29T08:50:26Z,h2h,Valencia Basket,1.25,,0.8,0.7619047619047619,0.2
2026-09-29T08:51:09.445673+00:00,2026-09-29T09:51:09.445673+01:00,6688ca1dae31049031867522670aeb5d,basketball_euroleague,Basketball Euroleague,2026-09-29T18:30:00+00:00,2026-09-29T19:30:00+01:00,Valencia Basket,Saski Baskonia,livescorebet,LiveScore Bet,2026-09-29T08:50:38Z,h2h,Saski Baskonia,3.8,,0.2631578947368421,0.2504930966469428,0.2
2026-09-29T08:51:09.445673+00:00,2026-09-29T09:51:09.445673+01:00,6688ca1dae31049031867522670aeb5d,basketball_euroleague,Basketball Euroleague,2026-09-29T18:30:00+00:00,2026-09-29T19:30:00+01:00,Valencia Basket,Saski Baskonia,livescorebet,LiveScore Bet,2026-09-29T08:50:38Z,h2h,Valencia Basket,1.27,,0.7874015748031495,0.7495069033530573,0.2
2026-09-29T08:51:09.445673+00:00,2026-09-29T09:51:09.445673+01:00,6688ca1dae31049031867522670aeb5d,basketball_euroleague,Basketball Euroleague,2026-09-29T18:30:00+00:00,2026-09-29T19:30:00+01:00,Valencia Basket,Saski Baskonia,matchbook,Matchbook,2026-09-29T08:50:51Z,h2h,Saski Baskonia,4.1,,0.24390243902439027,0.23791821561338292,0.2
2026-09-29T08:51:09.445673+00:00,2026-09-29T09:51:09.445673+01:00,6688ca1dae31049031867522670aeb5d,basketball_euroleague,Basketball Euroleague,2026-09-29T18:30:00+00:00,2026-09-29T19:30:00+01:00,Valencia Basket,Saski Baskonia,matchbook,Matchbook,2026-09-29T08:50:51Z,h2h,Valencia Basket,1.28,,0.78125,0.7620817843866171,0.2
2026-09-29T08:51:09.445673+00:00,2026-09-29T09:51:09.445673+01:00,6688ca1dae31049031867522670aeb5d,basketball_euroleague,Basketball Euroleague,2026-09-29T18:30:00+00:00,2026-09-29T19:30:00+01:00,Valencia Basket,Saski Baskonia,matchbook,Matchbook,2026-09-29T08:50:51Z,h2h_lay,Saski Baskonia,4.6,,0.2173913043478261,1.0,0.2
2026-09-29T08:51:09.445673+00:00,2026-09-29T09:51:09.445673+01:00,6688ca1dae31049031867522670aeb5d,basketball_euroleague,Basketball Euroleague,2026-09-29T18:30:00+00:00,2026-09-29T19:30:00+01:00,Valencia Basket,Saski Baskonia,matchbook,Matchbook,2026-09-29T08:50:51Z,h2h_lay,Valencia Basket,1.33,,0.7518796992481203,1.0,0.2
2026-09-29T08:51:09.445673+00:00,2026-09-29T09:51:09.445673+01:00,a3528907e418bd4262692a9b28311918,basketball_euroleague,Basketball Euroleague,2026-09-29T18:45:00+00:00,2026-09-29T19:45:00+01:00,Paris Basketball,KK Partizan NIS,unibet_uk,Unibet (UK),2026-09-29T08:50:28Z,h2h,KK Partizan NIS,2.3,,0.4347826086956522,0.41624365482233505,0.2
2026-09-29T08:51:09.445673+00:00,2026-09-29T09:51:09.445673+01:00,a3528907e418bd4262692a9b28311918,basketball_euroleague,Basketball Euroleague,2026-09-29T18:45:00+00:00,2026-09-29T19:45:00+01:00,Paris Basketball,KK Partizan NIS,unibet_uk,Unibet (UK),2026-09-29T08:50:28Z,h2h,Paris Basketball,1.64,,0.6097560975609756,0.583756345177665,0.2
2026-09-29T08:51:09.445673+00:00,2026-09-29T09:51:09.445673+01:00,a3528907e418bd4262692a9b28311918,basketball_euroleague,Basketball Euroleague,2026-09-29T18:45:00+00:00,2026-09-29T19:45:00+01:00,Paris Basketball,KK Partizan NIS,boylesports,BoyleSports,2026-09-29T08:50:40Z,h2h,KK Partizan NIS,2.25,,0.4444444444444444,0.4186046511627907,0.2
2026-09-29T08:51:09.445673+00:00,2026-09-29T09:51:09.445673+01:00,a3528907e418bd4262692a9b28311918,basketball_euroleague,Basketball Euroleague,2026-09-29T18:45:00+00:00,2026-09-29T19:45:00+01:00,Paris Basketball,KK Partizan NIS,boylesports,BoyleSports,2026-09-29T08:50:40Z,h2h,Paris Basketball,1.62,,0.6172839506172839,0.5813953488372093,0.2
2026-09-29T08:51:09.445673+00:00,2026-09-29T09:51:09.445673+01:00,a3528907e418bd4262692a9b28311918,basketball_euroleague,Basketball Euroleague,2026-09-29T18:45:00+00:00,2026-09-29T19:45:00+01:00,Paris Basketball,KK Partizan NIS,paddypower,Paddy Power,2026-09-29T08:50:23Z,h2h,KK Partizan NIS,2.25,,0.4444444444444444,0.4109947643979057,0.2
2026-09-29T08:51:09.445673+00:00,2026-09-29T09:51:09.445673+01:00,a3528907e418bd4262692a9b28311918,basketball_euroleague,Basketball Euroleague,2026-09-29T18:45:00+00:00,2026-09-29T19:45:00+01:00,Paris Basketball,KK Partizan NIS,paddypower,Paddy Power,2026-09-29T08:50:23Z,h2h,Paris Basketball,1.57,,0.6369426751592356,0.5890052356020942,0.2
2026-09-29T08:51:09.445673+00:00,2026-09-29T09:51:09.445673+01:00,a3528907e418bd4262692a9b28311918,basketball_euroleague,Basketball Euroleague,2026-09-29T18:45:00+00:00,2026-09-29T19:45:00+01:00,Paris Basketball,KK Partizan NIS,coral,Coral,2026-09-29T08:50:24Z,h2h,KK Partizan NIS,2.25,,0.4444444444444444,0.4078947368421052,0.2
2026-09-29T08:51:09.445673+00:00,2026-09-29T09:51:09.445673+01:00,a3528907e418bd4262692a9b28311918,basketball_euroleague,Basketball Euroleague,2026-09-29T18:45:00+00:00,2026-09-29T19:45:00+01:00,Paris Basketball,KK Partizan NIS,coral,Coral,2026-09-29T08:50:24Z,h2h,Paris Basketball,1.55,,0.6451612903225806,0.5921052631578947,0.2
2026-09-29T08:51:09.445673+00:00,2026-09-29T09:51:09.445673+01:00,a3528907e418bd4262692a9b28311918,basketball_euroleague,Basketball Euroleague,2026-09-29T18:45:00+00:00,2026-09-29T19:45:00+01:00,Paris Basketball,KK Partizan NIS,ladbrokes_uk,Ladbrokes,2026-09-29T08:50:24Z,h2h,KK Partizan NIS,2.4,,0.4166666666666667,0.3716528162511542,0.2
2026-09-29T08:51:09.445673+00:00,2026-09-29T09:51:09.445673+01:00,a3528907e418bd4262692a9b28311918,basketball_euroleague,Basketball Euroleague,2026-09-29T18:45:00+00:00,2026-09-29T19:45:00+01:00,Paris Basketball,KK Partizan NIS,ladbrokes_uk,Ladbrokes,2026-09-29T08:50:24Z,h2h,Paris Basketball,1.61,,0.6211180124223602,0.5540166204986149,0.2
2026-09-29T08:51:09.445673+00:00,2026-09-29T09:51:09.445673+01:00,a3528907e418bd4262692a9b28311918,basketball_euroleague,Basketball Euroleague,2026-09-29T18:45:00+00:00,2026-09-29T19:45:00+01:00,Paris Basketball,KK Partizan NIS,ladbrokes_uk,Ladbrokes,2026-09-29T08:50:24Z,h2h,Draw,12.0,,0.08333333333333333,0.07433056325023084,0.2
2026-09-29T08:51:09.445673+00:00,2026-09-29T09:51:09.445673+01:00,a3528907e418bd4262692a9b28311918,basketball_euroleague,Basketball Euroleague,2026-09-29T18:45:00+00:00,2026-09-29T19:45:00+01:00,Paris Basketball,KK Partizan NIS,sport888,888sport,2026-09-29T08:50:51Z,h2h,KK Partizan NIS,2.15,,0.46511627906976744,0.44155844155844154,0.2
2026-09-29T08:51:09.445673+00:00,2026-09-29T09:51:09.445673+01:00,a3528907e418bd4262692a9b28311918,basketball_euroleague,Basketball Euroleague,2026-09-29T18:45:00+00:00,2026-09-29T19:45:00+01:00,Paris Basketball,KK Partizan NIS,sport888,888sport,2026-09-29T08:50:51Z,h2h,Paris Basketball,1.7,,0.5882352941176471,0.5584415584415584,0.2
2026-09-29T08:51:09.445673+00:00,2026-09-29T09:51:09.445673+01:00,a3528907e418bd4262692a9b28311918,basketball_euroleague,Basketball Euroleague,2026-09-29T18:45:00+00:00,2026-09-29T19:45:00+01:00,Paris Basketball,KK Partizan NIS,livescorebet,LiveScore Bet,2026-09-29T08:50:38Z,h2h,KK Partizan NIS,2.43,,0.4115226337448559,0.3894472361809045,0.2
2026-09-29T08:51:09.445673+00:00,2026-09-29T09:51:09.445673+01:00,a3528907e418bd4262692a9b28311918,basketball_euroleague,Basketball Euroleague,2026-09-29T18:45:00+00:00,2026-09-29T19:45:00+01:00,Paris Basketball,KK Partizan NIS,livescorebet,LiveScore Bet,2026-09-29T08:50:38Z,h2h,Paris Basketball,1.55,,0.6451612903225806,0.6105527638190955,0.2
2026-09-29T08:51:09.445673+00:00,2026-09-29T09:51:09.445673+01:00,a3528907e418bd4262692a9b28311918,basketball_euroleague,Basketball Euroleague,2026-09-29T18:45:00+00:00,2026-09-29T19:45:00+01:00,Paris Basketball,KK Partizan NIS,betway,Betway,2026-09-29T08:50:26Z,h2h,KK Partizan NIS,2.3,,0.4347826086956522,0.4177215189873418,0.2
2026-09-29T08:51:09.445673+00:00,2026-09-29T09:51:09.445673+01:00,a3528907e418bd4262692a9b28311918,basketball_euroleague,Basketball Euroleague,2026-09-29T18:45:00+00:00,2026-09-29T19:45:00+01:00,Paris Basketball,KK Partizan NIS,betway,Betway,2026-09-29T08:50:26Z,h2h,Paris Basketball,1.65,,0.6060606060606061,0.5822784810126582,0.2
2026-09-29T08:51:09.445673+00:00,2026-09-29T09:51:09.445673+01:00,a3528907e418bd4262692a9b28311918,basketball_euroleague,Basketball Euroleague,2026-09-29T18:45:00+00:00,2026-09-29T19:45:00+01:00,Paris Basketball,KK Partizan NIS,smarkets,Smarkets,2026-09-29T08:50:51Z,h2h,KK Partizan NIS,2.18,,0.4587155963302752,0.4202127659574468,0.2
2026-09-29T08:51:09.445673+00:00,2026-09-29T09:51:09.445673+01:00,a3528907e418bd4262692a9b28311918,basketball_euroleague,Basketball Euroleague,2026-09-29T18:45:00+00:00,2026-09-29T19:45:00+01:00,Paris Basketball,KK Partizan NIS,smarkets,Smarkets,2026-09-29T08:50:51Z,h2h,Paris Basketball,1.58,,0.6329113924050632,0.5797872340425532,0.2
2026-09-29T08:51:09.445673+00:00,2026-09-29T09:51:09.445673+01:00,a3528907e418bd4262692a9b28311918,basketball_euroleague,Basketball Euroleague,2026-09-29T18:45:00+00:00,2026-09-29T19:45:00+01:00,Paris Basketball,KK Partizan NIS,smarkets,Smarkets,2026-09-29T08:50:51Z,h2h_lay,KK Partizan NIS,2.72,,0.3676470588235294,1.0,0.2
2026-09-29T08:51:09.445673+00:00,2026-09-29T09:51:09.445673+01:00,a3528907e418bd4262692a9b28311918,basketball_euroleague,Basketball Euroleague,2026-09-29T18:45:00+00:00,2026-09-29T19:45:00+01:00,Paris Basketball,KK Partizan NIS,smarkets,Smarkets,2026-09-29T08:50:51Z,h2h_lay,Paris Basketball,1.85,,0.5405405405405405,1.0,0.2
2026-09-29T08:51:09.445673+00:00,2026-09-29T09:51:09.445673+01:00,a3528907e418bd4262692a9b28311918,basketball_euroleague,Basketball Euroleague,2026-09-29T18:45:00+00:00,2026-09-29T19:45:00+01:00,Paris Basketball,KK Partizan NIS,matchbook,Matchbook,2026-09-29T08:50:51Z,h2h,KK Partizan NIS,2.22,,0.4504504504504504,0.42783505154639173,0.2
2026-09-29T08:51:09.445673+00:00,2026-09-29T09:51:09.445673+01:00,a3528907e418bd4262692a9b28311918,basketball_euroleague,Basketball Euroleague,2026-09-29T18:45:00+00:00,2026-09-29T19:45:00+01:00,Paris Basketball,KK Partizan NIS,matchbook,Matchbook,2026-09-29T08:50:51Z,h2h,Paris Basketball,1.66,,0.6024096385542169,0.5721649484536083,0.2
2026-09-29T08:51:09.445673+00:00,2026-09-29T09:51:09.445673+01:00,a3528907e418bd4262692a9b28311918,basketball_euroleague,Basketball Euroleague,2026-09-29T18:45:00+00:00,2026-09-29T19:45:00+01:00,Paris Basketball,KK Partizan NIS,matchbook,Matchbook,2026-09-29T08:50:51Z,h2h_lay,KK Partizan NIS,2.5,,0.4,1.0,0.2
2026-09-29T08:51:09.445673+00:00,2026-09-29T09:51:09.445673+01:00,a3528907e418bd4262692a9b28311918,basketball_euroleague,Basketball Euroleague,2026-09-29T18:45:00+00:00,2026-09-29T19:45:00+01:00,Paris Basketball,KK Partizan NIS,matchbook,Matchbook,2026-09-29T08:50:51Z,h2h_lay,Paris Basketball,1.82,,0.5494505494505494,1.0,0.2
2026-09-29T08:51:09.445673+00:00,2026-09-29T09:51:09.445673+01:00,2776e0449907ae3e33442e516fcfc131,baseball_kbo,KBO,2026-09-29T09:30:00+00:00,2026-09-29T10:30:00+01:00,Doosan Bears,NC Dinos,leovegas,LeoVegas,2026-09-29T08:50:18Z,h2h,Doosan Bears,1.45,,0.6896551724137931,0.6463414634146342,0.2
2026-09-29T08:51:09.445673+00:00,2026-09-29T09:51:09.445673+01:00,2776e0449907ae3e33442e516fcfc131,baseball_kbo,KBO,2026-09-29T09:30:00+00:00,2026-09-29T10:30:00+01:00,Doosan Bears,NC Dinos,leovegas,LeoVegas,2026-09-29T08:50:18Z,h2h,NC Dinos,2.65,,0.37735849056603776,0.3536585365853659,0.2
2026-09-29T08:51:09.445673+00:00,2026-09-29T09:51:09.445673+01:00,2776e0449907ae3e33442e516fcfc131,baseball_kbo,KBO,2026-09-29T09:30:00+00:00,2026-09-29T10:30:00+01:00,Doosan Bears,NC Dinos,boylesports,BoyleSports,2026-09-29T08:50:19Z,h2h,Doosan Bears,1.44,,0.6944444444444444,0.645320197044335,0.2
2026-09-29T08:51:09.445673+00:00,2026-09-29T09:51:09.445673+01:00,2776e0449907ae3e33442e516fcfc131,baseball_kbo,KBO,2026-09-29T09:30:00+00:00,2026-09-29T10:30:00+01:00,Doosan Bears,NC Dinos,boylesports,BoyleSports,2026-09-29T08:50:19Z,h2h,NC Dinos,2.62,,0.38167938931297707,0.35467980295566504,0.2
2026-09-29T08:51:09.445673+00:00,2026-09-29T09:51:09.445673+01:00,2776e0449907ae3e33442e516fcfc131,baseball_kbo,KBO,2026-09-29T09:30:00+00:00,2026-09-29T10:30:00+01:00,Doosan Bears,NC Dinos,betway,Betway,2026-09-29T08:50:18Z,h2h,Doosan Bears,1.44,,0.6944444444444444,0.6435643564356436,0.2
2026-09-29T08:51:09.445673+00:00,2026-09-29T09:51:09.445673+01:00,2776e0449907ae3e33442e516fcfc131,baseball_kbo,KBO,2026-09-29T09:30:00+00:00,2026-09-29T10:30:00+01:00,Doosan Bears,NC Dinos,betway,Betway,2026-09-29T08:50:18Z,h2h,NC Dinos,2.6,,0.3846153846153846,0.3564356435643564,0.2
2026-09-29T08:51:09.445673+00:00,2026-09-29T09:51:09.445673+01:00,2776e0449907ae3e33442e516fcfc131,baseball_kbo,KBO,2026-09-29T09:30:00+00:00,2026-09-29T10:30:00+01:00,Doosan Bears,NC Dinos,coral,Coral,2026-09-29T08:51:00Z,h2h,Doosan Bears,1.44,,0.6944444444444444,0.6345177664974618,0.2
2026-09-29T08:51:09.445673+00:00,2026-09-29T09:51:09.445673+01:00,2776e0449907ae3e33442e516fcfc131,baseball_kbo,KBO,2026-09-29T09:30:00+00:00,2026-09-29T10:30:00+01:00,Doosan Bears,NC Dinos,coral,Coral,2026-09-29T08:51:00Z,h2h,NC Dinos,2.5,,0.4,0.36548223350253806,0.2
2026-09-29T08:51:09.445673+00:00,2026-09-29T09:51:09.445673+01:00,ae2a4075e8cd949fbd55bb05f480b38e,baseball_kbo,KBO,2026-09-29T09:30:00+00:00,2026-09-29T10:30:00+01:00,Samsung Lions,Hanwha Eagles,leovegas,LeoVegas,2026-09-29T08:50:18Z,h2h,Hanwha Eagles,3.3,,0.30303030303030304,0.28260869565217395,0.2
2026-09-29T08:51:09.445673+00:00,2026-09-29T09:51:09.445673+01:00,ae2a4075e8cd949fbd55bb05f480b38e,baseball_kbo,KBO,2026-09-29T09:30:00+00:00,2026-09-29T10:30:00+01:00,Samsung Lions,Hanwha Eagles,leovegas,LeoVegas,2026-09-29T08:50:18Z,h2h,Samsung Lions,1.3,,0.7692307692307692,0.717391304347826,0.2
2026-09-29T08:51:09.445673+00:00,2026-09-29T09:51:09.445673+01:00,ae2a4075e8cd949fbd55bb05f480b38e,baseball_kbo,KBO,2026-09-29T09:30:00+00:00,2026-09-29T10:30:00+01:00,Samsung Lions,Hanwha Eagles,boylesports,BoyleSports,2026-09-29T08:50:19Z,h2h,Hanwha Eagles,3.25,,0.3076923076923077,0.28571428571428575,0.2
2026-09-29T08:51:09.445673+00:00,2026-09-29T09:51:09.445673+01:00,ae2a4075e8cd949fbd55bb05f480b38e,baseball_kbo,KBO,2026-09-29T09:30:00+00:00,2026-09-29T10:30:00+01:00,Samsung Lions,Hanwha Eagles,boylesports,BoyleSports,2026-09-29T08:50:19Z,h2h,Samsung Lions,1.3,,0.7692307692307692,0.7142857142857143,0.2
2026-09-29T08:51:09.445673+00:00,2026-09-29T09:51:09.445673+01:00,ae2a4075e8cd949fbd55bb05f480b38e,baseball_kbo,KBO,2026-09-29T09:30:00+00:00,2026-09-29T10:30:00+01:00,Samsung Lions,Hanwha Eagles,betway,Betway,2026-09-29T08:50:18Z,h2h,Hanwha Eagles,3.2,,0.3125,0.2888888888888889,0.2
2026-09-29T08:51:09.445673+00:00,2026-09-29T09:51:09.445673+01:00,ae2a4075e8cd949fbd55bb05f480b38e,baseball_kbo,KBO,2026-09-29T09:30:00+00:00,2026-09-29T10:30:00+01:00,Samsung Lions,Hanwha Eagles,betway,Betway,2026-09-29T08:50:18Z,h2h,Samsung Lions,1.3,,0.7692307692307692,0.7111111111111111,0.2
2026-09-29T08:51:09.445673+00:00,2026-09-29T09:51:09.445673+01:00,ae2a4075e8cd949fbd55bb05f480b38e,baseball_kbo,KBO,2026-09-29T09:30:00+00:00,2026-09-29T10:30:00+01:00,Samsung Lions,Hanwha Eagles,coral,Coral,2026-09-29T08:51:00Z,h2h,Hanwha Eagles,3.3,,0.30303030303030304,0.27947598253275113,0.2
2026-09-29T08:51:09.445673+00:00,2026-09-29T09:51:09.445673+01:00,ae2a4075e8cd949fbd55bb05f480b38e,baseball_kbo,KBO,2026-09-29T09:30:00+00:00,2026-09-29T10:30:00+01:00,Samsung Lions,Hanwha Eagles,coral,Coral,2026-09-29T08:51:00Z,h2h,Samsung Lions,1.28,,0.78125,0.7205240174672489,0.2
2026-09-29T08:51:09.445673+00:00,2026-09-29T09:51:09.445673+01:00,5f6ca2c6d96a30eb0d008c9311f0ede0,baseball_kbo,KBO,2026-09-29T09:30:00+00:00,2026-09-29T10:30:00+01:00,Kia Tigers,KT Wiz,leovegas,LeoVegas,2026-09-29T08:50:18Z,h2h,Kia Tigers,1.7,,0.5882352941176471,0.5502645502645503,0.2
2026-09-29T08:51:09.445673+00:00,2026-09-29T09:51:09.445673+01:00,5f6ca2c6d96a30eb0d008c9311f0ede0,baseball_kbo,KBO,2026-09-29T09:30:00+00:00,2026-09-29T10:30:00+01:00,Kia Tigers,KT Wiz,leovegas,LeoVegas,2026-09-29T08:50:18Z,h2h,KT Wiz,2.08,,0.4807692307692307,0.4497354497354497,0.2
2026-09-29T08:51:09.445673+00:00,2026-09-29T09:51:09.445673+01:00,5f6ca2c6d96a30eb0d008c9311f0ede0,baseball_kbo,KBO,2026-09-29T09:30:00+00:00,2026-09-29T10:30:00+01:00,Kia Tigers,KT Wiz,boylesports,BoyleSports,2026-09-29T08:50:19Z,h2h,Kia Tigers,1.67,,0.5988023952095809,0.557029177718833,0.2
2026-09-29T08:51:09.445673+00:00,2026-09-29T09:51:09.445673+01:00,5f6ca2c6d96a30eb0d008c9311f0ede0,baseball_kbo,KBO,2026-09-29T09:30:00+00:00,2026-09-29T10:30:00+01:00,Kia Tigers,KT Wiz,boylesports,BoyleSports,2026-09-29T08:50:19Z,h2h,KT Wiz,2.1,,0.47619047619047616,0.44297082228116713,0.2
2026-09-29T08:51:09.445673+00:00,2026-09-29T09:51:09.445673+01:00,5f6ca2c6d96a30eb0d008c9311f0ede0,baseball_kbo,KBO,2026-09-29T09:30:00+00:00,2026-09-29T10:30:00+01:00,Kia Tigers,KT Wiz,betway,Betway,2026-09-29T08:50:18Z,h2h,Kia Tigers,1.69,,0.591715976331361,0.5481283422459893,0.2
2026-09-29T08:51:09.445673+00:00,2026-09-29T09:51:09.445673+01:00,5f6ca2c6d96a30eb0d008c9311f0ede0,baseball_kbo,KBO,2026-09-29T09:30:00+00:00,2026-09-29T10:30:00+01:00,Kia Tigers,KT Wiz,betway,Betway,2026-09-29T08:50:18Z,h2h,KT Wiz,2.05,,0.48780487804878053,0.45187165775401067,0.2
2026-09-29T08:51:09.445673+00:00,2026-09-29T09:51:09.445673+01:00,5f6ca2c6d96a30eb0d008c9311f0ede0,baseball_kbo,KBO,2026-09-29T09:30:00+00:00,2026-09-29T10:30:00+01:00,Kia Tigers,KT Wiz,coral,Coral,2026-09-29T08:51:00Z,h2h,Kia Tigers,1.75,,0.5714285714285714,0.527027027027027,0.2
2026-09-29T08:51:09.445673+00:00,2026-09-29T09:51:09.445673+01:00,5f6ca2c6d96a30eb0d008c9311f0ede0,baseball_kbo,KBO,2026-09-29T09:30:00+00:00,2026-09-29T10:30:00+01:00,Kia Tigers,KT Wiz,coral,Coral,2026-09-29T08:51:00Z,h2h,KT Wiz,1.95,,0.5128205128205129,0.47297297297297297,0.2
2026-09-29T08:51:09.445673+00:00,2026-09-29T09:51:09.445673+01:00,fd2b78fad0fd28b0abe32f8422186e35,baseball_kbo,KBO,2026-09-29T09:30:00+00:00,2026-09-29T10:30:00+01:00,Lotte Giants,Kiwoom Heroes,leovegas,LeoVegas,2026-09-29T08:50:18Z,h2h,Kiwoom Heroes,2.65,,0.37735849056603776,0.3536585365853659,0.2
2026-09-29T08:51:09.445673+00:00,2026-09-29T09:51:09.445673+01:00,fd2b78fad0fd28b0abe32f8422186e35,baseball_kbo,KBO,2026-09-29T09:30:00+00:00,2026-09-29T10:30:00+01:00,Lotte Giants,Kiwoom Heroes,leovegas,LeoVegas,2026-09-29T08:50:18Z,h2h,Lotte Giants,1.45,,0.6896551724137931,0.6463414634146342,0.2
2026-09-29T08:51:09.445673+00:00,2026-09-29T09:51:09.445673+01:00,fd2b78fad0fd28b0abe32f8422186e35,baseball_kbo,KBO,2026-09-29T09:30:00+00:00,2026-09-29T10:30:00+01:00,Lotte Giants,Kiwoom Heroes,boylesports,BoyleSports,2026-09-29T08:50:19Z,h2h,Kiwoom Heroes,2.62,,0.38167938931297707,0.35467980295566504,0.2
2026-09-29T08:51:09.445673+00:00,2026-09-29T09:51:09.445673+01:00,fd2b78fad0fd28b0abe32f8422186e35,baseball_kbo,KBO,2026-09-29T09:30:00+00:00,2026-09-29T10:30:00+01:00,Lotte Giants,Kiwoom Heroes,boylesports,BoyleSports,2026-09-29T08:50:19Z,h2h,Lotte Giants,1.44,,0.6944444444444444,0.645320197044335,0.2
2026-09-29T08:51:09.445673+00:00,2026-09-29T09:51:09.445673+01:00,fd2b78fad0fd28b0abe32f8422186e35,baseball_kbo,KBO,2026-09-29T09:30:00+00:00,2026-09-29T10:30:00+01:00,Lotte Giants,Kiwoom Heroes,betway,Betway,2026-09-29T08:50:18Z,h2h,Kiwoom Heroes,2.6,,0.3846153846153846,0.3564356435643564,0.2
2026-09-29T08:51:09.445673+00:00,2026-09-29T09:51:09.445673+01:00,fd2b78fad0fd28b0abe32f8422186e35,baseball_kbo,KBO,2026-09-29T09:30:00+00:00,2026-09-29T10:30:00+01:00,Lotte Giants,Kiwoom Heroes,betway,Betway,2026-09-29T08:50:18Z,h2h,Lotte Giants,1.44,,0.6944444444444444,0.6435643564356436,0.2
2026-09-29T08:51:09.445673+00:00,2026-09-29T09:51:09.445673+01:00,fd2b78fad0fd28b0abe32f8422186e35,baseball_kbo,KBO,2026-09-29T09:30:00+00:00,2026-09-29T10:30:00+01:00,Lotte Giants,Kiwoom Heroes,coral,Coral,2026-09-29T08:51:00Z,h2h,Kiwoom Heroes,2.5,,0.4,0.37185929648241206,0.2
2026-09-29T08:51:09.445673+00:00,2026-09-29T09:51:09.445673+01:00,fd2b78fad0fd28b0abe32f8422186e35,baseball_kbo,KBO,2026-09-29T09:30:00+00:00,2026-09-29T10:30:00+01:00,Lotte Giants,Kiwoom Heroes,coral,Coral,2026-09-29T08:51:00Z,h2h,Lotte Giants,1.48,,0.6756756756756757,0.6281407035175879,0.2
2026-09-29T08:51:09.445673+00:00,2026-09-29T09:51:09.445673+01:00,1e725d2c236429f9b475677ccc63c459,baseball_kbo,KBO,2026-09-29T09:30:00+00:00,2026-09-29T10:30:00+01:00,SSG Landers,LG Twins,leovegas,LeoVegas,2026-09-29T08:50:18Z,h2h,LG Twins,1.75,,0.5714285714285714,0.5308310991957105,0.2
2026-09-29T08:51:09.445673+00:00,2026-09-29T09:51:09.445673+01:00,1e725d2c236429f9b475677ccc63c459,baseball_kbo,KBO,2026-09-29T09:30:00+00:00,2026-09-29T10:30:00+01:00,SSG Landers,LG Twins,leovegas,LeoVegas,2026-09-29T08:50:18Z,h2h,SSG Landers,1.98,,0.5050505050505051,0.46916890080428963,0.2
2026-09-29T08:51:09.445673+00:00,2026-09-29T09:51:09.445673+01:00,1e725d2c236429f9b475677ccc63c459,baseball_kbo,KBO,2026-09-29T09:30:00+00:00,2026-09-29T10:30:00+01:00,SSG Landers,LG Twins,boylesports,BoyleSports,2026-09-29T08:50:19Z,h2h,LG Twins,1.73,,0.5780346820809249,0.5361930294906166,0.2
2026-09-29T08:51:09.445673+00:00,2026-09-29T09:51:09.445673+01:00,1e725d2c236429f9b475677ccc63c459,baseball_kbo,KBO,2026-09-29T09:30:00+00:00,2026-09-29T10:30:00+01:00,SSG Landers,LG Twins,boylesports,BoyleSports,2026-09-29T08:50:19Z,h2h,SSG Landers,2.0,,0.5,0.4638069705093834,0.2
2026-09-29T08:51:09.445673+00:00,2026-09-29T09:51:09.445673+01:00,1e725d2c236429f9b475677ccc63c459,baseball_kbo,KBO,2026-09-29T09:30:00+00:00,2026-09-29T10:30:00+01:00,SSG Landers,LG Twins,betway,Betway,2026-09-29T08:50:18Z,h2h,LG Twins,1.74,,0.5747126436781609,0.5284552845528455,0.2
2026-09-29T08:51:09.445673+00:00,2026-09-29T09:51:09.445673+01:00,1e725d2c236429f9b475677ccc63c459,baseball_kbo,KBO,2026-09-29T09:30:00+00:00,2026-09-29T10:30:00+01:00,SSG Landers,LG Twins,betway,Betway,2026-09-29T08:50:18Z,h2h,SSG Landers,1.95,,0.5128205128205129,0.4715447154471546,0.2
2026-09-29T08:51:09.445673+00:00,2026-09-29T09:51:09.445673+01:00,1e725d2c236429f9b475677ccc63c459,baseball_kbo,KBO,2026-09-29T09:30:00+00:00,2026-09-29T10:30:00+01:00,SSG Landers,LG Twins,coral,Coral,2026-09-29T08:51:00Z,h2h,LG Twins,1.73,,0.5780346820809249,0.5361930294906166,0.2
2026-09-29T08:51:09.445673+00:00,2026-09-29T09:51:09.445673+01:00,1e725d2c236429f9b475677ccc63c459,baseball_kbo,KBO,2026-09-29T09:30:00+00:00,2026-09-29T10:30:00+01:00,SSG Landers,LG Twins,coral,Coral,2026-09-29T08:51:00Z,h2h,SSG Landers,2.0,,0.5,0.4638069705093834,0.2
