observed_at_utc,observed_at_london,event_id,sport_key,sport_title,commence_time_utc,commence_time_london,home_team,away_team,bookmaker_key,bookmaker_title,bookmaker_last_update,market,outcome,price_decimal,point,raw_implied_probability,market_de_vigged_probability,schema_version
2026-10-03T08:49:08.680049+00:00,2026-10-03T09:49:08.680049+01:00,8d556511643d0c038bff0b7cf4f2b64f,icehockey_nhl,NHL,2026-10-03T23:10:00+00:00,2026-10-04T00:10:00+01:00,Buffalo Sabres,Chicago Blackhawks,coral,Coral,2026-10-03T08:48:10Z,h2h,Buffalo Sabres,1.44,,0.6944444444444444,0.6682027649769585,0.2
2026-10-03T08:49:08.680049+00:00,2026-10-03T09:49:08.680049+01:00,8d556511643d0c038bff0b7cf4f2b64f,icehockey_nhl,NHL,2026-10-03T23:10:00+00:00,2026-10-04T00:10:00+01:00,Buffalo Sabres,Chicago Blackhawks,coral,Coral,2026-10-03T08:48:10Z,h2h,Chicago Blackhawks,2.9,,0.3448275862068966,0.3317972350230415,0.2
2026-10-03T08:49:08.680049+00:00,2026-10-03T09:49:08.680049+01:00,8d556511643d0c038bff0b7cf4f2b64f,icehockey_nhl,NHL,2026-10-03T23:10:00+00:00,2026-10-04T00:10:00+01:00,Buffalo Sabres,Chicago Blackhawks,coral,Coral,2026-10-03T08:48:10Z,spreads,Buffalo Sabres,2.05,-1.5,0.48780487804878053,0.4675324675324676,0.2
2026-10-03T08:49:08.680049+00:00,2026-10-03T09:49:08.680049+01:00,8d556511643d0c038bff0b7cf4f2b64f,icehockey_nhl,NHL,2026-10-03T23:10:00+00:00,2026-10-04T00:10:00+01:00,Buffalo Sabres,Chicago Blackhawks,coral,Coral,2026-10-03T08:48:10Z,spreads,Chicago Blackhawks,1.8,1.5,0.5555555555555556,0.5324675324675325,0.2
2026-10-03T08:49:08.680049+00:00,2026-10-03T09:49:08.680049+01:00,8d556511643d0c038bff0b7cf4f2b64f,icehockey_nhl,NHL,2026-10-03T23:10:00+00:00,2026-10-04T00:10:00+01:00,Buffalo Sabres,Chicago Blackhawks,coral,Coral,2026-10-03T08:48:10Z,totals,Over,1.73,6.0,0.5780346820809249,0.5361930294906166,0.2
2026-10-03T08:49:08.680049+00:00,2026-10-03T09:49:08.680049+01:00,8d556511643d0c038bff0b7cf4f2b64f,icehockey_nhl,NHL,2026-10-03T23:10:00+00:00,2026-10-04T00:10:00+01:00,Buffalo Sabres,Chicago Blackhawks,coral,Coral,2026-10-03T08:48:10Z,totals,Under,2.0,6.0,0.5,0.4638069705093834,0.2
2026-10-03T08:49:08.680049+00:00,2026-10-03T09:49:08.680049+01:00,8d556511643d0c038bff0b7cf4f2b64f,icehockey_nhl,NHL,2026-10-03T23:10:00+00:00,2026-10-04T00:10:00+01:00,Buffalo Sabres,Chicago Blackhawks,ladbrokes_uk,Ladbrokes,2026-10-03T08:48:27Z,h2h,Buffalo Sabres,1.44,,0.6944444444444444,0.6682027649769585,0.2
2026-10-03T08:49:08.680049+00:00,2026-10-03T09:49:08.680049+01:00,8d556511643d0c038bff0b7cf4f2b64f,icehockey_nhl,NHL,2026-10-03T23:10:00+00:00,2026-10-04T00:10:00+01:00,Buffalo Sabres,Chicago Blackhawks,ladbrokes_uk,Ladbrokes,2026-10-03T08:48:27Z,h2h,Chicago Blackhawks,2.9,,0.3448275862068966,0.3317972350230415,0.2
2026-10-03T08:49:08.680049+00:00,2026-10-03T09:49:08.680049+01:00,8d556511643d0c038bff0b7cf4f2b64f,icehockey_nhl,NHL,2026-10-03T23:10:00+00:00,2026-10-04T00:10:00+01:00,Buffalo Sabres,Chicago Blackhawks,ladbrokes_uk,Ladbrokes,2026-10-03T08:48:27Z,spreads,Buffalo Sabres,2.05,-1.5,0.48780487804878053,0.4675324675324676,0.2
2026-10-03T08:49:08.680049+00:00,2026-10-03T09:49:08.680049+01:00,8d556511643d0c038bff0b7cf4f2b64f,icehockey_nhl,NHL,2026-10-03T23:10:00+00:00,2026-10-04T00:10:00+01:00,Buffalo Sabres,Chicago Blackhawks,ladbrokes_uk,Ladbrokes,2026-10-03T08:48:27Z,spreads,Chicago Blackhawks,1.8,1.5,0.5555555555555556,0.5324675324675325,0.2
2026-10-03T08:49:08.680049+00:00,2026-10-03T09:49:08.680049+01:00,8d556511643d0c038bff0b7cf4f2b64f,icehockey_nhl,NHL,2026-10-03T23:10:00+00:00,2026-10-04T00:10:00+01:00,Buffalo Sabres,Chicago Blackhawks,ladbrokes_uk,Ladbrokes,2026-10-03T08:48:27Z,totals,Over,1.73,6.0,0.5780346820809249,0.5361930294906166,0.2
2026-10-03T08:49:08.680049+00:00,2026-10-03T09:49:08.680049+01:00,8d556511643d0c038bff0b7cf4f2b64f,icehockey_nhl,NHL,2026-10-03T23:10:00+00:00,2026-10-04T00:10:00+01:00,Buffalo Sabres,Chicago Blackhawks,ladbrokes_uk,Ladbrokes,2026-10-03T08:48:27Z,totals,Under,2.0,6.0,0.5,0.4638069705093834,0.2
2026-10-03T08:49:08.680049+00:00,2026-10-03T09:49:08.680049+01:00,8d556511643d0c038bff0b7cf4f2b64f,icehockey_nhl,NHL,2026-10-03T23:10:00+00:00,2026-10-04T00:10:00+01:00,Buffalo Sabres,Chicago Blackhawks,unibet_uk,Unibet (UK),2026-10-03T08:48:44Z,h2h,Buffalo Sabres,1.75,,0.5714285714285714,0.5475285171102662,0.2
2026-10-03T08:49:08.680049+00:00,2026-10-03T09:49:08.680049+01:00,8d556511643d0c038bff0b7cf4f2b64f,icehockey_nhl,NHL,2026-10-03T23:10:00+00:00,2026-10-04T00:10:00+01:00,Buffalo Sabres,Chicago Blackhawks,unibet_uk,Unibet (UK),2026-10-03T08:48:44Z,h2h,Chicago Blackhawks,4.0,,0.25,0.2395437262357415,0.2
2026-10-03T08:49:08.680049+00:00,2026-10-03T09:49:08.680049+01:00,8d556511643d0c038bff0b7cf4f2b64f,icehockey_nhl,NHL,2026-10-03T23:10:00+00:00,2026-10-04T00:10:00+01:00,Buffalo Sabres,Chicago Blackhawks,unibet_uk,Unibet (UK),2026-10-03T08:48:44Z,h2h,Draw,4.5,,0.2222222222222222,0.2129277566539924,0.2
2026-10-03T08:49:08.680049+00:00,2026-10-03T09:49:08.680049+01:00,8d556511643d0c038bff0b7cf4f2b64f,icehockey_nhl,NHL,2026-10-03T23:10:00+00:00,2026-10-04T00:10:00+01:00,Buffalo Sabres,Chicago Blackhawks,smarkets,Smarkets,2026-10-03T08:48:59Z,h2h,Buffalo Sabres,1.45,,0.6896551724137931,0.6741573033707866,0.2
2026-10-03T08:49:08.680049+00:00,2026-10-03T09:49:08.680049+01:00,8d556511643d0c038bff0b7cf4f2b64f,icehockey_nhl,NHL,2026-10-03T23:10:00+00:00,2026-10-04T00:10:00+01:00,Buffalo Sabres,Chicago Blackhawks,smarkets,Smarkets,2026-10-03T08:48:59Z,h2h,Chicago Blackhawks,3.0,,0.3333333333333333,0.32584269662921345,0.2
2026-10-03T08:49:08.680049+00:00,2026-10-03T09:49:08.680049+01:00,8d556511643d0c038bff0b7cf4f2b64f,icehockey_nhl,NHL,2026-10-03T23:10:00+00:00,2026-10-04T00:10:00+01:00,Buffalo Sabres,Chicago Blackhawks,smarkets,Smarkets,2026-10-03T08:48:59Z,h2h_lay,Buffalo Sabres,1.51,,0.6622516556291391,1.0,0.2
2026-10-03T08:49:08.680049+00:00,2026-10-03T09:49:08.680049+01:00,8d556511643d0c038bff0b7cf4f2b64f,icehockey_nhl,NHL,2026-10-03T23:10:00+00:00,2026-10-04T00:10:00+01:00,Buffalo Sabres,Chicago Blackhawks,smarkets,Smarkets,2026-10-03T08:48:59Z,h2h_lay,Chicago Blackhawks,3.2,,0.3125,1.0,0.2
2026-10-03T08:49:08.680049+00:00,2026-10-03T09:49:08.680049+01:00,8d556511643d0c038bff0b7cf4f2b64f,icehockey_nhl,NHL,2026-10-03T23:10:00+00:00,2026-10-04T00:10:00+01:00,Buffalo Sabres,Chicago Blackhawks,williamhill,William Hill,2026-10-03T08:49:00Z,h2h,Buffalo Sabres,1.44,,0.6944444444444444,0.6563245823389022,0.2
2026-10-03T08:49:08.680049+00:00,2026-10-03T09:49:08.680049+01:00,8d556511643d0c038bff0b7cf4f2b64f,icehockey_nhl,NHL,2026-10-03T23:10:00+00:00,2026-10-04T00:10:00+01:00,Buffalo Sabres,Chicago Blackhawks,williamhill,William Hill,2026-10-03T08:49:00Z,h2h,Chicago Blackhawks,2.75,,0.36363636363636365,0.3436754176610979,0.2
2026-10-03T08:49:08.680049+00:00,2026-10-03T09:49:08.680049+01:00,8d556511643d0c038bff0b7cf4f2b64f,icehockey_nhl,NHL,2026-10-03T23:10:00+00:00,2026-10-04T00:10:00+01:00,Buffalo Sabres,Chicago Blackhawks,williamhill,William Hill,2026-10-03T08:49:00Z,spreads,Buffalo Sabres,2.0,-1.5,0.5,0.47368421052631576,0.2
2026-10-03T08:49:08.680049+00:00,2026-10-03T09:49:08.680049+01:00,8d556511643d0c038bff0b7cf4f2b64f,icehockey_nhl,NHL,2026-10-03T23:10:00+00:00,2026-10-04T00:10:00+01:00,Buffalo Sabres,Chicago Blackhawks,williamhill,William Hill,2026-10-03T08:49:00Z,spreads,Chicago Blackhawks,1.8,1.5,0.5555555555555556,0.5263157894736842,0.2
2026-10-03T08:49:08.680049+00:00,2026-10-03T09:49:08.680049+01:00,8d556511643d0c038bff0b7cf4f2b64f,icehockey_nhl,NHL,2026-10-03T23:10:00+00:00,2026-10-04T00:10:00+01:00,Buffalo Sabres,Chicago Blackhawks,williamhill,William Hill,2026-10-03T08:49:00Z,totals,Over,2.0,6.5,0.5,0.47368421052631576,0.2
2026-10-03T08:49:08.680049+00:00,2026-10-03T09:49:08.680049+01:00,8d556511643d0c038bff0b7cf4f2b64f,icehockey_nhl,NHL,2026-10-03T23:10:00+00:00,2026-10-04T00:10:00+01:00,Buffalo Sabres,Chicago Blackhawks,williamhill,William Hill,2026-10-03T08:49:00Z,totals,Under,1.8,6.5,0.5555555555555556,0.5263157894736842,0.2
2026-10-03T08:49:08.680049+00:00,2026-10-03T09:49:08.680049+01:00,8d556511643d0c038bff0b7cf4f2b64f,icehockey_nhl,NHL,2026-10-03T23:10:00+00:00,2026-10-04T00:10:00+01:00,Buffalo Sabres,Chicago Blackhawks,betway,Betway,2026-10-03T08:48:11Z,h2h,Buffalo Sabres,1.71,,0.5847953216374269,0.5394690620765795,0.2
2026-10-03T08:49:08.680049+00:00,2026-10-03T09:49:08.680049+01:00,8d556511643d0c038bff0b7cf4f2b64f,icehockey_nhl,NHL,2026-10-03T23:10:00+00:00,2026-10-04T00:10:00+01:00,Buffalo Sabres,Chicago Blackhawks,betway,Betway,2026-10-03T08:48:11Z,h2h,Chicago Blackhawks,3.75,,0.26666666666666666,0.2459978923069203,0.2
2026-10-03T08:49:08.680049+00:00,2026-10-03T09:49:08.680049+01:00,8d556511643d0c038bff0b7cf4f2b64f,icehockey_nhl,NHL,2026-10-03T23:10:00+00:00,2026-10-04T00:10:00+01:00,Buffalo Sabres,Chicago Blackhawks,betway,Betway,2026-10-03T08:48:11Z,h2h,Draw,4.3,,0.23255813953488372,0.21453304561650025,0.2
2026-10-03T08:49:08.680049+00:00,2026-10-03T09:49:08.680049+01:00,8d556511643d0c038bff0b7cf4f2b64f,icehockey_nhl,NHL,2026-10-03T23:10:00+00:00,2026-10-04T00:10:00+01:00,Buffalo Sabres,Chicago Blackhawks,paddypower,Paddy Power,2026-10-03T08:47:55Z,h2h,Buffalo Sabres,1.43,,0.6993006993006994,0.6697459584295612,0.2
2026-10-03T08:49:08.680049+00:00,2026-10-03T09:49:08.680049+01:00,8d556511643d0c038bff0b7cf4f2b64f,icehockey_nhl,NHL,2026-10-03T23:10:00+00:00,2026-10-04T00:10:00+01:00,Buffalo Sabres,Chicago Blackhawks,paddypower,Paddy Power,2026-10-03T08:47:55Z,h2h,Chicago Blackhawks,2.9,,0.3448275862068966,0.3302540415704388,0.2
2026-10-03T08:49:08.680049+00:00,2026-10-03T09:49:08.680049+01:00,8d556511643d0c038bff0b7cf4f2b64f,icehockey_nhl,NHL,2026-10-03T23:10:00+00:00,2026-10-04T00:10:00+01:00,Buffalo Sabres,Chicago Blackhawks,betfair_sb_uk,Betfair Sportsbook,2026-10-03T08:47:56Z,h2h,Buffalo Sabres,1.43,,0.6993006993006994,0.6697459584295612,0.2
2026-10-03T08:49:08.680049+00:00,2026-10-03T09:49:08.680049+01:00,8d556511643d0c038bff0b7cf4f2b64f,icehockey_nhl,NHL,2026-10-03T23:10:00+00:00,2026-10-04T00:10:00+01:00,Buffalo Sabres,Chicago Blackhawks,betfair_sb_uk,Betfair Sportsbook,2026-10-03T08:47:56Z,h2h,Chicago Blackhawks,2.9,,0.3448275862068966,0.3302540415704388,0.2
2026-10-03T08:49:08.680049+00:00,2026-10-03T09:49:08.680049+01:00,8d556511643d0c038bff0b7cf4f2b64f,icehockey_nhl,NHL,2026-10-03T23:10:00+00:00,2026-10-04T00:10:00+01:00,Buffalo Sabres,Chicago Blackhawks,betfair_ex_uk,Betfair,2026-10-03T08:48:44Z,h2h,Buffalo Sabres,1.46,,0.684931506849315,0.6762749445676275,0.2
2026-10-03T08:49:08.680049+00:00,2026-10-03T09:49:08.680049+01:00,8d556511643d0c038bff0b7cf4f2b64f,icehockey_nhl,NHL,2026-10-03T23:10:00+00:00,2026-10-04T00:10:00+01:00,Buffalo Sabres,Chicago Blackhawks,betfair_ex_uk,Betfair,2026-10-03T08:48:44Z,h2h,Chicago Blackhawks,3.05,,0.3278688524590164,0.32372505543237257,0.2
2026-10-03T08:49:08.680049+00:00,2026-10-03T09:49:08.680049+01:00,8d556511643d0c038bff0b7cf4f2b64f,icehockey_nhl,NHL,2026-10-03T23:10:00+00:00,2026-10-04T00:10:00+01:00,Buffalo Sabres,Chicago Blackhawks,betfair_ex_uk,Betfair,2026-10-03T08:48:44Z,h2h_lay,Buffalo Sabres,1.49,,0.6711409395973155,1.0,0.2
2026-10-03T08:49:08.680049+00:00,2026-10-03T09:49:08.680049+01:00,8d556511643d0c038bff0b7cf4f2b64f,icehockey_nhl,NHL,2026-10-03T23:10:00+00:00,2026-10-04T00:10:00+01:00,Buffalo Sabres,Chicago Blackhawks,betfair_ex_uk,Betfair,2026-10-03T08:48:44Z,h2h_lay,Chicago Blackhawks,3.2,,0.3125,1.0,0.2
2026-10-03T08:49:08.680049+00:00,2026-10-03T09:49:08.680049+01:00,8d556511643d0c038bff0b7cf4f2b64f,icehockey_nhl,NHL,2026-10-03T23:10:00+00:00,2026-10-04T00:10:00+01:00,Buffalo Sabres,Chicago Blackhawks,casumo,Casumo,2026-10-03T08:48:26Z,h2h,Buffalo Sabres,1.72,,0.5813953488372093,0.5526315789473685,0.2
2026-10-03T08:49:08.680049+00:00,2026-10-03T09:49:08.680049+01:00,8d556511643d0c038bff0b7cf4f2b64f,icehockey_nhl,NHL,2026-10-03T23:10:00+00:00,2026-10-04T00:10:00+01:00,Buffalo Sabres,Chicago Blackhawks,casumo,Casumo,2026-10-03T08:48:26Z,h2h,Chicago Blackhawks,4.3,,0.23255813953488372,0.2210526315789474,0.2
2026-10-03T08:49:08.680049+00:00,2026-10-03T09:49:08.680049+01:00,8d556511643d0c038bff0b7cf4f2b64f,icehockey_nhl,NHL,2026-10-03T23:10:00+00:00,2026-10-04T00:10:00+01:00,Buffalo Sabres,Chicago Blackhawks,casumo,Casumo,2026-10-03T08:48:26Z,h2h,Draw,4.2,,0.23809523809523808,0.22631578947368422,0.2
2026-10-03T08:49:08.680049+00:00,2026-10-03T09:49:08.680049+01:00,8d556511643d0c038bff0b7cf4f2b64f,icehockey_nhl,NHL,2026-10-03T23:10:00+00:00,2026-10-04T00:10:00+01:00,Buffalo Sabres,Chicago Blackhawks,casumo,Casumo,2026-10-03T08:48:26Z,spreads,Buffalo Sabres,2.12,-1.5,0.4716981132075471,0.44791666666666663,0.2
2026-10-03T08:49:08.680049+00:00,2026-10-03T09:49:08.680049+01:00,8d556511643d0c038bff0b7cf4f2b64f,icehockey_nhl,NHL,2026-10-03T23:10:00+00:00,2026-10-04T00:10:00+01:00,Buffalo Sabres,Chicago Blackhawks,casumo,Casumo,2026-10-03T08:48:26Z,spreads,Chicago Blackhawks,1.72,1.5,0.5813953488372093,0.5520833333333334,0.2
2026-10-03T08:49:08.680049+00:00,2026-10-03T09:49:08.680049+01:00,8d556511643d0c038bff0b7cf4f2b64f,icehockey_nhl,NHL,2026-10-03T23:10:00+00:00,2026-10-04T00:10:00+01:00,Buffalo Sabres,Chicago Blackhawks,casumo,Casumo,2026-10-03T08:48:26Z,totals,Over,1.64,5.5,0.6097560975609756,0.5784061696658098,0.2
2026-10-03T08:49:08.680049+00:00,2026-10-03T09:49:08.680049+01:00,8d556511643d0c038bff0b7cf4f2b64f,icehockey_nhl,NHL,2026-10-03T23:10:00+00:00,2026-10-04T00:10:00+01:00,Buffalo Sabres,Chicago Blackhawks,casumo,Casumo,2026-10-03T08:48:26Z,totals,Under,2.25,5.5,0.4444444444444444,0.4215938303341903,0.2
2026-10-03T08:49:08.680049+00:00,2026-10-03T09:49:08.680049+01:00,8d556511643d0c038bff0b7cf4f2b64f,icehockey_nhl,NHL,2026-10-03T23:10:00+00:00,2026-10-04T00:10:00+01:00,Buffalo Sabres,Chicago Blackhawks,grosvenor,Grosvenor,2026-10-03T08:48:58Z,h2h,Buffalo Sabres,1.72,,0.5813953488372093,0.5526315789473685,0.2
2026-10-03T08:49:08.680049+00:00,2026-10-03T09:49:08.680049+01:00,8d556511643d0c038bff0b7cf4f2b64f,icehockey_nhl,NHL,2026-10-03T23:10:00+00:00,2026-10-04T00:10:00+01:00,Buffalo Sabres,Chicago Blackhawks,grosvenor,Grosvenor,2026-10-03T08:48:58Z,h2h,Chicago Blackhawks,4.3,,0.23255813953488372,0.2210526315789474,0.2
2026-10-03T08:49:08.680049+00:00,2026-10-03T09:49:08.680049+01:00,8d556511643d0c038bff0b7cf4f2b64f,icehockey_nhl,NHL,2026-10-03T23:10:00+00:00,2026-10-04T00:10:00+01:00,Buffalo Sabres,Chicago Blackhawks,grosvenor,Grosvenor,2026-10-03T08:48:58Z,h2h,Draw,4.2,,0.23809523809523808,0.22631578947368422,0.2
2026-10-03T08:49:08.680049+00:00,2026-10-03T09:49:08.680049+01:00,8d556511643d0c038bff0b7cf4f2b64f,icehockey_nhl,NHL,2026-10-03T23:10:00+00:00,2026-10-04T00:10:00+01:00,Buffalo Sabres,Chicago Blackhawks,grosvenor,Grosvenor,2026-10-03T08:48:58Z,totals,Over,1.64,5.5,0.6097560975609756,0.5784061696658098,0.2
2026-10-03T08:49:08.680049+00:00,2026-10-03T09:49:08.680049+01:00,8d556511643d0c038bff0b7cf4f2b64f,icehockey_nhl,NHL,2026-10-03T23:10:00+00:00,2026-10-04T00:10:00+01:00,Buffalo Sabres,Chicago Blackhawks,grosvenor,Grosvenor,2026-10-03T08:48:58Z,totals,Under,2.25,5.5,0.4444444444444444,0.4215938303341903,0.2
2026-10-03T08:49:08.680049+00:00,2026-10-03T09:49:08.680049+01:00,8d556511643d0c038bff0b7cf4f2b64f,icehockey_nhl,NHL,2026-10-03T23:10:00+00:00,2026-10-04T00:10:00+01:00,Buffalo Sabres,Chicago Blackhawks,virginbet,Virgin Bet,2026-10-03T08:48:28Z,totals,Over,1.64,5.5,0.6097560975609756,0.5784061696658098,0.2
2026-10-03T08:49:08.680049+00:00,2026-10-03T09:49:08.680049+01:00,8d556511643d0c038bff0b7cf4f2b64f,icehockey_nhl,NHL,2026-10-03T23:10:00+00:00,2026-10-04T00:10:00+01:00,Buffalo Sabres,Chicago Blackhawks,virginbet,Virgin Bet,2026-10-03T08:48:28Z,totals,Under,2.25,5.5,0.4444444444444444,0.4215938303341903,0.2
2026-10-03T08:49:08.680049+00:00,2026-10-03T09:49:08.680049+01:00,8d556511643d0c038bff0b7cf4f2b64f,icehockey_nhl,NHL,2026-10-03T23:10:00+00:00,2026-10-04T00:10:00+01:00,Buffalo Sabres,Chicago Blackhawks,livescorebet,LiveScore Bet,2026-10-03T08:48:28Z,totals,Over,1.64,5.5,0.6097560975609756,0.5784061696658098,0.2
2026-10-03T08:49:08.680049+00:00,2026-10-03T09:49:08.680049+01:00,8d556511643d0c038bff0b7cf4f2b64f,icehockey_nhl,NHL,2026-10-03T23:10:00+00:00,2026-10-04T00:10:00+01:00,Buffalo Sabres,Chicago Blackhawks,livescorebet,LiveScore Bet,2026-10-03T08:48:28Z,totals,Under,2.25,5.5,0.4444444444444444,0.4215938303341903,0.2
2026-10-03T08:49:08.680049+00:00,2026-10-03T09:49:08.680049+01:00,8d556511643d0c038bff0b7cf4f2b64f,icehockey_nhl,NHL,2026-10-03T23:10:00+00:00,2026-10-04T00:10:00+01:00,Buffalo Sabres,Chicago Blackhawks,matchbook,Matchbook,2026-10-03T08:48:44Z,h2h,Buffalo Sabres,1.46,,0.684931506849315,0.6762749445676275,0.2
2026-10-03T08:49:08.680049+00:00,2026-10-03T09:49:08.680049+01:00,8d556511643d0c038bff0b7cf4f2b64f,icehockey_nhl,NHL,2026-10-03T23:10:00+00:00,2026-10-04T00:10:00+01:00,Buffalo Sabres,Chicago Blackhawks,matchbook,Matchbook,2026-10-03T08:48:44Z,h2h,Chicago Blackhawks,3.05,,0.3278688524590164,0.32372505543237257,0.2
2026-10-03T08:49:08.680049+00:00,2026-10-03T09:49:08.680049+01:00,8d556511643d0c038bff0b7cf4f2b64f,icehockey_nhl,NHL,2026-10-03T23:10:00+00:00,2026-10-04T00:10:00+01:00,Buffalo Sabres,Chicago Blackhawks,matchbook,Matchbook,2026-10-03T08:48:44Z,h2h_lay,Buffalo Sabres,1.49,,0.6711409395973155,1.0,0.2
2026-10-03T08:49:08.680049+00:00,2026-10-03T09:49:08.680049+01:00,8d556511643d0c038bff0b7cf4f2b64f,icehockey_nhl,NHL,2026-10-03T23:10:00+00:00,2026-10-04T00:10:00+01:00,Buffalo Sabres,Chicago Blackhawks,matchbook,Matchbook,2026-10-03T08:48:44Z,h2h_lay,Chicago Blackhawks,3.2,,0.3125,1.0,0.2
2026-10-03T08:49:08.680049+00:00,2026-10-03T09:49:08.680049+01:00,8d556511643d0c038bff0b7cf4f2b64f,icehockey_nhl,NHL,2026-10-03T23:10:00+00:00,2026-10-04T00:10:00+01:00,Buffalo Sabres,Chicago Blackhawks,matchbook,Matchbook,2026-10-03T08:48:44Z,spreads,Buffalo Sabres,2.14,-1.5,0.4672897196261682,0.4540816326530612,0.2
2026-10-03T08:49:08.680049+00:00,2026-10-03T09:49:08.680049+01:00,8d556511643d0c038bff0b7cf4f2b64f,icehockey_nhl,NHL,2026-10-03T23:10:00+00:00,2026-10-04T00:10:00+01:00,Buffalo Sabres,Chicago Blackhawks,matchbook,Matchbook,2026-10-03T08:48:44Z,spreads,Chicago Blackhawks,1.78,1.5,0.5617977528089888,0.5459183673469388,0.2
2026-10-03T08:49:08.680049+00:00,2026-10-03T09:49:08.680049+01:00,8d556511643d0c038bff0b7cf4f2b64f,icehockey_nhl,NHL,2026-10-03T23:10:00+00:00,2026-10-04T00:10:00+01:00,Buffalo Sabres,Chicago Blackhawks,matchbook,Matchbook,2026-10-03T08:48:44Z,totals,Over,2.06,6.5,0.4854368932038835,0.4717948717948718,0.2
2026-10-03T08:49:08.680049+00:00,2026-10-03T09:49:08.680049+01:00,8d556511643d0c038bff0b7cf4f2b64f,icehockey_nhl,NHL,2026-10-03T23:10:00+00:00,2026-10-04T00:10:00+01:00,Buffalo Sabres,Chicago Blackhawks,matchbook,Matchbook,2026-10-03T08:48:44Z,totals,Under,1.84,6.5,0.5434782608695652,0.5282051282051282,0.2
2026-10-03T08:49:08.680049+00:00,2026-10-03T09:49:08.680049+01:00,8d556511643d0c038bff0b7cf4f2b64f,icehockey_nhl,NHL,2026-10-03T23:10:00+00:00,2026-10-04T00:10:00+01:00,Buffalo Sabres,Chicago Blackhawks,betvictor,Bet Victor,2026-10-03T08:48:26Z,h2h,Buffalo Sabres,1.4,,0.7142857142857143,0.6585365853658537,0.2
2026-10-03T08:49:08.680049+00:00,2026-10-03T09:49:08.680049+01:00,8d556511643d0c038bff0b7cf4f2b64f,icehockey_nhl,NHL,2026-10-03T23:10:00+00:00,2026-10-04T00:10:00+01:00,Buffalo Sabres,Chicago Blackhawks,betvictor,Bet Victor,2026-10-03T08:48:26Z,h2h,Chicago Blackhawks,2.7,,0.37037037037037035,0.3414634146341463,0.2
2026-10-03T08:49:08.680049+00:00,2026-10-03T09:49:08.680049+01:00,8d556511643d0c038bff0b7cf4f2b64f,icehockey_nhl,NHL,2026-10-03T23:10:00+00:00,2026-10-04T00:10:00+01:00,Buffalo Sabres,Chicago Blackhawks,betano_uk,Betano (UK),2026-10-03T08:48:22Z,h2h,Buffalo Sabres,1.4,,0.7142857142857143,0.6585365853658537,0.2
2026-10-03T08:49:08.680049+00:00,2026-10-03T09:49:08.680049+01:00,8d556511643d0c038bff0b7cf4f2b64f,icehockey_nhl,NHL,2026-10-03T23:10:00+00:00,2026-10-04T00:10:00+01:00,Buffalo Sabres,Chicago Blackhawks,betano_uk,Betano (UK),2026-10-03T08:48:22Z,h2h,Chicago Blackhawks,2.7,,0.37037037037037035,0.3414634146341463,0.2
2026-10-03T08:49:08.680049+00:00,2026-10-03T09:49:08.680049+01:00,5a731787bc9ea054ba101e14b0f3d9ca,icehockey_nhl,NHL,2026-10-03T23:10:00+00:00,2026-10-04T00:10:00+01:00,Philadelphia Flyers,Carolina Hurricanes,betway,Betway,2026-10-03T08:48:11Z,h2h,Carolina Hurricanes,2.2,,0.45454545454545453,0.4173354735152488,0.2
2026-10-03T08:49:08.680049+00:00,2026-10-03T09:49:08.680049+01:00,5a731787bc9ea054ba101e14b0f3d9ca,icehockey_nhl,NHL,2026-10-03T23:10:00+00:00,2026-10-04T00:10:00+01:00,Philadelphia Flyers,Carolina Hurricanes,betway,Betway,2026-10-03T08:48:11Z,h2h,Philadelphia Flyers,2.6,,0.3846153846153846,0.35313001605136435,0.2
2026-10-03T08:49:08.680049+00:00,2026-10-03T09:49:08.680049+01:00,5a731787bc9ea054ba101e14b0f3d9ca,icehockey_nhl,NHL,2026-10-03T23:10:00+00:00,2026-10-04T00:10:00+01:00,Philadelphia Flyers,Carolina Hurricanes,betway,Betway,2026-10-03T08:48:11Z,h2h,Draw,4.0,,0.25,0.22953451043338682,0.2
2026-10-03T08:49:08.680049+00:00,2026-10-03T09:49:08.680049+01:00,5a731787bc9ea054ba101e14b0f3d9ca,icehockey_nhl,NHL,2026-10-03T23:10:00+00:00,2026-10-04T00:10:00+01:00,Philadelphia Flyers,Carolina Hurricanes,unibet_uk,Unibet (UK),2026-10-03T08:48:44Z,h2h,Carolina Hurricanes,2.27,,0.44052863436123346,0.4199533385179424,0.2
2026-10-03T08:49:08.680049+00:00,2026-10-03T09:49:08.680049+01:00,5a731787bc9ea054ba101e14b0f3d9ca,icehockey_nhl,NHL,2026-10-03T23:10:00+00:00,2026-10-04T00:10:00+01:00,Philadelphia Flyers,Carolina Hurricanes,unibet_uk,Unibet (UK),2026-10-03T08:48:44Z,h2h,Philadelphia Flyers,2.7,,0.37037037037037035,0.353071880902122,0.2
2026-10-03T08:49:08.680049+00:00,2026-10-03T09:49:08.680049+01:00,5a731787bc9ea054ba101e14b0f3d9ca,icehockey_nhl,NHL,2026-10-03T23:10:00+00:00,2026-10-04T00:10:00+01:00,Philadelphia Flyers,Carolina Hurricanes,unibet_uk,Unibet (UK),2026-10-03T08:48:44Z,h2h,Draw,4.2,,0.23809523809523808,0.22697478057993556,0.2
2026-10-03T08:49:08.680049+00:00,2026-10-03T09:49:08.680049+01:00,5a731787bc9ea054ba101e14b0f3d9ca,icehockey_nhl,NHL,2026-10-03T23:10:00+00:00,2026-10-04T00:10:00+01:00,Philadelphia Flyers,Carolina Hurricanes,williamhill,William Hill,2026-10-03T08:49:00Z,h2h,Carolina Hurricanes,1.8,,0.5555555555555556,0.5263157894736842,0.2
2026-10-03T08:49:08.680049+00:00,2026-10-03T09:49:08.680049+01:00,5a731787bc9ea054ba101e14b0f3d9ca,icehockey_nhl,NHL,2026-10-03T23:10:00+00:00,2026-10-04T00:10:00+01:00,Philadelphia Flyers,Carolina Hurricanes,williamhill,William Hill,2026-10-03T08:49:00Z,h2h,Philadelphia Flyers,2.0,,0.5,0.47368421052631576,0.2
2026-10-03T08:49:08.680049+00:00,2026-10-03T09:49:08.680049+01:00,5a731787bc9ea054ba101e14b0f3d9ca,icehockey_nhl,NHL,2026-10-03T23:10:00+00:00,2026-10-04T00:10:00+01:00,Philadelphia Flyers,Carolina Hurricanes,williamhill,William Hill,2026-10-03T08:49:00Z,spreads,Carolina Hurricanes,2.9,-1.5,0.3448275862068966,0.32558139534883723,0.2
2026-10-03T08:49:08.680049+00:00,2026-10-03T09:49:08.680049+01:00,5a731787bc9ea054ba101e14b0f3d9ca,icehockey_nhl,NHL,2026-10-03T23:10:00+00:00,2026-10-04T00:10:00+01:00,Philadelphia Flyers,Carolina Hurricanes,williamhill,William Hill,2026-10-03T08:49:00Z,spreads,Philadelphia Flyers,1.4,1.5,0.7142857142857143,0.6744186046511629,0.2
2026-10-03T08:49:08.680049+00:00,2026-10-03T09:49:08.680049+01:00,5a731787bc9ea054ba101e14b0f3d9ca,icehockey_nhl,NHL,2026-10-03T23:10:00+00:00,2026-10-04T00:10:00+01:00,Philadelphia Flyers,Carolina Hurricanes,williamhill,William Hill,2026-10-03T08:49:00Z,totals,Over,1.73,5.5,0.5780346820809249,0.5483028720626633,0.2
2026-10-03T08:49:08.680049+00:00,2026-10-03T09:49:08.680049+01:00,5a731787bc9ea054ba101e14b0f3d9ca,icehockey_nhl,NHL,2026-10-03T23:10:00+00:00,2026-10-04T00:10:00+01:00,Philadelphia Flyers,Carolina Hurricanes,williamhill,William Hill,2026-10-03T08:49:00Z,totals,Under,2.1,5.5,0.47619047619047616,0.4516971279373368,0.2
2026-10-03T08:49:08.680049+00:00,2026-10-03T09:49:08.680049+01:00,5a731787bc9ea054ba101e14b0f3d9ca,icehockey_nhl,NHL,2026-10-03T23:10:00+00:00,2026-10-04T00:10:00+01:00,Philadelphia Flyers,Carolina Hurricanes,smarkets,Smarkets,2026-10-03T08:48:59Z,h2h,Carolina Hurricanes,1.71,,0.5847953216374269,0.5415549597855228,0.2
2026-10-03T08:49:08.680049+00:00,2026-10-03T09:49:08.680049+01:00,5a731787bc9ea054ba101e14b0f3d9ca,icehockey_nhl,NHL,2026-10-03T23:10:00+00:00,2026-10-04T00:10:00+01:00,Philadelphia Flyers,Carolina Hurricanes,smarkets,Smarkets,2026-10-03T08:48:59Z,h2h,Philadelphia Flyers,2.02,,0.49504950495049505,0.45844504021447724,0.2
2026-10-03T08:49:08.680049+00:00,2026-10-03T09:49:08.680049+01:00,5a731787bc9ea054ba101e14b0f3d9ca,icehockey_nhl,NHL,2026-10-03T23:10:00+00:00,2026-10-04T00:10:00+01:00,Philadelphia Flyers,Carolina Hurricanes,smarkets,Smarkets,2026-10-03T08:48:59Z,h2h_lay,Carolina Hurricanes,1.9,,0.5263157894736842,1.0,0.2
2026-10-03T08:49:08.680049+00:00,2026-10-03T09:49:08.680049+01:00,5a731787bc9ea054ba101e14b0f3d9ca,icehockey_nhl,NHL,2026-10-03T23:10:00+00:00,2026-10-04T00:10:00+01:00,Philadelphia Flyers,Carolina Hurricanes,smarkets,Smarkets,2026-10-03T08:48:59Z,h2h_lay,Philadelphia Flyers,2.36,,0.42372881355932207,1.0,0.2
2026-10-03T08:49:08.680049+00:00,2026-10-03T09:49:08.680049+01:00,5a731787bc9ea054ba101e14b0f3d9ca,icehockey_nhl,NHL,2026-10-03T23:10:00+00:00,2026-10-04T00:10:00+01:00,Philadelphia Flyers,Carolina Hurricanes,coral,Coral,2026-10-03T08:48:10Z,h2h,Carolina Hurricanes,1.75,,0.5714285714285714,0.5454545454545455,0.2
2026-10-03T08:49:08.680049+00:00,2026-10-03T09:49:08.680049+01:00,5a731787bc9ea054ba101e14b0f3d9ca,icehockey_nhl,NHL,2026-10-03T23:10:00+00:00,2026-10-04T00:10:00+01:00,Philadelphia Flyers,Carolina Hurricanes,coral,Coral,2026-10-03T08:48:10Z,h2h,Philadelphia Flyers,2.1,,0.47619047619047616,0.4545454545454546,0.2
2026-10-03T08:49:08.680049+00:00,2026-10-03T09:49:08.680049+01:00,5a731787bc9ea054ba101e14b0f3d9ca,icehockey_nhl,NHL,2026-10-03T23:10:00+00:00,2026-10-04T00:10:00+01:00,Philadelphia Flyers,Carolina Hurricanes,coral,Coral,2026-10-03T08:48:10Z,spreads,Carolina Hurricanes,2.7,-1.5,0.37037037037037035,0.354066985645933,0.2
2026-10-03T08:49:08.680049+00:00,2026-10-03T09:49:08.680049+01:00,5a731787bc9ea054ba101e14b0f3d9ca,icehockey_nhl,NHL,2026-10-03T23:10:00+00:00,2026-10-04T00:10:00+01:00,Philadelphia Flyers,Carolina Hurricanes,coral,Coral,2026-10-03T08:48:10Z,spreads,Philadelphia Flyers,1.48,1.5,0.6756756756756757,0.6459330143540669,0.2
2026-10-03T08:49:08.680049+00:00,2026-10-03T09:49:08.680049+01:00,5a731787bc9ea054ba101e14b0f3d9ca,icehockey_nhl,NHL,2026-10-03T23:10:00+00:00,2026-10-04T00:10:00+01:00,Philadelphia Flyers,Carolina Hurricanes,coral,Coral,2026-10-03T08:48:10Z,totals,Over,1.85,6.0,0.5405405405405405,0.5,0.2
2026-10-03T08:49:08.680049+00:00,2026-10-03T09:49:08.680049+01:00,5a731787bc9ea054ba101e14b0f3d9ca,icehockey_nhl,NHL,2026-10-03T23:10:00+00:00,2026-10-04T00:10:00+01:00,Philadelphia Flyers,Carolina Hurricanes,coral,Coral,2026-10-03T08:48:10Z,totals,Under,1.85,6.0,0.5405405405405405,0.5,0.2
2026-10-03T08:49:08.680049+00:00,2026-10-03T09:49:08.680049+01:00,5a731787bc9ea054ba101e14b0f3d9ca,icehockey_nhl,NHL,2026-10-03T23:10:00+00:00,2026-10-04T00:10:00+01:00,Philadelphia Flyers,Carolina Hurricanes,ladbrokes_uk,Ladbrokes,2026-10-03T08:48:27Z,h2h,Carolina Hurricanes,1.75,,0.5714285714285714,0.5454545454545455,0.2
2026-10-03T08:49:08.680049+00:00,2026-10-03T09:49:08.680049+01:00,5a731787bc9ea054ba101e14b0f3d9ca,icehockey_nhl,NHL,2026-10-03T23:10:00+00:00,2026-10-04T00:10:00+01:00,Philadelphia Flyers,Carolina Hurricanes,ladbrokes_uk,Ladbrokes,2026-10-03T08:48:27Z,h2h,Philadelphia Flyers,2.1,,0.47619047619047616,0.4545454545454546,0.2
2026-10-03T08:49:08.680049+00:00,2026-10-03T09:49:08.680049+01:00,5a731787bc9ea054ba101e14b0f3d9ca,icehockey_nhl,NHL,2026-10-03T23:10:00+00:00,2026-10-04T00:10:00+01:00,Philadelphia Flyers,Carolina Hurricanes,ladbrokes_uk,Ladbrokes,2026-10-03T08:48:27Z,spreads,Carolina Hurricanes,2.7,-1.5,0.37037037037037035,0.354066985645933,0.2
2026-10-03T08:49:08.680049+00:00,2026-10-03T09:49:08.680049+01:00,5a731787bc9ea054ba101e14b0f3d9ca,icehockey_nhl,NHL,2026-10-03T23:10:00+00:00,2026-10-04T00:10:00+01:00,Philadelphia Flyers,Carolina Hurricanes,ladbrokes_uk,Ladbrokes,2026-10-03T08:48:27Z,spreads,Philadelphia Flyers,1.48,1.5,0.6756756756756757,0.6459330143540669,0.2
2026-10-03T08:49:08.680049+00:00,2026-10-03T09:49:08.680049+01:00,5a731787bc9ea054ba101e14b0f3d9ca,icehockey_nhl,NHL,2026-10-03T23:10:00+00:00,2026-10-04T00:10:00+01:00,Philadelphia Flyers,Carolina Hurricanes,ladbrokes_uk,Ladbrokes,2026-10-03T08:48:27Z,totals,Over,1.85,6.0,0.5405405405405405,0.5,0.2
2026-10-03T08:49:08.680049+00:00,2026-10-03T09:49:08.680049+01:00,5a731787bc9ea054ba101e14b0f3d9ca,icehockey_nhl,NHL,2026-10-03T23:10:00+00:00,2026-10-04T00:10:00+01:00,Philadelphia Flyers,Carolina Hurricanes,ladbrokes_uk,Ladbrokes,2026-10-03T08:48:27Z,totals,Under,1.85,6.0,0.5405405405405405,0.5,0.2
2026-10-03T08:49:08.680049+00:00,2026-10-03T09:49:08.680049+01:00,5a731787bc9ea054ba101e14b0f3d9ca,icehockey_nhl,NHL,2026-10-03T23:10:00+00:00,2026-10-04T00:10:00+01:00,Philadelphia Flyers,Carolina Hurricanes,paddypower,Paddy Power,2026-10-03T08:47:55Z,h2h,Carolina Hurricanes,1.77,,0.5649717514124294,0.5426356589147286,0.2
2026-10-03T08:49:08.680049+00:00,2026-10-03T09:49:08.680049+01:00,5a731787bc9ea054ba101e14b0f3d9ca,icehockey_nhl,NHL,2026-10-03T23:10:00+00:00,2026-10-04T00:10:00+01:00,Philadelphia Flyers,Carolina Hurricanes,paddypower,Paddy Power,2026-10-03T08:47:55Z,h2h,Philadelphia Flyers,2.1,,0.47619047619047616,0.4573643410852713,0.2
2026-10-03T08:49:08.680049+00:00,2026-10-03T09:49:08.680049+01:00,5a731787bc9ea054ba101e14b0f3d9ca,icehockey_nhl,NHL,2026-10-03T23:10:00+00:00,2026-10-04T00:10:00+01:00,Philadelphia Flyers,Carolina Hurricanes,betfair_sb_uk,Betfair Sportsbook,2026-10-03T08:47:56Z,h2h,Carolina Hurricanes,1.77,,0.5649717514124294,0.5426356589147286,0.2
2026-10-03T08:49:08.680049+00:00,2026-10-03T09:49:08.680049+01:00,5a731787bc9ea054ba101e14b0f3d9ca,icehockey_nhl,NHL,2026-10-03T23:10:00+00:00,2026-10-04T00:10:00+01:00,Philadelphia Flyers,Carolina Hurricanes,betfair_sb_uk,Betfair Sportsbook,2026-10-03T08:47:56Z,h2h,Philadelphia Flyers,2.1,,0.47619047619047616,0.4573643410852713,0.2
2026-10-03T08:49:08.680049+00:00,2026-10-03T09:49:08.680049+01:00,5a731787bc9ea054ba101e14b0f3d9ca,icehockey_nhl,NHL,2026-10-03T23:10:00+00:00,2026-10-04T00:10:00+01:00,Philadelphia Flyers,Carolina Hurricanes,grosvenor,Grosvenor,2026-10-03T08:48:58Z,h2h,Carolina Hurricanes,2.18,,0.4587155963302752,0.4378360583781411,0.2
2026-10-03T08:49:08.680049+00:00,2026-10-03T09:49:08.680049+01:00,5a731787bc9ea054ba101e14b0f3d9ca,icehockey_nhl,NHL,2026-10-03T23:10:00+00:00,2026-10-04T00:10:00+01:00,Philadelphia Flyers,Carolina Hurricanes,grosvenor,Grosvenor,2026-10-03T08:48:58Z,h2h,Philadelphia Flyers,2.85,,0.3508771929824561,0.3349061779874904,0.2
2026-10-03T08:49:08.680049+00:00,2026-10-03T09:49:08.680049+01:00,5a731787bc9ea054ba101e14b0f3d9ca,icehockey_nhl,NHL,2026-10-03T23:10:00+00:00,2026-10-04T00:10:00+01:00,Philadelphia Flyers,Carolina Hurricanes,grosvenor,Grosvenor,2026-10-03T08:48:58Z,h2h,Draw,4.2,,0.23809523809523808,0.22725776363436848,0.2
2026-10-03T08:49:08.680049+00:00,2026-10-03T09:49:08.680049+01:00,5a731787bc9ea054ba101e14b0f3d9ca,icehockey_nhl,NHL,2026-10-03T23:10:00+00:00,2026-10-04T00:10:00+01:00,Philadelphia Flyers,Carolina Hurricanes,grosvenor,Grosvenor,2026-10-03T08:48:58Z,totals,Over,1.85,5.5,0.5405405405405405,0.513157894736842,0.2
2026-10-03T08:49:08.680049+00:00,2026-10-03T09:49:08.680049+01:00,5a731787bc9ea054ba101e14b0f3d9ca,icehockey_nhl,NHL,2026-10-03T23:10:00+00:00,2026-10-04T00:10:00+01:00,Philadelphia Flyers,Carolina Hurricanes,grosvenor,Grosvenor,2026-10-03T08:48:58Z,totals,Under,1.95,5.5,0.5128205128205129,0.48684210526315796,0.2
2026-10-03T08:49:08.680049+00:00,2026-10-03T09:49:08.680049+01:00,5a731787bc9ea054ba101e14b0f3d9ca,icehockey_nhl,NHL,2026-10-03T23:10:00+00:00,2026-10-04T00:10:00+01:00,Philadelphia Flyers,Carolina Hurricanes,virginbet,Virgin Bet,2026-10-03T08:48:28Z,totals,Over,1.85,5.5,0.5405405405405405,0.5144356955380577,0.2
2026-10-03T08:49:08.680049+00:00,2026-10-03T09:49:08.680049+01:00,5a731787bc9ea054ba101e14b0f3d9ca,icehockey_nhl,NHL,2026-10-03T23:10:00+00:00,2026-10-04T00:10:00+01:00,Philadelphia Flyers,Carolina Hurricanes,virginbet,Virgin Bet,2026-10-03T08:48:28Z,totals,Under,1.96,5.5,0.5102040816326531,0.4855643044619423,0.2
2026-10-03T08:49:08.680049+00:00,2026-10-03T09:49:08.680049+01:00,5a731787bc9ea054ba101e14b0f3d9ca,icehockey_nhl,NHL,2026-10-03T23:10:00+00:00,2026-10-04T00:10:00+01:00,Philadelphia Flyers,Carolina Hurricanes,livescorebet,LiveScore Bet,2026-10-03T08:48:28Z,totals,Over,1.85,5.5,0.5405405405405405,0.5144356955380577,0.2
2026-10-03T08:49:08.680049+00:00,2026-10-03T09:49:08.680049+01:00,5a731787bc9ea054ba101e14b0f3d9ca,icehockey_nhl,NHL,2026-10-03T23:10:00+00:00,2026-10-04T00:10:00+01:00,Philadelphia Flyers,Carolina Hurricanes,livescorebet,LiveScore Bet,2026-10-03T08:48:28Z,totals,Under,1.96,5.5,0.5102040816326531,0.4855643044619423,0.2
2026-10-03T08:49:08.680049+00:00,2026-10-03T09:49:08.680049+01:00,5a731787bc9ea054ba101e14b0f3d9ca,icehockey_nhl,NHL,2026-10-03T23:10:00+00:00,2026-10-04T00:10:00+01:00,Philadelphia Flyers,Carolina Hurricanes,casumo,Casumo,2026-10-03T08:48:26Z,h2h,Carolina Hurricanes,2.18,,0.4587155963302752,0.4378360583781411,0.2
2026-10-03T08:49:08.680049+00:00,2026-10-03T09:49:08.680049+01:00,5a731787bc9ea054ba101e14b0f3d9ca,icehockey_nhl,NHL,2026-10-03T23:10:00+00:00,2026-10-04T00:10:00+01:00,Philadelphia Flyers,Carolina Hurricanes,casumo,Casumo,2026-10-03T08:48:26Z,h2h,Philadelphia Flyers,2.85,,0.3508771929824561,0.3349061779874904,0.2
2026-10-03T08:49:08.680049+00:00,2026-10-03T09:49:08.680049+01:00,5a731787bc9ea054ba101e14b0f3d9ca,icehockey_nhl,NHL,2026-10-03T23:10:00+00:00,2026-10-04T00:10:00+01:00,Philadelphia Flyers,Carolina Hurricanes,casumo,Casumo,2026-10-03T08:48:26Z,h2h,Draw,4.2,,0.23809523809523808,0.22725776363436848,0.2
2026-10-03T08:49:08.680049+00:00,2026-10-03T09:49:08.680049+01:00,5a731787bc9ea054ba101e14b0f3d9ca,icehockey_nhl,NHL,2026-10-03T23:10:00+00:00,2026-10-04T00:10:00+01:00,Philadelphia Flyers,Carolina Hurricanes,casumo,Casumo,2026-10-03T08:48:26Z,spreads,Carolina Hurricanes,2.95,-1.5,0.3389830508474576,0.32183908045977005,0.2
2026-10-03T08:49:08.680049+00:00,2026-10-03T09:49:08.680049+01:00,5a731787bc9ea054ba101e14b0f3d9ca,icehockey_nhl,NHL,2026-10-03T23:10:00+00:00,2026-10-04T00:10:00+01:00,Philadelphia Flyers,Carolina Hurricanes,casumo,Casumo,2026-10-03T08:48:26Z,spreads,Philadelphia Flyers,1.4,1.5,0.7142857142857143,0.6781609195402298,0.2
2026-10-03T08:49:08.680049+00:00,2026-10-03T09:49:08.680049+01:00,5a731787bc9ea054ba101e14b0f3d9ca,icehockey_nhl,NHL,2026-10-03T23:10:00+00:00,2026-10-04T00:10:00+01:00,Philadelphia Flyers,Carolina Hurricanes,casumo,Casumo,2026-10-03T08:48:26Z,totals,Over,1.85,5.5,0.5405405405405405,0.513157894736842,0.2
2026-10-03T08:49:08.680049+00:00,2026-10-03T09:49:08.680049+01:00,5a731787bc9ea054ba101e14b0f3d9ca,icehockey_nhl,NHL,2026-10-03T23:10:00+00:00,2026-10-04T00:10:00+01:00,Philadelphia Flyers,Carolina Hurricanes,casumo,Casumo,2026-10-03T08:48:26Z,totals,Under,1.95,5.5,0.5128205128205129,0.48684210526315796,0.2
2026-10-03T08:49:08.680049+00:00,2026-10-03T09:49:08.680049+01:00,5a731787bc9ea054ba101e14b0f3d9ca,icehockey_nhl,NHL,2026-10-03T23:10:00+00:00,2026-10-04T00:10:00+01:00,Philadelphia Flyers,Carolina Hurricanes,betfair_ex_uk,Betfair,2026-10-03T08:48:44Z,h2h,Carolina Hurricanes,1.73,,0.5780346820809249,0.5597964376590331,0.2
2026-10-03T08:49:08.680049+00:00,2026-10-03T09:49:08.680049+01:00,5a731787bc9ea054ba101e14b0f3d9ca,icehockey_nhl,NHL,2026-10-03T23:10:00+00:00,2026-10-04T00:10:00+01:00,Philadelphia Flyers,Carolina Hurricanes,betfair_ex_uk,Betfair,2026-10-03T08:48:44Z,h2h,Philadelphia Flyers,2.2,,0.45454545454545453,0.4402035623409669,0.2
2026-10-03T08:49:08.680049+00:00,2026-10-03T09:49:08.680049+01:00,5a731787bc9ea054ba101e14b0f3d9ca,icehockey_nhl,NHL,2026-10-03T23:10:00+00:00,2026-10-04T00:10:00+01:00,Philadelphia Flyers,Carolina Hurricanes,betfair_ex_uk,Betfair,2026-10-03T08:48:44Z,h2h_lay,Carolina Hurricanes,1.84,,0.5434782608695652,1.0,0.2
2026-10-03T08:49:08.680049+00:00,2026-10-03T09:49:08.680049+01:00,5a731787bc9ea054ba101e14b0f3d9ca,icehockey_nhl,NHL,2026-10-03T23:10:00+00:00,2026-10-04T00:10:00+01:00,Philadelphia Flyers,Carolina Hurricanes,betfair_ex_uk,Betfair,2026-10-03T08:48:44Z,h2h_lay,Philadelphia Flyers,2.36,,0.42372881355932207,1.0,0.2
2026-10-03T08:49:08.680049+00:00,2026-10-03T09:49:08.680049+01:00,5a731787bc9ea054ba101e14b0f3d9ca,icehockey_nhl,NHL,2026-10-03T23:10:00+00:00,2026-10-04T00:10:00+01:00,Philadelphia Flyers,Carolina Hurricanes,matchbook,Matchbook,2026-10-03T08:48:44Z,h2h,Carolina Hurricanes,1.74,,0.5747126436781609,0.5583756345177665,0.2
2026-10-03T08:49:08.680049+00:00,2026-10-03T09:49:08.680049+01:00,5a731787bc9ea054ba101e14b0f3d9ca,icehockey_nhl,NHL,2026-10-03T23:10:00+00:00,2026-10-04T00:10:00+01:00,Philadelphia Flyers,Carolina Hurricanes,matchbook,Matchbook,2026-10-03T08:48:44Z,h2h,Philadelphia Flyers,2.2,,0.45454545454545453,0.4416243654822335,0.2
2026-10-03T08:49:08.680049+00:00,2026-10-03T09:49:08.680049+01:00,5a731787bc9ea054ba101e14b0f3d9ca,icehockey_nhl,NHL,2026-10-03T23:10:00+00:00,2026-10-04T00:10:00+01:00,Philadelphia Flyers,Carolina Hurricanes,matchbook,Matchbook,2026-10-03T08:48:44Z,h2h_lay,Carolina Hurricanes,1.84,,0.5434782608695652,1.0,0.2
2026-10-03T08:49:08.680049+00:00,2026-10-03T09:49:08.680049+01:00,5a731787bc9ea054ba101e14b0f3d9ca,icehockey_nhl,NHL,2026-10-03T23:10:00+00:00,2026-10-04T00:10:00+01:00,Philadelphia Flyers,Carolina Hurricanes,matchbook,Matchbook,2026-10-03T08:48:44Z,h2h_lay,Philadelphia Flyers,2.36,,0.42372881355932207,1.0,0.2
2026-10-03T08:49:08.680049+00:00,2026-10-03T09:49:08.680049+01:00,5a731787bc9ea054ba101e14b0f3d9ca,icehockey_nhl,NHL,2026-10-03T23:10:00+00:00,2026-10-04T00:10:00+01:00,Philadelphia Flyers,Carolina Hurricanes,matchbook,Matchbook,2026-10-03T08:48:44Z,spreads,Carolina Hurricanes,2.88,-1.5,0.3472222222222222,0.3317865429234339,0.2
2026-10-03T08:49:08.680049+00:00,2026-10-03T09:49:08.680049+01:00,5a731787bc9ea054ba101e14b0f3d9ca,icehockey_nhl,NHL,2026-10-03T23:10:00+00:00,2026-10-04T00:10:00+01:00,Philadelphia Flyers,Carolina Hurricanes,matchbook,Matchbook,2026-10-03T08:48:44Z,spreads,Philadelphia Flyers,1.43,1.5,0.6993006993006994,0.6682134570765662,0.2
2026-10-03T08:49:08.680049+00:00,2026-10-03T09:49:08.680049+01:00,5a731787bc9ea054ba101e14b0f3d9ca,icehockey_nhl,NHL,2026-10-03T23:10:00+00:00,2026-10-04T00:10:00+01:00,Philadelphia Flyers,Carolina Hurricanes,matchbook,Matchbook,2026-10-03T08:48:44Z,totals,Over,1.76,5.5,0.5681818181818182,0.5440414507772021,0.2
2026-10-03T08:49:08.680049+00:00,2026-10-03T09:49:08.680049+01:00,5a731787bc9ea054ba101e14b0f3d9ca,icehockey_nhl,NHL,2026-10-03T23:10:00+00:00,2026-10-04T00:10:00+01:00,Philadelphia Flyers,Carolina Hurricanes,matchbook,Matchbook,2026-10-03T08:48:44Z,totals,Under,2.1,5.5,0.47619047619047616,0.4559585492227979,0.2
2026-10-03T08:49:08.680049+00:00,2026-10-03T09:49:08.680049+01:00,5a731787bc9ea054ba101e14b0f3d9ca,icehockey_nhl,NHL,2026-10-03T23:10:00+00:00,2026-10-04T00:10:00+01:00,Philadelphia Flyers,Carolina Hurricanes,betvictor,Bet Victor,2026-10-03T08:48:26Z,h2h,Carolina Hurricanes,1.73,,0.5780346820809249,0.529891304347826,0.2
2026-10-03T08:49:08.680049+00:00,2026-10-03T09:49:08.680049+01:00,5a731787bc9ea054ba101e14b0f3d9ca,icehockey_nhl,NHL,2026-10-03T23:10:00+00:00,2026-10-04T00:10:00+01:00,Philadelphia Flyers,Carolina Hurricanes,betvictor,Bet Victor,2026-10-03T08:48:26Z,h2h,Philadelphia Flyers,1.95,,0.5128205128205129,0.47010869565217395,0.2
2026-10-03T08:49:08.680049+00:00,2026-10-03T09:49:08.680049+01:00,5a731787bc9ea054ba101e14b0f3d9ca,icehockey_nhl,NHL,2026-10-03T23:10:00+00:00,2026-10-04T00:10:00+01:00,Philadelphia Flyers,Carolina Hurricanes,betano_uk,Betano (UK),2026-10-03T08:48:22Z,h2h,Carolina Hurricanes,1.73,,0.5780346820809249,0.529891304347826,0.2
2026-10-03T08:49:08.680049+00:00,2026-10-03T09:49:08.680049+01:00,5a731787bc9ea054ba101e14b0f3d9ca,icehockey_nhl,NHL,2026-10-03T23:10:00+00:00,2026-10-04T00:10:00+01:00,Philadelphia Flyers,Carolina Hurricanes,betano_uk,Betano (UK),2026-10-03T08:48:22Z,h2h,Philadelphia Flyers,1.95,,0.5128205128205129,0.47010869565217395,0.2
2026-10-03T08:49:08.680049+00:00,2026-10-03T09:49:08.680049+01:00,06352e1d8432528164139f83bb76c0d0,icehockey_nhl,NHL,2026-10-03T23:10:00+00:00,2026-10-04T00:10:00+01:00,Columbus Blue Jackets,Utah Mammoth,unibet_uk,Unibet (UK),2026-10-03T08:48:44Z,h2h,Columbus Blue Jackets,2.5,,0.4,0.3802043906131719,0.2
2026-10-03T08:49:08.680049+00:00,2026-10-03T09:49:08.680049+01:00,06352e1d8432528164139f83bb76c0d0,icehockey_nhl,NHL,2026-10-03T23:10:00+00:00,2026-10-04T00:10:00+01:00,Columbus Blue Jackets,Utah Mammoth,unibet_uk,Unibet (UK),2026-10-03T08:48:44Z,h2h,Utah Mammoth,2.45,,0.4081632653061224,0.3879636638909917,0.2
2026-10-03T08:49:08.680049+00:00,2026-10-03T09:49:08.680049+01:00,06352e1d8432528164139f83bb76c0d0,icehockey_nhl,NHL,2026-10-03T23:10:00+00:00,2026-10-04T00:10:00+01:00,Columbus Blue Jackets,Utah Mammoth,unibet_uk,Unibet (UK),2026-10-03T08:48:44Z,h2h,Draw,4.1,,0.24390243902439027,0.23183194549583652,0.2
2026-10-03T08:49:08.680049+00:00,2026-10-03T09:49:08.680049+01:00,06352e1d8432528164139f83bb76c0d0,icehockey_nhl,NHL,2026-10-03T23:10:00+00:00,2026-10-04T00:10:00+01:00,Columbus Blue Jackets,Utah Mammoth,williamhill,William Hill,2026-10-03T08:49:00Z,h2h,Columbus Blue Jackets,1.91,,0.5235602094240838,0.5,0.2
2026-10-03T08:49:08.680049+00:00,2026-10-03T09:49:08.680049+01:00,06352e1d8432528164139f83bb76c0d0,icehockey_nhl,NHL,2026-10-03T23:10:00+00:00,2026-10-04T00:10:00+01:00,Columbus Blue Jackets,Utah Mammoth,williamhill,William Hill,2026-10-03T08:49:00Z,h2h,Utah Mammoth,1.91,,0.5235602094240838,0.5,0.2
2026-10-03T08:49:08.680049+00:00,2026-10-03T09:49:08.680049+01:00,06352e1d8432528164139f83bb76c0d0,icehockey_nhl,NHL,2026-10-03T23:10:00+00:00,2026-10-04T00:10:00+01:00,Columbus Blue Jackets,Utah Mammoth,williamhill,William Hill,2026-10-03T08:49:00Z,spreads,Columbus Blue Jackets,1.36,1.5,0.7352941176470588,0.695067264573991,0.2
2026-10-03T08:49:08.680049+00:00,2026-10-03T09:49:08.680049+01:00,06352e1d8432528164139f83bb76c0d0,icehockey_nhl,NHL,2026-10-03T23:10:00+00:00,2026-10-04T00:10:00+01:00,Columbus Blue Jackets,Utah Mammoth,williamhill,William Hill,2026-10-03T08:49:00Z,spreads,Utah Mammoth,3.1,-1.5,0.3225806451612903,0.30493273542600896,0.2
2026-10-03T08:49:08.680049+00:00,2026-10-03T09:49:08.680049+01:00,06352e1d8432528164139f83bb76c0d0,icehockey_nhl,NHL,2026-10-03T23:10:00+00:00,2026-10-04T00:10:00+01:00,Columbus Blue Jackets,Utah Mammoth,williamhill,William Hill,2026-10-03T08:49:00Z,totals,Over,1.7,5.5,0.5882352941176471,0.5584415584415584,0.2
2026-10-03T08:49:08.680049+00:00,2026-10-03T09:49:08.680049+01:00,06352e1d8432528164139f83bb76c0d0,icehockey_nhl,NHL,2026-10-03T23:10:00+00:00,2026-10-04T00:10:00+01:00,Columbus Blue Jackets,Utah Mammoth,williamhill,William Hill,2026-10-03T08:49:00Z,totals,Under,2.15,5.5,0.46511627906976744,0.44155844155844154,0.2
2026-10-03T08:49:08.680049+00:00,2026-10-03T09:49:08.680049+01:00,06352e1d8432528164139f83bb76c0d0,icehockey_nhl,NHL,2026-10-03T23:10:00+00:00,2026-10-04T00:10:00+01:00,Columbus Blue Jackets,Utah Mammoth,betway,Betway,2026-10-03T08:48:11Z,h2h,Columbus Blue Jackets,2.45,,0.4081632653061224,0.379746835443038,0.2
2026-10-03T08:49:08.680049+00:00,2026-10-03T09:49:08.680049+01:00,06352e1d8432528164139f83bb76c0d0,icehockey_nhl,NHL,2026-10-03T23:10:00+00:00,2026-10-04T00:10:00+01:00,Columbus Blue Jackets,Utah Mammoth,betway,Betway,2026-10-03T08:48:11Z,h2h,Utah Mammoth,2.4,,0.4166666666666667,0.38765822784810133,0.2
2026-10-03T08:49:08.680049+00:00,2026-10-03T09:49:08.680049+01:00,06352e1d8432528164139f83bb76c0d0,icehockey_nhl,NHL,2026-10-03T23:10:00+00:00,2026-10-04T00:10:00+01:00,Columbus Blue Jackets,Utah Mammoth,betway,Betway,2026-10-03T08:48:11Z,h2h,Draw,4.0,,0.25,0.23259493670886078,0.2
2026-10-03T08:49:08.680049+00:00,2026-10-03T09:49:08.680049+01:00,06352e1d8432528164139f83bb76c0d0,icehockey_nhl,NHL,2026-10-03T23:10:00+00:00,2026-10-04T00:10:00+01:00,Columbus Blue Jackets,Utah Mammoth,ladbrokes_uk,Ladbrokes,2026-10-03T08:48:27Z,h2h,Columbus Blue Jackets,1.91,,0.5235602094240838,0.5,0.2
2026-10-03T08:49:08.680049+00:00,2026-10-03T09:49:08.680049+01:00,06352e1d8432528164139f83bb76c0d0,icehockey_nhl,NHL,2026-10-03T23:10:00+00:00,2026-10-04T00:10:00+01:00,Columbus Blue Jackets,Utah Mammoth,ladbrokes_uk,Ladbrokes,2026-10-03T08:48:27Z,h2h,Utah Mammoth,1.91,,0.5235602094240838,0.5,0.2
2026-10-03T08:49:08.680049+00:00,2026-10-03T09:49:08.680049+01:00,06352e1d8432528164139f83bb76c0d0,icehockey_nhl,NHL,2026-10-03T23:10:00+00:00,2026-10-04T00:10:00+01:00,Columbus Blue Jackets,Utah Mammoth,ladbrokes_uk,Ladbrokes,2026-10-03T08:48:27Z,spreads,Columbus Blue Jackets,3.2,-1.5,0.3125,0.2982456140350877,0.2
2026-10-03T08:49:08.680049+00:00,2026-10-03T09:49:08.680049+01:00,06352e1d8432528164139f83bb76c0d0,icehockey_nhl,NHL,2026-10-03T23:10:00+00:00,2026-10-04T00:10:00+01:00,Columbus Blue Jackets,Utah Mammoth,ladbrokes_uk,Ladbrokes,2026-10-03T08:48:27Z,spreads,Utah Mammoth,1.36,1.5,0.7352941176470588,0.7017543859649122,0.2
2026-10-03T08:49:08.680049+00:00,2026-10-03T09:49:08.680049+01:00,06352e1d8432528164139f83bb76c0d0,icehockey_nhl,NHL,2026-10-03T23:10:00+00:00,2026-10-04T00:10:00+01:00,Columbus Blue Jackets,Utah Mammoth,ladbrokes_uk,Ladbrokes,2026-10-03T08:48:27Z,totals,Over,1.8,6.0,0.5555555555555556,0.5148247978436657,0.2
2026-10-03T08:49:08.680049+00:00,2026-10-03T09:49:08.680049+01:00,06352e1d8432528164139f83bb76c0d0,icehockey_nhl,NHL,2026-10-03T23:10:00+00:00,2026-10-04T00:10:00+01:00,Columbus Blue Jackets,Utah Mammoth,ladbrokes_uk,Ladbrokes,2026-10-03T08:48:27Z,totals,Under,1.91,6.0,0.5235602094240838,0.4851752021563342,0.2
2026-10-03T08:49:08.680049+00:00,2026-10-03T09:49:08.680049+01:00,06352e1d8432528164139f83bb76c0d0,icehockey_nhl,NHL,2026-10-03T23:10:00+00:00,2026-10-04T00:10:00+01:00,Columbus Blue Jackets,Utah Mammoth,coral,Coral,2026-10-03T08:48:10Z,h2h,Columbus Blue Jackets,1.91,,0.5235602094240838,0.5,0.2
2026-10-03T08:49:08.680049+00:00,2026-10-03T09:49:08.680049+01:00,06352e1d8432528164139f83bb76c0d0,icehockey_nhl,NHL,2026-10-03T23:10:00+00:00,2026-10-04T00:10:00+01:00,Columbus Blue Jackets,Utah Mammoth,coral,Coral,2026-10-03T08:48:10Z,h2h,Utah Mammoth,1.91,,0.5235602094240838,0.5,0.2
2026-10-03T08:49:08.680049+00:00,2026-10-03T09:49:08.680049+01:00,06352e1d8432528164139f83bb76c0d0,icehockey_nhl,NHL,2026-10-03T23:10:00+00:00,2026-10-04T00:10:00+01:00,Columbus Blue Jackets,Utah Mammoth,coral,Coral,2026-10-03T08:48:10Z,spreads,Columbus Blue Jackets,3.2,-1.5,0.3125,0.2982456140350877,0.2
2026-10-03T08:49:08.680049+00:00,2026-10-03T09:49:08.680049+01:00,06352e1d8432528164139f83bb76c0d0,icehockey_nhl,NHL,2026-10-03T23:10:00+00:00,2026-10-04T00:10:00+01:00,Columbus Blue Jackets,Utah Mammoth,coral,Coral,2026-10-03T08:48:10Z,spreads,Utah Mammoth,1.36,1.5,0.7352941176470588,0.7017543859649122,0.2
2026-10-03T08:49:08.680049+00:00,2026-10-03T09:49:08.680049+01:00,06352e1d8432528164139f83bb76c0d0,icehockey_nhl,NHL,2026-10-03T23:10:00+00:00,2026-10-04T00:10:00+01:00,Columbus Blue Jackets,Utah Mammoth,coral,Coral,2026-10-03T08:48:10Z,totals,Over,1.8,6.0,0.5555555555555556,0.5148247978436657,0.2
2026-10-03T08:49:08.680049+00:00,2026-10-03T09:49:08.680049+01:00,06352e1d8432528164139f83bb76c0d0,icehockey_nhl,NHL,2026-10-03T23:10:00+00:00,2026-10-04T00:10:00+01:00,Columbus Blue Jackets,Utah Mammoth,coral,Coral,2026-10-03T08:48:10Z,totals,Under,1.91,6.0,0.5235602094240838,0.4851752021563342,0.2
2026-10-03T08:49:08.680049+00:00,2026-10-03T09:49:08.680049+01:00,06352e1d8432528164139f83bb76c0d0,icehockey_nhl,NHL,2026-10-03T23:10:00+00:00,2026-10-04T00:10:00+01:00,Columbus Blue Jackets,Utah Mammoth,smarkets,Smarkets,2026-10-03T08:48:59Z,h2h,Columbus Blue Jackets,1.99,,0.5025125628140703,0.49234693877551017,0.2
2026-10-03T08:49:08.680049+00:00,2026-10-03T09:49:08.680049+01:00,06352e1d8432528164139f83bb76c0d0,icehockey_nhl,NHL,2026-10-03T23:10:00+00:00,2026-10-04T00:10:00+01:00,Columbus Blue Jackets,Utah Mammoth,smarkets,Smarkets,2026-10-03T08:48:59Z,h2h,Utah Mammoth,1.93,,0.5181347150259068,0.5076530612244898,0.2
2026-10-03T08:49:08.680049+00:00,2026-10-03T09:49:08.680049+01:00,06352e1d8432528164139f83bb76c0d0,icehockey_nhl,NHL,2026-10-03T23:10:00+00:00,2026-10-04T00:10:00+01:00,Columbus Blue Jackets,Utah Mammoth,smarkets,Smarkets,2026-10-03T08:48:59Z,h2h_lay,Columbus Blue Jackets,2.08,,0.4807692307692307,1.0,0.2
2026-10-03T08:49:08.680049+00:00,2026-10-03T09:49:08.680049+01:00,06352e1d8432528164139f83bb76c0d0,icehockey_nhl,NHL,2026-10-03T23:10:00+00:00,2026-10-04T00:10:00+01:00,Columbus Blue Jackets,Utah Mammoth,smarkets,Smarkets,2026-10-03T08:48:59Z,h2h_lay,Utah Mammoth,2.0,,0.5,1.0,0.2
2026-10-03T08:49:08.680049+00:00,2026-10-03T09:49:08.680049+01:00,06352e1d8432528164139f83bb76c0d0,icehockey_nhl,NHL,2026-10-03T23:10:00+00:00,2026-10-04T00:10:00+01:00,Columbus Blue Jackets,Utah Mammoth,paddypower,Paddy Power,2026-10-03T08:47:55Z,h2h,Columbus Blue Jackets,1.95,,0.5128205128205129,0.4895287958115184,0.2
2026-10-03T08:49:08.680049+00:00,2026-10-03T09:49:08.680049+01:00,06352e1d8432528164139f83bb76c0d0,icehockey_nhl,NHL,2026-10-03T23:10:00+00:00,2026-10-04T00:10:00+01:00,Columbus Blue Jackets,Utah Mammoth,paddypower,Paddy Power,2026-10-03T08:47:55Z,h2h,Utah Mammoth,1.87,,0.53475935828877,0.5104712041884817,0.2
2026-10-03T08:49:08.680049+00:00,2026-10-03T09:49:08.680049+01:00,06352e1d8432528164139f83bb76c0d0,icehockey_nhl,NHL,2026-10-03T23:10:00+00:00,2026-10-04T00:10:00+01:00,Columbus Blue Jackets,Utah Mammoth,casumo,Casumo,2026-10-03T08:48:27Z,h2h,Columbus Blue Jackets,2.6,,0.3846153846153846,0.36541353383458647,0.2
2026-10-03T08:49:08.680049+00:00,2026-10-03T09:49:08.680049+01:00,06352e1d8432528164139f83bb76c0d0,icehockey_nhl,NHL,2026-10-03T23:10:00+00:00,2026-10-04T00:10:00+01:00,Columbus Blue Jackets,Utah Mammoth,casumo,Casumo,2026-10-03T08:48:27Z,h2h,Utah Mammoth,2.43,,0.4115226337448559,0.3909774436090226,0.2
2026-10-03T08:49:08.680049+00:00,2026-10-03T09:49:08.680049+01:00,06352e1d8432528164139f83bb76c0d0,icehockey_nhl,NHL,2026-10-03T23:10:00+00:00,2026-10-04T00:10:00+01:00,Columbus Blue Jackets,Utah Mammoth,casumo,Casumo,2026-10-03T08:48:27Z,h2h,Draw,3.9,,0.25641025641025644,0.24360902255639105,0.2
2026-10-03T08:49:08.680049+00:00,2026-10-03T09:49:08.680049+01:00,06352e1d8432528164139f83bb76c0d0,icehockey_nhl,NHL,2026-10-03T23:10:00+00:00,2026-10-04T00:10:00+01:00,Columbus Blue Jackets,Utah Mammoth,casumo,Casumo,2026-10-03T08:48:27Z,spreads,Columbus Blue Jackets,1.35,1.5,0.7407407407407407,0.7032967032967032,0.2
2026-10-03T08:49:08.680049+00:00,2026-10-03T09:49:08.680049+01:00,06352e1d8432528164139f83bb76c0d0,icehockey_nhl,NHL,2026-10-03T23:10:00+00:00,2026-10-04T00:10:00+01:00,Columbus Blue Jackets,Utah Mammoth,casumo,Casumo,2026-10-03T08:48:27Z,spreads,Utah Mammoth,3.2,-1.5,0.3125,0.2967032967032967,0.2
2026-10-03T08:49:08.680049+00:00,2026-10-03T09:49:08.680049+01:00,06352e1d8432528164139f83bb76c0d0,icehockey_nhl,NHL,2026-10-03T23:10:00+00:00,2026-10-04T00:10:00+01:00,Columbus Blue Jackets,Utah Mammoth,casumo,Casumo,2026-10-03T08:48:27Z,totals,Over,1.68,5.5,0.5952380952380952,0.5670103092783505,0.2
2026-10-03T08:49:08.680049+00:00,2026-10-03T09:49:08.680049+01:00,06352e1d8432528164139f83bb76c0d0,icehockey_nhl,NHL,2026-10-03T23:10:00+00:00,2026-10-04T00:10:00+01:00,Columbus Blue Jackets,Utah Mammoth,casumo,Casumo,2026-10-03T08:48:27Z,totals,Under,2.2,5.5,0.45454545454545453,0.4329896907216495,0.2
2026-10-03T08:49:08.680049+00:00,2026-10-03T09:49:08.680049+01:00,06352e1d8432528164139f83bb76c0d0,icehockey_nhl,NHL,2026-10-03T23:10:00+00:00,2026-10-04T00:10:00+01:00,Columbus Blue Jackets,Utah Mammoth,grosvenor,Grosvenor,2026-10-03T08:48:58Z,h2h,Columbus Blue Jackets,2.6,,0.3846153846153846,0.36541353383458647,0.2
2026-10-03T08:49:08.680049+00:00,2026-10-03T09:49:08.680049+01:00,06352e1d8432528164139f83bb76c0d0,icehockey_nhl,NHL,2026-10-03T23:10:00+00:00,2026-10-04T00:10:00+01:00,Columbus Blue Jackets,Utah Mammoth,grosvenor,Grosvenor,2026-10-03T08:48:58Z,h2h,Utah Mammoth,2.43,,0.4115226337448559,0.3909774436090226,0.2
2026-10-03T08:49:08.680049+00:00,2026-10-03T09:49:08.680049+01:00,06352e1d8432528164139f83bb76c0d0,icehockey_nhl,NHL,2026-10-03T23:10:00+00:00,2026-10-04T00:10:00+01:00,Columbus Blue Jackets,Utah Mammoth,grosvenor,Grosvenor,2026-10-03T08:48:58Z,h2h,Draw,3.9,,0.25641025641025644,0.24360902255639105,0.2
2026-10-03T08:49:08.680049+00:00,2026-10-03T09:49:08.680049+01:00,06352e1d8432528164139f83bb76c0d0,icehockey_nhl,NHL,2026-10-03T23:10:00+00:00,2026-10-04T00:10:00+01:00,Columbus Blue Jackets,Utah Mammoth,grosvenor,Grosvenor,2026-10-03T08:48:58Z,totals,Over,1.68,5.5,0.5952380952380952,0.5670103092783505,0.2
2026-10-03T08:49:08.680049+00:00,2026-10-03T09:49:08.680049+01:00,06352e1d8432528164139f83bb76c0d0,icehockey_nhl,NHL,2026-10-03T23:10:00+00:00,2026-10-04T00:10:00+01:00,Columbus Blue Jackets,Utah Mammoth,grosvenor,Grosvenor,2026-10-03T08:48:58Z,totals,Under,2.2,5.5,0.45454545454545453,0.4329896907216495,0.2
2026-10-03T08:49:08.680049+00:00,2026-10-03T09:49:08.680049+01:00,06352e1d8432528164139f83bb76c0d0,icehockey_nhl,NHL,2026-10-03T23:10:00+00:00,2026-10-04T00:10:00+01:00,Columbus Blue Jackets,Utah Mammoth,virginbet,Virgin Bet,2026-10-03T08:48:28Z,totals,Over,1.68,5.5,0.5952380952380952,0.5670103092783505,0.2
2026-10-03T08:49:08.680049+00:00,2026-10-03T09:49:08.680049+01:00,06352e1d8432528164139f83bb76c0d0,icehockey_nhl,NHL,2026-10-03T23:10:00+00:00,2026-10-04T00:10:00+01:00,Columbus Blue Jackets,Utah Mammoth,virginbet,Virgin Bet,2026-10-03T08:48:28Z,totals,Under,2.2,5.5,0.45454545454545453,0.4329896907216495,0.2
2026-10-03T08:49:08.680049+00:00,2026-10-03T09:49:08.680049+01:00,06352e1d8432528164139f83bb76c0d0,icehockey_nhl,NHL,2026-10-03T23:10:00+00:00,2026-10-04T00:10:00+01:00,Columbus Blue Jackets,Utah Mammoth,livescorebet,LiveScore Bet,2026-10-03T08:48:28Z,totals,Over,1.68,5.5,0.5952380952380952,0.5670103092783505,0.2
2026-10-03T08:49:08.680049+00:00,2026-10-03T09:49:08.680049+01:00,06352e1d8432528164139f83bb76c0d0,icehockey_nhl,NHL,2026-10-03T23:10:00+00:00,2026-10-04T00:10:00+01:00,Columbus Blue Jackets,Utah Mammoth,livescorebet,LiveScore Bet,2026-10-03T08:48:28Z,totals,Under,2.2,5.5,0.45454545454545453,0.4329896907216495,0.2
2026-10-03T08:49:08.680049+00:00,2026-10-03T09:49:08.680049+01:00,06352e1d8432528164139f83bb76c0d0,icehockey_nhl,NHL,2026-10-03T23:10:00+00:00,2026-10-04T00:10:00+01:00,Columbus Blue Jackets,Utah Mammoth,betfair_ex_uk,Betfair,2026-10-03T08:48:44Z,h2h,Columbus Blue Jackets,2.0,,0.5,0.4936708860759494,0.2
2026-10-03T08:49:08.680049+00:00,2026-10-03T09:49:08.680049+01:00,06352e1d8432528164139f83bb76c0d0,icehockey_nhl,NHL,2026-10-03T23:10:00+00:00,2026-10-04T00:10:00+01:00,Columbus Blue Jackets,Utah Mammoth,betfair_ex_uk,Betfair,2026-10-03T08:48:44Z,h2h,Utah Mammoth,1.95,,0.5128205128205129,0.5063291139240507,0.2
2026-10-03T08:49:08.680049+00:00,2026-10-03T09:49:08.680049+01:00,06352e1d8432528164139f83bb76c0d0,icehockey_nhl,NHL,2026-10-03T23:10:00+00:00,2026-10-04T00:10:00+01:00,Columbus Blue Jackets,Utah Mammoth,betfair_ex_uk,Betfair,2026-10-03T08:48:44Z,h2h_lay,Columbus Blue Jackets,2.06,,0.4854368932038835,1.0,0.2
2026-10-03T08:49:08.680049+00:00,2026-10-03T09:49:08.680049+01:00,06352e1d8432528164139f83bb76c0d0,icehockey_nhl,NHL,2026-10-03T23:10:00+00:00,2026-10-04T00:10:00+01:00,Columbus Blue Jackets,Utah Mammoth,betfair_ex_uk,Betfair,2026-10-03T08:48:44Z,h2h_lay,Utah Mammoth,2.0,,0.5,1.0,0.2
2026-10-03T08:49:08.680049+00:00,2026-10-03T09:49:08.680049+01:00,06352e1d8432528164139f83bb76c0d0,icehockey_nhl,NHL,2026-10-03T23:10:00+00:00,2026-10-04T00:10:00+01:00,Columbus Blue Jackets,Utah Mammoth,matchbook,Matchbook,2026-10-03T08:48:44Z,h2h,Columbus Blue Jackets,2.0,,0.5,0.4936708860759494,0.2
2026-10-03T08:49:08.680049+00:00,2026-10-03T09:49:08.680049+01:00,06352e1d8432528164139f83bb76c0d0,icehockey_nhl,NHL,2026-10-03T23:10:00+00:00,2026-10-04T00:10:00+01:00,Columbus Blue Jackets,Utah Mammoth,matchbook,Matchbook,2026-10-03T08:48:44Z,h2h,Utah Mammoth,1.95,,0.5128205128205129,0.5063291139240507,0.2
2026-10-03T08:49:08.680049+00:00,2026-10-03T09:49:08.680049+01:00,06352e1d8432528164139f83bb76c0d0,icehockey_nhl,NHL,2026-10-03T23:10:00+00:00,2026-10-04T00:10:00+01:00,Columbus Blue Jackets,Utah Mammoth,matchbook,Matchbook,2026-10-03T08:48:44Z,h2h_lay,Columbus Blue Jackets,2.06,,0.4854368932038835,1.0,0.2
2026-10-03T08:49:08.680049+00:00,2026-10-03T09:49:08.680049+01:00,06352e1d8432528164139f83bb76c0d0,icehockey_nhl,NHL,2026-10-03T23:10:00+00:00,2026-10-04T00:10:00+01:00,Columbus Blue Jackets,Utah Mammoth,matchbook,Matchbook,2026-10-03T08:48:44Z,h2h_lay,Utah Mammoth,2.0,,0.5,1.0,0.2
2026-10-03T08:49:08.680049+00:00,2026-10-03T09:49:08.680049+01:00,06352e1d8432528164139f83bb76c0d0,icehockey_nhl,NHL,2026-10-03T23:10:00+00:00,2026-10-04T00:10:00+01:00,Columbus Blue Jackets,Utah Mammoth,matchbook,Matchbook,2026-10-03T08:48:44Z,spreads,Columbus Blue Jackets,1.35,1.5,0.7407407407407407,0.7096774193548387,0.2
2026-10-03T08:49:08.680049+00:00,2026-10-03T09:49:08.680049+01:00,06352e1d8432528164139f83bb76c0d0,icehockey_nhl,NHL,2026-10-03T23:10:00+00:00,2026-10-04T00:10:00+01:00,Columbus Blue Jackets,Utah Mammoth,matchbook,Matchbook,2026-10-03T08:48:44Z,spreads,Utah Mammoth,3.3,-1.5,0.30303030303030304,0.2903225806451613,0.2
2026-10-03T08:49:08.680049+00:00,2026-10-03T09:49:08.680049+01:00,06352e1d8432528164139f83bb76c0d0,icehockey_nhl,NHL,2026-10-03T23:10:00+00:00,2026-10-04T00:10:00+01:00,Columbus Blue Jackets,Utah Mammoth,matchbook,Matchbook,2026-10-03T08:48:44Z,totals,Over,2.16,6.5,0.4629629629629629,0.44757033248081834,0.2
2026-10-03T08:49:08.680049+00:00,2026-10-03T09:49:08.680049+01:00,06352e1d8432528164139f83bb76c0d0,icehockey_nhl,NHL,2026-10-03T23:10:00+00:00,2026-10-04T00:10:00+01:00,Columbus Blue Jackets,Utah Mammoth,matchbook,Matchbook,2026-10-03T08:48:44Z,totals,Under,1.75,6.5,0.5714285714285714,0.5524296675191815,0.2
2026-10-03T08:49:08.680049+00:00,2026-10-03T09:49:08.680049+01:00,06352e1d8432528164139f83bb76c0d0,icehockey_nhl,NHL,2026-10-03T23:10:00+00:00,2026-10-04T00:10:00+01:00,Columbus Blue Jackets,Utah Mammoth,betvictor,Bet Victor,2026-10-03T08:48:26Z,h2h,Columbus Blue Jackets,1.85,,0.5405405405405405,0.4972826086956521,0.2
2026-10-03T08:49:08.680049+00:00,2026-10-03T09:49:08.680049+01:00,06352e1d8432528164139f83bb76c0d0,icehockey_nhl,NHL,2026-10-03T23:10:00+00:00,2026-10-04T00:10:00+01:00,Columbus Blue Jackets,Utah Mammoth,betvictor,Bet Victor,2026-10-03T08:48:26Z,h2h,Utah Mammoth,1.83,,0.5464480874316939,0.5027173913043478,0.2
2026-10-03T08:49:08.680049+00:00,2026-10-03T09:49:08.680049+01:00,06352e1d8432528164139f83bb76c0d0,icehockey_nhl,NHL,2026-10-03T23:10:00+00:00,2026-10-04T00:10:00+01:00,Columbus Blue Jackets,Utah Mammoth,betano_uk,Betano (UK),2026-10-03T08:48:22Z,h2h,Columbus Blue Jackets,1.85,,0.5405405405405405,0.4972826086956521,0.2
2026-10-03T08:49:08.680049+00:00,2026-10-03T09:49:08.680049+01:00,06352e1d8432528164139f83bb76c0d0,icehockey_nhl,NHL,2026-10-03T23:10:00+00:00,2026-10-04T00:10:00+01:00,Columbus Blue Jackets,Utah Mammoth,betano_uk,Betano (UK),2026-10-03T08:48:22Z,h2h,Utah Mammoth,1.83,,0.5464480874316939,0.5027173913043478,0.2
2026-10-03T08:49:08.680049+00:00,2026-10-03T09:49:08.680049+01:00,06352e1d8432528164139f83bb76c0d0,icehockey_nhl,NHL,2026-10-03T23:10:00+00:00,2026-10-04T00:10:00+01:00,Columbus Blue Jackets,Utah Mammoth,betfair_sb_uk,Betfair Sportsbook,2026-10-03T08:47:56Z,h2h,Columbus Blue Jackets,1.95,,0.5128205128205129,0.4895287958115184,0.2
2026-10-03T08:49:08.680049+00:00,2026-10-03T09:49:08.680049+01:00,06352e1d8432528164139f83bb76c0d0,icehockey_nhl,NHL,2026-10-03T23:10:00+00:00,2026-10-04T00:10:00+01:00,Columbus Blue Jackets,Utah Mammoth,betfair_sb_uk,Betfair Sportsbook,2026-10-03T08:47:56Z,h2h,Utah Mammoth,1.87,,0.53475935828877,0.5104712041884817,0.2
2026-10-03T08:49:08.680049+00:00,2026-10-03T09:49:08.680049+01:00,d8e6871b9b420af1492a655c1058244c,icehockey_nhl,NHL,2026-10-03T23:10:00+00:00,2026-10-04T00:10:00+01:00,Edmonton Oilers,Seattle Kraken,unibet_uk,Unibet (UK),2026-10-03T08:48:44Z,h2h,Edmonton Oilers,1.8,,0.5555555555555556,0.5300859598853869,0.2
2026-10-03T08:49:08.680049+00:00,2026-10-03T09:49:08.680049+01:00,d8e6871b9b420af1492a655c1058244c,icehockey_nhl,NHL,2026-10-03T23:10:00+00:00,2026-10-04T00:10:00+01:00,Edmonton Oilers,Seattle Kraken,unibet_uk,Unibet (UK),2026-10-03T08:48:44Z,h2h,Seattle Kraken,3.7,,0.27027027027027023,0.2578796561604584,0.2
2026-10-03T08:49:08.680049+00:00,2026-10-03T09:49:08.680049+01:00,d8e6871b9b420af1492a655c1058244c,icehockey_nhl,NHL,2026-10-03T23:10:00+00:00,2026-10-04T00:10:00+01:00,Edmonton Oilers,Seattle Kraken,unibet_uk,Unibet (UK),2026-10-03T08:48:44Z,h2h,Draw,4.5,,0.2222222222222222,0.21203438395415472,0.2
2026-10-03T08:49:08.680049+00:00,2026-10-03T09:49:08.680049+01:00,d8e6871b9b420af1492a655c1058244c,icehockey_nhl,NHL,2026-10-03T23:10:00+00:00,2026-10-04T00:10:00+01:00,Edmonton Oilers,Seattle Kraken,smarkets,Smarkets,2026-10-03T08:48:59Z,h2h,Edmonton Oilers,1.5,,0.6666666666666666,0.6543778801843317,0.2
2026-10-03T08:49:08.680049+00:00,2026-10-03T09:49:08.680049+01:00,d8e6871b9b420af1492a655c1058244c,icehockey_nhl,NHL,2026-10-03T23:10:00+00:00,2026-10-04T00:10:00+01:00,Edmonton Oilers,Seattle Kraken,smarkets,Smarkets,2026-10-03T08:48:59Z,h2h,Seattle Kraken,2.84,,0.35211267605633806,0.3456221198156682,0.2
2026-10-03T08:49:08.680049+00:00,2026-10-03T09:49:08.680049+01:00,d8e6871b9b420af1492a655c1058244c,icehockey_nhl,NHL,2026-10-03T23:10:00+00:00,2026-10-04T00:10:00+01:00,Edmonton Oilers,Seattle Kraken,smarkets,Smarkets,2026-10-03T08:48:59Z,h2h_lay,Edmonton Oilers,1.54,,0.6493506493506493,1.0,0.2
2026-10-03T08:49:08.680049+00:00,2026-10-03T09:49:08.680049+01:00,d8e6871b9b420af1492a655c1058244c,icehockey_nhl,NHL,2026-10-03T23:10:00+00:00,2026-10-04T00:10:00+01:00,Edmonton Oilers,Seattle Kraken,smarkets,Smarkets,2026-10-03T08:48:59Z,h2h_lay,Seattle Kraken,2.98,,0.33557046979865773,1.0,0.2
2026-10-03T08:49:08.680049+00:00,2026-10-03T09:49:08.680049+01:00,d8e6871b9b420af1492a655c1058244c,icehockey_nhl,NHL,2026-10-03T23:10:00+00:00,2026-10-04T00:10:00+01:00,Edmonton Oilers,Seattle Kraken,williamhill,William Hill,2026-10-03T08:49:00Z,h2h,Edmonton Oilers,1.5,,0.6666666666666666,0.6341463414634148,0.2
2026-10-03T08:49:08.680049+00:00,2026-10-03T09:49:08.680049+01:00,d8e6871b9b420af1492a655c1058244c,icehockey_nhl,NHL,2026-10-03T23:10:00+00:00,2026-10-04T00:10:00+01:00,Edmonton Oilers,Seattle Kraken,williamhill,William Hill,2026-10-03T08:49:00Z,h2h,Seattle Kraken,2.6,,0.3846153846153846,0.3658536585365854,0.2
2026-10-03T08:49:08.680049+00:00,2026-10-03T09:49:08.680049+01:00,d8e6871b9b420af1492a655c1058244c,icehockey_nhl,NHL,2026-10-03T23:10:00+00:00,2026-10-04T00:10:00+01:00,Edmonton Oilers,Seattle Kraken,williamhill,William Hill,2026-10-03T08:49:00Z,spreads,Edmonton Oilers,2.1,-1.5,0.47619047619047616,0.4516971279373368,0.2
2026-10-03T08:49:08.680049+00:00,2026-10-03T09:49:08.680049+01:00,d8e6871b9b420af1492a655c1058244c,icehockey_nhl,NHL,2026-10-03T23:10:00+00:00,2026-10-04T00:10:00+01:00,Edmonton Oilers,Seattle Kraken,williamhill,William Hill,2026-10-03T08:49:00Z,spreads,Seattle Kraken,1.73,1.5,0.5780346820809249,0.5483028720626633,0.2
2026-10-03T08:49:08.680049+00:00,2026-10-03T09:49:08.680049+01:00,d8e6871b9b420af1492a655c1058244c,icehockey_nhl,NHL,2026-10-03T23:10:00+00:00,2026-10-04T00:10:00+01:00,Edmonton Oilers,Seattle Kraken,williamhill,William Hill,2026-10-03T08:49:00Z,totals,Over,1.91,6.5,0.5235602094240838,0.5,0.2
2026-10-03T08:49:08.680049+00:00,2026-10-03T09:49:08.680049+01:00,d8e6871b9b420af1492a655c1058244c,icehockey_nhl,NHL,2026-10-03T23:10:00+00:00,2026-10-04T00:10:00+01:00,Edmonton Oilers,Seattle Kraken,williamhill,William Hill,2026-10-03T08:49:00Z,totals,Under,1.91,6.5,0.5235602094240838,0.5,0.2
2026-10-03T08:49:08.680049+00:00,2026-10-03T09:49:08.680049+01:00,d8e6871b9b420af1492a655c1058244c,icehockey_nhl,NHL,2026-10-03T23:10:00+00:00,2026-10-04T00:10:00+01:00,Edmonton Oilers,Seattle Kraken,betway,Betway,2026-10-03T08:48:11Z,h2h,Edmonton Oilers,1.77,,0.5649717514124294,0.5215553091211533,0.2
2026-10-03T08:49:08.680049+00:00,2026-10-03T09:49:08.680049+01:00,d8e6871b9b420af1492a655c1058244c,icehockey_nhl,NHL,2026-10-03T23:10:00+00:00,2026-10-04T00:10:00+01:00,Edmonton Oilers,Seattle Kraken,betway,Betway,2026-10-03T08:48:11Z,h2h,Seattle Kraken,3.5,,0.2857142857142857,0.2637579706126975,0.2
2026-10-03T08:49:08.680049+00:00,2026-10-03T09:49:08.680049+01:00,d8e6871b9b420af1492a655c1058244c,icehockey_nhl,NHL,2026-10-03T23:10:00+00:00,2026-10-04T00:10:00+01:00,Edmonton Oilers,Seattle Kraken,betway,Betway,2026-10-03T08:48:11Z,h2h,Draw,4.3,,0.23255813953488372,0.21468672026614916,0.2
2026-10-03T08:49:08.680049+00:00,2026-10-03T09:49:08.680049+01:00,d8e6871b9b420af1492a655c1058244c,icehockey_nhl,NHL,2026-10-03T23:10:00+00:00,2026-10-04T00:10:00+01:00,Edmonton Oilers,Seattle Kraken,ladbrokes_uk,Ladbrokes,2026-10-03T08:48:27Z,h2h,Edmonton Oilers,1.48,,0.6756756756756757,0.6459330143540669,0.2
2026-10-03T08:49:08.680049+00:00,2026-10-03T09:49:08.680049+01:00,d8e6871b9b420af1492a655c1058244c,icehockey_nhl,NHL,2026-10-03T23:10:00+00:00,2026-10-04T00:10:00+01:00,Edmonton Oilers,Seattle Kraken,ladbrokes_uk,Ladbrokes,2026-10-03T08:48:27Z,h2h,Seattle Kraken,2.7,,0.37037037037037035,0.354066985645933,0.2
2026-10-03T08:49:08.680049+00:00,2026-10-03T09:49:08.680049+01:00,d8e6871b9b420af1492a655c1058244c,icehockey_nhl,NHL,2026-10-03T23:10:00+00:00,2026-10-04T00:10:00+01:00,Edmonton Oilers,Seattle Kraken,ladbrokes_uk,Ladbrokes,2026-10-03T08:48:27Z,spreads,Edmonton Oilers,2.15,-1.5,0.46511627906976744,0.4458762886597938,0.2
2026-10-03T08:49:08.680049+00:00,2026-10-03T09:49:08.680049+01:00,d8e6871b9b420af1492a655c1058244c,icehockey_nhl,NHL,2026-10-03T23:10:00+00:00,2026-10-04T00:10:00+01:00,Edmonton Oilers,Seattle Kraken,ladbrokes_uk,Ladbrokes,2026-10-03T08:48:27Z,spreads,Seattle Kraken,1.73,1.5,0.5780346820809249,0.5541237113402062,0.2
2026-10-03T08:49:08.680049+00:00,2026-10-03T09:49:08.680049+01:00,d8e6871b9b420af1492a655c1058244c,icehockey_nhl,NHL,2026-10-03T23:10:00+00:00,2026-10-04T00:10:00+01:00,Edmonton Oilers,Seattle Kraken,ladbrokes_uk,Ladbrokes,2026-10-03T08:48:27Z,totals,Over,1.85,6.5,0.5405405405405405,0.5,0.2
2026-10-03T08:49:08.680049+00:00,2026-10-03T09:49:08.680049+01:00,d8e6871b9b420af1492a655c1058244c,icehockey_nhl,NHL,2026-10-03T23:10:00+00:00,2026-10-04T00:10:00+01:00,Edmonton Oilers,Seattle Kraken,ladbrokes_uk,Ladbrokes,2026-10-03T08:48:27Z,totals,Under,1.85,6.5,0.5405405405405405,0.5,0.2
2026-10-03T08:49:08.680049+00:00,2026-10-03T09:49:08.680049+01:00,d8e6871b9b420af1492a655c1058244c,icehockey_nhl,NHL,2026-10-03T23:10:00+00:00,2026-10-04T00:10:00+01:00,Edmonton Oilers,Seattle Kraken,coral,Coral,2026-10-03T08:48:10Z,h2h,Edmonton Oilers,1.48,,0.6756756756756757,0.6459330143540669,0.2
2026-10-03T08:49:08.680049+00:00,2026-10-03T09:49:08.680049+01:00,d8e6871b9b420af1492a655c1058244c,icehockey_nhl,NHL,2026-10-03T23:10:00+00:00,2026-10-04T00:10:00+01:00,Edmonton Oilers,Seattle Kraken,coral,Coral,2026-10-03T08:48:10Z,h2h,Seattle Kraken,2.7,,0.37037037037037035,0.354066985645933,0.2
2026-10-03T08:49:08.680049+00:00,2026-10-03T09:49:08.680049+01:00,d8e6871b9b420af1492a655c1058244c,icehockey_nhl,NHL,2026-10-03T23:10:00+00:00,2026-10-04T00:10:00+01:00,Edmonton Oilers,Seattle Kraken,coral,Coral,2026-10-03T08:48:10Z,spreads,Edmonton Oilers,2.15,-1.5,0.46511627906976744,0.4458762886597938,0.2
2026-10-03T08:49:08.680049+00:00,2026-10-03T09:49:08.680049+01:00,d8e6871b9b420af1492a655c1058244c,icehockey_nhl,NHL,2026-10-03T23:10:00+00:00,2026-10-04T00:10:00+01:00,Edmonton Oilers,Seattle Kraken,coral,Coral,2026-10-03T08:48:10Z,spreads,Seattle Kraken,1.73,1.5,0.5780346820809249,0.5541237113402062,0.2
2026-10-03T08:49:08.680049+00:00,2026-10-03T09:49:08.680049+01:00,d8e6871b9b420af1492a655c1058244c,icehockey_nhl,NHL,2026-10-03T23:10:00+00:00,2026-10-04T00:10:00+01:00,Edmonton Oilers,Seattle Kraken,coral,Coral,2026-10-03T08:48:10Z,totals,Over,1.85,6.5,0.5405405405405405,0.5,0.2
2026-10-03T08:49:08.680049+00:00,2026-10-03T09:49:08.680049+01:00,d8e6871b9b420af1492a655c1058244c,icehockey_nhl,NHL,2026-10-03T23:10:00+00:00,2026-10-04T00:10:00+01:00,Edmonton Oilers,Seattle Kraken,coral,Coral,2026-10-03T08:48:10Z,totals,Under,1.85,6.5,0.5405405405405405,0.5,0.2
2026-10-03T08:49:08.680049+00:00,2026-10-03T09:49:08.680049+01:00,d8e6871b9b420af1492a655c1058244c,icehockey_nhl,NHL,2026-10-03T23:10:00+00:00,2026-10-04T00:10:00+01:00,Edmonton Oilers,Seattle Kraken,paddypower,Paddy Power,2026-10-03T08:47:55Z,h2h,Edmonton Oilers,1.48,,0.6756756756756757,0.6501182033096927,0.2
2026-10-03T08:49:08.680049+00:00,2026-10-03T09:49:08.680049+01:00,d8e6871b9b420af1492a655c1058244c,icehockey_nhl,NHL,2026-10-03T23:10:00+00:00,2026-10-04T00:10:00+01:00,Edmonton Oilers,Seattle Kraken,paddypower,Paddy Power,2026-10-03T08:47:55Z,h2h,Seattle Kraken,2.75,,0.36363636363636365,0.3498817966903074,0.2
2026-10-03T08:49:08.680049+00:00,2026-10-03T09:49:08.680049+01:00,d8e6871b9b420af1492a655c1058244c,icehockey_nhl,NHL,2026-10-03T23:10:00+00:00,2026-10-04T00:10:00+01:00,Edmonton Oilers,Seattle Kraken,betfair_sb_uk,Betfair Sportsbook,2026-10-03T08:47:56Z,h2h,Edmonton Oilers,1.48,,0.6756756756756757,0.6501182033096927,0.2
2026-10-03T08:49:08.680049+00:00,2026-10-03T09:49:08.680049+01:00,d8e6871b9b420af1492a655c1058244c,icehockey_nhl,NHL,2026-10-03T23:10:00+00:00,2026-10-04T00:10:00+01:00,Edmonton Oilers,Seattle Kraken,betfair_sb_uk,Betfair Sportsbook,2026-10-03T08:47:56Z,h2h,Seattle Kraken,2.75,,0.36363636363636365,0.3498817966903074,0.2
2026-10-03T08:49:08.680049+00:00,2026-10-03T09:49:08.680049+01:00,d8e6871b9b420af1492a655c1058244c,icehockey_nhl,NHL,2026-10-03T23:10:00+00:00,2026-10-04T00:10:00+01:00,Edmonton Oilers,Seattle Kraken,betfair_ex_uk,Betfair,2026-10-03T08:48:44Z,h2h,Edmonton Oilers,1.51,,0.6622516556291391,0.6560364464692484,0.2
2026-10-03T08:49:08.680049+00:00,2026-10-03T09:49:08.680049+01:00,d8e6871b9b420af1492a655c1058244c,icehockey_nhl,NHL,2026-10-03T23:10:00+00:00,2026-10-04T00:10:00+01:00,Edmonton Oilers,Seattle Kraken,betfair_ex_uk,Betfair,2026-10-03T08:48:44Z,h2h,Seattle Kraken,2.88,,0.3472222222222222,0.3439635535307517,0.2
2026-10-03T08:49:08.680049+00:00,2026-10-03T09:49:08.680049+01:00,d8e6871b9b420af1492a655c1058244c,icehockey_nhl,NHL,2026-10-03T23:10:00+00:00,2026-10-04T00:10:00+01:00,Edmonton Oilers,Seattle Kraken,betfair_ex_uk,Betfair,2026-10-03T08:48:44Z,h2h_lay,Edmonton Oilers,1.53,,0.6535947712418301,1.0,0.2
2026-10-03T08:49:08.680049+00:00,2026-10-03T09:49:08.680049+01:00,d8e6871b9b420af1492a655c1058244c,icehockey_nhl,NHL,2026-10-03T23:10:00+00:00,2026-10-04T00:10:00+01:00,Edmonton Oilers,Seattle Kraken,betfair_ex_uk,Betfair,2026-10-03T08:48:44Z,h2h_lay,Seattle Kraken,2.96,,0.33783783783783783,1.0,0.2
2026-10-03T08:49:08.680049+00:00,2026-10-03T09:49:08.680049+01:00,d8e6871b9b420af1492a655c1058244c,icehockey_nhl,NHL,2026-10-03T23:10:00+00:00,2026-10-04T00:10:00+01:00,Edmonton Oilers,Seattle Kraken,grosvenor,Grosvenor,2026-10-03T08:48:58Z,h2h,Edmonton Oilers,1.83,,0.5464480874316939,0.5215686274509804,0.2
2026-10-03T08:49:08.680049+00:00,2026-10-03T09:49:08.680049+01:00,d8e6871b9b420af1492a655c1058244c,icehockey_nhl,NHL,2026-10-03T23:10:00+00:00,2026-10-04T00:10:00+01:00,Edmonton Oilers,Seattle Kraken,grosvenor,Grosvenor,2026-10-03T08:48:58Z,h2h,Seattle Kraken,3.8,,0.2631578947368421,0.2511764705882353,0.2
2026-10-03T08:49:08.680049+00:00,2026-10-03T09:49:08.680049+01:00,d8e6871b9b420af1492a655c1058244c,icehockey_nhl,NHL,2026-10-03T23:10:00+00:00,2026-10-04T00:10:00+01:00,Edmonton Oilers,Seattle Kraken,grosvenor,Grosvenor,2026-10-03T08:48:58Z,h2h,Draw,4.2,,0.23809523809523808,0.22725490196078432,0.2
2026-10-03T08:49:08.680049+00:00,2026-10-03T09:49:08.680049+01:00,d8e6871b9b420af1492a655c1058244c,icehockey_nhl,NHL,2026-10-03T23:10:00+00:00,2026-10-04T00:10:00+01:00,Edmonton Oilers,Seattle Kraken,grosvenor,Grosvenor,2026-10-03T08:48:58Z,totals,Over,2.2,6.5,0.45454545454545453,0.43152454780361754,0.2
2026-10-03T08:49:08.680049+00:00,2026-10-03T09:49:08.680049+01:00,d8e6871b9b420af1492a655c1058244c,icehockey_nhl,NHL,2026-10-03T23:10:00+00:00,2026-10-04T00:10:00+01:00,Edmonton Oilers,Seattle Kraken,grosvenor,Grosvenor,2026-10-03T08:48:58Z,totals,Under,1.67,6.5,0.5988023952095809,0.5684754521963824,0.2
2026-10-03T08:49:08.680049+00:00,2026-10-03T09:49:08.680049+01:00,d8e6871b9b420af1492a655c1058244c,icehockey_nhl,NHL,2026-10-03T23:10:00+00:00,2026-10-04T00:10:00+01:00,Edmonton Oilers,Seattle Kraken,livescorebet,LiveScore Bet,2026-10-03T08:48:28Z,totals,Over,2.2,6.5,0.45454545454545453,0.43152454780361754,0.2
2026-10-03T08:49:08.680049+00:00,2026-10-03T09:49:08.680049+01:00,d8e6871b9b420af1492a655c1058244c,icehockey_nhl,NHL,2026-10-03T23:10:00+00:00,2026-10-04T00:10:00+01:00,Edmonton Oilers,Seattle Kraken,livescorebet,LiveScore Bet,2026-10-03T08:48:28Z,totals,Under,1.67,6.5,0.5988023952095809,0.5684754521963824,0.2
2026-10-03T08:49:08.680049+00:00,2026-10-03T09:49:08.680049+01:00,d8e6871b9b420af1492a655c1058244c,icehockey_nhl,NHL,2026-10-03T23:10:00+00:00,2026-10-04T00:10:00+01:00,Edmonton Oilers,Seattle Kraken,casumo,Casumo,2026-10-03T08:48:26Z,h2h,Edmonton Oilers,1.83,,0.5464480874316939,0.5215686274509804,0.2
2026-10-03T08:49:08.680049+00:00,2026-10-03T09:49:08.680049+01:00,d8e6871b9b420af1492a655c1058244c,icehockey_nhl,NHL,2026-10-03T23:10:00+00:00,2026-10-04T00:10:00+01:00,Edmonton Oilers,Seattle Kraken,casumo,Casumo,2026-10-03T08:48:26Z,h2h,Seattle Kraken,3.8,,0.2631578947368421,0.2511764705882353,0.2
2026-10-03T08:49:08.680049+00:00,2026-10-03T09:49:08.680049+01:00,d8e6871b9b420af1492a655c1058244c,icehockey_nhl,NHL,2026-10-03T23:10:00+00:00,2026-10-04T00:10:00+01:00,Edmonton Oilers,Seattle Kraken,casumo,Casumo,2026-10-03T08:48:26Z,h2h,Draw,4.2,,0.23809523809523808,0.22725490196078432,0.2
2026-10-03T08:49:08.680049+00:00,2026-10-03T09:49:08.680049+01:00,d8e6871b9b420af1492a655c1058244c,icehockey_nhl,NHL,2026-10-03T23:10:00+00:00,2026-10-04T00:10:00+01:00,Edmonton Oilers,Seattle Kraken,casumo,Casumo,2026-10-03T08:48:26Z,spreads,Edmonton Oilers,2.28,-1.5,0.4385964912280702,0.41687979539641945,0.2
2026-10-03T08:49:08.680049+00:00,2026-10-03T09:49:08.680049+01:00,d8e6871b9b420af1492a655c1058244c,icehockey_nhl,NHL,2026-10-03T23:10:00+00:00,2026-10-04T00:10:00+01:00,Edmonton Oilers,Seattle Kraken,casumo,Casumo,2026-10-03T08:48:26Z,spreads,Seattle Kraken,1.63,1.5,0.6134969325153374,0.5831202046035805,0.2
2026-10-03T08:49:08.680049+00:00,2026-10-03T09:49:08.680049+01:00,d8e6871b9b420af1492a655c1058244c,icehockey_nhl,NHL,2026-10-03T23:10:00+00:00,2026-10-04T00:10:00+01:00,Edmonton Oilers,Seattle Kraken,casumo,Casumo,2026-10-03T08:48:26Z,totals,Over,2.2,6.5,0.45454545454545453,0.43152454780361754,0.2
2026-10-03T08:49:08.680049+00:00,2026-10-03T09:49:08.680049+01:00,d8e6871b9b420af1492a655c1058244c,icehockey_nhl,NHL,2026-10-03T23:10:00+00:00,2026-10-04T00:10:00+01:00,Edmonton Oilers,Seattle Kraken,casumo,Casumo,2026-10-03T08:48:26Z,totals,Under,1.67,6.5,0.5988023952095809,0.5684754521963824,0.2
2026-10-03T08:49:08.680049+00:00,2026-10-03T09:49:08.680049+01:00,d8e6871b9b420af1492a655c1058244c,icehockey_nhl,NHL,2026-10-03T23:10:00+00:00,2026-10-04T00:10:00+01:00,Edmonton Oilers,Seattle Kraken,virginbet,Virgin Bet,2026-10-03T08:48:28Z,totals,Over,2.2,6.5,0.45454545454545453,0.43152454780361754,0.2
2026-10-03T08:49:08.680049+00:00,2026-10-03T09:49:08.680049+01:00,d8e6871b9b420af1492a655c1058244c,icehockey_nhl,NHL,2026-10-03T23:10:00+00:00,2026-10-04T00:10:00+01:00,Edmonton Oilers,Seattle Kraken,virginbet,Virgin Bet,2026-10-03T08:48:28Z,totals,Under,1.67,6.5,0.5988023952095809,0.5684754521963824,0.2
2026-10-03T08:49:08.680049+00:00,2026-10-03T09:49:08.680049+01:00,d8e6871b9b420af1492a655c1058244c,icehockey_nhl,NHL,2026-10-03T23:10:00+00:00,2026-10-04T00:10:00+01:00,Edmonton Oilers,Seattle Kraken,matchbook,Matchbook,2026-10-03T08:48:44Z,h2h,Edmonton Oilers,1.51,,0.6622516556291391,0.6560364464692484,0.2
2026-10-03T08:49:08.680049+00:00,2026-10-03T09:49:08.680049+01:00,d8e6871b9b420af1492a655c1058244c,icehockey_nhl,NHL,2026-10-03T23:10:00+00:00,2026-10-04T00:10:00+01:00,Edmonton Oilers,Seattle Kraken,matchbook,Matchbook,2026-10-03T08:48:44Z,h2h,Seattle Kraken,2.88,,0.3472222222222222,0.3439635535307517,0.2
2026-10-03T08:49:08.680049+00:00,2026-10-03T09:49:08.680049+01:00,d8e6871b9b420af1492a655c1058244c,icehockey_nhl,NHL,2026-10-03T23:10:00+00:00,2026-10-04T00:10:00+01:00,Edmonton Oilers,Seattle Kraken,matchbook,Matchbook,2026-10-03T08:48:44Z,h2h_lay,Edmonton Oilers,1.53,,0.6535947712418301,1.0,0.2
2026-10-03T08:49:08.680049+00:00,2026-10-03T09:49:08.680049+01:00,d8e6871b9b420af1492a655c1058244c,icehockey_nhl,NHL,2026-10-03T23:10:00+00:00,2026-10-04T00:10:00+01:00,Edmonton Oilers,Seattle Kraken,matchbook,Matchbook,2026-10-03T08:48:44Z,h2h_lay,Seattle Kraken,2.96,,0.33783783783783783,1.0,0.2
2026-10-03T08:49:08.680049+00:00,2026-10-03T09:49:08.680049+01:00,d8e6871b9b420af1492a655c1058244c,icehockey_nhl,NHL,2026-10-03T23:10:00+00:00,2026-10-04T00:10:00+01:00,Edmonton Oilers,Seattle Kraken,matchbook,Matchbook,2026-10-03T08:48:44Z,spreads,Edmonton Oilers,2.2,-1.5,0.45454545454545453,0.4416243654822335,0.2
2026-10-03T08:49:08.680049+00:00,2026-10-03T09:49:08.680049+01:00,d8e6871b9b420af1492a655c1058244c,icehockey_nhl,NHL,2026-10-03T23:10:00+00:00,2026-10-04T00:10:00+01:00,Edmonton Oilers,Seattle Kraken,matchbook,Matchbook,2026-10-03T08:48:44Z,spreads,Seattle Kraken,1.74,1.5,0.5747126436781609,0.5583756345177665,0.2
2026-10-03T08:49:08.680049+00:00,2026-10-03T09:49:08.680049+01:00,d8e6871b9b420af1492a655c1058244c,icehockey_nhl,NHL,2026-10-03T23:10:00+00:00,2026-10-04T00:10:00+01:00,Edmonton Oilers,Seattle Kraken,matchbook,Matchbook,2026-10-03T08:48:44Z,totals,Over,1.93,6.5,0.5181347150259068,0.5051282051282052,0.2
2026-10-03T08:49:08.680049+00:00,2026-10-03T09:49:08.680049+01:00,d8e6871b9b420af1492a655c1058244c,icehockey_nhl,NHL,2026-10-03T23:10:00+00:00,2026-10-04T00:10:00+01:00,Edmonton Oilers,Seattle Kraken,matchbook,Matchbook,2026-10-03T08:48:44Z,totals,Under,1.97,6.5,0.5076142131979695,0.49487179487179483,0.2
2026-10-03T08:49:08.680049+00:00,2026-10-03T09:49:08.680049+01:00,d8e6871b9b420af1492a655c1058244c,icehockey_nhl,NHL,2026-10-03T23:10:00+00:00,2026-10-04T00:10:00+01:00,Edmonton Oilers,Seattle Kraken,betvictor,Bet Victor,2026-10-03T08:48:26Z,h2h,Edmonton Oilers,1.44,,0.6944444444444444,0.6390977443609022,0.2
2026-10-03T08:49:08.680049+00:00,2026-10-03T09:49:08.680049+01:00,d8e6871b9b420af1492a655c1058244c,icehockey_nhl,NHL,2026-10-03T23:10:00+00:00,2026-10-04T00:10:00+01:00,Edmonton Oilers,Seattle Kraken,betvictor,Bet Victor,2026-10-03T08:48:26Z,h2h,Seattle Kraken,2.55,,0.3921568627450981,0.3609022556390977,0.2
2026-10-03T08:49:08.680049+00:00,2026-10-03T09:49:08.680049+01:00,d8e6871b9b420af1492a655c1058244c,icehockey_nhl,NHL,2026-10-03T23:10:00+00:00,2026-10-04T00:10:00+01:00,Edmonton Oilers,Seattle Kraken,betano_uk,Betano (UK),2026-10-03T08:48:22Z,h2h,Edmonton Oilers,1.44,,0.6944444444444444,0.6390977443609022,0.2
2026-10-03T08:49:08.680049+00:00,2026-10-03T09:49:08.680049+01:00,d8e6871b9b420af1492a655c1058244c,icehockey_nhl,NHL,2026-10-03T23:10:00+00:00,2026-10-04T00:10:00+01:00,Edmonton Oilers,Seattle Kraken,betano_uk,Betano (UK),2026-10-03T08:48:22Z,h2h,Seattle Kraken,2.55,,0.3921568627450981,0.3609022556390977,0.2
2026-10-03T08:49:08.680049+00:00,2026-10-03T09:49:08.680049+01:00,53b58ae0f99c8172ebee3bd82e7c83a7,icehockey_nhl,NHL,2026-10-03T23:10:00+00:00,2026-10-04T00:10:00+01:00,Pittsburgh Penguins,Montréal Canadiens,ladbrokes_uk,Ladbrokes,2026-10-03T08:48:27Z,h2h,Montréal Canadiens,1.8,,0.5555555555555556,0.5324675324675325,0.2
2026-10-03T08:49:08.680049+00:00,2026-10-03T09:49:08.680049+01:00,53b58ae0f99c8172ebee3bd82e7c83a7,icehockey_nhl,NHL,2026-10-03T23:10:00+00:00,2026-10-04T00:10:00+01:00,Pittsburgh Penguins,Montréal Canadiens,ladbrokes_uk,Ladbrokes,2026-10-03T08:48:27Z,h2h,Pittsburgh Penguins,2.05,,0.48780487804878053,0.4675324675324676,0.2
2026-10-03T08:49:08.680049+00:00,2026-10-03T09:49:08.680049+01:00,53b58ae0f99c8172ebee3bd82e7c83a7,icehockey_nhl,NHL,2026-10-03T23:10:00+00:00,2026-10-04T00:10:00+01:00,Pittsburgh Penguins,Montréal Canadiens,ladbrokes_uk,Ladbrokes,2026-10-03T08:48:27Z,spreads,Montréal Canadiens,2.8,-1.5,0.35714285714285715,0.33962264150943394,0.2
2026-10-03T08:49:08.680049+00:00,2026-10-03T09:49:08.680049+01:00,53b58ae0f99c8172ebee3bd82e7c83a7,icehockey_nhl,NHL,2026-10-03T23:10:00+00:00,2026-10-04T00:10:00+01:00,Pittsburgh Penguins,Montréal Canadiens,ladbrokes_uk,Ladbrokes,2026-10-03T08:48:27Z,spreads,Pittsburgh Penguins,1.44,1.5,0.6944444444444444,0.660377358490566,0.2
2026-10-03T08:49:08.680049+00:00,2026-10-03T09:49:08.680049+01:00,53b58ae0f99c8172ebee3bd82e7c83a7,icehockey_nhl,NHL,2026-10-03T23:10:00+00:00,2026-10-04T00:10:00+01:00,Pittsburgh Penguins,Montréal Canadiens,ladbrokes_uk,Ladbrokes,2026-10-03T08:48:27Z,totals,Over,1.73,6.0,0.5780346820809249,0.5361930294906166,0.2
2026-10-03T08:49:08.680049+00:00,2026-10-03T09:49:08.680049+01:00,53b58ae0f99c8172ebee3bd82e7c83a7,icehockey_nhl,NHL,2026-10-03T23:10:00+00:00,2026-10-04T00:10:00+01:00,Pittsburgh Penguins,Montréal Canadiens,ladbrokes_uk,Ladbrokes,2026-10-03T08:48:27Z,totals,Under,2.0,6.0,0.5,0.4638069705093834,0.2
2026-10-03T08:49:08.680049+00:00,2026-10-03T09:49:08.680049+01:00,53b58ae0f99c8172ebee3bd82e7c83a7,icehockey_nhl,NHL,2026-10-03T23:10:00+00:00,2026-10-04T00:10:00+01:00,Pittsburgh Penguins,Montréal Canadiens,coral,Coral,2026-10-03T08:48:10Z,h2h,Montréal Canadiens,1.8,,0.5555555555555556,0.5324675324675325,0.2
2026-10-03T08:49:08.680049+00:00,2026-10-03T09:49:08.680049+01:00,53b58ae0f99c8172ebee3bd82e7c83a7,icehockey_nhl,NHL,2026-10-03T23:10:00+00:00,2026-10-04T00:10:00+01:00,Pittsburgh Penguins,Montréal Canadiens,coral,Coral,2026-10-03T08:48:10Z,h2h,Pittsburgh Penguins,2.05,,0.48780487804878053,0.4675324675324676,0.2
2026-10-03T08:49:08.680049+00:00,2026-10-03T09:49:08.680049+01:00,53b58ae0f99c8172ebee3bd82e7c83a7,icehockey_nhl,NHL,2026-10-03T23:10:00+00:00,2026-10-04T00:10:00+01:00,Pittsburgh Penguins,Montréal Canadiens,coral,Coral,2026-10-03T08:48:10Z,spreads,Montréal Canadiens,2.8,-1.5,0.35714285714285715,0.33962264150943394,0.2
2026-10-03T08:49:08.680049+00:00,2026-10-03T09:49:08.680049+01:00,53b58ae0f99c8172ebee3bd82e7c83a7,icehockey_nhl,NHL,2026-10-03T23:10:00+00:00,2026-10-04T00:10:00+01:00,Pittsburgh Penguins,Montréal Canadiens,coral,Coral,2026-10-03T08:48:10Z,spreads,Pittsburgh Penguins,1.44,1.5,0.6944444444444444,0.660377358490566,0.2
2026-10-03T08:49:08.680049+00:00,2026-10-03T09:49:08.680049+01:00,53b58ae0f99c8172ebee3bd82e7c83a7,icehockey_nhl,NHL,2026-10-03T23:10:00+00:00,2026-10-04T00:10:00+01:00,Pittsburgh Penguins,Montréal Canadiens,coral,Coral,2026-10-03T08:48:10Z,totals,Over,1.73,6.0,0.5780346820809249,0.5361930294906166,0.2
2026-10-03T08:49:08.680049+00:00,2026-10-03T09:49:08.680049+01:00,53b58ae0f99c8172ebee3bd82e7c83a7,icehockey_nhl,NHL,2026-10-03T23:10:00+00:00,2026-10-04T00:10:00+01:00,Pittsburgh Penguins,Montréal Canadiens,coral,Coral,2026-10-03T08:48:10Z,totals,Under,2.0,6.0,0.5,0.4638069705093834,0.2
2026-10-03T08:49:08.680049+00:00,2026-10-03T09:49:08.680049+01:00,53b58ae0f99c8172ebee3bd82e7c83a7,icehockey_nhl,NHL,2026-10-03T23:10:00+00:00,2026-10-04T00:10:00+01:00,Pittsburgh Penguins,Montréal Canadiens,unibet_uk,Unibet (UK),2026-10-03T08:48:44Z,h2h,Montréal Canadiens,2.25,,0.4444444444444444,0.42482758620689653,0.2
2026-10-03T08:49:08.680049+00:00,2026-10-03T09:49:08.680049+01:00,53b58ae0f99c8172ebee3bd82e7c83a7,icehockey_nhl,NHL,2026-10-03T23:10:00+00:00,2026-10-04T00:10:00+01:00,Pittsburgh Penguins,Montréal Canadiens,unibet_uk,Unibet (UK),2026-10-03T08:48:44Z,h2h,Pittsburgh Penguins,2.75,,0.36363636363636365,0.3475862068965518,0.2
2026-10-03T08:49:08.680049+00:00,2026-10-03T09:49:08.680049+01:00,53b58ae0f99c8172ebee3bd82e7c83a7,icehockey_nhl,NHL,2026-10-03T23:10:00+00:00,2026-10-04T00:10:00+01:00,Pittsburgh Penguins,Montréal Canadiens,unibet_uk,Unibet (UK),2026-10-03T08:48:44Z,h2h,Draw,4.2,,0.23809523809523808,0.22758620689655173,0.2
2026-10-03T08:49:08.680049+00:00,2026-10-03T09:49:08.680049+01:00,53b58ae0f99c8172ebee3bd82e7c83a7,icehockey_nhl,NHL,2026-10-03T23:10:00+00:00,2026-10-04T00:10:00+01:00,Pittsburgh Penguins,Montréal Canadiens,smarkets,Smarkets,2026-10-03T08:48:59Z,h2h,Montréal Canadiens,1.82,,0.5494505494505494,0.5380710659898477,0.2
2026-10-03T08:49:08.680049+00:00,2026-10-03T09:49:08.680049+01:00,53b58ae0f99c8172ebee3bd82e7c83a7,icehockey_nhl,NHL,2026-10-03T23:10:00+00:00,2026-10-04T00:10:00+01:00,Pittsburgh Penguins,Montréal Canadiens,smarkets,Smarkets,2026-10-03T08:48:59Z,h2h,Pittsburgh Penguins,2.12,,0.4716981132075471,0.4619289340101523,0.2
2026-10-03T08:49:08.680049+00:00,2026-10-03T09:49:08.680049+01:00,53b58ae0f99c8172ebee3bd82e7c83a7,icehockey_nhl,NHL,2026-10-03T23:10:00+00:00,2026-10-04T00:10:00+01:00,Pittsburgh Penguins,Montréal Canadiens,smarkets,Smarkets,2026-10-03T08:48:59Z,h2h_lay,Montréal Canadiens,1.88,,0.5319148936170213,1.0,0.2
2026-10-03T08:49:08.680049+00:00,2026-10-03T09:49:08.680049+01:00,53b58ae0f99c8172ebee3bd82e7c83a7,icehockey_nhl,NHL,2026-10-03T23:10:00+00:00,2026-10-04T00:10:00+01:00,Pittsburgh Penguins,Montréal Canadiens,smarkets,Smarkets,2026-10-03T08:48:59Z,h2h_lay,Pittsburgh Penguins,2.22,,0.4504504504504504,1.0,0.2
2026-10-03T08:49:08.680049+00:00,2026-10-03T09:49:08.680049+01:00,53b58ae0f99c8172ebee3bd82e7c83a7,icehockey_nhl,NHL,2026-10-03T23:10:00+00:00,2026-10-04T00:10:00+01:00,Pittsburgh Penguins,Montréal Canadiens,williamhill,William Hill,2026-10-03T08:49:00Z,h2h,Montréal Canadiens,1.73,,0.5780346820809249,0.5483028720626633,0.2
2026-10-03T08:49:08.680049+00:00,2026-10-03T09:49:08.680049+01:00,53b58ae0f99c8172ebee3bd82e7c83a7,icehockey_nhl,NHL,2026-10-03T23:10:00+00:00,2026-10-04T00:10:00+01:00,Pittsburgh Penguins,Montréal Canadiens,williamhill,William Hill,2026-10-03T08:49:00Z,h2h,Pittsburgh Penguins,2.1,,0.47619047619047616,0.4516971279373368,0.2
2026-10-03T08:49:08.680049+00:00,2026-10-03T09:49:08.680049+01:00,53b58ae0f99c8172ebee3bd82e7c83a7,icehockey_nhl,NHL,2026-10-03T23:10:00+00:00,2026-10-04T00:10:00+01:00,Pittsburgh Penguins,Montréal Canadiens,williamhill,William Hill,2026-10-03T08:49:00Z,spreads,Montréal Canadiens,2.75,-1.5,0.36363636363636365,0.3436754176610979,0.2
2026-10-03T08:49:08.680049+00:00,2026-10-03T09:49:08.680049+01:00,53b58ae0f99c8172ebee3bd82e7c83a7,icehockey_nhl,NHL,2026-10-03T23:10:00+00:00,2026-10-04T00:10:00+01:00,Pittsburgh Penguins,Montréal Canadiens,williamhill,William Hill,2026-10-03T08:49:00Z,spreads,Pittsburgh Penguins,1.44,1.5,0.6944444444444444,0.6563245823389022,0.2
2026-10-03T08:49:08.680049+00:00,2026-10-03T09:49:08.680049+01:00,53b58ae0f99c8172ebee3bd82e7c83a7,icehockey_nhl,NHL,2026-10-03T23:10:00+00:00,2026-10-04T00:10:00+01:00,Pittsburgh Penguins,Montréal Canadiens,williamhill,William Hill,2026-10-03T08:49:00Z,totals,Over,2.0,6.5,0.5,0.47368421052631576,0.2
2026-10-03T08:49:08.680049+00:00,2026-10-03T09:49:08.680049+01:00,53b58ae0f99c8172ebee3bd82e7c83a7,icehockey_nhl,NHL,2026-10-03T23:10:00+00:00,2026-10-04T00:10:00+01:00,Pittsburgh Penguins,Montréal Canadiens,williamhill,William Hill,2026-10-03T08:49:00Z,totals,Under,1.8,6.5,0.5555555555555556,0.5263157894736842,0.2
2026-10-03T08:49:08.680049+00:00,2026-10-03T09:49:08.680049+01:00,53b58ae0f99c8172ebee3bd82e7c83a7,icehockey_nhl,NHL,2026-10-03T23:10:00+00:00,2026-10-04T00:10:00+01:00,Pittsburgh Penguins,Montréal Canadiens,betway,Betway,2026-10-03T08:48:11Z,h2h,Montréal Canadiens,2.2,,0.45454545454545453,0.42013476020610385,0.2
2026-10-03T08:49:08.680049+00:00,2026-10-03T09:49:08.680049+01:00,53b58ae0f99c8172ebee3bd82e7c83a7,icehockey_nhl,NHL,2026-10-03T23:10:00+00:00,2026-10-04T00:10:00+01:00,Pittsburgh Penguins,Montréal Canadiens,betway,Betway,2026-10-03T08:48:11Z,h2h,Pittsburgh Penguins,2.65,,0.37735849056603776,0.3487911216805391,0.2
2026-10-03T08:49:08.680049+00:00,2026-10-03T09:49:08.680049+01:00,53b58ae0f99c8172ebee3bd82e7c83a7,icehockey_nhl,NHL,2026-10-03T23:10:00+00:00,2026-10-04T00:10:00+01:00,Pittsburgh Penguins,Montréal Canadiens,betway,Betway,2026-10-03T08:48:11Z,h2h,Draw,4.0,,0.25,0.23107411811335712,0.2
2026-10-03T08:49:08.680049+00:00,2026-10-03T09:49:08.680049+01:00,53b58ae0f99c8172ebee3bd82e7c83a7,icehockey_nhl,NHL,2026-10-03T23:10:00+00:00,2026-10-04T00:10:00+01:00,Pittsburgh Penguins,Montréal Canadiens,paddypower,Paddy Power,2026-10-03T08:47:55Z,h2h,Montréal Canadiens,1.8,,0.5555555555555556,0.5324675324675325,0.2
2026-10-03T08:49:08.680049+00:00,2026-10-03T09:49:08.680049+01:00,53b58ae0f99c8172ebee3bd82e7c83a7,icehockey_nhl,NHL,2026-10-03T23:10:00+00:00,2026-10-04T00:10:00+01:00,Pittsburgh Penguins,Montréal Canadiens,paddypower,Paddy Power,2026-10-03T08:47:55Z,h2h,Pittsburgh Penguins,2.05,,0.48780487804878053,0.4675324675324676,0.2
2026-10-03T08:49:08.680049+00:00,2026-10-03T09:49:08.680049+01:00,53b58ae0f99c8172ebee3bd82e7c83a7,icehockey_nhl,NHL,2026-10-03T23:10:00+00:00,2026-10-04T00:10:00+01:00,Pittsburgh Penguins,Montréal Canadiens,betfair_ex_uk,Betfair,2026-10-03T08:48:44Z,h2h,Montréal Canadiens,1.82,,0.5494505494505494,0.5404040404040404,0.2
2026-10-03T08:49:08.680049+00:00,2026-10-03T09:49:08.680049+01:00,53b58ae0f99c8172ebee3bd82e7c83a7,icehockey_nhl,NHL,2026-10-03T23:10:00+00:00,2026-10-04T00:10:00+01:00,Pittsburgh Penguins,Montréal Canadiens,betfair_ex_uk,Betfair,2026-10-03T08:48:44Z,h2h,Pittsburgh Penguins,2.14,,0.4672897196261682,0.45959595959595967,0.2
2026-10-03T08:49:08.680049+00:00,2026-10-03T09:49:08.680049+01:00,53b58ae0f99c8172ebee3bd82e7c83a7,icehockey_nhl,NHL,2026-10-03T23:10:00+00:00,2026-10-04T00:10:00+01:00,Pittsburgh Penguins,Montréal Canadiens,betfair_ex_uk,Betfair,2026-10-03T08:48:44Z,h2h_lay,Montréal Canadiens,1.87,,0.53475935828877,1.0,0.2
2026-10-03T08:49:08.680049+00:00,2026-10-03T09:49:08.680049+01:00,53b58ae0f99c8172ebee3bd82e7c83a7,icehockey_nhl,NHL,2026-10-03T23:10:00+00:00,2026-10-04T00:10:00+01:00,Pittsburgh Penguins,Montréal Canadiens,betfair_ex_uk,Betfair,2026-10-03T08:48:44Z,h2h_lay,Pittsburgh Penguins,2.22,,0.4504504504504504,1.0,0.2
2026-10-03T08:49:08.680049+00:00,2026-10-03T09:49:08.680049+01:00,53b58ae0f99c8172ebee3bd82e7c83a7,icehockey_nhl,NHL,2026-10-03T23:10:00+00:00,2026-10-04T00:10:00+01:00,Pittsburgh Penguins,Montréal Canadiens,virginbet,Virgin Bet,2026-10-03T08:48:28Z,totals,Over,2.25,6.5,0.4444444444444444,0.4215938303341903,0.2
2026-10-03T08:49:08.680049+00:00,2026-10-03T09:49:08.680049+01:00,53b58ae0f99c8172ebee3bd82e7c83a7,icehockey_nhl,NHL,2026-10-03T23:10:00+00:00,2026-10-04T00:10:00+01:00,Pittsburgh Penguins,Montréal Canadiens,virginbet,Virgin Bet,2026-10-03T08:48:28Z,totals,Under,1.64,6.5,0.6097560975609756,0.5784061696658098,0.2
2026-10-03T08:49:08.680049+00:00,2026-10-03T09:49:08.680049+01:00,53b58ae0f99c8172ebee3bd82e7c83a7,icehockey_nhl,NHL,2026-10-03T23:10:00+00:00,2026-10-04T00:10:00+01:00,Pittsburgh Penguins,Montréal Canadiens,livescorebet,LiveScore Bet,2026-10-03T08:48:28Z,totals,Over,2.25,6.5,0.4444444444444444,0.4215938303341903,0.2
2026-10-03T08:49:08.680049+00:00,2026-10-03T09:49:08.680049+01:00,53b58ae0f99c8172ebee3bd82e7c83a7,icehockey_nhl,NHL,2026-10-03T23:10:00+00:00,2026-10-04T00:10:00+01:00,Pittsburgh Penguins,Montréal Canadiens,livescorebet,LiveScore Bet,2026-10-03T08:48:28Z,totals,Under,1.64,6.5,0.6097560975609756,0.5784061696658098,0.2
2026-10-03T08:49:08.680049+00:00,2026-10-03T09:49:08.680049+01:00,53b58ae0f99c8172ebee3bd82e7c83a7,icehockey_nhl,NHL,2026-10-03T23:10:00+00:00,2026-10-04T00:10:00+01:00,Pittsburgh Penguins,Montréal Canadiens,casumo,Casumo,2026-10-03T08:48:26Z,h2h,Montréal Canadiens,2.28,,0.4385964912280702,0.41657258974937905,0.2
2026-10-03T08:49:08.680049+00:00,2026-10-03T09:49:08.680049+01:00,53b58ae0f99c8172ebee3bd82e7c83a7,icehockey_nhl,NHL,2026-10-03T23:10:00+00:00,2026-10-04T00:10:00+01:00,Pittsburgh Penguins,Montréal Canadiens,casumo,Casumo,2026-10-03T08:48:26Z,h2h,Pittsburgh Penguins,2.7,,0.37037037037037035,0.3517724091216978,0.2
2026-10-03T08:49:08.680049+00:00,2026-10-03T09:49:08.680049+01:00,53b58ae0f99c8172ebee3bd82e7c83a7,icehockey_nhl,NHL,2026-10-03T23:10:00+00:00,2026-10-04T00:10:00+01:00,Pittsburgh Penguins,Montréal Canadiens,casumo,Casumo,2026-10-03T08:48:26Z,h2h,Draw,4.1,,0.24390243902439027,0.231655001128923,0.2
2026-10-03T08:49:08.680049+00:00,2026-10-03T09:49:08.680049+01:00,53b58ae0f99c8172ebee3bd82e7c83a7,icehockey_nhl,NHL,2026-10-03T23:10:00+00:00,2026-10-04T00:10:00+01:00,Pittsburgh Penguins,Montréal Canadiens,casumo,Casumo,2026-10-03T08:48:26Z,spreads,Montréal Canadiens,2.95,-1.5,0.3389830508474576,0.32183908045977005,0.2
2026-10-03T08:49:08.680049+00:00,2026-10-03T09:49:08.680049+01:00,53b58ae0f99c8172ebee3bd82e7c83a7,icehockey_nhl,NHL,2026-10-03T23:10:00+00:00,2026-10-04T00:10:00+01:00,Pittsburgh Penguins,Montréal Canadiens,casumo,Casumo,2026-10-03T08:48:26Z,spreads,Pittsburgh Penguins,1.4,1.5,0.7142857142857143,0.6781609195402298,0.2
2026-10-03T08:49:08.680049+00:00,2026-10-03T09:49:08.680049+01:00,53b58ae0f99c8172ebee3bd82e7c83a7,icehockey_nhl,NHL,2026-10-03T23:10:00+00:00,2026-10-04T00:10:00+01:00,Pittsburgh Penguins,Montréal Canadiens,casumo,Casumo,2026-10-03T08:48:26Z,totals,Over,2.25,6.5,0.4444444444444444,0.4215938303341903,0.2
2026-10-03T08:49:08.680049+00:00,2026-10-03T09:49:08.680049+01:00,53b58ae0f99c8172ebee3bd82e7c83a7,icehockey_nhl,NHL,2026-10-03T23:10:00+00:00,2026-10-04T00:10:00+01:00,Pittsburgh Penguins,Montréal Canadiens,casumo,Casumo,2026-10-03T08:48:26Z,totals,Under,1.64,6.5,0.6097560975609756,0.5784061696658098,0.2
2026-10-03T08:49:08.680049+00:00,2026-10-03T09:49:08.680049+01:00,53b58ae0f99c8172ebee3bd82e7c83a7,icehockey_nhl,NHL,2026-10-03T23:10:00+00:00,2026-10-04T00:10:00+01:00,Pittsburgh Penguins,Montréal Canadiens,grosvenor,Grosvenor,2026-10-03T08:48:58Z,h2h,Montréal Canadiens,2.28,,0.4385964912280702,0.41657258974937905,0.2
2026-10-03T08:49:08.680049+00:00,2026-10-03T09:49:08.680049+01:00,53b58ae0f99c8172ebee3bd82e7c83a7,icehockey_nhl,NHL,2026-10-03T23:10:00+00:00,2026-10-04T00:10:00+01:00,Pittsburgh Penguins,Montréal Canadiens,grosvenor,Grosvenor,2026-10-03T08:48:58Z,h2h,Pittsburgh Penguins,2.7,,0.37037037037037035,0.3517724091216978,0.2
2026-10-03T08:49:08.680049+00:00,2026-10-03T09:49:08.680049+01:00,53b58ae0f99c8172ebee3bd82e7c83a7,icehockey_nhl,NHL,2026-10-03T23:10:00+00:00,2026-10-04T00:10:00+01:00,Pittsburgh Penguins,Montréal Canadiens,grosvenor,Grosvenor,2026-10-03T08:48:58Z,h2h,Draw,4.1,,0.24390243902439027,0.231655001128923,0.2
2026-10-03T08:49:08.680049+00:00,2026-10-03T09:49:08.680049+01:00,53b58ae0f99c8172ebee3bd82e7c83a7,icehockey_nhl,NHL,2026-10-03T23:10:00+00:00,2026-10-04T00:10:00+01:00,Pittsburgh Penguins,Montréal Canadiens,grosvenor,Grosvenor,2026-10-03T08:48:58Z,totals,Over,2.25,6.5,0.4444444444444444,0.4215938303341903,0.2
2026-10-03T08:49:08.680049+00:00,2026-10-03T09:49:08.680049+01:00,53b58ae0f99c8172ebee3bd82e7c83a7,icehockey_nhl,NHL,2026-10-03T23:10:00+00:00,2026-10-04T00:10:00+01:00,Pittsburgh Penguins,Montréal Canadiens,grosvenor,Grosvenor,2026-10-03T08:48:58Z,totals,Under,1.64,6.5,0.6097560975609756,0.5784061696658098,0.2
2026-10-03T08:49:08.680049+00:00,2026-10-03T09:49:08.680049+01:00,53b58ae0f99c8172ebee3bd82e7c83a7,icehockey_nhl,NHL,2026-10-03T23:10:00+00:00,2026-10-04T00:10:00+01:00,Pittsburgh Penguins,Montréal Canadiens,matchbook,Matchbook,2026-10-03T08:48:44Z,h2h,Montréal Canadiens,1.82,,0.5494505494505494,0.5404040404040404,0.2
2026-10-03T08:49:08.680049+00:00,2026-10-03T09:49:08.680049+01:00,53b58ae0f99c8172ebee3bd82e7c83a7,icehockey_nhl,NHL,2026-10-03T23:10:00+00:00,2026-10-04T00:10:00+01:00,Pittsburgh Penguins,Montréal Canadiens,matchbook,Matchbook,2026-10-03T08:48:44Z,h2h,Pittsburgh Penguins,2.14,,0.4672897196261682,0.45959595959595967,0.2
2026-10-03T08:49:08.680049+00:00,2026-10-03T09:49:08.680049+01:00,53b58ae0f99c8172ebee3bd82e7c83a7,icehockey_nhl,NHL,2026-10-03T23:10:00+00:00,2026-10-04T00:10:00+01:00,Pittsburgh Penguins,Montréal Canadiens,matchbook,Matchbook,2026-10-03T08:48:44Z,h2h_lay,Montréal Canadiens,1.87,,0.53475935828877,1.0,0.2
2026-10-03T08:49:08.680049+00:00,2026-10-03T09:49:08.680049+01:00,53b58ae0f99c8172ebee3bd82e7c83a7,icehockey_nhl,NHL,2026-10-03T23:10:00+00:00,2026-10-04T00:10:00+01:00,Pittsburgh Penguins,Montréal Canadiens,matchbook,Matchbook,2026-10-03T08:48:44Z,h2h_lay,Pittsburgh Penguins,2.22,,0.4504504504504504,1.0,0.2
2026-10-03T08:49:08.680049+00:00,2026-10-03T09:49:08.680049+01:00,53b58ae0f99c8172ebee3bd82e7c83a7,icehockey_nhl,NHL,2026-10-03T23:10:00+00:00,2026-10-04T00:10:00+01:00,Pittsburgh Penguins,Montréal Canadiens,matchbook,Matchbook,2026-10-03T08:48:44Z,spreads,Montréal Canadiens,2.94,-1.5,0.3401360544217687,0.32876712328767127,0.2
2026-10-03T08:49:08.680049+00:00,2026-10-03T09:49:08.680049+01:00,53b58ae0f99c8172ebee3bd82e7c83a7,icehockey_nhl,NHL,2026-10-03T23:10:00+00:00,2026-10-04T00:10:00+01:00,Pittsburgh Penguins,Montréal Canadiens,matchbook,Matchbook,2026-10-03T08:48:44Z,spreads,Pittsburgh Penguins,1.44,1.5,0.6944444444444444,0.6712328767123288,0.2
2026-10-03T08:49:08.680049+00:00,2026-10-03T09:49:08.680049+01:00,53b58ae0f99c8172ebee3bd82e7c83a7,icehockey_nhl,NHL,2026-10-03T23:10:00+00:00,2026-10-04T00:10:00+01:00,Pittsburgh Penguins,Montréal Canadiens,matchbook,Matchbook,2026-10-03T08:48:44Z,totals,Over,2.02,6.5,0.49504950495049505,0.4793814432989691,0.2
2026-10-03T08:49:08.680049+00:00,2026-10-03T09:49:08.680049+01:00,53b58ae0f99c8172ebee3bd82e7c83a7,icehockey_nhl,NHL,2026-10-03T23:10:00+00:00,2026-10-04T00:10:00+01:00,Pittsburgh Penguins,Montréal Canadiens,matchbook,Matchbook,2026-10-03T08:48:44Z,totals,Under,1.86,6.5,0.5376344086021505,0.520618556701031,0.2
2026-10-03T08:49:08.680049+00:00,2026-10-03T09:49:08.680049+01:00,53b58ae0f99c8172ebee3bd82e7c83a7,icehockey_nhl,NHL,2026-10-03T23:10:00+00:00,2026-10-04T00:10:00+01:00,Pittsburgh Penguins,Montréal Canadiens,betvictor,Bet Victor,2026-10-03T08:48:26Z,h2h,Montréal Canadiens,1.73,,0.5780346820809249,0.5361930294906166,0.2
2026-10-03T08:49:08.680049+00:00,2026-10-03T09:49:08.680049+01:00,53b58ae0f99c8172ebee3bd82e7c83a7,icehockey_nhl,NHL,2026-10-03T23:10:00+00:00,2026-10-04T00:10:00+01:00,Pittsburgh Penguins,Montréal Canadiens,betvictor,Bet Victor,2026-10-03T08:48:26Z,h2h,Pittsburgh Penguins,2.0,,0.5,0.4638069705093834,0.2
2026-10-03T08:49:08.680049+00:00,2026-10-03T09:49:08.680049+01:00,53b58ae0f99c8172ebee3bd82e7c83a7,icehockey_nhl,NHL,2026-10-03T23:10:00+00:00,2026-10-04T00:10:00+01:00,Pittsburgh Penguins,Montréal Canadiens,betano_uk,Betano (UK),2026-10-03T08:48:22Z,h2h,Montréal Canadiens,1.73,,0.5780346820809249,0.5361930294906166,0.2
2026-10-03T08:49:08.680049+00:00,2026-10-03T09:49:08.680049+01:00,53b58ae0f99c8172ebee3bd82e7c83a7,icehockey_nhl,NHL,2026-10-03T23:10:00+00:00,2026-10-04T00:10:00+01:00,Pittsburgh Penguins,Montréal Canadiens,betano_uk,Betano (UK),2026-10-03T08:48:22Z,h2h,Pittsburgh Penguins,2.0,,0.5,0.4638069705093834,0.2
2026-10-03T08:49:08.680049+00:00,2026-10-03T09:49:08.680049+01:00,53b58ae0f99c8172ebee3bd82e7c83a7,icehockey_nhl,NHL,2026-10-03T23:10:00+00:00,2026-10-04T00:10:00+01:00,Pittsburgh Penguins,Montréal Canadiens,betfair_sb_uk,Betfair Sportsbook,2026-10-03T08:47:56Z,h2h,Montréal Canadiens,1.8,,0.5555555555555556,0.5324675324675325,0.2
2026-10-03T08:49:08.680049+00:00,2026-10-03T09:49:08.680049+01:00,53b58ae0f99c8172ebee3bd82e7c83a7,icehockey_nhl,NHL,2026-10-03T23:10:00+00:00,2026-10-04T00:10:00+01:00,Pittsburgh Penguins,Montréal Canadiens,betfair_sb_uk,Betfair Sportsbook,2026-10-03T08:47:56Z,h2h,Pittsburgh Penguins,2.05,,0.48780487804878053,0.4675324675324676,0.2
2026-10-03T08:49:08.680049+00:00,2026-10-03T09:49:08.680049+01:00,25e8169a0a6e2a41ef0aef55d87b3639,icehockey_nhl,NHL,2026-10-03T23:10:00+00:00,2026-10-04T00:10:00+01:00,Toronto Maple Leafs,Ottawa Senators,unibet_uk,Unibet (UK),2026-10-03T08:48:44Z,h2h,Ottawa Senators,2.6,,0.3846153846153846,0.36789759646376274,0.2
2026-10-03T08:49:08.680049+00:00,2026-10-03T09:49:08.680049+01:00,25e8169a0a6e2a41ef0aef55d87b3639,icehockey_nhl,NHL,2026-10-03T23:10:00+00:00,2026-10-04T00:10:00+01:00,Toronto Maple Leafs,Ottawa Senators,unibet_uk,Unibet (UK),2026-10-03T08:48:44Z,h2h,Toronto Maple Leafs,2.35,,0.425531914893617,0.4070356386407588,0.2
2026-10-03T08:49:08.680049+00:00,2026-10-03T09:49:08.680049+01:00,25e8169a0a6e2a41ef0aef55d87b3639,icehockey_nhl,NHL,2026-10-03T23:10:00+00:00,2026-10-04T00:10:00+01:00,Toronto Maple Leafs,Ottawa Senators,unibet_uk,Unibet (UK),2026-10-03T08:48:44Z,h2h,Draw,4.25,,0.23529411764705882,0.22506676489547842,0.2
2026-10-03T08:49:08.680049+00:00,2026-10-03T09:49:08.680049+01:00,25e8169a0a6e2a41ef0aef55d87b3639,icehockey_nhl,NHL,2026-10-03T23:10:00+00:00,2026-10-04T00:10:00+01:00,Toronto Maple Leafs,Ottawa Senators,betway,Betway,2026-10-03T08:48:11Z,h2h,Ottawa Senators,2.5,,0.4,0.3687374749498998,0.2
2026-10-03T08:49:08.680049+00:00,2026-10-03T09:49:08.680049+01:00,25e8169a0a6e2a41ef0aef55d87b3639,icehockey_nhl,NHL,2026-10-03T23:10:00+00:00,2026-10-04T00:10:00+01:00,Toronto Maple Leafs,Ottawa Senators,betway,Betway,2026-10-03T08:48:11Z,h2h,Toronto Maple Leafs,2.3,,0.4347826086956522,0.40080160320641284,0.2
2026-10-03T08:49:08.680049+00:00,2026-10-03T09:49:08.680049+01:00,25e8169a0a6e2a41ef0aef55d87b3639,icehockey_nhl,NHL,2026-10-03T23:10:00+00:00,2026-10-04T00:10:00+01:00,Toronto Maple Leafs,Ottawa Senators,betway,Betway,2026-10-03T08:48:11Z,h2h,Draw,4.0,,0.25,0.23046092184368736,0.2
2026-10-03T08:49:08.680049+00:00,2026-10-03T09:49:08.680049+01:00,25e8169a0a6e2a41ef0aef55d87b3639,icehockey_nhl,NHL,2026-10-03T23:10:00+00:00,2026-10-04T00:10:00+01:00,Toronto Maple Leafs,Ottawa Senators,williamhill,William Hill,2026-10-03T08:49:00Z,h2h,Ottawa Senators,2.0,,0.5,0.47368421052631576,0.2
2026-10-03T08:49:08.680049+00:00,2026-10-03T09:49:08.680049+01:00,25e8169a0a6e2a41ef0aef55d87b3639,icehockey_nhl,NHL,2026-10-03T23:10:00+00:00,2026-10-04T00:10:00+01:00,Toronto Maple Leafs,Ottawa Senators,williamhill,William Hill,2026-10-03T08:49:00Z,h2h,Toronto Maple Leafs,1.8,,0.5555555555555556,0.5263157894736842,0.2
2026-10-03T08:49:08.680049+00:00,2026-10-03T09:49:08.680049+01:00,25e8169a0a6e2a41ef0aef55d87b3639,icehockey_nhl,NHL,2026-10-03T23:10:00+00:00,2026-10-04T00:10:00+01:00,Toronto Maple Leafs,Ottawa Senators,williamhill,William Hill,2026-10-03T08:49:00Z,spreads,Ottawa Senators,1.4,1.5,0.7142857142857143,0.6744186046511629,0.2
2026-10-03T08:49:08.680049+00:00,2026-10-03T09:49:08.680049+01:00,25e8169a0a6e2a41ef0aef55d87b3639,icehockey_nhl,NHL,2026-10-03T23:10:00+00:00,2026-10-04T00:10:00+01:00,Toronto Maple Leafs,Ottawa Senators,williamhill,William Hill,2026-10-03T08:49:00Z,spreads,Toronto Maple Leafs,2.9,-1.5,0.3448275862068966,0.32558139534883723,0.2
2026-10-03T08:49:08.680049+00:00,2026-10-03T09:49:08.680049+01:00,25e8169a0a6e2a41ef0aef55d87b3639,icehockey_nhl,NHL,2026-10-03T23:10:00+00:00,2026-10-04T00:10:00+01:00,Toronto Maple Leafs,Ottawa Senators,williamhill,William Hill,2026-10-03T08:49:00Z,totals,Over,2.0,6.5,0.5,0.47368421052631576,0.2
2026-10-03T08:49:08.680049+00:00,2026-10-03T09:49:08.680049+01:00,25e8169a0a6e2a41ef0aef55d87b3639,icehockey_nhl,NHL,2026-10-03T23:10:00+00:00,2026-10-04T00:10:00+01:00,Toronto Maple Leafs,Ottawa Senators,williamhill,William Hill,2026-10-03T08:49:00Z,totals,Under,1.8,6.5,0.5555555555555556,0.5263157894736842,0.2
2026-10-03T08:49:08.680049+00:00,2026-10-03T09:49:08.680049+01:00,25e8169a0a6e2a41ef0aef55d87b3639,icehockey_nhl,NHL,2026-10-03T23:10:00+00:00,2026-10-04T00:10:00+01:00,Toronto Maple Leafs,Ottawa Senators,ladbrokes_uk,Ladbrokes,2026-10-03T08:48:27Z,h2h,Ottawa Senators,2.0,,0.5,0.47780678851174935,0.2
2026-10-03T08:49:08.680049+00:00,2026-10-03T09:49:08.680049+01:00,25e8169a0a6e2a41ef0aef55d87b3639,icehockey_nhl,NHL,2026-10-03T23:10:00+00:00,2026-10-04T00:10:00+01:00,Toronto Maple Leafs,Ottawa Senators,ladbrokes_uk,Ladbrokes,2026-10-03T08:48:27Z,h2h,Toronto Maple Leafs,1.83,,0.5464480874316939,0.5221932114882506,0.2
2026-10-03T08:49:08.680049+00:00,2026-10-03T09:49:08.680049+01:00,25e8169a0a6e2a41ef0aef55d87b3639,icehockey_nhl,NHL,2026-10-03T23:10:00+00:00,2026-10-04T00:10:00+01:00,Toronto Maple Leafs,Ottawa Senators,ladbrokes_uk,Ladbrokes,2026-10-03T08:48:27Z,spreads,Ottawa Senators,1.44,1.5,0.6944444444444444,0.6682027649769585,0.2
2026-10-03T08:49:08.680049+00:00,2026-10-03T09:49:08.680049+01:00,25e8169a0a6e2a41ef0aef55d87b3639,icehockey_nhl,NHL,2026-10-03T23:10:00+00:00,2026-10-04T00:10:00+01:00,Toronto Maple Leafs,Ottawa Senators,ladbrokes_uk,Ladbrokes,2026-10-03T08:48:27Z,spreads,Toronto Maple Leafs,2.9,-1.5,0.3448275862068966,0.3317972350230415,0.2
2026-10-03T08:49:08.680049+00:00,2026-10-03T09:49:08.680049+01:00,25e8169a0a6e2a41ef0aef55d87b3639,icehockey_nhl,NHL,2026-10-03T23:10:00+00:00,2026-10-04T00:10:00+01:00,Toronto Maple Leafs,Ottawa Senators,ladbrokes_uk,Ladbrokes,2026-10-03T08:48:27Z,totals,Over,1.75,6.0,0.5714285714285714,0.5333333333333333,0.2
2026-10-03T08:49:08.680049+00:00,2026-10-03T09:49:08.680049+01:00,25e8169a0a6e2a41ef0aef55d87b3639,icehockey_nhl,NHL,2026-10-03T23:10:00+00:00,2026-10-04T00:10:00+01:00,Toronto Maple Leafs,Ottawa Senators,ladbrokes_uk,Ladbrokes,2026-10-03T08:48:27Z,totals,Under,2.0,6.0,0.5,0.4666666666666667,0.2
2026-10-03T08:49:08.680049+00:00,2026-10-03T09:49:08.680049+01:00,25e8169a0a6e2a41ef0aef55d87b3639,icehockey_nhl,NHL,2026-10-03T23:10:00+00:00,2026-10-04T00:10:00+01:00,Toronto Maple Leafs,Ottawa Senators,coral,Coral,2026-10-03T08:48:10Z,h2h,Ottawa Senators,2.0,,0.5,0.47780678851174935,0.2
2026-10-03T08:49:08.680049+00:00,2026-10-03T09:49:08.680049+01:00,25e8169a0a6e2a41ef0aef55d87b3639,icehockey_nhl,NHL,2026-10-03T23:10:00+00:00,2026-10-04T00:10:00+01:00,Toronto Maple Leafs,Ottawa Senators,coral,Coral,2026-10-03T08:48:10Z,h2h,Toronto Maple Leafs,1.83,,0.5464480874316939,0.5221932114882506,0.2
2026-10-03T08:49:08.680049+00:00,2026-10-03T09:49:08.680049+01:00,25e8169a0a6e2a41ef0aef55d87b3639,icehockey_nhl,NHL,2026-10-03T23:10:00+00:00,2026-10-04T00:10:00+01:00,Toronto Maple Leafs,Ottawa Senators,coral,Coral,2026-10-03T08:48:10Z,spreads,Ottawa Senators,1.44,1.5,0.6944444444444444,0.6682027649769585,0.2
2026-10-03T08:49:08.680049+00:00,2026-10-03T09:49:08.680049+01:00,25e8169a0a6e2a41ef0aef55d87b3639,icehockey_nhl,NHL,2026-10-03T23:10:00+00:00,2026-10-04T00:10:00+01:00,Toronto Maple Leafs,Ottawa Senators,coral,Coral,2026-10-03T08:48:10Z,spreads,Toronto Maple Leafs,2.9,-1.5,0.3448275862068966,0.3317972350230415,0.2
2026-10-03T08:49:08.680049+00:00,2026-10-03T09:49:08.680049+01:00,25e8169a0a6e2a41ef0aef55d87b3639,icehockey_nhl,NHL,2026-10-03T23:10:00+00:00,2026-10-04T00:10:00+01:00,Toronto Maple Leafs,Ottawa Senators,coral,Coral,2026-10-03T08:48:10Z,totals,Over,1.75,6.0,0.5714285714285714,0.5333333333333333,0.2
2026-10-03T08:49:08.680049+00:00,2026-10-03T09:49:08.680049+01:00,25e8169a0a6e2a41ef0aef55d87b3639,icehockey_nhl,NHL,2026-10-03T23:10:00+00:00,2026-10-04T00:10:00+01:00,Toronto Maple Leafs,Ottawa Senators,coral,Coral,2026-10-03T08:48:10Z,totals,Under,2.0,6.0,0.5,0.4666666666666667,0.2
2026-10-03T08:49:08.680049+00:00,2026-10-03T09:49:08.680049+01:00,25e8169a0a6e2a41ef0aef55d87b3639,icehockey_nhl,NHL,2026-10-03T23:10:00+00:00,2026-10-04T00:10:00+01:00,Toronto Maple Leafs,Ottawa Senators,smarkets,Smarkets,2026-10-03T08:48:59Z,h2h,Ottawa Senators,2.04,,0.49019607843137253,0.4809160305343511,0.2
2026-10-03T08:49:08.680049+00:00,2026-10-03T09:49:08.680049+01:00,25e8169a0a6e2a41ef0aef55d87b3639,icehockey_nhl,NHL,2026-10-03T23:10:00+00:00,2026-10-04T00:10:00+01:00,Toronto Maple Leafs,Ottawa Senators,smarkets,Smarkets,2026-10-03T08:48:59Z,h2h,Toronto Maple Leafs,1.89,,0.5291005291005292,0.5190839694656489,0.2
2026-10-03T08:49:08.680049+00:00,2026-10-03T09:49:08.680049+01:00,25e8169a0a6e2a41ef0aef55d87b3639,icehockey_nhl,NHL,2026-10-03T23:10:00+00:00,2026-10-04T00:10:00+01:00,Toronto Maple Leafs,Ottawa Senators,smarkets,Smarkets,2026-10-03T08:48:59Z,h2h_lay,Ottawa Senators,2.12,,0.4716981132075471,1.0,0.2
2026-10-03T08:49:08.680049+00:00,2026-10-03T09:49:08.680049+01:00,25e8169a0a6e2a41ef0aef55d87b3639,icehockey_nhl,NHL,2026-10-03T23:10:00+00:00,2026-10-04T00:10:00+01:00,Toronto Maple Leafs,Ottawa Senators,smarkets,Smarkets,2026-10-03T08:48:59Z,h2h_lay,Toronto Maple Leafs,1.96,,0.5102040816326531,1.0,0.2
2026-10-03T08:49:08.680049+00:00,2026-10-03T09:49:08.680049+01:00,25e8169a0a6e2a41ef0aef55d87b3639,icehockey_nhl,NHL,2026-10-03T23:10:00+00:00,2026-10-04T00:10:00+01:00,Toronto Maple Leafs,Ottawa Senators,paddypower,Paddy Power,2026-10-03T08:47:55Z,h2h,Ottawa Senators,2.0,,0.5,0.47780678851174935,0.2
2026-10-03T08:49:08.680049+00:00,2026-10-03T09:49:08.680049+01:00,25e8169a0a6e2a41ef0aef55d87b3639,icehockey_nhl,NHL,2026-10-03T23:10:00+00:00,2026-10-04T00:10:00+01:00,Toronto Maple Leafs,Ottawa Senators,paddypower,Paddy Power,2026-10-03T08:47:55Z,h2h,Toronto Maple Leafs,1.83,,0.5464480874316939,0.5221932114882506,0.2
2026-10-03T08:49:08.680049+00:00,2026-10-03T09:49:08.680049+01:00,25e8169a0a6e2a41ef0aef55d87b3639,icehockey_nhl,NHL,2026-10-03T23:10:00+00:00,2026-10-04T00:10:00+01:00,Toronto Maple Leafs,Ottawa Senators,betfair_sb_uk,Betfair Sportsbook,2026-10-03T08:47:56Z,h2h,Ottawa Senators,2.0,,0.5,0.47780678851174935,0.2
2026-10-03T08:49:08.680049+00:00,2026-10-03T09:49:08.680049+01:00,25e8169a0a6e2a41ef0aef55d87b3639,icehockey_nhl,NHL,2026-10-03T23:10:00+00:00,2026-10-04T00:10:00+01:00,Toronto Maple Leafs,Ottawa Senators,betfair_sb_uk,Betfair Sportsbook,2026-10-03T08:47:56Z,h2h,Toronto Maple Leafs,1.83,,0.5464480874316939,0.5221932114882506,0.2
2026-10-03T08:49:08.680049+00:00,2026-10-03T09:49:08.680049+01:00,25e8169a0a6e2a41ef0aef55d87b3639,icehockey_nhl,NHL,2026-10-03T23:10:00+00:00,2026-10-04T00:10:00+01:00,Toronto Maple Leafs,Ottawa Senators,grosvenor,Grosvenor,2026-10-03T08:48:58Z,h2h,Ottawa Senators,2.65,,0.37735849056603776,0.3573284573188336,0.2
2026-10-03T08:49:08.680049+00:00,2026-10-03T09:49:08.680049+01:00,25e8169a0a6e2a41ef0aef55d87b3639,icehockey_nhl,NHL,2026-10-03T23:10:00+00:00,2026-10-04T00:10:00+01:00,Toronto Maple Leafs,Ottawa Senators,grosvenor,Grosvenor,2026-10-03T08:48:58Z,h2h,Toronto Maple Leafs,2.35,,0.425531914893617,0.4029448561254932,0.2
2026-10-03T08:49:08.680049+00:00,2026-10-03T09:49:08.680049+01:00,25e8169a0a6e2a41ef0aef55d87b3639,icehockey_nhl,NHL,2026-10-03T23:10:00+00:00,2026-10-04T00:10:00+01:00,Toronto Maple Leafs,Ottawa Senators,grosvenor,Grosvenor,2026-10-03T08:48:58Z,h2h,Draw,3.95,,0.2531645569620253,0.2397266865556731,0.2
2026-10-03T08:49:08.680049+00:00,2026-10-03T09:49:08.680049+01:00,25e8169a0a6e2a41ef0aef55d87b3639,icehockey_nhl,NHL,2026-10-03T23:10:00+00:00,2026-10-04T00:10:00+01:00,Toronto Maple Leafs,Ottawa Senators,grosvenor,Grosvenor,2026-10-03T08:48:58Z,totals,Over,1.71,5.5,0.5847953216374269,0.5558441558441558,0.2
2026-10-03T08:49:08.680049+00:00,2026-10-03T09:49:08.680049+01:00,25e8169a0a6e2a41ef0aef55d87b3639,icehockey_nhl,NHL,2026-10-03T23:10:00+00:00,2026-10-04T00:10:00+01:00,Toronto Maple Leafs,Ottawa Senators,grosvenor,Grosvenor,2026-10-03T08:48:58Z,totals,Under,2.14,5.5,0.4672897196261682,0.44415584415584414,0.2
2026-10-03T08:49:08.680049+00:00,2026-10-03T09:49:08.680049+01:00,25e8169a0a6e2a41ef0aef55d87b3639,icehockey_nhl,NHL,2026-10-03T23:10:00+00:00,2026-10-04T00:10:00+01:00,Toronto Maple Leafs,Ottawa Senators,virginbet,Virgin Bet,2026-10-03T08:48:28Z,totals,Over,1.71,5.5,0.5847953216374269,0.5558441558441558,0.2
2026-10-03T08:49:08.680049+00:00,2026-10-03T09:49:08.680049+01:00,25e8169a0a6e2a41ef0aef55d87b3639,icehockey_nhl,NHL,2026-10-03T23:10:00+00:00,2026-10-04T00:10:00+01:00,Toronto Maple Leafs,Ottawa Senators,virginbet,Virgin Bet,2026-10-03T08:48:28Z,totals,Under,2.14,5.5,0.4672897196261682,0.44415584415584414,0.2
2026-10-03T08:49:08.680049+00:00,2026-10-03T09:49:08.680049+01:00,25e8169a0a6e2a41ef0aef55d87b3639,icehockey_nhl,NHL,2026-10-03T23:10:00+00:00,2026-10-04T00:10:00+01:00,Toronto Maple Leafs,Ottawa Senators,livescorebet,LiveScore Bet,2026-10-03T08:48:28Z,totals,Over,1.71,5.5,0.5847953216374269,0.5558441558441558,0.2
2026-10-03T08:49:08.680049+00:00,2026-10-03T09:49:08.680049+01:00,25e8169a0a6e2a41ef0aef55d87b3639,icehockey_nhl,NHL,2026-10-03T23:10:00+00:00,2026-10-04T00:10:00+01:00,Toronto Maple Leafs,Ottawa Senators,livescorebet,LiveScore Bet,2026-10-03T08:48:28Z,totals,Under,2.14,5.5,0.4672897196261682,0.44415584415584414,0.2
2026-10-03T08:49:08.680049+00:00,2026-10-03T09:49:08.680049+01:00,25e8169a0a6e2a41ef0aef55d87b3639,icehockey_nhl,NHL,2026-10-03T23:10:00+00:00,2026-10-04T00:10:00+01:00,Toronto Maple Leafs,Ottawa Senators,casumo,Casumo,2026-10-03T08:48:26Z,h2h,Ottawa Senators,2.65,,0.37735849056603776,0.3573284573188336,0.2
2026-10-03T08:49:08.680049+00:00,2026-10-03T09:49:08.680049+01:00,25e8169a0a6e2a41ef0aef55d87b3639,icehockey_nhl,NHL,2026-10-03T23:10:00+00:00,2026-10-04T00:10:00+01:00,Toronto Maple Leafs,Ottawa Senators,casumo,Casumo,2026-10-03T08:48:26Z,h2h,Toronto Maple Leafs,2.35,,0.425531914893617,0.4029448561254932,0.2
2026-10-03T08:49:08.680049+00:00,2026-10-03T09:49:08.680049+01:00,25e8169a0a6e2a41ef0aef55d87b3639,icehockey_nhl,NHL,2026-10-03T23:10:00+00:00,2026-10-04T00:10:00+01:00,Toronto Maple Leafs,Ottawa Senators,casumo,Casumo,2026-10-03T08:48:26Z,h2h,Draw,3.95,,0.2531645569620253,0.2397266865556731,0.2
2026-10-03T08:49:08.680049+00:00,2026-10-03T09:49:08.680049+01:00,25e8169a0a6e2a41ef0aef55d87b3639,icehockey_nhl,NHL,2026-10-03T23:10:00+00:00,2026-10-04T00:10:00+01:00,Toronto Maple Leafs,Ottawa Senators,casumo,Casumo,2026-10-03T08:48:26Z,spreads,Ottawa Senators,1.36,1.5,0.7352941176470588,0.695067264573991,0.2
2026-10-03T08:49:08.680049+00:00,2026-10-03T09:49:08.680049+01:00,25e8169a0a6e2a41ef0aef55d87b3639,icehockey_nhl,NHL,2026-10-03T23:10:00+00:00,2026-10-04T00:10:00+01:00,Toronto Maple Leafs,Ottawa Senators,casumo,Casumo,2026-10-03T08:48:26Z,spreads,Toronto Maple Leafs,3.1,-1.5,0.3225806451612903,0.30493273542600896,0.2
2026-10-03T08:49:08.680049+00:00,2026-10-03T09:49:08.680049+01:00,25e8169a0a6e2a41ef0aef55d87b3639,icehockey_nhl,NHL,2026-10-03T23:10:00+00:00,2026-10-04T00:10:00+01:00,Toronto Maple Leafs,Ottawa Senators,casumo,Casumo,2026-10-03T08:48:26Z,totals,Over,1.71,5.5,0.5847953216374269,0.5558441558441558,0.2
2026-10-03T08:49:08.680049+00:00,2026-10-03T09:49:08.680049+01:00,25e8169a0a6e2a41ef0aef55d87b3639,icehockey_nhl,NHL,2026-10-03T23:10:00+00:00,2026-10-04T00:10:00+01:00,Toronto Maple Leafs,Ottawa Senators,casumo,Casumo,2026-10-03T08:48:26Z,totals,Under,2.14,5.5,0.4672897196261682,0.44415584415584414,0.2
2026-10-03T08:49:08.680049+00:00,2026-10-03T09:49:08.680049+01:00,25e8169a0a6e2a41ef0aef55d87b3639,icehockey_nhl,NHL,2026-10-03T23:10:00+00:00,2026-10-04T00:10:00+01:00,Toronto Maple Leafs,Ottawa Senators,betfair_ex_uk,Betfair,2026-10-03T08:48:44Z,h2h,Ottawa Senators,2.06,,0.4854368932038835,0.48110831234256923,0.2
2026-10-03T08:49:08.680049+00:00,2026-10-03T09:49:08.680049+01:00,25e8169a0a6e2a41ef0aef55d87b3639,icehockey_nhl,NHL,2026-10-03T23:10:00+00:00,2026-10-04T00:10:00+01:00,Toronto Maple Leafs,Ottawa Senators,betfair_ex_uk,Betfair,2026-10-03T08:48:44Z,h2h,Toronto Maple Leafs,1.91,,0.5235602094240838,0.5188916876574307,0.2
2026-10-03T08:49:08.680049+00:00,2026-10-03T09:49:08.680049+01:00,25e8169a0a6e2a41ef0aef55d87b3639,icehockey_nhl,NHL,2026-10-03T23:10:00+00:00,2026-10-04T00:10:00+01:00,Toronto Maple Leafs,Ottawa Senators,betfair_ex_uk,Betfair,2026-10-03T08:48:44Z,h2h_lay,Ottawa Senators,2.1,,0.47619047619047616,1.0,0.2
2026-10-03T08:49:08.680049+00:00,2026-10-03T09:49:08.680049+01:00,25e8169a0a6e2a41ef0aef55d87b3639,icehockey_nhl,NHL,2026-10-03T23:10:00+00:00,2026-10-04T00:10:00+01:00,Toronto Maple Leafs,Ottawa Senators,betfair_ex_uk,Betfair,2026-10-03T08:48:44Z,h2h_lay,Toronto Maple Leafs,1.95,,0.5128205128205129,1.0,0.2
2026-10-03T08:49:08.680049+00:00,2026-10-03T09:49:08.680049+01:00,25e8169a0a6e2a41ef0aef55d87b3639,icehockey_nhl,NHL,2026-10-03T23:10:00+00:00,2026-10-04T00:10:00+01:00,Toronto Maple Leafs,Ottawa Senators,matchbook,Matchbook,2026-10-03T08:48:44Z,h2h,Ottawa Senators,2.06,,0.4854368932038835,0.48110831234256923,0.2
2026-10-03T08:49:08.680049+00:00,2026-10-03T09:49:08.680049+01:00,25e8169a0a6e2a41ef0aef55d87b3639,icehockey_nhl,NHL,2026-10-03T23:10:00+00:00,2026-10-04T00:10:00+01:00,Toronto Maple Leafs,Ottawa Senators,matchbook,Matchbook,2026-10-03T08:48:44Z,h2h,Toronto Maple Leafs,1.91,,0.5235602094240838,0.5188916876574307,0.2
2026-10-03T08:49:08.680049+00:00,2026-10-03T09:49:08.680049+01:00,25e8169a0a6e2a41ef0aef55d87b3639,icehockey_nhl,NHL,2026-10-03T23:10:00+00:00,2026-10-04T00:10:00+01:00,Toronto Maple Leafs,Ottawa Senators,matchbook,Matchbook,2026-10-03T08:48:44Z,h2h_lay,Ottawa Senators,2.1,,0.47619047619047616,1.0,0.2
2026-10-03T08:49:08.680049+00:00,2026-10-03T09:49:08.680049+01:00,25e8169a0a6e2a41ef0aef55d87b3639,icehockey_nhl,NHL,2026-10-03T23:10:00+00:00,2026-10-04T00:10:00+01:00,Toronto Maple Leafs,Ottawa Senators,matchbook,Matchbook,2026-10-03T08:48:44Z,h2h_lay,Toronto Maple Leafs,1.95,,0.5128205128205129,1.0,0.2
2026-10-03T08:49:08.680049+00:00,2026-10-03T09:49:08.680049+01:00,25e8169a0a6e2a41ef0aef55d87b3639,icehockey_nhl,NHL,2026-10-03T23:10:00+00:00,2026-10-04T00:10:00+01:00,Toronto Maple Leafs,Ottawa Senators,matchbook,Matchbook,2026-10-03T08:48:44Z,spreads,Ottawa Senators,1.41,1.5,0.7092198581560284,0.6873614190687362,0.2
2026-10-03T08:49:08.680049+00:00,2026-10-03T09:49:08.680049+01:00,25e8169a0a6e2a41ef0aef55d87b3639,icehockey_nhl,NHL,2026-10-03T23:10:00+00:00,2026-10-04T00:10:00+01:00,Toronto Maple Leafs,Ottawa Senators,matchbook,Matchbook,2026-10-03T08:48:44Z,spreads,Toronto Maple Leafs,3.1,-1.5,0.3225806451612903,0.31263858093126384,0.2
2026-10-03T08:49:08.680049+00:00,2026-10-03T09:49:08.680049+01:00,25e8169a0a6e2a41ef0aef55d87b3639,icehockey_nhl,NHL,2026-10-03T23:10:00+00:00,2026-10-04T00:10:00+01:00,Toronto Maple Leafs,Ottawa Senators,matchbook,Matchbook,2026-10-03T08:48:44Z,totals,Over,2.08,6.5,0.4807692307692307,0.46803069053708446,0.2
2026-10-03T08:49:08.680049+00:00,2026-10-03T09:49:08.680049+01:00,25e8169a0a6e2a41ef0aef55d87b3639,icehockey_nhl,NHL,2026-10-03T23:10:00+00:00,2026-10-04T00:10:00+01:00,Toronto Maple Leafs,Ottawa Senators,matchbook,Matchbook,2026-10-03T08:48:44Z,totals,Under,1.83,6.5,0.5464480874316939,0.5319693094629157,0.2
2026-10-03T08:49:08.680049+00:00,2026-10-03T09:49:08.680049+01:00,25e8169a0a6e2a41ef0aef55d87b3639,icehockey_nhl,NHL,2026-10-03T23:10:00+00:00,2026-10-04T00:10:00+01:00,Toronto Maple Leafs,Ottawa Senators,betvictor,Bet Victor,2026-10-03T08:48:26Z,h2h,Ottawa Senators,1.91,,0.5235602094240838,0.4781420765027322,0.2
2026-10-03T08:49:08.680049+00:00,2026-10-03T09:49:08.680049+01:00,25e8169a0a6e2a41ef0aef55d87b3639,icehockey_nhl,NHL,2026-10-03T23:10:00+00:00,2026-10-04T00:10:00+01:00,Toronto Maple Leafs,Ottawa Senators,betvictor,Bet Victor,2026-10-03T08:48:26Z,h2h,Toronto Maple Leafs,1.75,,0.5714285714285714,0.5218579234972677,0.2
2026-10-03T08:49:08.680049+00:00,2026-10-03T09:49:08.680049+01:00,25e8169a0a6e2a41ef0aef55d87b3639,icehockey_nhl,NHL,2026-10-03T23:10:00+00:00,2026-10-04T00:10:00+01:00,Toronto Maple Leafs,Ottawa Senators,betano_uk,Betano (UK),2026-10-03T08:48:22Z,h2h,Ottawa Senators,1.91,,0.5235602094240838,0.4781420765027322,0.2
2026-10-03T08:49:08.680049+00:00,2026-10-03T09:49:08.680049+01:00,25e8169a0a6e2a41ef0aef55d87b3639,icehockey_nhl,NHL,2026-10-03T23:10:00+00:00,2026-10-04T00:10:00+01:00,Toronto Maple Leafs,Ottawa Senators,betano_uk,Betano (UK),2026-10-03T08:48:22Z,h2h,Toronto Maple Leafs,1.75,,0.5714285714285714,0.5218579234972677,0.2
2026-10-03T08:49:08.680049+00:00,2026-10-03T09:49:08.680049+01:00,25079431893a620763e5a454d7991922,icehockey_nhl,NHL,2026-10-03T23:10:00+00:00,2026-10-04T00:10:00+01:00,Tampa Bay Lightning,Washington Capitals,ladbrokes_uk,Ladbrokes,2026-10-03T08:48:27Z,h2h,Tampa Bay Lightning,1.6,,0.625,0.6,0.2
2026-10-03T08:49:08.680049+00:00,2026-10-03T09:49:08.680049+01:00,25079431893a620763e5a454d7991922,icehockey_nhl,NHL,2026-10-03T23:10:00+00:00,2026-10-04T00:10:00+01:00,Tampa Bay Lightning,Washington Capitals,ladbrokes_uk,Ladbrokes,2026-10-03T08:48:27Z,h2h,Washington Capitals,2.4,,0.4166666666666667,0.39999999999999997,0.2
2026-10-03T08:49:08.680049+00:00,2026-10-03T09:49:08.680049+01:00,25079431893a620763e5a454d7991922,icehockey_nhl,NHL,2026-10-03T23:10:00+00:00,2026-10-04T00:10:00+01:00,Tampa Bay Lightning,Washington Capitals,ladbrokes_uk,Ladbrokes,2026-10-03T08:48:27Z,spreads,Tampa Bay Lightning,2.4,-1.5,0.4166666666666667,0.39999999999999997,0.2
2026-10-03T08:49:08.680049+00:00,2026-10-03T09:49:08.680049+01:00,25079431893a620763e5a454d7991922,icehockey_nhl,NHL,2026-10-03T23:10:00+00:00,2026-10-04T00:10:00+01:00,Tampa Bay Lightning,Washington Capitals,ladbrokes_uk,Ladbrokes,2026-10-03T08:48:27Z,spreads,Washington Capitals,1.6,1.5,0.625,0.6,0.2
2026-10-03T08:49:08.680049+00:00,2026-10-03T09:49:08.680049+01:00,25079431893a620763e5a454d7991922,icehockey_nhl,NHL,2026-10-03T23:10:00+00:00,2026-10-04T00:10:00+01:00,Tampa Bay Lightning,Washington Capitals,ladbrokes_uk,Ladbrokes,2026-10-03T08:48:27Z,totals,Over,1.75,6.0,0.5714285714285714,0.5333333333333333,0.2
2026-10-03T08:49:08.680049+00:00,2026-10-03T09:49:08.680049+01:00,25079431893a620763e5a454d7991922,icehockey_nhl,NHL,2026-10-03T23:10:00+00:00,2026-10-04T00:10:00+01:00,Tampa Bay Lightning,Washington Capitals,ladbrokes_uk,Ladbrokes,2026-10-03T08:48:27Z,totals,Under,2.0,6.0,0.5,0.4666666666666667,0.2
2026-10-03T08:49:08.680049+00:00,2026-10-03T09:49:08.680049+01:00,25079431893a620763e5a454d7991922,icehockey_nhl,NHL,2026-10-03T23:10:00+00:00,2026-10-04T00:10:00+01:00,Tampa Bay Lightning,Washington Capitals,coral,Coral,2026-10-03T08:48:10Z,h2h,Tampa Bay Lightning,1.6,,0.625,0.6,0.2
2026-10-03T08:49:08.680049+00:00,2026-10-03T09:49:08.680049+01:00,25079431893a620763e5a454d7991922,icehockey_nhl,NHL,2026-10-03T23:10:00+00:00,2026-10-04T00:10:00+01:00,Tampa Bay Lightning,Washington Capitals,coral,Coral,2026-10-03T08:48:10Z,h2h,Washington Capitals,2.4,,0.4166666666666667,0.39999999999999997,0.2
2026-10-03T08:49:08.680049+00:00,2026-10-03T09:49:08.680049+01:00,25079431893a620763e5a454d7991922,icehockey_nhl,NHL,2026-10-03T23:10:00+00:00,2026-10-04T00:10:00+01:00,Tampa Bay Lightning,Washington Capitals,coral,Coral,2026-10-03T08:48:10Z,spreads,Tampa Bay Lightning,2.4,-1.5,0.4166666666666667,0.39999999999999997,0.2
2026-10-03T08:49:08.680049+00:00,2026-10-03T09:49:08.680049+01:00,25079431893a620763e5a454d7991922,icehockey_nhl,NHL,2026-10-03T23:10:00+00:00,2026-10-04T00:10:00+01:00,Tampa Bay Lightning,Washington Capitals,coral,Coral,2026-10-03T08:48:10Z,spreads,Washington Capitals,1.6,1.5,0.625,0.6,0.2
2026-10-03T08:49:08.680049+00:00,2026-10-03T09:49:08.680049+01:00,25079431893a620763e5a454d7991922,icehockey_nhl,NHL,2026-10-03T23:10:00+00:00,2026-10-04T00:10:00+01:00,Tampa Bay Lightning,Washington Capitals,coral,Coral,2026-10-03T08:48:10Z,totals,Over,1.75,6.0,0.5714285714285714,0.5333333333333333,0.2
2026-10-03T08:49:08.680049+00:00,2026-10-03T09:49:08.680049+01:00,25079431893a620763e5a454d7991922,icehockey_nhl,NHL,2026-10-03T23:10:00+00:00,2026-10-04T00:10:00+01:00,Tampa Bay Lightning,Washington Capitals,coral,Coral,2026-10-03T08:48:10Z,totals,Under,2.0,6.0,0.5,0.4666666666666667,0.2
2026-10-03T08:49:08.680049+00:00,2026-10-03T09:49:08.680049+01:00,25079431893a620763e5a454d7991922,icehockey_nhl,NHL,2026-10-03T23:10:00+00:00,2026-10-04T00:10:00+01:00,Tampa Bay Lightning,Washington Capitals,unibet_uk,Unibet (UK),2026-10-03T08:48:44Z,h2h,Tampa Bay Lightning,2.05,,0.48780487804878053,0.4664955297866691,0.2
2026-10-03T08:49:08.680049+00:00,2026-10-03T09:49:08.680049+01:00,25079431893a620763e5a454d7991922,icehockey_nhl,NHL,2026-10-03T23:10:00+00:00,2026-10-04T00:10:00+01:00,Tampa Bay Lightning,Washington Capitals,unibet_uk,Unibet (UK),2026-10-03T08:48:44Z,h2h,Washington Capitals,3.1,,0.3225806451612903,0.3084889793750553,0.2
2026-10-03T08:49:08.680049+00:00,2026-10-03T09:49:08.680049+01:00,25079431893a620763e5a454d7991922,icehockey_nhl,NHL,2026-10-03T23:10:00+00:00,2026-10-04T00:10:00+01:00,Tampa Bay Lightning,Washington Capitals,unibet_uk,Unibet (UK),2026-10-03T08:48:44Z,h2h,Draw,4.25,,0.23529411764705882,0.22501549083827566,0.2
2026-10-03T08:49:08.680049+00:00,2026-10-03T09:49:08.680049+01:00,25079431893a620763e5a454d7991922,icehockey_nhl,NHL,2026-10-03T23:10:00+00:00,2026-10-04T00:10:00+01:00,Tampa Bay Lightning,Washington Capitals,smarkets,Smarkets,2026-10-03T08:48:59Z,h2h,Tampa Bay Lightning,1.56,,0.641025641025641,0.5916230366492147,0.2
2026-10-03T08:49:08.680049+00:00,2026-10-03T09:49:08.680049+01:00,25079431893a620763e5a454d7991922,icehockey_nhl,NHL,2026-10-03T23:10:00+00:00,2026-10-04T00:10:00+01:00,Tampa Bay Lightning,Washington Capitals,smarkets,Smarkets,2026-10-03T08:48:59Z,h2h,Washington Capitals,2.26,,0.4424778761061947,0.4083769633507854,0.2
2026-10-03T08:49:08.680049+00:00,2026-10-03T09:49:08.680049+01:00,25079431893a620763e5a454d7991922,icehockey_nhl,NHL,2026-10-03T23:10:00+00:00,2026-10-04T00:10:00+01:00,Tampa Bay Lightning,Washington Capitals,smarkets,Smarkets,2026-10-03T08:48:59Z,h2h_lay,Tampa Bay Lightning,1.78,,0.5617977528089888,1.0,0.2
2026-10-03T08:49:08.680049+00:00,2026-10-03T09:49:08.680049+01:00,25079431893a620763e5a454d7991922,icehockey_nhl,NHL,2026-10-03T23:10:00+00:00,2026-10-04T00:10:00+01:00,Tampa Bay Lightning,Washington Capitals,smarkets,Smarkets,2026-10-03T08:48:59Z,h2h_lay,Washington Capitals,2.74,,0.36496350364963503,1.0,0.2
2026-10-03T08:49:08.680049+00:00,2026-10-03T09:49:08.680049+01:00,25079431893a620763e5a454d7991922,icehockey_nhl,NHL,2026-10-03T23:10:00+00:00,2026-10-04T00:10:00+01:00,Tampa Bay Lightning,Washington Capitals,williamhill,William Hill,2026-10-03T08:49:00Z,h2h,Tampa Bay Lightning,1.62,,0.6172839506172839,0.586734693877551,0.2
2026-10-03T08:49:08.680049+00:00,2026-10-03T09:49:08.680049+01:00,25079431893a620763e5a454d7991922,icehockey_nhl,NHL,2026-10-03T23:10:00+00:00,2026-10-04T00:10:00+01:00,Tampa Bay Lightning,Washington Capitals,williamhill,William Hill,2026-10-03T08:49:00Z,h2h,Washington Capitals,2.3,,0.4347826086956522,0.413265306122449,0.2
2026-10-03T08:49:08.680049+00:00,2026-10-03T09:49:08.680049+01:00,25079431893a620763e5a454d7991922,icehockey_nhl,NHL,2026-10-03T23:10:00+00:00,2026-10-04T00:10:00+01:00,Tampa Bay Lightning,Washington Capitals,williamhill,William Hill,2026-10-03T08:49:00Z,spreads,Tampa Bay Lightning,2.5,-1.5,0.4,0.3796526054590571,0.2
2026-10-03T08:49:08.680049+00:00,2026-10-03T09:49:08.680049+01:00,25079431893a620763e5a454d7991922,icehockey_nhl,NHL,2026-10-03T23:10:00+00:00,2026-10-04T00:10:00+01:00,Tampa Bay Lightning,Washington Capitals,williamhill,William Hill,2026-10-03T08:49:00Z,spreads,Washington Capitals,1.53,1.5,0.6535947712418301,0.6203473945409429,0.2
2026-10-03T08:49:08.680049+00:00,2026-10-03T09:49:08.680049+01:00,25079431893a620763e5a454d7991922,icehockey_nhl,NHL,2026-10-03T23:10:00+00:00,2026-10-04T00:10:00+01:00,Tampa Bay Lightning,Washington Capitals,williamhill,William Hill,2026-10-03T08:49:00Z,totals,Over,2.0,6.5,0.5,0.47368421052631576,0.2
2026-10-03T08:49:08.680049+00:00,2026-10-03T09:49:08.680049+01:00,25079431893a620763e5a454d7991922,icehockey_nhl,NHL,2026-10-03T23:10:00+00:00,2026-10-04T00:10:00+01:00,Tampa Bay Lightning,Washington Capitals,williamhill,William Hill,2026-10-03T08:49:00Z,totals,Under,1.8,6.5,0.5555555555555556,0.5263157894736842,0.2
2026-10-03T08:49:08.680049+00:00,2026-10-03T09:49:08.680049+01:00,25079431893a620763e5a454d7991922,icehockey_nhl,NHL,2026-10-03T23:10:00+00:00,2026-10-04T00:10:00+01:00,Tampa Bay Lightning,Washington Capitals,betway,Betway,2026-10-03T08:48:11Z,h2h,Tampa Bay Lightning,2.0,,0.5,0.46153846153846156,0.2
2026-10-03T08:49:08.680049+00:00,2026-10-03T09:49:08.680049+01:00,25079431893a620763e5a454d7991922,icehockey_nhl,NHL,2026-10-03T23:10:00+00:00,2026-10-04T00:10:00+01:00,Tampa Bay Lightning,Washington Capitals,betway,Betway,2026-10-03T08:48:11Z,h2h,Washington Capitals,3.0,,0.3333333333333333,0.3076923076923077,0.2
2026-10-03T08:49:08.680049+00:00,2026-10-03T09:49:08.680049+01:00,25079431893a620763e5a454d7991922,icehockey_nhl,NHL,2026-10-03T23:10:00+00:00,2026-10-04T00:10:00+01:00,Tampa Bay Lightning,Washington Capitals,betway,Betway,2026-10-03T08:48:11Z,h2h,Draw,4.0,,0.25,0.23076923076923078,0.2
2026-10-03T08:49:08.680049+00:00,2026-10-03T09:49:08.680049+01:00,25079431893a620763e5a454d7991922,icehockey_nhl,NHL,2026-10-03T23:10:00+00:00,2026-10-04T00:10:00+01:00,Tampa Bay Lightning,Washington Capitals,paddypower,Paddy Power,2026-10-03T08:47:55Z,h2h,Tampa Bay Lightning,1.61,,0.6211180124223602,0.5985037406483791,0.2
2026-10-03T08:49:08.680049+00:00,2026-10-03T09:49:08.680049+01:00,25079431893a620763e5a454d7991922,icehockey_nhl,NHL,2026-10-03T23:10:00+00:00,2026-10-04T00:10:00+01:00,Tampa Bay Lightning,Washington Capitals,paddypower,Paddy Power,2026-10-03T08:47:55Z,h2h,Washington Capitals,2.4,,0.4166666666666667,0.401496259351621,0.2
2026-10-03T08:49:08.680049+00:00,2026-10-03T09:49:08.680049+01:00,25079431893a620763e5a454d7991922,icehockey_nhl,NHL,2026-10-03T23:10:00+00:00,2026-10-04T00:10:00+01:00,Tampa Bay Lightning,Washington Capitals,betfair_ex_uk,Betfair,2026-10-03T08:48:44Z,h2h,Tampa Bay Lightning,1.61,,0.6211180124223602,0.5944584382871536,0.2
2026-10-03T08:49:08.680049+00:00,2026-10-03T09:49:08.680049+01:00,25079431893a620763e5a454d7991922,icehockey_nhl,NHL,2026-10-03T23:10:00+00:00,2026-10-04T00:10:00+01:00,Tampa Bay Lightning,Washington Capitals,betfair_ex_uk,Betfair,2026-10-03T08:48:44Z,h2h,Washington Capitals,2.36,,0.42372881355932207,0.4055415617128464,0.2
2026-10-03T08:49:08.680049+00:00,2026-10-03T09:49:08.680049+01:00,25079431893a620763e5a454d7991922,icehockey_nhl,NHL,2026-10-03T23:10:00+00:00,2026-10-04T00:10:00+01:00,Tampa Bay Lightning,Washington Capitals,betfair_ex_uk,Betfair,2026-10-03T08:48:44Z,h2h_lay,Tampa Bay Lightning,1.74,,0.5747126436781609,1.0,0.2
2026-10-03T08:49:08.680049+00:00,2026-10-03T09:49:08.680049+01:00,25079431893a620763e5a454d7991922,icehockey_nhl,NHL,2026-10-03T23:10:00+00:00,2026-10-04T00:10:00+01:00,Tampa Bay Lightning,Washington Capitals,betfair_ex_uk,Betfair,2026-10-03T08:48:44Z,h2h_lay,Washington Capitals,2.64,,0.3787878787878788,1.0,0.2
2026-10-03T08:49:08.680049+00:00,2026-10-03T09:49:08.680049+01:00,25079431893a620763e5a454d7991922,icehockey_nhl,NHL,2026-10-03T23:10:00+00:00,2026-10-04T00:10:00+01:00,Tampa Bay Lightning,Washington Capitals,grosvenor,Grosvenor,2026-10-03T08:48:58Z,h2h,Tampa Bay Lightning,2.04,,0.49019607843137253,0.4639024746331849,0.2
2026-10-03T08:49:08.680049+00:00,2026-10-03T09:49:08.680049+01:00,25079431893a620763e5a454d7991922,icehockey_nhl,NHL,2026-10-03T23:10:00+00:00,2026-10-04T00:10:00+01:00,Tampa Bay Lightning,Washington Capitals,grosvenor,Grosvenor,2026-10-03T08:48:58Z,h2h,Washington Capitals,3.1,,0.3225806451612903,0.3052777575005475,0.2
2026-10-03T08:49:08.680049+00:00,2026-10-03T09:49:08.680049+01:00,25079431893a620763e5a454d7991922,icehockey_nhl,NHL,2026-10-03T23:10:00+00:00,2026-10-04T00:10:00+01:00,Tampa Bay Lightning,Washington Capitals,grosvenor,Grosvenor,2026-10-03T08:48:58Z,h2h,Draw,4.1,,0.24390243902439027,0.23081976786626765,0.2
2026-10-03T08:49:08.680049+00:00,2026-10-03T09:49:08.680049+01:00,25079431893a620763e5a454d7991922,icehockey_nhl,NHL,2026-10-03T23:10:00+00:00,2026-10-04T00:10:00+01:00,Tampa Bay Lightning,Washington Capitals,grosvenor,Grosvenor,2026-10-03T08:48:58Z,totals,Over,2.3,6.5,0.4347826086956522,0.413265306122449,0.2
2026-10-03T08:49:08.680049+00:00,2026-10-03T09:49:08.680049+01:00,25079431893a620763e5a454d7991922,icehockey_nhl,NHL,2026-10-03T23:10:00+00:00,2026-10-04T00:10:00+01:00,Tampa Bay Lightning,Washington Capitals,grosvenor,Grosvenor,2026-10-03T08:48:58Z,totals,Under,1.62,6.5,0.6172839506172839,0.586734693877551,0.2
2026-10-03T08:49:08.680049+00:00,2026-10-03T09:49:08.680049+01:00,25079431893a620763e5a454d7991922,icehockey_nhl,NHL,2026-10-03T23:10:00+00:00,2026-10-04T00:10:00+01:00,Tampa Bay Lightning,Washington Capitals,virginbet,Virgin Bet,2026-10-03T08:48:28Z,totals,Over,1.63,5.5,0.6134969325153374,0.5831202046035805,0.2
2026-10-03T08:49:08.680049+00:00,2026-10-03T09:49:08.680049+01:00,25079431893a620763e5a454d7991922,icehockey_nhl,NHL,2026-10-03T23:10:00+00:00,2026-10-04T00:10:00+01:00,Tampa Bay Lightning,Washington Capitals,virginbet,Virgin Bet,2026-10-03T08:48:28Z,totals,Under,2.28,5.5,0.4385964912280702,0.41687979539641945,0.2
2026-10-03T08:49:08.680049+00:00,2026-10-03T09:49:08.680049+01:00,25079431893a620763e5a454d7991922,icehockey_nhl,NHL,2026-10-03T23:10:00+00:00,2026-10-04T00:10:00+01:00,Tampa Bay Lightning,Washington Capitals,livescorebet,LiveScore Bet,2026-10-03T08:48:28Z,totals,Over,1.63,5.5,0.6134969325153374,0.5831202046035805,0.2
2026-10-03T08:49:08.680049+00:00,2026-10-03T09:49:08.680049+01:00,25079431893a620763e5a454d7991922,icehockey_nhl,NHL,2026-10-03T23:10:00+00:00,2026-10-04T00:10:00+01:00,Tampa Bay Lightning,Washington Capitals,livescorebet,LiveScore Bet,2026-10-03T08:48:28Z,totals,Under,2.28,5.5,0.4385964912280702,0.41687979539641945,0.2
2026-10-03T08:49:08.680049+00:00,2026-10-03T09:49:08.680049+01:00,25079431893a620763e5a454d7991922,icehockey_nhl,NHL,2026-10-03T23:10:00+00:00,2026-10-04T00:10:00+01:00,Tampa Bay Lightning,Washington Capitals,casumo,Casumo,2026-10-03T08:48:26Z,h2h,Tampa Bay Lightning,2.04,,0.49019607843137253,0.4639024746331849,0.2
2026-10-03T08:49:08.680049+00:00,2026-10-03T09:49:08.680049+01:00,25079431893a620763e5a454d7991922,icehockey_nhl,NHL,2026-10-03T23:10:00+00:00,2026-10-04T00:10:00+01:00,Tampa Bay Lightning,Washington Capitals,casumo,Casumo,2026-10-03T08:48:26Z,h2h,Washington Capitals,3.1,,0.3225806451612903,0.3052777575005475,0.2
2026-10-03T08:49:08.680049+00:00,2026-10-03T09:49:08.680049+01:00,25079431893a620763e5a454d7991922,icehockey_nhl,NHL,2026-10-03T23:10:00+00:00,2026-10-04T00:10:00+01:00,Tampa Bay Lightning,Washington Capitals,casumo,Casumo,2026-10-03T08:48:26Z,h2h,Draw,4.1,,0.24390243902439027,0.23081976786626765,0.2
2026-10-03T08:49:08.680049+00:00,2026-10-03T09:49:08.680049+01:00,25079431893a620763e5a454d7991922,icehockey_nhl,NHL,2026-10-03T23:10:00+00:00,2026-10-04T00:10:00+01:00,Tampa Bay Lightning,Washington Capitals,casumo,Casumo,2026-10-03T08:48:26Z,spreads,Tampa Bay Lightning,2.6,-1.5,0.3846153846153846,0.3658536585365854,0.2
2026-10-03T08:49:08.680049+00:00,2026-10-03T09:49:08.680049+01:00,25079431893a620763e5a454d7991922,icehockey_nhl,NHL,2026-10-03T23:10:00+00:00,2026-10-04T00:10:00+01:00,Tampa Bay Lightning,Washington Capitals,casumo,Casumo,2026-10-03T08:48:26Z,spreads,Washington Capitals,1.5,1.5,0.6666666666666666,0.6341463414634148,0.2
2026-10-03T08:49:08.680049+00:00,2026-10-03T09:49:08.680049+01:00,25079431893a620763e5a454d7991922,icehockey_nhl,NHL,2026-10-03T23:10:00+00:00,2026-10-04T00:10:00+01:00,Tampa Bay Lightning,Washington Capitals,casumo,Casumo,2026-10-03T08:48:26Z,totals,Over,2.3,6.5,0.4347826086956522,0.413265306122449,0.2
2026-10-03T08:49:08.680049+00:00,2026-10-03T09:49:08.680049+01:00,25079431893a620763e5a454d7991922,icehockey_nhl,NHL,2026-10-03T23:10:00+00:00,2026-10-04T00:10:00+01:00,Tampa Bay Lightning,Washington Capitals,casumo,Casumo,2026-10-03T08:48:26Z,totals,Under,1.62,6.5,0.6172839506172839,0.586734693877551,0.2
2026-10-03T08:49:08.680049+00:00,2026-10-03T09:49:08.680049+01:00,25079431893a620763e5a454d7991922,icehockey_nhl,NHL,2026-10-03T23:10:00+00:00,2026-10-04T00:10:00+01:00,Tampa Bay Lightning,Washington Capitals,matchbook,Matchbook,2026-10-03T08:48:44Z,h2h,Tampa Bay Lightning,1.61,,0.6211180124223602,0.5944584382871536,0.2
2026-10-03T08:49:08.680049+00:00,2026-10-03T09:49:08.680049+01:00,25079431893a620763e5a454d7991922,icehockey_nhl,NHL,2026-10-03T23:10:00+00:00,2026-10-04T00:10:00+01:00,Tampa Bay Lightning,Washington Capitals,matchbook,Matchbook,2026-10-03T08:48:44Z,h2h,Washington Capitals,2.36,,0.42372881355932207,0.4055415617128464,0.2
2026-10-03T08:49:08.680049+00:00,2026-10-03T09:49:08.680049+01:00,25079431893a620763e5a454d7991922,icehockey_nhl,NHL,2026-10-03T23:10:00+00:00,2026-10-04T00:10:00+01:00,Tampa Bay Lightning,Washington Capitals,matchbook,Matchbook,2026-10-03T08:48:44Z,h2h_lay,Tampa Bay Lightning,1.74,,0.5747126436781609,1.0,0.2
2026-10-03T08:49:08.680049+00:00,2026-10-03T09:49:08.680049+01:00,25079431893a620763e5a454d7991922,icehockey_nhl,NHL,2026-10-03T23:10:00+00:00,2026-10-04T00:10:00+01:00,Tampa Bay Lightning,Washington Capitals,matchbook,Matchbook,2026-10-03T08:48:44Z,h2h_lay,Washington Capitals,2.64,,0.3787878787878788,1.0,0.2
2026-10-03T08:49:08.680049+00:00,2026-10-03T09:49:08.680049+01:00,25079431893a620763e5a454d7991922,icehockey_nhl,NHL,2026-10-03T23:10:00+00:00,2026-10-04T00:10:00+01:00,Tampa Bay Lightning,Washington Capitals,matchbook,Matchbook,2026-10-03T08:48:44Z,spreads,Tampa Bay Lightning,2.58,-1.5,0.38759689922480617,0.3707317073170731,0.2
2026-10-03T08:49:08.680049+00:00,2026-10-03T09:49:08.680049+01:00,25079431893a620763e5a454d7991922,icehockey_nhl,NHL,2026-10-03T23:10:00+00:00,2026-10-04T00:10:00+01:00,Tampa Bay Lightning,Washington Capitals,matchbook,Matchbook,2026-10-03T08:48:44Z,spreads,Washington Capitals,1.52,1.5,0.6578947368421053,0.6292682926829268,0.2
2026-10-03T08:49:08.680049+00:00,2026-10-03T09:49:08.680049+01:00,25079431893a620763e5a454d7991922,icehockey_nhl,NHL,2026-10-03T23:10:00+00:00,2026-10-04T00:10:00+01:00,Tampa Bay Lightning,Washington Capitals,matchbook,Matchbook,2026-10-03T08:48:44Z,totals,Over,2.08,6.5,0.4807692307692307,0.4611398963730569,0.2
2026-10-03T08:49:08.680049+00:00,2026-10-03T09:49:08.680049+01:00,25079431893a620763e5a454d7991922,icehockey_nhl,NHL,2026-10-03T23:10:00+00:00,2026-10-04T00:10:00+01:00,Tampa Bay Lightning,Washington Capitals,matchbook,Matchbook,2026-10-03T08:48:44Z,totals,Under,1.78,6.5,0.5617977528089888,0.538860103626943,0.2
2026-10-03T08:49:08.680049+00:00,2026-10-03T09:49:08.680049+01:00,25079431893a620763e5a454d7991922,icehockey_nhl,NHL,2026-10-03T23:10:00+00:00,2026-10-04T00:10:00+01:00,Tampa Bay Lightning,Washington Capitals,betvictor,Bet Victor,2026-10-03T08:48:26Z,h2h,Tampa Bay Lightning,1.6,,0.625,0.5789473684210527,0.2
2026-10-03T08:49:08.680049+00:00,2026-10-03T09:49:08.680049+01:00,25079431893a620763e5a454d7991922,icehockey_nhl,NHL,2026-10-03T23:10:00+00:00,2026-10-04T00:10:00+01:00,Tampa Bay Lightning,Washington Capitals,betvictor,Bet Victor,2026-10-03T08:48:26Z,h2h,Washington Capitals,2.2,,0.45454545454545453,0.42105263157894735,0.2
2026-10-03T08:49:08.680049+00:00,2026-10-03T09:49:08.680049+01:00,25079431893a620763e5a454d7991922,icehockey_nhl,NHL,2026-10-03T23:10:00+00:00,2026-10-04T00:10:00+01:00,Tampa Bay Lightning,Washington Capitals,betano_uk,Betano (UK),2026-10-03T08:48:22Z,h2h,Tampa Bay Lightning,1.6,,0.625,0.5789473684210527,0.2
2026-10-03T08:49:08.680049+00:00,2026-10-03T09:49:08.680049+01:00,25079431893a620763e5a454d7991922,icehockey_nhl,NHL,2026-10-03T23:10:00+00:00,2026-10-04T00:10:00+01:00,Tampa Bay Lightning,Washington Capitals,betano_uk,Betano (UK),2026-10-03T08:48:22Z,h2h,Washington Capitals,2.2,,0.45454545454545453,0.42105263157894735,0.2
2026-10-03T08:49:08.680049+00:00,2026-10-03T09:49:08.680049+01:00,25079431893a620763e5a454d7991922,icehockey_nhl,NHL,2026-10-03T23:10:00+00:00,2026-10-04T00:10:00+01:00,Tampa Bay Lightning,Washington Capitals,betfair_sb_uk,Betfair Sportsbook,2026-10-03T08:47:56Z,h2h,Tampa Bay Lightning,1.61,,0.6211180124223602,0.5985037406483791,0.2
2026-10-03T08:49:08.680049+00:00,2026-10-03T09:49:08.680049+01:00,25079431893a620763e5a454d7991922,icehockey_nhl,NHL,2026-10-03T23:10:00+00:00,2026-10-04T00:10:00+01:00,Tampa Bay Lightning,Washington Capitals,betfair_sb_uk,Betfair Sportsbook,2026-10-03T08:47:56Z,h2h,Washington Capitals,2.4,,0.4166666666666667,0.401496259351621,0.2
2026-10-03T08:49:08.680049+00:00,2026-10-03T09:49:08.680049+01:00,3e2c8a883cae029144e27e4fca5ae9e8,icehockey_nhl,NHL,2026-10-03T23:40:00+00:00,2026-10-04T00:40:00+01:00,New York Islanders,New Jersey Devils,ladbrokes_uk,Ladbrokes,2026-10-03T08:48:27Z,h2h,New Jersey Devils,1.75,,0.5714285714285714,0.5454545454545455,0.2
2026-10-03T08:49:08.680049+00:00,2026-10-03T09:49:08.680049+01:00,3e2c8a883cae029144e27e4fca5ae9e8,icehockey_nhl,NHL,2026-10-03T23:40:00+00:00,2026-10-04T00:40:00+01:00,New York Islanders,New Jersey Devils,ladbrokes_uk,Ladbrokes,2026-10-03T08:48:27Z,h2h,New York Islanders,2.1,,0.47619047619047616,0.4545454545454546,0.2
2026-10-03T08:49:08.680049+00:00,2026-10-03T09:49:08.680049+01:00,3e2c8a883cae029144e27e4fca5ae9e8,icehockey_nhl,NHL,2026-10-03T23:40:00+00:00,2026-10-04T00:40:00+01:00,New York Islanders,New Jersey Devils,ladbrokes_uk,Ladbrokes,2026-10-03T08:48:27Z,spreads,New Jersey Devils,2.8,-1.5,0.35714285714285715,0.33962264150943394,0.2
2026-10-03T08:49:08.680049+00:00,2026-10-03T09:49:08.680049+01:00,3e2c8a883cae029144e27e4fca5ae9e8,icehockey_nhl,NHL,2026-10-03T23:40:00+00:00,2026-10-04T00:40:00+01:00,New York Islanders,New Jersey Devils,ladbrokes_uk,Ladbrokes,2026-10-03T08:48:27Z,spreads,New York Islanders,1.44,1.5,0.6944444444444444,0.660377358490566,0.2
2026-10-03T08:49:08.680049+00:00,2026-10-03T09:49:08.680049+01:00,3e2c8a883cae029144e27e4fca5ae9e8,icehockey_nhl,NHL,2026-10-03T23:40:00+00:00,2026-10-04T00:40:00+01:00,New York Islanders,New Jersey Devils,ladbrokes_uk,Ladbrokes,2026-10-03T08:48:27Z,totals,Over,1.85,6.0,0.5405405405405405,0.5,0.2
2026-10-03T08:49:08.680049+00:00,2026-10-03T09:49:08.680049+01:00,3e2c8a883cae029144e27e4fca5ae9e8,icehockey_nhl,NHL,2026-10-03T23:40:00+00:00,2026-10-04T00:40:00+01:00,New York Islanders,New Jersey Devils,ladbrokes_uk,Ladbrokes,2026-10-03T08:48:27Z,totals,Under,1.85,6.0,0.5405405405405405,0.5,0.2
2026-10-03T08:49:08.680049+00:00,2026-10-03T09:49:08.680049+01:00,3e2c8a883cae029144e27e4fca5ae9e8,icehockey_nhl,NHL,2026-10-03T23:40:00+00:00,2026-10-04T00:40:00+01:00,New York Islanders,New Jersey Devils,coral,Coral,2026-10-03T08:48:10Z,h2h,New Jersey Devils,1.75,,0.5714285714285714,0.5454545454545455,0.2
2026-10-03T08:49:08.680049+00:00,2026-10-03T09:49:08.680049+01:00,3e2c8a883cae029144e27e4fca5ae9e8,icehockey_nhl,NHL,2026-10-03T23:40:00+00:00,2026-10-04T00:40:00+01:00,New York Islanders,New Jersey Devils,coral,Coral,2026-10-03T08:48:10Z,h2h,New York Islanders,2.1,,0.47619047619047616,0.4545454545454546,0.2
2026-10-03T08:49:08.680049+00:00,2026-10-03T09:49:08.680049+01:00,3e2c8a883cae029144e27e4fca5ae9e8,icehockey_nhl,NHL,2026-10-03T23:40:00+00:00,2026-10-04T00:40:00+01:00,New York Islanders,New Jersey Devils,coral,Coral,2026-10-03T08:48:10Z,spreads,New Jersey Devils,2.8,-1.5,0.35714285714285715,0.33962264150943394,0.2
2026-10-03T08:49:08.680049+00:00,2026-10-03T09:49:08.680049+01:00,3e2c8a883cae029144e27e4fca5ae9e8,icehockey_nhl,NHL,2026-10-03T23:40:00+00:00,2026-10-04T00:40:00+01:00,New York Islanders,New Jersey Devils,coral,Coral,2026-10-03T08:48:10Z,spreads,New York Islanders,1.44,1.5,0.6944444444444444,0.660377358490566,0.2
2026-10-03T08:49:08.680049+00:00,2026-10-03T09:49:08.680049+01:00,3e2c8a883cae029144e27e4fca5ae9e8,icehockey_nhl,NHL,2026-10-03T23:40:00+00:00,2026-10-04T00:40:00+01:00,New York Islanders,New Jersey Devils,coral,Coral,2026-10-03T08:48:10Z,totals,Over,1.85,6.0,0.5405405405405405,0.5,0.2
2026-10-03T08:49:08.680049+00:00,2026-10-03T09:49:08.680049+01:00,3e2c8a883cae029144e27e4fca5ae9e8,icehockey_nhl,NHL,2026-10-03T23:40:00+00:00,2026-10-04T00:40:00+01:00,New York Islanders,New Jersey Devils,coral,Coral,2026-10-03T08:48:10Z,totals,Under,1.85,6.0,0.5405405405405405,0.5,0.2
2026-10-03T08:49:08.680049+00:00,2026-10-03T09:49:08.680049+01:00,3e2c8a883cae029144e27e4fca5ae9e8,icehockey_nhl,NHL,2026-10-03T23:40:00+00:00,2026-10-04T00:40:00+01:00,New York Islanders,New Jersey Devils,unibet_uk,Unibet (UK),2026-10-03T08:48:44Z,h2h,New Jersey Devils,2.25,,0.4444444444444444,0.4224824355971896,0.2
2026-10-03T08:49:08.680049+00:00,2026-10-03T09:49:08.680049+01:00,3e2c8a883cae029144e27e4fca5ae9e8,icehockey_nhl,NHL,2026-10-03T23:40:00+00:00,2026-10-04T00:40:00+01:00,New York Islanders,New Jersey Devils,unibet_uk,Unibet (UK),2026-10-03T08:48:44Z,h2h,New York Islanders,2.75,,0.36363636363636365,0.34566744730679155,0.2
2026-10-03T08:49:08.680049+00:00,2026-10-03T09:49:08.680049+01:00,3e2c8a883cae029144e27e4fca5ae9e8,icehockey_nhl,NHL,2026-10-03T23:40:00+00:00,2026-10-04T00:40:00+01:00,New York Islanders,New Jersey Devils,unibet_uk,Unibet (UK),2026-10-03T08:48:44Z,h2h,Draw,4.1,,0.24390243902439027,0.23185011709601874,0.2
2026-10-03T08:49:08.680049+00:00,2026-10-03T09:49:08.680049+01:00,3e2c8a883cae029144e27e4fca5ae9e8,icehockey_nhl,NHL,2026-10-03T23:40:00+00:00,2026-10-04T00:40:00+01:00,New York Islanders,New Jersey Devils,smarkets,Smarkets,2026-10-03T08:48:59Z,h2h,New Jersey Devils,1.79,,0.5586592178770949,0.544529262086514,0.2
2026-10-03T08:49:08.680049+00:00,2026-10-03T09:49:08.680049+01:00,3e2c8a883cae029144e27e4fca5ae9e8,icehockey_nhl,NHL,2026-10-03T23:40:00+00:00,2026-10-04T00:40:00+01:00,New York Islanders,New Jersey Devils,smarkets,Smarkets,2026-10-03T08:48:59Z,h2h,New York Islanders,2.14,,0.4672897196261682,0.455470737913486,0.2
2026-10-03T08:49:08.680049+00:00,2026-10-03T09:49:08.680049+01:00,3e2c8a883cae029144e27e4fca5ae9e8,icehockey_nhl,NHL,2026-10-03T23:40:00+00:00,2026-10-04T00:40:00+01:00,New York Islanders,New Jersey Devils,smarkets,Smarkets,2026-10-03T08:48:59Z,h2h_lay,New Jersey Devils,1.86,,0.5376344086021505,1.0,0.2
2026-10-03T08:49:08.680049+00:00,2026-10-03T09:49:08.680049+01:00,3e2c8a883cae029144e27e4fca5ae9e8,icehockey_nhl,NHL,2026-10-03T23:40:00+00:00,2026-10-04T00:40:00+01:00,New York Islanders,New Jersey Devils,smarkets,Smarkets,2026-10-03T08:48:59Z,h2h_lay,New York Islanders,2.26,,0.4424778761061947,1.0,0.2
2026-10-03T08:49:08.680049+00:00,2026-10-03T09:49:08.680049+01:00,3e2c8a883cae029144e27e4fca5ae9e8,icehockey_nhl,NHL,2026-10-03T23:40:00+00:00,2026-10-04T00:40:00+01:00,New York Islanders,New Jersey Devils,williamhill,William Hill,2026-10-03T08:49:00Z,h2h,New Jersey Devils,1.73,,0.5780346820809249,0.5483028720626633,0.2
2026-10-03T08:49:08.680049+00:00,2026-10-03T09:49:08.680049+01:00,3e2c8a883cae029144e27e4fca5ae9e8,icehockey_nhl,NHL,2026-10-03T23:40:00+00:00,2026-10-04T00:40:00+01:00,New York Islanders,New Jersey Devils,williamhill,William Hill,2026-10-03T08:49:00Z,h2h,New York Islanders,2.1,,0.47619047619047616,0.4516971279373368,0.2
2026-10-03T08:49:08.680049+00:00,2026-10-03T09:49:08.680049+01:00,3e2c8a883cae029144e27e4fca5ae9e8,icehockey_nhl,NHL,2026-10-03T23:40:00+00:00,2026-10-04T00:40:00+01:00,New York Islanders,New Jersey Devils,williamhill,William Hill,2026-10-03T08:49:00Z,spreads,New Jersey Devils,2.75,-1.5,0.36363636363636365,0.3436754176610979,0.2
2026-10-03T08:49:08.680049+00:00,2026-10-03T09:49:08.680049+01:00,3e2c8a883cae029144e27e4fca5ae9e8,icehockey_nhl,NHL,2026-10-03T23:40:00+00:00,2026-10-04T00:40:00+01:00,New York Islanders,New Jersey Devils,williamhill,William Hill,2026-10-03T08:49:00Z,spreads,New York Islanders,1.44,1.5,0.6944444444444444,0.6563245823389022,0.2
2026-10-03T08:49:08.680049+00:00,2026-10-03T09:49:08.680049+01:00,3e2c8a883cae029144e27e4fca5ae9e8,icehockey_nhl,NHL,2026-10-03T23:40:00+00:00,2026-10-04T00:40:00+01:00,New York Islanders,New Jersey Devils,williamhill,William Hill,2026-10-03T08:49:00Z,totals,Over,1.73,5.5,0.5780346820809249,0.5483028720626633,0.2
2026-10-03T08:49:08.680049+00:00,2026-10-03T09:49:08.680049+01:00,3e2c8a883cae029144e27e4fca5ae9e8,icehockey_nhl,NHL,2026-10-03T23:40:00+00:00,2026-10-04T00:40:00+01:00,New York Islanders,New Jersey Devils,williamhill,William Hill,2026-10-03T08:49:00Z,totals,Under,2.1,5.5,0.47619047619047616,0.4516971279373368,0.2
2026-10-03T08:49:08.680049+00:00,2026-10-03T09:49:08.680049+01:00,3e2c8a883cae029144e27e4fca5ae9e8,icehockey_nhl,NHL,2026-10-03T23:40:00+00:00,2026-10-04T00:40:00+01:00,New York Islanders,New Jersey Devils,betway,Betway,2026-10-03T08:48:11Z,h2h,New Jersey Devils,2.2,,0.45454545454545453,0.425531914893617,0.2
2026-10-03T08:49:08.680049+00:00,2026-10-03T09:49:08.680049+01:00,3e2c8a883cae029144e27e4fca5ae9e8,icehockey_nhl,NHL,2026-10-03T23:40:00+00:00,2026-10-04T00:40:00+01:00,New York Islanders,New Jersey Devils,betway,Betway,2026-10-03T08:48:11Z,h2h,New York Islanders,2.75,,0.36363636363636365,0.34042553191489366,0.2
2026-10-03T08:49:08.680049+00:00,2026-10-03T09:49:08.680049+01:00,3e2c8a883cae029144e27e4fca5ae9e8,icehockey_nhl,NHL,2026-10-03T23:40:00+00:00,2026-10-04T00:40:00+01:00,New York Islanders,New Jersey Devils,betway,Betway,2026-10-03T08:48:11Z,h2h,Draw,4.0,,0.25,0.23404255319148937,0.2
2026-10-03T08:49:08.680049+00:00,2026-10-03T09:49:08.680049+01:00,3e2c8a883cae029144e27e4fca5ae9e8,icehockey_nhl,NHL,2026-10-03T23:40:00+00:00,2026-10-04T00:40:00+01:00,New York Islanders,New Jersey Devils,paddypower,Paddy Power,2026-10-03T08:47:55Z,h2h,New Jersey Devils,1.77,,0.5649717514124294,0.5426356589147286,0.2
2026-10-03T08:49:08.680049+00:00,2026-10-03T09:49:08.680049+01:00,3e2c8a883cae029144e27e4fca5ae9e8,icehockey_nhl,NHL,2026-10-03T23:40:00+00:00,2026-10-04T00:40:00+01:00,New York Islanders,New Jersey Devils,paddypower,Paddy Power,2026-10-03T08:47:55Z,h2h,New York Islanders,2.1,,0.47619047619047616,0.4573643410852713,0.2
2026-10-03T08:49:08.680049+00:00,2026-10-03T09:49:08.680049+01:00,3e2c8a883cae029144e27e4fca5ae9e8,icehockey_nhl,NHL,2026-10-03T23:40:00+00:00,2026-10-04T00:40:00+01:00,New York Islanders,New Jersey Devils,betfair_ex_uk,Betfair,2026-10-03T08:48:44Z,h2h,New Jersey Devils,1.8,,0.5555555555555556,0.5477386934673367,0.2
2026-10-03T08:49:08.680049+00:00,2026-10-03T09:49:08.680049+01:00,3e2c8a883cae029144e27e4fca5ae9e8,icehockey_nhl,NHL,2026-10-03T23:40:00+00:00,2026-10-04T00:40:00+01:00,New York Islanders,New Jersey Devils,betfair_ex_uk,Betfair,2026-10-03T08:48:44Z,h2h,New York Islanders,2.18,,0.4587155963302752,0.45226130653266333,0.2
2026-10-03T08:49:08.680049+00:00,2026-10-03T09:49:08.680049+01:00,3e2c8a883cae029144e27e4fca5ae9e8,icehockey_nhl,NHL,2026-10-03T23:40:00+00:00,2026-10-04T00:40:00+01:00,New York Islanders,New Jersey Devils,betfair_ex_uk,Betfair,2026-10-03T08:48:44Z,h2h_lay,New Jersey Devils,1.85,,0.5405405405405405,1.0,0.2
2026-10-03T08:49:08.680049+00:00,2026-10-03T09:49:08.680049+01:00,3e2c8a883cae029144e27e4fca5ae9e8,icehockey_nhl,NHL,2026-10-03T23:40:00+00:00,2026-10-04T00:40:00+01:00,New York Islanders,New Jersey Devils,betfair_ex_uk,Betfair,2026-10-03T08:48:44Z,h2h_lay,New York Islanders,2.24,,0.4464285714285714,1.0,0.2
2026-10-03T08:49:08.680049+00:00,2026-10-03T09:49:08.680049+01:00,3e2c8a883cae029144e27e4fca5ae9e8,icehockey_nhl,NHL,2026-10-03T23:40:00+00:00,2026-10-04T00:40:00+01:00,New York Islanders,New Jersey Devils,livescorebet,LiveScore Bet,2026-10-03T08:48:28Z,totals,Over,1.78,5.5,0.5617977528089888,0.5340314136125655,0.2
2026-10-03T08:49:08.680049+00:00,2026-10-03T09:49:08.680049+01:00,3e2c8a883cae029144e27e4fca5ae9e8,icehockey_nhl,NHL,2026-10-03T23:40:00+00:00,2026-10-04T00:40:00+01:00,New York Islanders,New Jersey Devils,livescorebet,LiveScore Bet,2026-10-03T08:48:28Z,totals,Under,2.04,5.5,0.49019607843137253,0.4659685863874345,0.2
2026-10-03T08:49:08.680049+00:00,2026-10-03T09:49:08.680049+01:00,3e2c8a883cae029144e27e4fca5ae9e8,icehockey_nhl,NHL,2026-10-03T23:40:00+00:00,2026-10-04T00:40:00+01:00,New York Islanders,New Jersey Devils,virginbet,Virgin Bet,2026-10-03T08:48:28Z,totals,Over,1.78,5.5,0.5617977528089888,0.5340314136125655,0.2
2026-10-03T08:49:08.680049+00:00,2026-10-03T09:49:08.680049+01:00,3e2c8a883cae029144e27e4fca5ae9e8,icehockey_nhl,NHL,2026-10-03T23:40:00+00:00,2026-10-04T00:40:00+01:00,New York Islanders,New Jersey Devils,virginbet,Virgin Bet,2026-10-03T08:48:28Z,totals,Under,2.04,5.5,0.49019607843137253,0.4659685863874345,0.2
2026-10-03T08:49:08.680049+00:00,2026-10-03T09:49:08.680049+01:00,3e2c8a883cae029144e27e4fca5ae9e8,icehockey_nhl,NHL,2026-10-03T23:40:00+00:00,2026-10-04T00:40:00+01:00,New York Islanders,New Jersey Devils,casumo,Casumo,2026-10-03T08:48:27Z,h2h,New Jersey Devils,2.25,,0.4444444444444444,0.4200477326968974,0.2
2026-10-03T08:49:08.680049+00:00,2026-10-03T09:49:08.680049+01:00,3e2c8a883cae029144e27e4fca5ae9e8,icehockey_nhl,NHL,2026-10-03T23:40:00+00:00,2026-10-04T00:40:00+01:00,New York Islanders,New Jersey Devils,casumo,Casumo,2026-10-03T08:48:27Z,h2h,New York Islanders,2.75,,0.36363636363636365,0.3436754176610979,0.2
2026-10-03T08:49:08.680049+00:00,2026-10-03T09:49:08.680049+01:00,3e2c8a883cae029144e27e4fca5ae9e8,icehockey_nhl,NHL,2026-10-03T23:40:00+00:00,2026-10-04T00:40:00+01:00,New York Islanders,New Jersey Devils,casumo,Casumo,2026-10-03T08:48:27Z,h2h,Draw,4.0,,0.25,0.2362768496420048,0.2
2026-10-03T08:49:08.680049+00:00,2026-10-03T09:49:08.680049+01:00,3e2c8a883cae029144e27e4fca5ae9e8,icehockey_nhl,NHL,2026-10-03T23:40:00+00:00,2026-10-04T00:40:00+01:00,New York Islanders,New Jersey Devils,casumo,Casumo,2026-10-03T08:48:27Z,spreads,New Jersey Devils,3.0,-1.5,0.3333333333333333,0.3150684931506849,0.2
2026-10-03T08:49:08.680049+00:00,2026-10-03T09:49:08.680049+01:00,3e2c8a883cae029144e27e4fca5ae9e8,icehockey_nhl,NHL,2026-10-03T23:40:00+00:00,2026-10-04T00:40:00+01:00,New York Islanders,New Jersey Devils,casumo,Casumo,2026-10-03T08:48:27Z,spreads,New York Islanders,1.38,1.5,0.7246376811594204,0.6849315068493151,0.2
2026-10-03T08:49:08.680049+00:00,2026-10-03T09:49:08.680049+01:00,3e2c8a883cae029144e27e4fca5ae9e8,icehockey_nhl,NHL,2026-10-03T23:40:00+00:00,2026-10-04T00:40:00+01:00,New York Islanders,New Jersey Devils,casumo,Casumo,2026-10-03T08:48:27Z,totals,Over,1.78,5.5,0.5617977528089888,0.5340314136125655,0.2
2026-10-03T08:49:08.680049+00:00,2026-10-03T09:49:08.680049+01:00,3e2c8a883cae029144e27e4fca5ae9e8,icehockey_nhl,NHL,2026-10-03T23:40:00+00:00,2026-10-04T00:40:00+01:00,New York Islanders,New Jersey Devils,casumo,Casumo,2026-10-03T08:48:27Z,totals,Under,2.04,5.5,0.49019607843137253,0.4659685863874345,0.2
2026-10-03T08:49:08.680049+00:00,2026-10-03T09:49:08.680049+01:00,3e2c8a883cae029144e27e4fca5ae9e8,icehockey_nhl,NHL,2026-10-03T23:40:00+00:00,2026-10-04T00:40:00+01:00,New York Islanders,New Jersey Devils,grosvenor,Grosvenor,2026-10-03T08:48:58Z,h2h,New Jersey Devils,2.25,,0.4444444444444444,0.4200477326968974,0.2
2026-10-03T08:49:08.680049+00:00,2026-10-03T09:49:08.680049+01:00,3e2c8a883cae029144e27e4fca5ae9e8,icehockey_nhl,NHL,2026-10-03T23:40:00+00:00,2026-10-04T00:40:00+01:00,New York Islanders,New Jersey Devils,grosvenor,Grosvenor,2026-10-03T08:48:58Z,h2h,New York Islanders,2.75,,0.36363636363636365,0.3436754176610979,0.2
2026-10-03T08:49:08.680049+00:00,2026-10-03T09:49:08.680049+01:00,3e2c8a883cae029144e27e4fca5ae9e8,icehockey_nhl,NHL,2026-10-03T23:40:00+00:00,2026-10-04T00:40:00+01:00,New York Islanders,New Jersey Devils,grosvenor,Grosvenor,2026-10-03T08:48:58Z,h2h,Draw,4.0,,0.25,0.2362768496420048,0.2
2026-10-03T08:49:08.680049+00:00,2026-10-03T09:49:08.680049+01:00,3e2c8a883cae029144e27e4fca5ae9e8,icehockey_nhl,NHL,2026-10-03T23:40:00+00:00,2026-10-04T00:40:00+01:00,New York Islanders,New Jersey Devils,grosvenor,Grosvenor,2026-10-03T08:48:58Z,totals,Over,1.78,5.5,0.5617977528089888,0.5340314136125655,0.2
2026-10-03T08:49:08.680049+00:00,2026-10-03T09:49:08.680049+01:00,3e2c8a883cae029144e27e4fca5ae9e8,icehockey_nhl,NHL,2026-10-03T23:40:00+00:00,2026-10-04T00:40:00+01:00,New York Islanders,New Jersey Devils,grosvenor,Grosvenor,2026-10-03T08:48:58Z,totals,Under,2.04,5.5,0.49019607843137253,0.4659685863874345,0.2
2026-10-03T08:49:08.680049+00:00,2026-10-03T09:49:08.680049+01:00,3e2c8a883cae029144e27e4fca5ae9e8,icehockey_nhl,NHL,2026-10-03T23:40:00+00:00,2026-10-04T00:40:00+01:00,New York Islanders,New Jersey Devils,matchbook,Matchbook,2026-10-03T08:48:44Z,h2h,New Jersey Devils,1.8,,0.5555555555555556,0.5477386934673367,0.2
2026-10-03T08:49:08.680049+00:00,2026-10-03T09:49:08.680049+01:00,3e2c8a883cae029144e27e4fca5ae9e8,icehockey_nhl,NHL,2026-10-03T23:40:00+00:00,2026-10-04T00:40:00+01:00,New York Islanders,New Jersey Devils,matchbook,Matchbook,2026-10-03T08:48:44Z,h2h,New York Islanders,2.18,,0.4587155963302752,0.45226130653266333,0.2
2026-10-03T08:49:08.680049+00:00,2026-10-03T09:49:08.680049+01:00,3e2c8a883cae029144e27e4fca5ae9e8,icehockey_nhl,NHL,2026-10-03T23:40:00+00:00,2026-10-04T00:40:00+01:00,New York Islanders,New Jersey Devils,matchbook,Matchbook,2026-10-03T08:48:44Z,h2h_lay,New Jersey Devils,1.85,,0.5405405405405405,1.0,0.2
2026-10-03T08:49:08.680049+00:00,2026-10-03T09:49:08.680049+01:00,3e2c8a883cae029144e27e4fca5ae9e8,icehockey_nhl,NHL,2026-10-03T23:40:00+00:00,2026-10-04T00:40:00+01:00,New York Islanders,New Jersey Devils,matchbook,Matchbook,2026-10-03T08:48:44Z,h2h_lay,New York Islanders,2.24,,0.4464285714285714,1.0,0.2
2026-10-03T08:49:08.680049+00:00,2026-10-03T09:49:08.680049+01:00,3e2c8a883cae029144e27e4fca5ae9e8,icehockey_nhl,NHL,2026-10-03T23:40:00+00:00,2026-10-04T00:40:00+01:00,New York Islanders,New Jersey Devils,matchbook,Matchbook,2026-10-03T08:48:44Z,spreads,New Jersey Devils,2.96,-1.5,0.33783783783783783,0.3257403189066059,0.2
2026-10-03T08:49:08.680049+00:00,2026-10-03T09:49:08.680049+01:00,3e2c8a883cae029144e27e4fca5ae9e8,icehockey_nhl,NHL,2026-10-03T23:40:00+00:00,2026-10-04T00:40:00+01:00,New York Islanders,New Jersey Devils,matchbook,Matchbook,2026-10-03T08:48:44Z,spreads,New York Islanders,1.43,1.5,0.6993006993006994,0.6742596810933941,0.2
2026-10-03T08:49:08.680049+00:00,2026-10-03T09:49:08.680049+01:00,3e2c8a883cae029144e27e4fca5ae9e8,icehockey_nhl,NHL,2026-10-03T23:40:00+00:00,2026-10-04T00:40:00+01:00,New York Islanders,New Jersey Devils,matchbook,Matchbook,2026-10-03T08:48:44Z,totals,Over,2.14,6.5,0.4672897196261682,0.4512820512820513,0.2
2026-10-03T08:49:08.680049+00:00,2026-10-03T09:49:08.680049+01:00,3e2c8a883cae029144e27e4fca5ae9e8,icehockey_nhl,NHL,2026-10-03T23:40:00+00:00,2026-10-04T00:40:00+01:00,New York Islanders,New Jersey Devils,matchbook,Matchbook,2026-10-03T08:48:44Z,totals,Under,1.76,6.5,0.5681818181818182,0.5487179487179488,0.2
2026-10-03T08:49:08.680049+00:00,2026-10-03T09:49:08.680049+01:00,3e2c8a883cae029144e27e4fca5ae9e8,icehockey_nhl,NHL,2026-10-03T23:40:00+00:00,2026-10-04T00:40:00+01:00,New York Islanders,New Jersey Devils,betvictor,Bet Victor,2026-10-03T08:48:26Z,h2h,New Jersey Devils,1.73,,0.5780346820809249,0.5361930294906166,0.2
2026-10-03T08:49:08.680049+00:00,2026-10-03T09:49:08.680049+01:00,3e2c8a883cae029144e27e4fca5ae9e8,icehockey_nhl,NHL,2026-10-03T23:40:00+00:00,2026-10-04T00:40:00+01:00,New York Islanders,New Jersey Devils,betvictor,Bet Victor,2026-10-03T08:48:26Z,h2h,New York Islanders,2.0,,0.5,0.4638069705093834,0.2
2026-10-03T08:49:08.680049+00:00,2026-10-03T09:49:08.680049+01:00,3e2c8a883cae029144e27e4fca5ae9e8,icehockey_nhl,NHL,2026-10-03T23:40:00+00:00,2026-10-04T00:40:00+01:00,New York Islanders,New Jersey Devils,betano_uk,Betano (UK),2026-10-03T08:48:22Z,h2h,New Jersey Devils,1.73,,0.5780346820809249,0.5361930294906166,0.2
2026-10-03T08:49:08.680049+00:00,2026-10-03T09:49:08.680049+01:00,3e2c8a883cae029144e27e4fca5ae9e8,icehockey_nhl,NHL,2026-10-03T23:40:00+00:00,2026-10-04T00:40:00+01:00,New York Islanders,New Jersey Devils,betano_uk,Betano (UK),2026-10-03T08:48:22Z,h2h,New York Islanders,2.0,,0.5,0.4638069705093834,0.2
2026-10-03T08:49:08.680049+00:00,2026-10-03T09:49:08.680049+01:00,3e2c8a883cae029144e27e4fca5ae9e8,icehockey_nhl,NHL,2026-10-03T23:40:00+00:00,2026-10-04T00:40:00+01:00,New York Islanders,New Jersey Devils,betfair_sb_uk,Betfair Sportsbook,2026-10-03T08:47:56Z,h2h,New Jersey Devils,1.77,,0.5649717514124294,0.5426356589147286,0.2
2026-10-03T08:49:08.680049+00:00,2026-10-03T09:49:08.680049+01:00,3e2c8a883cae029144e27e4fca5ae9e8,icehockey_nhl,NHL,2026-10-03T23:40:00+00:00,2026-10-04T00:40:00+01:00,New York Islanders,New Jersey Devils,betfair_sb_uk,Betfair Sportsbook,2026-10-03T08:47:56Z,h2h,New York Islanders,2.1,,0.47619047619047616,0.4573643410852713,0.2
2026-10-03T08:49:08.680049+00:00,2026-10-03T09:49:08.680049+01:00,3a9af73961ea2f2322255a6fca4d421e,icehockey_nhl,NHL,2026-10-04T00:10:00+00:00,2026-10-04T01:10:00+01:00,Minnesota Wild,Boston Bruins,ladbrokes_uk,Ladbrokes,2026-10-03T08:48:27Z,h2h,Boston Bruins,2.62,,0.38167938931297707,0.3640776699029127,0.2
2026-10-03T08:49:08.680049+00:00,2026-10-03T09:49:08.680049+01:00,3a9af73961ea2f2322255a6fca4d421e,icehockey_nhl,NHL,2026-10-04T00:10:00+00:00,2026-10-04T01:10:00+01:00,Minnesota Wild,Boston Bruins,ladbrokes_uk,Ladbrokes,2026-10-03T08:48:27Z,h2h,Minnesota Wild,1.5,,0.6666666666666666,0.6359223300970874,0.2
2026-10-03T08:49:08.680049+00:00,2026-10-03T09:49:08.680049+01:00,3a9af73961ea2f2322255a6fca4d421e,icehockey_nhl,NHL,2026-10-04T00:10:00+00:00,2026-10-04T01:10:00+01:00,Minnesota Wild,Boston Bruins,ladbrokes_uk,Ladbrokes,2026-10-03T08:48:27Z,spreads,Boston Bruins,1.7,1.5,0.5882352941176471,0.5641025641025641,0.2
2026-10-03T08:49:08.680049+00:00,2026-10-03T09:49:08.680049+01:00,3a9af73961ea2f2322255a6fca4d421e,icehockey_nhl,NHL,2026-10-04T00:10:00+00:00,2026-10-04T01:10:00+01:00,Minnesota Wild,Boston Bruins,ladbrokes_uk,Ladbrokes,2026-10-03T08:48:27Z,spreads,Minnesota Wild,2.2,-1.5,0.45454545454545453,0.4358974358974359,0.2
2026-10-03T08:49:08.680049+00:00,2026-10-03T09:49:08.680049+01:00,3a9af73961ea2f2322255a6fca4d421e,icehockey_nhl,NHL,2026-10-04T00:10:00+00:00,2026-10-04T01:10:00+01:00,Minnesota Wild,Boston Bruins,ladbrokes_uk,Ladbrokes,2026-10-03T08:48:27Z,totals,Over,1.75,6.0,0.5714285714285714,0.5333333333333333,0.2
2026-10-03T08:49:08.680049+00:00,2026-10-03T09:49:08.680049+01:00,3a9af73961ea2f2322255a6fca4d421e,icehockey_nhl,NHL,2026-10-04T00:10:00+00:00,2026-10-04T01:10:00+01:00,Minnesota Wild,Boston Bruins,ladbrokes_uk,Ladbrokes,2026-10-03T08:48:27Z,totals,Under,2.0,6.0,0.5,0.4666666666666667,0.2
2026-10-03T08:49:08.680049+00:00,2026-10-03T09:49:08.680049+01:00,3a9af73961ea2f2322255a6fca4d421e,icehockey_nhl,NHL,2026-10-04T00:10:00+00:00,2026-10-04T01:10:00+01:00,Minnesota Wild,Boston Bruins,coral,Coral,2026-10-03T08:48:10Z,h2h,Boston Bruins,2.62,,0.38167938931297707,0.3640776699029127,0.2
2026-10-03T08:49:08.680049+00:00,2026-10-03T09:49:08.680049+01:00,3a9af73961ea2f2322255a6fca4d421e,icehockey_nhl,NHL,2026-10-04T00:10:00+00:00,2026-10-04T01:10:00+01:00,Minnesota Wild,Boston Bruins,coral,Coral,2026-10-03T08:48:10Z,h2h,Minnesota Wild,1.5,,0.6666666666666666,0.6359223300970874,0.2
2026-10-03T08:49:08.680049+00:00,2026-10-03T09:49:08.680049+01:00,3a9af73961ea2f2322255a6fca4d421e,icehockey_nhl,NHL,2026-10-04T00:10:00+00:00,2026-10-04T01:10:00+01:00,Minnesota Wild,Boston Bruins,coral,Coral,2026-10-03T08:48:10Z,spreads,Boston Bruins,1.7,1.5,0.5882352941176471,0.5641025641025641,0.2
2026-10-03T08:49:08.680049+00:00,2026-10-03T09:49:08.680049+01:00,3a9af73961ea2f2322255a6fca4d421e,icehockey_nhl,NHL,2026-10-04T00:10:00+00:00,2026-10-04T01:10:00+01:00,Minnesota Wild,Boston Bruins,coral,Coral,2026-10-03T08:48:10Z,spreads,Minnesota Wild,2.2,-1.5,0.45454545454545453,0.4358974358974359,0.2
2026-10-03T08:49:08.680049+00:00,2026-10-03T09:49:08.680049+01:00,3a9af73961ea2f2322255a6fca4d421e,icehockey_nhl,NHL,2026-10-04T00:10:00+00:00,2026-10-04T01:10:00+01:00,Minnesota Wild,Boston Bruins,coral,Coral,2026-10-03T08:48:10Z,totals,Over,1.75,6.0,0.5714285714285714,0.5333333333333333,0.2
2026-10-03T08:49:08.680049+00:00,2026-10-03T09:49:08.680049+01:00,3a9af73961ea2f2322255a6fca4d421e,icehockey_nhl,NHL,2026-10-04T00:10:00+00:00,2026-10-04T01:10:00+01:00,Minnesota Wild,Boston Bruins,coral,Coral,2026-10-03T08:48:10Z,totals,Under,2.0,6.0,0.5,0.4666666666666667,0.2
2026-10-03T08:49:08.680049+00:00,2026-10-03T09:49:08.680049+01:00,3a9af73961ea2f2322255a6fca4d421e,icehockey_nhl,NHL,2026-10-04T00:10:00+00:00,2026-10-04T01:10:00+01:00,Minnesota Wild,Boston Bruins,unibet_uk,Unibet (UK),2026-10-03T08:48:44Z,h2h,Boston Bruins,3.5,,0.2857142857142857,0.2734364670104456,0.2
2026-10-03T08:49:08.680049+00:00,2026-10-03T09:49:08.680049+01:00,3a9af73961ea2f2322255a6fca4d421e,icehockey_nhl,NHL,2026-10-04T00:10:00+00:00,2026-10-04T01:10:00+01:00,Minnesota Wild,Boston Bruins,unibet_uk,Unibet (UK),2026-10-03T08:48:44Z,h2h,Minnesota Wild,1.88,,0.5319148936170213,0.5090572524130637,0.2
2026-10-03T08:49:08.680049+00:00,2026-10-03T09:49:08.680049+01:00,3a9af73961ea2f2322255a6fca4d421e,icehockey_nhl,NHL,2026-10-04T00:10:00+00:00,2026-10-04T01:10:00+01:00,Minnesota Wild,Boston Bruins,unibet_uk,Unibet (UK),2026-10-03T08:48:44Z,h2h,Draw,4.4,,0.22727272727272727,0.21750628057649082,0.2
2026-10-03T08:49:08.680049+00:00,2026-10-03T09:49:08.680049+01:00,3a9af73961ea2f2322255a6fca4d421e,icehockey_nhl,NHL,2026-10-04T00:10:00+00:00,2026-10-04T01:10:00+01:00,Minnesota Wild,Boston Bruins,smarkets,Smarkets,2026-10-03T08:48:59Z,h2h,Boston Bruins,2.62,,0.38167938931297707,0.36714975845410625,0.2
2026-10-03T08:49:08.680049+00:00,2026-10-03T09:49:08.680049+01:00,3a9af73961ea2f2322255a6fca4d421e,icehockey_nhl,NHL,2026-10-04T00:10:00+00:00,2026-10-04T01:10:00+01:00,Minnesota Wild,Boston Bruins,smarkets,Smarkets,2026-10-03T08:48:59Z,h2h,Minnesota Wild,1.52,,0.6578947368421053,0.6328502415458938,0.2
2026-10-03T08:49:08.680049+00:00,2026-10-03T09:49:08.680049+01:00,3a9af73961ea2f2322255a6fca4d421e,icehockey_nhl,NHL,2026-10-04T00:10:00+00:00,2026-10-04T01:10:00+01:00,Minnesota Wild,Boston Bruins,smarkets,Smarkets,2026-10-03T08:48:59Z,h2h_lay,Boston Bruins,2.92,,0.3424657534246575,1.0,0.2
2026-10-03T08:49:08.680049+00:00,2026-10-03T09:49:08.680049+01:00,3a9af73961ea2f2322255a6fca4d421e,icehockey_nhl,NHL,2026-10-04T00:10:00+00:00,2026-10-04T01:10:00+01:00,Minnesota Wild,Boston Bruins,smarkets,Smarkets,2026-10-03T08:48:59Z,h2h_lay,Minnesota Wild,1.69,,0.591715976331361,1.0,0.2
2026-10-03T08:49:08.680049+00:00,2026-10-03T09:49:08.680049+01:00,3a9af73961ea2f2322255a6fca4d421e,icehockey_nhl,NHL,2026-10-04T00:10:00+00:00,2026-10-04T01:10:00+01:00,Minnesota Wild,Boston Bruins,williamhill,William Hill,2026-10-03T08:49:00Z,h2h,Boston Bruins,2.5,,0.4,0.3796526054590571,0.2
2026-10-03T08:49:08.680049+00:00,2026-10-03T09:49:08.680049+01:00,3a9af73961ea2f2322255a6fca4d421e,icehockey_nhl,NHL,2026-10-04T00:10:00+00:00,2026-10-04T01:10:00+01:00,Minnesota Wild,Boston Bruins,williamhill,William Hill,2026-10-03T08:49:00Z,h2h,Minnesota Wild,1.53,,0.6535947712418301,0.6203473945409429,0.2
2026-10-03T08:49:08.680049+00:00,2026-10-03T09:49:08.680049+01:00,3a9af73961ea2f2322255a6fca4d421e,icehockey_nhl,NHL,2026-10-04T00:10:00+00:00,2026-10-04T01:10:00+01:00,Minnesota Wild,Boston Bruins,williamhill,William Hill,2026-10-03T08:49:00Z,spreads,Boston Bruins,1.67,1.5,0.5988023952095809,0.5684754521963824,0.2
2026-10-03T08:49:08.680049+00:00,2026-10-03T09:49:08.680049+01:00,3a9af73961ea2f2322255a6fca4d421e,icehockey_nhl,NHL,2026-10-04T00:10:00+00:00,2026-10-04T01:10:00+01:00,Minnesota Wild,Boston Bruins,williamhill,William Hill,2026-10-03T08:49:00Z,spreads,Minnesota Wild,2.2,-1.5,0.45454545454545453,0.43152454780361754,0.2
2026-10-03T08:49:08.680049+00:00,2026-10-03T09:49:08.680049+01:00,3a9af73961ea2f2322255a6fca4d421e,icehockey_nhl,NHL,2026-10-04T00:10:00+00:00,2026-10-04T01:10:00+01:00,Minnesota Wild,Boston Bruins,williamhill,William Hill,2026-10-03T08:49:00Z,totals,Over,2.0,6.5,0.5,0.47368421052631576,0.2
2026-10-03T08:49:08.680049+00:00,2026-10-03T09:49:08.680049+01:00,3a9af73961ea2f2322255a6fca4d421e,icehockey_nhl,NHL,2026-10-04T00:10:00+00:00,2026-10-04T01:10:00+01:00,Minnesota Wild,Boston Bruins,williamhill,William Hill,2026-10-03T08:49:00Z,totals,Under,1.8,6.5,0.5555555555555556,0.5263157894736842,0.2
2026-10-03T08:49:08.680049+00:00,2026-10-03T09:49:08.680049+01:00,3a9af73961ea2f2322255a6fca4d421e,icehockey_nhl,NHL,2026-10-04T00:10:00+00:00,2026-10-04T01:10:00+01:00,Minnesota Wild,Boston Bruins,betway,Betway,2026-10-03T08:48:11Z,h2h,Boston Bruins,3.4,,0.29411764705882354,0.2733791455034359,0.2
2026-10-03T08:49:08.680049+00:00,2026-10-03T09:49:08.680049+01:00,3a9af73961ea2f2322255a6fca4d421e,icehockey_nhl,NHL,2026-10-04T00:10:00+00:00,2026-10-04T01:10:00+01:00,Minnesota Wild,Boston Bruins,betway,Betway,2026-10-03T08:48:11Z,h2h,Minnesota Wild,1.83,,0.5464480874316939,0.5079175380938152,0.2
2026-10-03T08:49:08.680049+00:00,2026-10-03T09:49:08.680049+01:00,3a9af73961ea2f2322255a6fca4d421e,icehockey_nhl,NHL,2026-10-04T00:10:00+00:00,2026-10-04T01:10:00+01:00,Minnesota Wild,Boston Bruins,betway,Betway,2026-10-03T08:48:11Z,h2h,Draw,4.25,,0.23529411764705882,0.2187033164027487,0.2
2026-10-03T08:49:08.680049+00:00,2026-10-03T09:49:08.680049+01:00,3a9af73961ea2f2322255a6fca4d421e,icehockey_nhl,NHL,2026-10-04T00:10:00+00:00,2026-10-04T01:10:00+01:00,Minnesota Wild,Boston Bruins,paddypower,Paddy Power,2026-10-03T08:47:55Z,h2h,Boston Bruins,2.65,,0.37735849056603776,0.3629807692307692,0.2
2026-10-03T08:49:08.680049+00:00,2026-10-03T09:49:08.680049+01:00,3a9af73961ea2f2322255a6fca4d421e,icehockey_nhl,NHL,2026-10-04T00:10:00+00:00,2026-10-04T01:10:00+01:00,Minnesota Wild,Boston Bruins,paddypower,Paddy Power,2026-10-03T08:47:55Z,h2h,Minnesota Wild,1.51,,0.6622516556291391,0.6370192307692307,0.2
2026-10-03T08:49:08.680049+00:00,2026-10-03T09:49:08.680049+01:00,3a9af73961ea2f2322255a6fca4d421e,icehockey_nhl,NHL,2026-10-04T00:10:00+00:00,2026-10-04T01:10:00+01:00,Minnesota Wild,Boston Bruins,virginbet,Virgin Bet,2026-10-03T08:48:28Z,totals,Over,1.7,5.5,0.5882352941176471,0.5607235142118864,0.2
2026-10-03T08:49:08.680049+00:00,2026-10-03T09:49:08.680049+01:00,3a9af73961ea2f2322255a6fca4d421e,icehockey_nhl,NHL,2026-10-04T00:10:00+00:00,2026-10-04T01:10:00+01:00,Minnesota Wild,Boston Bruins,virginbet,Virgin Bet,2026-10-03T08:48:28Z,totals,Under,2.17,5.5,0.4608294930875576,0.43927648578811374,0.2
2026-10-03T08:49:08.680049+00:00,2026-10-03T09:49:08.680049+01:00,3a9af73961ea2f2322255a6fca4d421e,icehockey_nhl,NHL,2026-10-04T00:10:00+00:00,2026-10-04T01:10:00+01:00,Minnesota Wild,Boston Bruins,livescorebet,LiveScore Bet,2026-10-03T08:48:28Z,totals,Over,1.7,5.5,0.5882352941176471,0.5607235142118864,0.2
2026-10-03T08:49:08.680049+00:00,2026-10-03T09:49:08.680049+01:00,3a9af73961ea2f2322255a6fca4d421e,icehockey_nhl,NHL,2026-10-04T00:10:00+00:00,2026-10-04T01:10:00+01:00,Minnesota Wild,Boston Bruins,livescorebet,LiveScore Bet,2026-10-03T08:48:28Z,totals,Under,2.17,5.5,0.4608294930875576,0.43927648578811374,0.2
2026-10-03T08:49:08.680049+00:00,2026-10-03T09:49:08.680049+01:00,3a9af73961ea2f2322255a6fca4d421e,icehockey_nhl,NHL,2026-10-04T00:10:00+00:00,2026-10-04T01:10:00+01:00,Minnesota Wild,Boston Bruins,casumo,Casumo,2026-10-03T08:48:27Z,h2h,Boston Bruins,3.4,,0.29411764705882354,0.2785422343324251,0.2
2026-10-03T08:49:08.680049+00:00,2026-10-03T09:49:08.680049+01:00,3a9af73961ea2f2322255a6fca4d421e,icehockey_nhl,NHL,2026-10-04T00:10:00+00:00,2026-10-04T01:10:00+01:00,Minnesota Wild,Boston Bruins,casumo,Casumo,2026-10-03T08:48:27Z,h2h,Minnesota Wild,1.88,,0.5319148936170213,0.5037465940054496,0.2
2026-10-03T08:49:08.680049+00:00,2026-10-03T09:49:08.680049+01:00,3a9af73961ea2f2322255a6fca4d421e,icehockey_nhl,NHL,2026-10-04T00:10:00+00:00,2026-10-04T01:10:00+01:00,Minnesota Wild,Boston Bruins,casumo,Casumo,2026-10-03T08:48:27Z,h2h,Draw,4.35,,0.2298850574712644,0.21771117166212536,0.2
2026-10-03T08:49:08.680049+00:00,2026-10-03T09:49:08.680049+01:00,3a9af73961ea2f2322255a6fca4d421e,icehockey_nhl,NHL,2026-10-04T00:10:00+00:00,2026-10-04T01:10:00+01:00,Minnesota Wild,Boston Bruins,casumo,Casumo,2026-10-03T08:48:27Z,spreads,Boston Bruins,1.56,1.5,0.641025641025641,0.606060606060606,0.2
2026-10-03T08:49:08.680049+00:00,2026-10-03T09:49:08.680049+01:00,3a9af73961ea2f2322255a6fca4d421e,icehockey_nhl,NHL,2026-10-04T00:10:00+00:00,2026-10-04T01:10:00+01:00,Minnesota Wild,Boston Bruins,casumo,Casumo,2026-10-03T08:48:27Z,spreads,Minnesota Wild,2.4,-1.5,0.4166666666666667,0.393939393939394,0.2
2026-10-03T08:49:08.680049+00:00,2026-10-03T09:49:08.680049+01:00,3a9af73961ea2f2322255a6fca4d421e,icehockey_nhl,NHL,2026-10-04T00:10:00+00:00,2026-10-04T01:10:00+01:00,Minnesota Wild,Boston Bruins,casumo,Casumo,2026-10-03T08:48:27Z,totals,Over,1.7,5.5,0.5882352941176471,0.5607235142118864,0.2
2026-10-03T08:49:08.680049+00:00,2026-10-03T09:49:08.680049+01:00,3a9af73961ea2f2322255a6fca4d421e,icehockey_nhl,NHL,2026-10-04T00:10:00+00:00,2026-10-04T01:10:00+01:00,Minnesota Wild,Boston Bruins,casumo,Casumo,2026-10-03T08:48:27Z,totals,Under,2.17,5.5,0.4608294930875576,0.43927648578811374,0.2
2026-10-03T08:49:08.680049+00:00,2026-10-03T09:49:08.680049+01:00,3a9af73961ea2f2322255a6fca4d421e,icehockey_nhl,NHL,2026-10-04T00:10:00+00:00,2026-10-04T01:10:00+01:00,Minnesota Wild,Boston Bruins,grosvenor,Grosvenor,2026-10-03T08:48:58Z,h2h,Boston Bruins,3.4,,0.29411764705882354,0.2785422343324251,0.2
2026-10-03T08:49:08.680049+00:00,2026-10-03T09:49:08.680049+01:00,3a9af73961ea2f2322255a6fca4d421e,icehockey_nhl,NHL,2026-10-04T00:10:00+00:00,2026-10-04T01:10:00+01:00,Minnesota Wild,Boston Bruins,grosvenor,Grosvenor,2026-10-03T08:48:58Z,h2h,Minnesota Wild,1.88,,0.5319148936170213,0.5037465940054496,0.2
2026-10-03T08:49:08.680049+00:00,2026-10-03T09:49:08.680049+01:00,3a9af73961ea2f2322255a6fca4d421e,icehockey_nhl,NHL,2026-10-04T00:10:00+00:00,2026-10-04T01:10:00+01:00,Minnesota Wild,Boston Bruins,grosvenor,Grosvenor,2026-10-03T08:48:58Z,h2h,Draw,4.35,,0.2298850574712644,0.21771117166212536,0.2
2026-10-03T08:49:08.680049+00:00,2026-10-03T09:49:08.680049+01:00,3a9af73961ea2f2322255a6fca4d421e,icehockey_nhl,NHL,2026-10-04T00:10:00+00:00,2026-10-04T01:10:00+01:00,Minnesota Wild,Boston Bruins,grosvenor,Grosvenor,2026-10-03T08:48:58Z,totals,Over,1.7,5.5,0.5882352941176471,0.5607235142118864,0.2
2026-10-03T08:49:08.680049+00:00,2026-10-03T09:49:08.680049+01:00,3a9af73961ea2f2322255a6fca4d421e,icehockey_nhl,NHL,2026-10-04T00:10:00+00:00,2026-10-04T01:10:00+01:00,Minnesota Wild,Boston Bruins,grosvenor,Grosvenor,2026-10-03T08:48:58Z,totals,Under,2.17,5.5,0.4608294930875576,0.43927648578811374,0.2
2026-10-03T08:49:08.680049+00:00,2026-10-03T09:49:08.680049+01:00,3a9af73961ea2f2322255a6fca4d421e,icehockey_nhl,NHL,2026-10-04T00:10:00+00:00,2026-10-04T01:10:00+01:00,Minnesota Wild,Boston Bruins,betfair_ex_uk,Betfair,2026-10-03T08:48:44Z,h2h,Boston Bruins,2.62,,0.38167938931297707,0.36714975845410625,0.2
2026-10-03T08:49:08.680049+00:00,2026-10-03T09:49:08.680049+01:00,3a9af73961ea2f2322255a6fca4d421e,icehockey_nhl,NHL,2026-10-04T00:10:00+00:00,2026-10-04T01:10:00+01:00,Minnesota Wild,Boston Bruins,betfair_ex_uk,Betfair,2026-10-03T08:48:44Z,h2h,Minnesota Wild,1.52,,0.6578947368421053,0.6328502415458938,0.2
2026-10-03T08:49:08.680049+00:00,2026-10-03T09:49:08.680049+01:00,3a9af73961ea2f2322255a6fca4d421e,icehockey_nhl,NHL,2026-10-04T00:10:00+00:00,2026-10-04T01:10:00+01:00,Minnesota Wild,Boston Bruins,betfair_ex_uk,Betfair,2026-10-03T08:48:44Z,h2h_lay,Boston Bruins,2.92,,0.3424657534246575,1.0,0.2
2026-10-03T08:49:08.680049+00:00,2026-10-03T09:49:08.680049+01:00,3a9af73961ea2f2322255a6fca4d421e,icehockey_nhl,NHL,2026-10-04T00:10:00+00:00,2026-10-04T01:10:00+01:00,Minnesota Wild,Boston Bruins,betfair_ex_uk,Betfair,2026-10-03T08:48:44Z,h2h_lay,Minnesota Wild,1.62,,0.6172839506172839,1.0,0.2
2026-10-03T08:49:08.680049+00:00,2026-10-03T09:49:08.680049+01:00,3a9af73961ea2f2322255a6fca4d421e,icehockey_nhl,NHL,2026-10-04T00:10:00+00:00,2026-10-04T01:10:00+01:00,Minnesota Wild,Boston Bruins,matchbook,Matchbook,2026-10-03T08:48:44Z,h2h,Boston Bruins,2.64,,0.3787878787878788,0.3653846153846153,0.2
2026-10-03T08:49:08.680049+00:00,2026-10-03T09:49:08.680049+01:00,3a9af73961ea2f2322255a6fca4d421e,icehockey_nhl,NHL,2026-10-04T00:10:00+00:00,2026-10-04T01:10:00+01:00,Minnesota Wild,Boston Bruins,matchbook,Matchbook,2026-10-03T08:48:44Z,h2h,Minnesota Wild,1.52,,0.6578947368421053,0.6346153846153846,0.2
2026-10-03T08:49:08.680049+00:00,2026-10-03T09:49:08.680049+01:00,3a9af73961ea2f2322255a6fca4d421e,icehockey_nhl,NHL,2026-10-04T00:10:00+00:00,2026-10-04T01:10:00+01:00,Minnesota Wild,Boston Bruins,matchbook,Matchbook,2026-10-03T08:48:44Z,h2h_lay,Boston Bruins,2.92,,0.3424657534246575,1.0,0.2
2026-10-03T08:49:08.680049+00:00,2026-10-03T09:49:08.680049+01:00,3a9af73961ea2f2322255a6fca4d421e,icehockey_nhl,NHL,2026-10-04T00:10:00+00:00,2026-10-04T01:10:00+01:00,Minnesota Wild,Boston Bruins,matchbook,Matchbook,2026-10-03T08:48:44Z,h2h_lay,Minnesota Wild,1.61,,0.6211180124223602,1.0,0.2
2026-10-03T08:49:08.680049+00:00,2026-10-03T09:49:08.680049+01:00,3a9af73961ea2f2322255a6fca4d421e,icehockey_nhl,NHL,2026-10-04T00:10:00+00:00,2026-10-04T01:10:00+01:00,Minnesota Wild,Boston Bruins,matchbook,Matchbook,2026-10-03T08:48:44Z,spreads,Boston Bruins,1.64,1.5,0.6097560975609756,0.5858585858585859,0.2
2026-10-03T08:49:08.680049+00:00,2026-10-03T09:49:08.680049+01:00,3a9af73961ea2f2322255a6fca4d421e,icehockey_nhl,NHL,2026-10-04T00:10:00+00:00,2026-10-04T01:10:00+01:00,Minnesota Wild,Boston Bruins,matchbook,Matchbook,2026-10-03T08:48:44Z,spreads,Minnesota Wild,2.32,-1.5,0.4310344827586207,0.4141414141414142,0.2
2026-10-03T08:49:08.680049+00:00,2026-10-03T09:49:08.680049+01:00,3a9af73961ea2f2322255a6fca4d421e,icehockey_nhl,NHL,2026-10-04T00:10:00+00:00,2026-10-04T01:10:00+01:00,Minnesota Wild,Boston Bruins,matchbook,Matchbook,2026-10-03T08:48:44Z,totals,Over,2.06,6.5,0.4854368932038835,0.464935064935065,0.2
2026-10-03T08:49:08.680049+00:00,2026-10-03T09:49:08.680049+01:00,3a9af73961ea2f2322255a6fca4d421e,icehockey_nhl,NHL,2026-10-04T00:10:00+00:00,2026-10-04T01:10:00+01:00,Minnesota Wild,Boston Bruins,matchbook,Matchbook,2026-10-03T08:48:44Z,totals,Under,1.79,6.5,0.5586592178770949,0.5350649350649351,0.2
2026-10-03T08:49:08.680049+00:00,2026-10-03T09:49:08.680049+01:00,3a9af73961ea2f2322255a6fca4d421e,icehockey_nhl,NHL,2026-10-04T00:10:00+00:00,2026-10-04T01:10:00+01:00,Minnesota Wild,Boston Bruins,betvictor,Bet Victor,2026-10-03T08:48:26Z,h2h,Boston Bruins,2.45,,0.4081632653061224,0.379746835443038,0.2
2026-10-03T08:49:08.680049+00:00,2026-10-03T09:49:08.680049+01:00,3a9af73961ea2f2322255a6fca4d421e,icehockey_nhl,NHL,2026-10-04T00:10:00+00:00,2026-10-04T01:10:00+01:00,Minnesota Wild,Boston Bruins,betvictor,Bet Victor,2026-10-03T08:48:26Z,h2h,Minnesota Wild,1.5,,0.6666666666666666,0.6202531645569621,0.2
2026-10-03T08:49:08.680049+00:00,2026-10-03T09:49:08.680049+01:00,3a9af73961ea2f2322255a6fca4d421e,icehockey_nhl,NHL,2026-10-04T00:10:00+00:00,2026-10-04T01:10:00+01:00,Minnesota Wild,Boston Bruins,betano_uk,Betano (UK),2026-10-03T08:48:22Z,h2h,Boston Bruins,2.45,,0.4081632653061224,0.379746835443038,0.2
2026-10-03T08:49:08.680049+00:00,2026-10-03T09:49:08.680049+01:00,3a9af73961ea2f2322255a6fca4d421e,icehockey_nhl,NHL,2026-10-04T00:10:00+00:00,2026-10-04T01:10:00+01:00,Minnesota Wild,Boston Bruins,betano_uk,Betano (UK),2026-10-03T08:48:22Z,h2h,Minnesota Wild,1.5,,0.6666666666666666,0.6202531645569621,0.2
2026-10-03T08:49:08.680049+00:00,2026-10-03T09:49:08.680049+01:00,3a9af73961ea2f2322255a6fca4d421e,icehockey_nhl,NHL,2026-10-04T00:10:00+00:00,2026-10-04T01:10:00+01:00,Minnesota Wild,Boston Bruins,betfair_sb_uk,Betfair Sportsbook,2026-10-03T08:47:56Z,h2h,Boston Bruins,2.65,,0.37735849056603776,0.3629807692307692,0.2
2026-10-03T08:49:08.680049+00:00,2026-10-03T09:49:08.680049+01:00,3a9af73961ea2f2322255a6fca4d421e,icehockey_nhl,NHL,2026-10-04T00:10:00+00:00,2026-10-04T01:10:00+01:00,Minnesota Wild,Boston Bruins,betfair_sb_uk,Betfair Sportsbook,2026-10-03T08:47:56Z,h2h,Minnesota Wild,1.51,,0.6622516556291391,0.6370192307692307,0.2
2026-10-03T08:49:08.680049+00:00,2026-10-03T09:49:08.680049+01:00,17a149453fbdb9bad7efa57f7481a07f,icehockey_nhl,NHL,2026-10-04T00:10:00+00:00,2026-10-04T01:10:00+01:00,Nashville Predators,Dallas Stars,coral,Coral,2026-10-03T08:48:10Z,h2h,Dallas Stars,1.75,,0.5714285714285714,0.5454545454545455,0.2
2026-10-03T08:49:08.680049+00:00,2026-10-03T09:49:08.680049+01:00,17a149453fbdb9bad7efa57f7481a07f,icehockey_nhl,NHL,2026-10-04T00:10:00+00:00,2026-10-04T01:10:00+01:00,Nashville Predators,Dallas Stars,coral,Coral,2026-10-03T08:48:10Z,h2h,Nashville Predators,2.1,,0.47619047619047616,0.4545454545454546,0.2
2026-10-03T08:49:08.680049+00:00,2026-10-03T09:49:08.680049+01:00,17a149453fbdb9bad7efa57f7481a07f,icehockey_nhl,NHL,2026-10-04T00:10:00+00:00,2026-10-04T01:10:00+01:00,Nashville Predators,Dallas Stars,coral,Coral,2026-10-03T08:48:10Z,spreads,Dallas Stars,2.7,-1.5,0.37037037037037035,0.354066985645933,0.2
2026-10-03T08:49:08.680049+00:00,2026-10-03T09:49:08.680049+01:00,17a149453fbdb9bad7efa57f7481a07f,icehockey_nhl,NHL,2026-10-04T00:10:00+00:00,2026-10-04T01:10:00+01:00,Nashville Predators,Dallas Stars,coral,Coral,2026-10-03T08:48:10Z,spreads,Nashville Predators,1.48,1.5,0.6756756756756757,0.6459330143540669,0.2
2026-10-03T08:49:08.680049+00:00,2026-10-03T09:49:08.680049+01:00,17a149453fbdb9bad7efa57f7481a07f,icehockey_nhl,NHL,2026-10-04T00:10:00+00:00,2026-10-04T01:10:00+01:00,Nashville Predators,Dallas Stars,coral,Coral,2026-10-03T08:48:10Z,totals,Over,1.8,6.0,0.5555555555555556,0.5148247978436657,0.2
2026-10-03T08:49:08.680049+00:00,2026-10-03T09:49:08.680049+01:00,17a149453fbdb9bad7efa57f7481a07f,icehockey_nhl,NHL,2026-10-04T00:10:00+00:00,2026-10-04T01:10:00+01:00,Nashville Predators,Dallas Stars,coral,Coral,2026-10-03T08:48:10Z,totals,Under,1.91,6.0,0.5235602094240838,0.4851752021563342,0.2
2026-10-03T08:49:08.680049+00:00,2026-10-03T09:49:08.680049+01:00,17a149453fbdb9bad7efa57f7481a07f,icehockey_nhl,NHL,2026-10-04T00:10:00+00:00,2026-10-04T01:10:00+01:00,Nashville Predators,Dallas Stars,ladbrokes_uk,Ladbrokes,2026-10-03T08:48:27Z,h2h,Dallas Stars,1.75,,0.5714285714285714,0.5454545454545455,0.2
2026-10-03T08:49:08.680049+00:00,2026-10-03T09:49:08.680049+01:00,17a149453fbdb9bad7efa57f7481a07f,icehockey_nhl,NHL,2026-10-04T00:10:00+00:00,2026-10-04T01:10:00+01:00,Nashville Predators,Dallas Stars,ladbrokes_uk,Ladbrokes,2026-10-03T08:48:27Z,h2h,Nashville Predators,2.1,,0.47619047619047616,0.4545454545454546,0.2
2026-10-03T08:49:08.680049+00:00,2026-10-03T09:49:08.680049+01:00,17a149453fbdb9bad7efa57f7481a07f,icehockey_nhl,NHL,2026-10-04T00:10:00+00:00,2026-10-04T01:10:00+01:00,Nashville Predators,Dallas Stars,ladbrokes_uk,Ladbrokes,2026-10-03T08:48:27Z,spreads,Dallas Stars,2.7,-1.5,0.37037037037037035,0.354066985645933,0.2
2026-10-03T08:49:08.680049+00:00,2026-10-03T09:49:08.680049+01:00,17a149453fbdb9bad7efa57f7481a07f,icehockey_nhl,NHL,2026-10-04T00:10:00+00:00,2026-10-04T01:10:00+01:00,Nashville Predators,Dallas Stars,ladbrokes_uk,Ladbrokes,2026-10-03T08:48:27Z,spreads,Nashville Predators,1.48,1.5,0.6756756756756757,0.6459330143540669,0.2
2026-10-03T08:49:08.680049+00:00,2026-10-03T09:49:08.680049+01:00,17a149453fbdb9bad7efa57f7481a07f,icehockey_nhl,NHL,2026-10-04T00:10:00+00:00,2026-10-04T01:10:00+01:00,Nashville Predators,Dallas Stars,ladbrokes_uk,Ladbrokes,2026-10-03T08:48:27Z,totals,Over,1.8,6.0,0.5555555555555556,0.5148247978436657,0.2
2026-10-03T08:49:08.680049+00:00,2026-10-03T09:49:08.680049+01:00,17a149453fbdb9bad7efa57f7481a07f,icehockey_nhl,NHL,2026-10-04T00:10:00+00:00,2026-10-04T01:10:00+01:00,Nashville Predators,Dallas Stars,ladbrokes_uk,Ladbrokes,2026-10-03T08:48:27Z,totals,Under,1.91,6.0,0.5235602094240838,0.4851752021563342,0.2
2026-10-03T08:49:08.680049+00:00,2026-10-03T09:49:08.680049+01:00,17a149453fbdb9bad7efa57f7481a07f,icehockey_nhl,NHL,2026-10-04T00:10:00+00:00,2026-10-04T01:10:00+01:00,Nashville Predators,Dallas Stars,williamhill,William Hill,2026-10-03T08:49:00Z,h2h,Dallas Stars,1.73,,0.5780346820809249,0.5483028720626633,0.2
2026-10-03T08:49:08.680049+00:00,2026-10-03T09:49:08.680049+01:00,17a149453fbdb9bad7efa57f7481a07f,icehockey_nhl,NHL,2026-10-04T00:10:00+00:00,2026-10-04T01:10:00+01:00,Nashville Predators,Dallas Stars,williamhill,William Hill,2026-10-03T08:49:00Z,h2h,Nashville Predators,2.1,,0.47619047619047616,0.4516971279373368,0.2
2026-10-03T08:49:08.680049+00:00,2026-10-03T09:49:08.680049+01:00,17a149453fbdb9bad7efa57f7481a07f,icehockey_nhl,NHL,2026-10-04T00:10:00+00:00,2026-10-04T01:10:00+01:00,Nashville Predators,Dallas Stars,williamhill,William Hill,2026-10-03T08:49:00Z,spreads,Dallas Stars,2.75,-1.5,0.36363636363636365,0.3436754176610979,0.2
2026-10-03T08:49:08.680049+00:00,2026-10-03T09:49:08.680049+01:00,17a149453fbdb9bad7efa57f7481a07f,icehockey_nhl,NHL,2026-10-04T00:10:00+00:00,2026-10-04T01:10:00+01:00,Nashville Predators,Dallas Stars,williamhill,William Hill,2026-10-03T08:49:00Z,spreads,Nashville Predators,1.44,1.5,0.6944444444444444,0.6563245823389022,0.2
2026-10-03T08:49:08.680049+00:00,2026-10-03T09:49:08.680049+01:00,17a149453fbdb9bad7efa57f7481a07f,icehockey_nhl,NHL,2026-10-04T00:10:00+00:00,2026-10-04T01:10:00+01:00,Nashville Predators,Dallas Stars,williamhill,William Hill,2026-10-03T08:49:00Z,totals,Over,1.73,5.5,0.5780346820809249,0.5483028720626633,0.2
2026-10-03T08:49:08.680049+00:00,2026-10-03T09:49:08.680049+01:00,17a149453fbdb9bad7efa57f7481a07f,icehockey_nhl,NHL,2026-10-04T00:10:00+00:00,2026-10-04T01:10:00+01:00,Nashville Predators,Dallas Stars,williamhill,William Hill,2026-10-03T08:49:00Z,totals,Under,2.1,5.5,0.47619047619047616,0.4516971279373368,0.2
2026-10-03T08:49:08.680049+00:00,2026-10-03T09:49:08.680049+01:00,17a149453fbdb9bad7efa57f7481a07f,icehockey_nhl,NHL,2026-10-04T00:10:00+00:00,2026-10-04T01:10:00+01:00,Nashville Predators,Dallas Stars,betway,Betway,2026-10-03T08:48:11Z,h2h,Dallas Stars,2.15,,0.46511627906976744,0.43116119549240567,0.2
2026-10-03T08:49:08.680049+00:00,2026-10-03T09:49:08.680049+01:00,17a149453fbdb9bad7efa57f7481a07f,icehockey_nhl,NHL,2026-10-04T00:10:00+00:00,2026-10-04T01:10:00+01:00,Nashville Predators,Dallas Stars,betway,Betway,2026-10-03T08:48:11Z,h2h,Nashville Predators,2.75,,0.36363636363636365,0.3370896619304263,0.2
2026-10-03T08:49:08.680049+00:00,2026-10-03T09:49:08.680049+01:00,17a149453fbdb9bad7efa57f7481a07f,icehockey_nhl,NHL,2026-10-04T00:10:00+00:00,2026-10-04T01:10:00+01:00,Nashville Predators,Dallas Stars,betway,Betway,2026-10-03T08:48:11Z,h2h,Draw,4.0,,0.25,0.23174914257716805,0.2
2026-10-03T08:49:08.680049+00:00,2026-10-03T09:49:08.680049+01:00,17a149453fbdb9bad7efa57f7481a07f,icehockey_nhl,NHL,2026-10-04T00:10:00+00:00,2026-10-04T01:10:00+01:00,Nashville Predators,Dallas Stars,unibet_uk,Unibet (UK),2026-10-03T08:48:44Z,h2h,Dallas Stars,2.22,,0.4504504504504504,0.42925351207418966,0.2
2026-10-03T08:49:08.680049+00:00,2026-10-03T09:49:08.680049+01:00,17a149453fbdb9bad7efa57f7481a07f,icehockey_nhl,NHL,2026-10-04T00:10:00+00:00,2026-10-04T01:10:00+01:00,Nashville Predators,Dallas Stars,unibet_uk,Unibet (UK),2026-10-03T08:48:44Z,h2h,Nashville Predators,2.75,,0.36363636363636365,0.34652465338352767,0.2
2026-10-03T08:49:08.680049+00:00,2026-10-03T09:49:08.680049+01:00,17a149453fbdb9bad7efa57f7481a07f,icehockey_nhl,NHL,2026-10-04T00:10:00+00:00,2026-10-04T01:10:00+01:00,Nashville Predators,Dallas Stars,unibet_uk,Unibet (UK),2026-10-03T08:48:44Z,h2h,Draw,4.25,,0.23529411764705882,0.22422183454228262,0.2
2026-10-03T08:49:08.680049+00:00,2026-10-03T09:49:08.680049+01:00,17a149453fbdb9bad7efa57f7481a07f,icehockey_nhl,NHL,2026-10-04T00:10:00+00:00,2026-10-04T01:10:00+01:00,Nashville Predators,Dallas Stars,smarkets,Smarkets,2026-10-03T08:48:59Z,h2h,Dallas Stars,1.66,,0.6024096385542169,0.5631578947368422,0.2
2026-10-03T08:49:08.680049+00:00,2026-10-03T09:49:08.680049+01:00,17a149453fbdb9bad7efa57f7481a07f,icehockey_nhl,NHL,2026-10-04T00:10:00+00:00,2026-10-04T01:10:00+01:00,Nashville Predators,Dallas Stars,smarkets,Smarkets,2026-10-03T08:48:59Z,h2h,Nashville Predators,2.14,,0.4672897196261682,0.4368421052631579,0.2
2026-10-03T08:49:08.680049+00:00,2026-10-03T09:49:08.680049+01:00,17a149453fbdb9bad7efa57f7481a07f,icehockey_nhl,NHL,2026-10-04T00:10:00+00:00,2026-10-04T01:10:00+01:00,Nashville Predators,Dallas Stars,smarkets,Smarkets,2026-10-03T08:48:59Z,h2h_lay,Dallas Stars,2.0,,0.5,1.0,0.2
2026-10-03T08:49:08.680049+00:00,2026-10-03T09:49:08.680049+01:00,17a149453fbdb9bad7efa57f7481a07f,icehockey_nhl,NHL,2026-10-04T00:10:00+00:00,2026-10-04T01:10:00+01:00,Nashville Predators,Dallas Stars,smarkets,Smarkets,2026-10-03T08:48:59Z,h2h_lay,Nashville Predators,2.46,,0.4065040650406504,1.0,0.2
2026-10-03T08:49:08.680049+00:00,2026-10-03T09:49:08.680049+01:00,17a149453fbdb9bad7efa57f7481a07f,icehockey_nhl,NHL,2026-10-04T00:10:00+00:00,2026-10-04T01:10:00+01:00,Nashville Predators,Dallas Stars,paddypower,Paddy Power,2026-10-03T08:47:55Z,h2h,Dallas Stars,1.8,,0.5555555555555556,0.5324675324675325,0.2
2026-10-03T08:49:08.680049+00:00,2026-10-03T09:49:08.680049+01:00,17a149453fbdb9bad7efa57f7481a07f,icehockey_nhl,NHL,2026-10-04T00:10:00+00:00,2026-10-04T01:10:00+01:00,Nashville Predators,Dallas Stars,paddypower,Paddy Power,2026-10-03T08:47:55Z,h2h,Nashville Predators,2.05,,0.48780487804878053,0.4675324675324676,0.2
2026-10-03T08:49:08.680049+00:00,2026-10-03T09:49:08.680049+01:00,17a149453fbdb9bad7efa57f7481a07f,icehockey_nhl,NHL,2026-10-04T00:10:00+00:00,2026-10-04T01:10:00+01:00,Nashville Predators,Dallas Stars,betfair_ex_uk,Betfair,2026-10-03T08:48:44Z,h2h,Dallas Stars,1.69,,0.591715976331361,0.5655526992287918,0.2
2026-10-03T08:49:08.680049+00:00,2026-10-03T09:49:08.680049+01:00,17a149453fbdb9bad7efa57f7481a07f,icehockey_nhl,NHL,2026-10-04T00:10:00+00:00,2026-10-04T01:10:00+01:00,Nashville Predators,Dallas Stars,betfair_ex_uk,Betfair,2026-10-03T08:48:44Z,h2h,Nashville Predators,2.2,,0.45454545454545453,0.43444730077120824,0.2
2026-10-03T08:49:08.680049+00:00,2026-10-03T09:49:08.680049+01:00,17a149453fbdb9bad7efa57f7481a07f,icehockey_nhl,NHL,2026-10-04T00:10:00+00:00,2026-10-04T01:10:00+01:00,Nashville Predators,Dallas Stars,betfair_ex_uk,Betfair,2026-10-03T08:48:44Z,h2h_lay,Dallas Stars,1.84,,0.5434782608695652,1.0,0.2
2026-10-03T08:49:08.680049+00:00,2026-10-03T09:49:08.680049+01:00,17a149453fbdb9bad7efa57f7481a07f,icehockey_nhl,NHL,2026-10-04T00:10:00+00:00,2026-10-04T01:10:00+01:00,Nashville Predators,Dallas Stars,betfair_ex_uk,Betfair,2026-10-03T08:48:44Z,h2h_lay,Nashville Predators,2.46,,0.4065040650406504,1.0,0.2
2026-10-03T08:49:08.680049+00:00,2026-10-03T09:49:08.680049+01:00,17a149453fbdb9bad7efa57f7481a07f,icehockey_nhl,NHL,2026-10-04T00:10:00+00:00,2026-10-04T01:10:00+01:00,Nashville Predators,Dallas Stars,casumo,Casumo,2026-10-03T08:48:27Z,h2h,Dallas Stars,2.28,,0.4385964912280702,0.41657258974937905,0.2
2026-10-03T08:49:08.680049+00:00,2026-10-03T09:49:08.680049+01:00,17a149453fbdb9bad7efa57f7481a07f,icehockey_nhl,NHL,2026-10-04T00:10:00+00:00,2026-10-04T01:10:00+01:00,Nashville Predators,Dallas Stars,casumo,Casumo,2026-10-03T08:48:27Z,h2h,Nashville Predators,2.7,,0.37037037037037035,0.3517724091216978,0.2
2026-10-03T08:49:08.680049+00:00,2026-10-03T09:49:08.680049+01:00,17a149453fbdb9bad7efa57f7481a07f,icehockey_nhl,NHL,2026-10-04T00:10:00+00:00,2026-10-04T01:10:00+01:00,Nashville Predators,Dallas Stars,casumo,Casumo,2026-10-03T08:48:27Z,h2h,Draw,4.1,,0.24390243902439027,0.231655001128923,0.2
2026-10-03T08:49:08.680049+00:00,2026-10-03T09:49:08.680049+01:00,17a149453fbdb9bad7efa57f7481a07f,icehockey_nhl,NHL,2026-10-04T00:10:00+00:00,2026-10-04T01:10:00+01:00,Nashville Predators,Dallas Stars,casumo,Casumo,2026-10-03T08:48:27Z,spreads,Dallas Stars,3.0,-1.5,0.3333333333333333,0.3150684931506849,0.2
2026-10-03T08:49:08.680049+00:00,2026-10-03T09:49:08.680049+01:00,17a149453fbdb9bad7efa57f7481a07f,icehockey_nhl,NHL,2026-10-04T00:10:00+00:00,2026-10-04T01:10:00+01:00,Nashville Predators,Dallas Stars,casumo,Casumo,2026-10-03T08:48:27Z,spreads,Nashville Predators,1.38,1.5,0.7246376811594204,0.6849315068493151,0.2
2026-10-03T08:49:08.680049+00:00,2026-10-03T09:49:08.680049+01:00,17a149453fbdb9bad7efa57f7481a07f,icehockey_nhl,NHL,2026-10-04T00:10:00+00:00,2026-10-04T01:10:00+01:00,Nashville Predators,Dallas Stars,casumo,Casumo,2026-10-03T08:48:27Z,totals,Over,1.76,5.5,0.5681818181818182,0.5392670157068064,0.2
2026-10-03T08:49:08.680049+00:00,2026-10-03T09:49:08.680049+01:00,17a149453fbdb9bad7efa57f7481a07f,icehockey_nhl,NHL,2026-10-04T00:10:00+00:00,2026-10-04T01:10:00+01:00,Nashville Predators,Dallas Stars,casumo,Casumo,2026-10-03T08:48:27Z,totals,Under,2.06,5.5,0.4854368932038835,0.46073298429319376,0.2
2026-10-03T08:49:08.680049+00:00,2026-10-03T09:49:08.680049+01:00,17a149453fbdb9bad7efa57f7481a07f,icehockey_nhl,NHL,2026-10-04T00:10:00+00:00,2026-10-04T01:10:00+01:00,Nashville Predators,Dallas Stars,livescorebet,LiveScore Bet,2026-10-03T08:48:28Z,totals,Over,1.76,5.5,0.5681818181818182,0.5392670157068064,0.2
2026-10-03T08:49:08.680049+00:00,2026-10-03T09:49:08.680049+01:00,17a149453fbdb9bad7efa57f7481a07f,icehockey_nhl,NHL,2026-10-04T00:10:00+00:00,2026-10-04T01:10:00+01:00,Nashville Predators,Dallas Stars,livescorebet,LiveScore Bet,2026-10-03T08:48:28Z,totals,Under,2.06,5.5,0.4854368932038835,0.46073298429319376,0.2
2026-10-03T08:49:08.680049+00:00,2026-10-03T09:49:08.680049+01:00,17a149453fbdb9bad7efa57f7481a07f,icehockey_nhl,NHL,2026-10-04T00:10:00+00:00,2026-10-04T01:10:00+01:00,Nashville Predators,Dallas Stars,virginbet,Virgin Bet,2026-10-03T08:48:28Z,totals,Over,1.76,5.5,0.5681818181818182,0.5392670157068064,0.2
2026-10-03T08:49:08.680049+00:00,2026-10-03T09:49:08.680049+01:00,17a149453fbdb9bad7efa57f7481a07f,icehockey_nhl,NHL,2026-10-04T00:10:00+00:00,2026-10-04T01:10:00+01:00,Nashville Predators,Dallas Stars,virginbet,Virgin Bet,2026-10-03T08:48:28Z,totals,Under,2.06,5.5,0.4854368932038835,0.46073298429319376,0.2
2026-10-03T08:49:08.680049+00:00,2026-10-03T09:49:08.680049+01:00,17a149453fbdb9bad7efa57f7481a07f,icehockey_nhl,NHL,2026-10-04T00:10:00+00:00,2026-10-04T01:10:00+01:00,Nashville Predators,Dallas Stars,grosvenor,Grosvenor,2026-10-03T08:48:58Z,h2h,Dallas Stars,2.28,,0.4385964912280702,0.41657258974937905,0.2
2026-10-03T08:49:08.680049+00:00,2026-10-03T09:49:08.680049+01:00,17a149453fbdb9bad7efa57f7481a07f,icehockey_nhl,NHL,2026-10-04T00:10:00+00:00,2026-10-04T01:10:00+01:00,Nashville Predators,Dallas Stars,grosvenor,Grosvenor,2026-10-03T08:48:58Z,h2h,Nashville Predators,2.7,,0.37037037037037035,0.3517724091216978,0.2
2026-10-03T08:49:08.680049+00:00,2026-10-03T09:49:08.680049+01:00,17a149453fbdb9bad7efa57f7481a07f,icehockey_nhl,NHL,2026-10-04T00:10:00+00:00,2026-10-04T01:10:00+01:00,Nashville Predators,Dallas Stars,grosvenor,Grosvenor,2026-10-03T08:48:58Z,h2h,Draw,4.1,,0.24390243902439027,0.231655001128923,0.2
2026-10-03T08:49:08.680049+00:00,2026-10-03T09:49:08.680049+01:00,17a149453fbdb9bad7efa57f7481a07f,icehockey_nhl,NHL,2026-10-04T00:10:00+00:00,2026-10-04T01:10:00+01:00,Nashville Predators,Dallas Stars,grosvenor,Grosvenor,2026-10-03T08:48:58Z,totals,Over,1.76,5.5,0.5681818181818182,0.5392670157068064,0.2
2026-10-03T08:49:08.680049+00:00,2026-10-03T09:49:08.680049+01:00,17a149453fbdb9bad7efa57f7481a07f,icehockey_nhl,NHL,2026-10-04T00:10:00+00:00,2026-10-04T01:10:00+01:00,Nashville Predators,Dallas Stars,grosvenor,Grosvenor,2026-10-03T08:48:58Z,totals,Under,2.06,5.5,0.4854368932038835,0.46073298429319376,0.2
2026-10-03T08:49:08.680049+00:00,2026-10-03T09:49:08.680049+01:00,17a149453fbdb9bad7efa57f7481a07f,icehockey_nhl,NHL,2026-10-04T00:10:00+00:00,2026-10-04T01:10:00+01:00,Nashville Predators,Dallas Stars,matchbook,Matchbook,2026-10-03T08:48:44Z,h2h,Dallas Stars,1.69,,0.591715976331361,0.5655526992287918,0.2
2026-10-03T08:49:08.680049+00:00,2026-10-03T09:49:08.680049+01:00,17a149453fbdb9bad7efa57f7481a07f,icehockey_nhl,NHL,2026-10-04T00:10:00+00:00,2026-10-04T01:10:00+01:00,Nashville Predators,Dallas Stars,matchbook,Matchbook,2026-10-03T08:48:44Z,h2h,Nashville Predators,2.2,,0.45454545454545453,0.43444730077120824,0.2
2026-10-03T08:49:08.680049+00:00,2026-10-03T09:49:08.680049+01:00,17a149453fbdb9bad7efa57f7481a07f,icehockey_nhl,NHL,2026-10-04T00:10:00+00:00,2026-10-04T01:10:00+01:00,Nashville Predators,Dallas Stars,matchbook,Matchbook,2026-10-03T08:48:44Z,h2h_lay,Dallas Stars,1.84,,0.5434782608695652,1.0,0.2
2026-10-03T08:49:08.680049+00:00,2026-10-03T09:49:08.680049+01:00,17a149453fbdb9bad7efa57f7481a07f,icehockey_nhl,NHL,2026-10-04T00:10:00+00:00,2026-10-04T01:10:00+01:00,Nashville Predators,Dallas Stars,matchbook,Matchbook,2026-10-03T08:48:44Z,h2h_lay,Nashville Predators,2.46,,0.4065040650406504,1.0,0.2
2026-10-03T08:49:08.680049+00:00,2026-10-03T09:49:08.680049+01:00,17a149453fbdb9bad7efa57f7481a07f,icehockey_nhl,NHL,2026-10-04T00:10:00+00:00,2026-10-04T01:10:00+01:00,Nashville Predators,Dallas Stars,matchbook,Matchbook,2026-10-03T08:48:44Z,spreads,Dallas Stars,2.9,-1.5,0.3448275862068966,0.3317972350230415,0.2
2026-10-03T08:49:08.680049+00:00,2026-10-03T09:49:08.680049+01:00,17a149453fbdb9bad7efa57f7481a07f,icehockey_nhl,NHL,2026-10-04T00:10:00+00:00,2026-10-04T01:10:00+01:00,Nashville Predators,Dallas Stars,matchbook,Matchbook,2026-10-03T08:48:44Z,spreads,Nashville Predators,1.44,1.5,0.6944444444444444,0.6682027649769585,0.2
2026-10-03T08:49:08.680049+00:00,2026-10-03T09:49:08.680049+01:00,17a149453fbdb9bad7efa57f7481a07f,icehockey_nhl,NHL,2026-10-04T00:10:00+00:00,2026-10-04T01:10:00+01:00,Nashville Predators,Dallas Stars,matchbook,Matchbook,2026-10-03T08:48:44Z,totals,Over,1.74,5.5,0.5747126436781609,0.5492227979274612,0.2
2026-10-03T08:49:08.680049+00:00,2026-10-03T09:49:08.680049+01:00,17a149453fbdb9bad7efa57f7481a07f,icehockey_nhl,NHL,2026-10-04T00:10:00+00:00,2026-10-04T01:10:00+01:00,Nashville Predators,Dallas Stars,matchbook,Matchbook,2026-10-03T08:48:44Z,totals,Under,2.12,5.5,0.4716981132075471,0.45077720207253885,0.2
2026-10-03T08:49:08.680049+00:00,2026-10-03T09:49:08.680049+01:00,17a149453fbdb9bad7efa57f7481a07f,icehockey_nhl,NHL,2026-10-04T00:10:00+00:00,2026-10-04T01:10:00+01:00,Nashville Predators,Dallas Stars,betvictor,Bet Victor,2026-10-03T08:48:26Z,h2h,Dallas Stars,1.67,,0.5988023952095809,0.5510752688172044,0.2
2026-10-03T08:49:08.680049+00:00,2026-10-03T09:49:08.680049+01:00,17a149453fbdb9bad7efa57f7481a07f,icehockey_nhl,NHL,2026-10-04T00:10:00+00:00,2026-10-04T01:10:00+01:00,Nashville Predators,Dallas Stars,betvictor,Bet Victor,2026-10-03T08:48:26Z,h2h,Nashville Predators,2.05,,0.48780487804878053,0.44892473118279574,0.2
2026-10-03T08:49:08.680049+00:00,2026-10-03T09:49:08.680049+01:00,17a149453fbdb9bad7efa57f7481a07f,icehockey_nhl,NHL,2026-10-04T00:10:00+00:00,2026-10-04T01:10:00+01:00,Nashville Predators,Dallas Stars,betano_uk,Betano (UK),2026-10-03T08:48:22Z,h2h,Dallas Stars,1.67,,0.5988023952095809,0.5510752688172044,0.2
2026-10-03T08:49:08.680049+00:00,2026-10-03T09:49:08.680049+01:00,17a149453fbdb9bad7efa57f7481a07f,icehockey_nhl,NHL,2026-10-04T00:10:00+00:00,2026-10-04T01:10:00+01:00,Nashville Predators,Dallas Stars,betano_uk,Betano (UK),2026-10-03T08:48:22Z,h2h,Nashville Predators,2.05,,0.48780487804878053,0.44892473118279574,0.2
2026-10-03T08:49:08.680049+00:00,2026-10-03T09:49:08.680049+01:00,065b68a0db1926f7e3bff7ebd93e7624,icehockey_nhl,NHL,2026-10-04T01:10:00+00:00,2026-10-04T02:10:00+01:00,Colorado Avalanche,St Louis Blues,coral,Coral,2026-10-03T08:48:10Z,h2h,Colorado Avalanche,1.35,,0.7407407407407407,0.7096774193548387,0.2
2026-10-03T08:49:08.680049+00:00,2026-10-03T09:49:08.680049+01:00,065b68a0db1926f7e3bff7ebd93e7624,icehockey_nhl,NHL,2026-10-04T01:10:00+00:00,2026-10-04T02:10:00+01:00,Colorado Avalanche,St Louis Blues,coral,Coral,2026-10-03T08:48:10Z,h2h,St Louis Blues,3.3,,0.30303030303030304,0.2903225806451613,0.2
2026-10-03T08:49:08.680049+00:00,2026-10-03T09:49:08.680049+01:00,065b68a0db1926f7e3bff7ebd93e7624,icehockey_nhl,NHL,2026-10-04T01:10:00+00:00,2026-10-04T02:10:00+01:00,Colorado Avalanche,St Louis Blues,coral,Coral,2026-10-03T08:48:10Z,spreads,Colorado Avalanche,1.85,-1.5,0.5405405405405405,0.5194805194805195,0.2
2026-10-03T08:49:08.680049+00:00,2026-10-03T09:49:08.680049+01:00,065b68a0db1926f7e3bff7ebd93e7624,icehockey_nhl,NHL,2026-10-04T01:10:00+00:00,2026-10-04T02:10:00+01:00,Colorado Avalanche,St Louis Blues,coral,Coral,2026-10-03T08:48:10Z,spreads,St Louis Blues,2.0,1.5,0.5,0.4805194805194806,0.2
2026-10-03T08:49:08.680049+00:00,2026-10-03T09:49:08.680049+01:00,065b68a0db1926f7e3bff7ebd93e7624,icehockey_nhl,NHL,2026-10-04T01:10:00+00:00,2026-10-04T02:10:00+01:00,Colorado Avalanche,St Louis Blues,coral,Coral,2026-10-03T08:48:10Z,totals,Over,1.8,6.0,0.5555555555555556,0.5199999999999999,0.2
2026-10-03T08:49:08.680049+00:00,2026-10-03T09:49:08.680049+01:00,065b68a0db1926f7e3bff7ebd93e7624,icehockey_nhl,NHL,2026-10-04T01:10:00+00:00,2026-10-04T02:10:00+01:00,Colorado Avalanche,St Louis Blues,coral,Coral,2026-10-03T08:48:10Z,totals,Under,1.95,6.0,0.5128205128205129,0.48,0.2
2026-10-03T08:49:08.680049+00:00,2026-10-03T09:49:08.680049+01:00,065b68a0db1926f7e3bff7ebd93e7624,icehockey_nhl,NHL,2026-10-04T01:10:00+00:00,2026-10-04T02:10:00+01:00,Colorado Avalanche,St Louis Blues,betway,Betway,2026-10-03T08:48:11Z,h2h,Colorado Avalanche,1.53,,0.6535947712418301,0.6016466117796073,0.2
2026-10-03T08:49:08.680049+00:00,2026-10-03T09:49:08.680049+01:00,065b68a0db1926f7e3bff7ebd93e7624,icehockey_nhl,NHL,2026-10-04T01:10:00+00:00,2026-10-04T02:10:00+01:00,Colorado Avalanche,St Louis Blues,betway,Betway,2026-10-03T08:48:11Z,h2h,St Louis Blues,4.75,,0.21052631578947367,0.19379354021532616,0.2
2026-10-03T08:49:08.680049+00:00,2026-10-03T09:49:08.680049+01:00,065b68a0db1926f7e3bff7ebd93e7624,icehockey_nhl,NHL,2026-10-04T01:10:00+00:00,2026-10-04T02:10:00+01:00,Colorado Avalanche,St Louis Blues,betway,Betway,2026-10-03T08:48:11Z,h2h,Draw,4.5,,0.2222222222222222,0.2045598480050665,0.2
2026-10-03T08:49:08.680049+00:00,2026-10-03T09:49:08.680049+01:00,065b68a0db1926f7e3bff7ebd93e7624,icehockey_nhl,NHL,2026-10-04T01:10:00+00:00,2026-10-04T02:10:00+01:00,Colorado Avalanche,St Louis Blues,ladbrokes_uk,Ladbrokes,2026-10-03T08:48:27Z,h2h,Colorado Avalanche,1.35,,0.7407407407407407,0.7096774193548387,0.2
2026-10-03T08:49:08.680049+00:00,2026-10-03T09:49:08.680049+01:00,065b68a0db1926f7e3bff7ebd93e7624,icehockey_nhl,NHL,2026-10-04T01:10:00+00:00,2026-10-04T02:10:00+01:00,Colorado Avalanche,St Louis Blues,ladbrokes_uk,Ladbrokes,2026-10-03T08:48:27Z,h2h,St Louis Blues,3.3,,0.30303030303030304,0.2903225806451613,0.2
2026-10-03T08:49:08.680049+00:00,2026-10-03T09:49:08.680049+01:00,065b68a0db1926f7e3bff7ebd93e7624,icehockey_nhl,NHL,2026-10-04T01:10:00+00:00,2026-10-04T02:10:00+01:00,Colorado Avalanche,St Louis Blues,ladbrokes_uk,Ladbrokes,2026-10-03T08:48:27Z,spreads,Colorado Avalanche,1.85,-1.5,0.5405405405405405,0.5194805194805195,0.2
2026-10-03T08:49:08.680049+00:00,2026-10-03T09:49:08.680049+01:00,065b68a0db1926f7e3bff7ebd93e7624,icehockey_nhl,NHL,2026-10-04T01:10:00+00:00,2026-10-04T02:10:00+01:00,Colorado Avalanche,St Louis Blues,ladbrokes_uk,Ladbrokes,2026-10-03T08:48:27Z,spreads,St Louis Blues,2.0,1.5,0.5,0.4805194805194806,0.2
2026-10-03T08:49:08.680049+00:00,2026-10-03T09:49:08.680049+01:00,065b68a0db1926f7e3bff7ebd93e7624,icehockey_nhl,NHL,2026-10-04T01:10:00+00:00,2026-10-04T02:10:00+01:00,Colorado Avalanche,St Louis Blues,ladbrokes_uk,Ladbrokes,2026-10-03T08:48:27Z,totals,Over,1.8,6.0,0.5555555555555556,0.5199999999999999,0.2
2026-10-03T08:49:08.680049+00:00,2026-10-03T09:49:08.680049+01:00,065b68a0db1926f7e3bff7ebd93e7624,icehockey_nhl,NHL,2026-10-04T01:10:00+00:00,2026-10-04T02:10:00+01:00,Colorado Avalanche,St Louis Blues,ladbrokes_uk,Ladbrokes,2026-10-03T08:48:27Z,totals,Under,1.95,6.0,0.5128205128205129,0.48,0.2
2026-10-03T08:49:08.680049+00:00,2026-10-03T09:49:08.680049+01:00,065b68a0db1926f7e3bff7ebd93e7624,icehockey_nhl,NHL,2026-10-04T01:10:00+00:00,2026-10-04T02:10:00+01:00,Colorado Avalanche,St Louis Blues,williamhill,William Hill,2026-10-03T08:49:00Z,h2h,Colorado Avalanche,1.33,,0.7518796992481203,0.712742980561555,0.2
2026-10-03T08:49:08.680049+00:00,2026-10-03T09:49:08.680049+01:00,065b68a0db1926f7e3bff7ebd93e7624,icehockey_nhl,NHL,2026-10-04T01:10:00+00:00,2026-10-04T02:10:00+01:00,Colorado Avalanche,St Louis Blues,williamhill,William Hill,2026-10-03T08:49:00Z,h2h,St Louis Blues,3.3,,0.30303030303030304,0.28725701943844495,0.2
2026-10-03T08:49:08.680049+00:00,2026-10-03T09:49:08.680049+01:00,065b68a0db1926f7e3bff7ebd93e7624,icehockey_nhl,NHL,2026-10-04T01:10:00+00:00,2026-10-04T02:10:00+01:00,Colorado Avalanche,St Louis Blues,williamhill,William Hill,2026-10-03T08:49:00Z,spreads,Colorado Avalanche,1.8,-1.5,0.5555555555555556,0.5263157894736842,0.2
2026-10-03T08:49:08.680049+00:00,2026-10-03T09:49:08.680049+01:00,065b68a0db1926f7e3bff7ebd93e7624,icehockey_nhl,NHL,2026-10-04T01:10:00+00:00,2026-10-04T02:10:00+01:00,Colorado Avalanche,St Louis Blues,williamhill,William Hill,2026-10-03T08:49:00Z,spreads,St Louis Blues,2.0,1.5,0.5,0.47368421052631576,0.2
2026-10-03T08:49:08.680049+00:00,2026-10-03T09:49:08.680049+01:00,065b68a0db1926f7e3bff7ebd93e7624,icehockey_nhl,NHL,2026-10-04T01:10:00+00:00,2026-10-04T02:10:00+01:00,Colorado Avalanche,St Louis Blues,williamhill,William Hill,2026-10-03T08:49:00Z,totals,Over,2.1,6.5,0.47619047619047616,0.4516971279373368,0.2
2026-10-03T08:49:08.680049+00:00,2026-10-03T09:49:08.680049+01:00,065b68a0db1926f7e3bff7ebd93e7624,icehockey_nhl,NHL,2026-10-04T01:10:00+00:00,2026-10-04T02:10:00+01:00,Colorado Avalanche,St Louis Blues,williamhill,William Hill,2026-10-03T08:49:00Z,totals,Under,1.73,6.5,0.5780346820809249,0.5483028720626633,0.2
2026-10-03T08:49:08.680049+00:00,2026-10-03T09:49:08.680049+01:00,065b68a0db1926f7e3bff7ebd93e7624,icehockey_nhl,NHL,2026-10-04T01:10:00+00:00,2026-10-04T02:10:00+01:00,Colorado Avalanche,St Louis Blues,unibet_uk,Unibet (UK),2026-10-03T08:48:44Z,h2h,Colorado Avalanche,1.57,,0.6369426751592356,0.6045340050377834,0.2
2026-10-03T08:49:08.680049+00:00,2026-10-03T09:49:08.680049+01:00,065b68a0db1926f7e3bff7ebd93e7624,icehockey_nhl,NHL,2026-10-04T01:10:00+00:00,2026-10-04T02:10:00+01:00,Colorado Avalanche,St Louis Blues,unibet_uk,Unibet (UK),2026-10-03T08:48:44Z,h2h,St Louis Blues,4.8,,0.20833333333333334,0.19773299748110834,0.2
2026-10-03T08:49:08.680049+00:00,2026-10-03T09:49:08.680049+01:00,065b68a0db1926f7e3bff7ebd93e7624,icehockey_nhl,NHL,2026-10-04T01:10:00+00:00,2026-10-04T02:10:00+01:00,Colorado Avalanche,St Louis Blues,unibet_uk,Unibet (UK),2026-10-03T08:48:44Z,h2h,Draw,4.8,,0.20833333333333334,0.19773299748110834,0.2
2026-10-03T08:49:08.680049+00:00,2026-10-03T09:49:08.680049+01:00,065b68a0db1926f7e3bff7ebd93e7624,icehockey_nhl,NHL,2026-10-04T01:10:00+00:00,2026-10-04T02:10:00+01:00,Colorado Avalanche,St Louis Blues,smarkets,Smarkets,2026-10-03T08:48:59Z,h2h,Colorado Avalanche,1.31,,0.7633587786259541,0.7029478458049887,0.2
2026-10-03T08:49:08.680049+00:00,2026-10-03T09:49:08.680049+01:00,065b68a0db1926f7e3bff7ebd93e7624,icehockey_nhl,NHL,2026-10-04T01:10:00+00:00,2026-10-04T02:10:00+01:00,Colorado Avalanche,St Louis Blues,smarkets,Smarkets,2026-10-03T08:48:59Z,h2h,St Louis Blues,3.1,,0.3225806451612903,0.29705215419501135,0.2
2026-10-03T08:49:08.680049+00:00,2026-10-03T09:49:08.680049+01:00,065b68a0db1926f7e3bff7ebd93e7624,icehockey_nhl,NHL,2026-10-04T01:10:00+00:00,2026-10-04T02:10:00+01:00,Colorado Avalanche,St Louis Blues,smarkets,Smarkets,2026-10-03T08:48:59Z,h2h_lay,Colorado Avalanche,1.41,,0.7092198581560284,1.0,0.2
2026-10-03T08:49:08.680049+00:00,2026-10-03T09:49:08.680049+01:00,065b68a0db1926f7e3bff7ebd93e7624,icehockey_nhl,NHL,2026-10-04T01:10:00+00:00,2026-10-04T02:10:00+01:00,Colorado Avalanche,St Louis Blues,smarkets,Smarkets,2026-10-03T08:48:59Z,h2h_lay,St Louis Blues,4.2,,0.23809523809523808,1.0,0.2
2026-10-03T08:49:08.680049+00:00,2026-10-03T09:49:08.680049+01:00,065b68a0db1926f7e3bff7ebd93e7624,icehockey_nhl,NHL,2026-10-04T01:10:00+00:00,2026-10-04T02:10:00+01:00,Colorado Avalanche,St Louis Blues,paddypower,Paddy Power,2026-10-03T08:47:55Z,h2h,Colorado Avalanche,1.34,,0.7462686567164178,0.7142857142857143,0.2
2026-10-03T08:49:08.680049+00:00,2026-10-03T09:49:08.680049+01:00,065b68a0db1926f7e3bff7ebd93e7624,icehockey_nhl,NHL,2026-10-04T01:10:00+00:00,2026-10-04T02:10:00+01:00,Colorado Avalanche,St Louis Blues,paddypower,Paddy Power,2026-10-03T08:47:55Z,h2h,St Louis Blues,3.35,,0.29850746268656714,0.2857142857142857,0.2
2026-10-03T08:49:08.680049+00:00,2026-10-03T09:49:08.680049+01:00,065b68a0db1926f7e3bff7ebd93e7624,icehockey_nhl,NHL,2026-10-04T01:10:00+00:00,2026-10-04T02:10:00+01:00,Colorado Avalanche,St Louis Blues,livescorebet,LiveScore Bet,2026-10-03T08:48:28Z,totals,Over,1.68,5.5,0.5952380952380952,0.5670103092783505,0.2
2026-10-03T08:49:08.680049+00:00,2026-10-03T09:49:08.680049+01:00,065b68a0db1926f7e3bff7ebd93e7624,icehockey_nhl,NHL,2026-10-04T01:10:00+00:00,2026-10-04T02:10:00+01:00,Colorado Avalanche,St Louis Blues,livescorebet,LiveScore Bet,2026-10-03T08:48:28Z,totals,Under,2.2,5.5,0.45454545454545453,0.4329896907216495,0.2
2026-10-03T08:49:08.680049+00:00,2026-10-03T09:49:08.680049+01:00,065b68a0db1926f7e3bff7ebd93e7624,icehockey_nhl,NHL,2026-10-04T01:10:00+00:00,2026-10-04T02:10:00+01:00,Colorado Avalanche,St Louis Blues,grosvenor,Grosvenor,2026-10-03T08:48:58Z,h2h,Colorado Avalanche,1.53,,0.6535947712418301,0.620253164556962,0.2
2026-10-03T08:49:08.680049+00:00,2026-10-03T09:49:08.680049+01:00,065b68a0db1926f7e3bff7ebd93e7624,icehockey_nhl,NHL,2026-10-04T01:10:00+00:00,2026-10-04T02:10:00+01:00,Colorado Avalanche,St Louis Blues,grosvenor,Grosvenor,2026-10-03T08:48:58Z,h2h,St Louis Blues,5.1,,0.19607843137254904,0.18607594936708863,0.2
2026-10-03T08:49:08.680049+00:00,2026-10-03T09:49:08.680049+01:00,065b68a0db1926f7e3bff7ebd93e7624,icehockey_nhl,NHL,2026-10-04T01:10:00+00:00,2026-10-04T02:10:00+01:00,Colorado Avalanche,St Louis Blues,grosvenor,Grosvenor,2026-10-03T08:48:58Z,h2h,Draw,4.9,,0.2040816326530612,0.19367088607594932,0.2
2026-10-03T08:49:08.680049+00:00,2026-10-03T09:49:08.680049+01:00,065b68a0db1926f7e3bff7ebd93e7624,icehockey_nhl,NHL,2026-10-04T01:10:00+00:00,2026-10-04T02:10:00+01:00,Colorado Avalanche,St Louis Blues,grosvenor,Grosvenor,2026-10-03T08:48:58Z,totals,Over,1.68,5.5,0.5952380952380952,0.5670103092783505,0.2
2026-10-03T08:49:08.680049+00:00,2026-10-03T09:49:08.680049+01:00,065b68a0db1926f7e3bff7ebd93e7624,icehockey_nhl,NHL,2026-10-04T01:10:00+00:00,2026-10-04T02:10:00+01:00,Colorado Avalanche,St Louis Blues,grosvenor,Grosvenor,2026-10-03T08:48:58Z,totals,Under,2.2,5.5,0.45454545454545453,0.4329896907216495,0.2
2026-10-03T08:49:08.680049+00:00,2026-10-03T09:49:08.680049+01:00,065b68a0db1926f7e3bff7ebd93e7624,icehockey_nhl,NHL,2026-10-04T01:10:00+00:00,2026-10-04T02:10:00+01:00,Colorado Avalanche,St Louis Blues,casumo,Casumo,2026-10-03T08:48:27Z,h2h,Colorado Avalanche,1.53,,0.6535947712418301,0.620253164556962,0.2
2026-10-03T08:49:08.680049+00:00,2026-10-03T09:49:08.680049+01:00,065b68a0db1926f7e3bff7ebd93e7624,icehockey_nhl,NHL,2026-10-04T01:10:00+00:00,2026-10-04T02:10:00+01:00,Colorado Avalanche,St Louis Blues,casumo,Casumo,2026-10-03T08:48:27Z,h2h,St Louis Blues,5.1,,0.19607843137254904,0.18607594936708863,0.2
2026-10-03T08:49:08.680049+00:00,2026-10-03T09:49:08.680049+01:00,065b68a0db1926f7e3bff7ebd93e7624,icehockey_nhl,NHL,2026-10-04T01:10:00+00:00,2026-10-04T02:10:00+01:00,Colorado Avalanche,St Louis Blues,casumo,Casumo,2026-10-03T08:48:27Z,h2h,Draw,4.9,,0.2040816326530612,0.19367088607594932,0.2
2026-10-03T08:49:08.680049+00:00,2026-10-03T09:49:08.680049+01:00,065b68a0db1926f7e3bff7ebd93e7624,icehockey_nhl,NHL,2026-10-04T01:10:00+00:00,2026-10-04T02:10:00+01:00,Colorado Avalanche,St Louis Blues,casumo,Casumo,2026-10-03T08:48:27Z,spreads,Colorado Avalanche,1.85,-1.5,0.5405405405405405,0.5118733509234827,0.2
2026-10-03T08:49:08.680049+00:00,2026-10-03T09:49:08.680049+01:00,065b68a0db1926f7e3bff7ebd93e7624,icehockey_nhl,NHL,2026-10-04T01:10:00+00:00,2026-10-04T02:10:00+01:00,Colorado Avalanche,St Louis Blues,casumo,Casumo,2026-10-03T08:48:27Z,spreads,St Louis Blues,1.94,1.5,0.5154639175257733,0.4881266490765172,0.2
2026-10-03T08:49:08.680049+00:00,2026-10-03T09:49:08.680049+01:00,065b68a0db1926f7e3bff7ebd93e7624,icehockey_nhl,NHL,2026-10-04T01:10:00+00:00,2026-10-04T02:10:00+01:00,Colorado Avalanche,St Louis Blues,casumo,Casumo,2026-10-03T08:48:27Z,totals,Over,1.68,5.5,0.5952380952380952,0.5670103092783505,0.2
2026-10-03T08:49:08.680049+00:00,2026-10-03T09:49:08.680049+01:00,065b68a0db1926f7e3bff7ebd93e7624,icehockey_nhl,NHL,2026-10-04T01:10:00+00:00,2026-10-04T02:10:00+01:00,Colorado Avalanche,St Louis Blues,casumo,Casumo,2026-10-03T08:48:27Z,totals,Under,2.2,5.5,0.45454545454545453,0.4329896907216495,0.2
2026-10-03T08:49:08.680049+00:00,2026-10-03T09:49:08.680049+01:00,065b68a0db1926f7e3bff7ebd93e7624,icehockey_nhl,NHL,2026-10-04T01:10:00+00:00,2026-10-04T02:10:00+01:00,Colorado Avalanche,St Louis Blues,virginbet,Virgin Bet,2026-10-03T08:48:28Z,totals,Over,1.68,5.5,0.5952380952380952,0.5670103092783505,0.2
2026-10-03T08:49:08.680049+00:00,2026-10-03T09:49:08.680049+01:00,065b68a0db1926f7e3bff7ebd93e7624,icehockey_nhl,NHL,2026-10-04T01:10:00+00:00,2026-10-04T02:10:00+01:00,Colorado Avalanche,St Louis Blues,virginbet,Virgin Bet,2026-10-03T08:48:28Z,totals,Under,2.2,5.5,0.45454545454545453,0.4329896907216495,0.2
2026-10-03T08:49:08.680049+00:00,2026-10-03T09:49:08.680049+01:00,065b68a0db1926f7e3bff7ebd93e7624,icehockey_nhl,NHL,2026-10-04T01:10:00+00:00,2026-10-04T02:10:00+01:00,Colorado Avalanche,St Louis Blues,betfair_ex_uk,Betfair,2026-10-03T08:48:44Z,h2h,Colorado Avalanche,1.34,,0.7462686567164178,0.7202505219206681,0.2
2026-10-03T08:49:08.680049+00:00,2026-10-03T09:49:08.680049+01:00,065b68a0db1926f7e3bff7ebd93e7624,icehockey_nhl,NHL,2026-10-04T01:10:00+00:00,2026-10-04T02:10:00+01:00,Colorado Avalanche,St Louis Blues,betfair_ex_uk,Betfair,2026-10-03T08:48:44Z,h2h,St Louis Blues,3.45,,0.2898550724637681,0.279749478079332,0.2
2026-10-03T08:49:08.680049+00:00,2026-10-03T09:49:08.680049+01:00,065b68a0db1926f7e3bff7ebd93e7624,icehockey_nhl,NHL,2026-10-04T01:10:00+00:00,2026-10-04T02:10:00+01:00,Colorado Avalanche,St Louis Blues,betfair_ex_uk,Betfair,2026-10-03T08:48:44Z,h2h_lay,Colorado Avalanche,1.41,,0.7092198581560284,1.0,0.2
2026-10-03T08:49:08.680049+00:00,2026-10-03T09:49:08.680049+01:00,065b68a0db1926f7e3bff7ebd93e7624,icehockey_nhl,NHL,2026-10-04T01:10:00+00:00,2026-10-04T02:10:00+01:00,Colorado Avalanche,St Louis Blues,betfair_ex_uk,Betfair,2026-10-03T08:48:44Z,h2h_lay,St Louis Blues,3.95,,0.2531645569620253,1.0,0.2
2026-10-03T08:49:08.680049+00:00,2026-10-03T09:49:08.680049+01:00,065b68a0db1926f7e3bff7ebd93e7624,icehockey_nhl,NHL,2026-10-04T01:10:00+00:00,2026-10-04T02:10:00+01:00,Colorado Avalanche,St Louis Blues,matchbook,Matchbook,2026-10-03T08:48:44Z,h2h,Colorado Avalanche,1.34,,0.7462686567164178,0.7202505219206681,0.2
2026-10-03T08:49:08.680049+00:00,2026-10-03T09:49:08.680049+01:00,065b68a0db1926f7e3bff7ebd93e7624,icehockey_nhl,NHL,2026-10-04T01:10:00+00:00,2026-10-04T02:10:00+01:00,Colorado Avalanche,St Louis Blues,matchbook,Matchbook,2026-10-03T08:48:44Z,h2h,St Louis Blues,3.45,,0.2898550724637681,0.279749478079332,0.2
2026-10-03T08:49:08.680049+00:00,2026-10-03T09:49:08.680049+01:00,065b68a0db1926f7e3bff7ebd93e7624,icehockey_nhl,NHL,2026-10-04T01:10:00+00:00,2026-10-04T02:10:00+01:00,Colorado Avalanche,St Louis Blues,matchbook,Matchbook,2026-10-03T08:48:44Z,h2h_lay,Colorado Avalanche,1.41,,0.7092198581560284,1.0,0.2
2026-10-03T08:49:08.680049+00:00,2026-10-03T09:49:08.680049+01:00,065b68a0db1926f7e3bff7ebd93e7624,icehockey_nhl,NHL,2026-10-04T01:10:00+00:00,2026-10-04T02:10:00+01:00,Colorado Avalanche,St Louis Blues,matchbook,Matchbook,2026-10-03T08:48:44Z,h2h_lay,St Louis Blues,3.95,,0.2531645569620253,1.0,0.2
2026-10-03T08:49:08.680049+00:00,2026-10-03T09:49:08.680049+01:00,065b68a0db1926f7e3bff7ebd93e7624,icehockey_nhl,NHL,2026-10-04T01:10:00+00:00,2026-10-04T02:10:00+01:00,Colorado Avalanche,St Louis Blues,matchbook,Matchbook,2026-10-03T08:48:44Z,spreads,Colorado Avalanche,1.92,-1.5,0.5208333333333334,0.4973821989528796,0.2
2026-10-03T08:49:08.680049+00:00,2026-10-03T09:49:08.680049+01:00,065b68a0db1926f7e3bff7ebd93e7624,icehockey_nhl,NHL,2026-10-04T01:10:00+00:00,2026-10-04T02:10:00+01:00,Colorado Avalanche,St Louis Blues,matchbook,Matchbook,2026-10-03T08:48:44Z,spreads,St Louis Blues,1.9,1.5,0.5263157894736842,0.5026178010471204,0.2
2026-10-03T08:49:08.680049+00:00,2026-10-03T09:49:08.680049+01:00,065b68a0db1926f7e3bff7ebd93e7624,icehockey_nhl,NHL,2026-10-04T01:10:00+00:00,2026-10-04T02:10:00+01:00,Colorado Avalanche,St Louis Blues,matchbook,Matchbook,2026-10-03T08:48:44Z,totals,Over,2.08,6.5,0.4807692307692307,0.4597402597402597,0.2
2026-10-03T08:49:08.680049+00:00,2026-10-03T09:49:08.680049+01:00,065b68a0db1926f7e3bff7ebd93e7624,icehockey_nhl,NHL,2026-10-04T01:10:00+00:00,2026-10-04T02:10:00+01:00,Colorado Avalanche,St Louis Blues,matchbook,Matchbook,2026-10-03T08:48:44Z,totals,Under,1.77,6.5,0.5649717514124294,0.5402597402597403,0.2
2026-10-03T08:49:08.680049+00:00,2026-10-03T09:49:08.680049+01:00,065b68a0db1926f7e3bff7ebd93e7624,icehockey_nhl,NHL,2026-10-04T01:10:00+00:00,2026-10-04T02:10:00+01:00,Colorado Avalanche,St Louis Blues,betvictor,Bet Victor,2026-10-03T08:48:26Z,h2h,Colorado Avalanche,1.3,,0.7692307692307692,0.7111111111111111,0.2
2026-10-03T08:49:08.680049+00:00,2026-10-03T09:49:08.680049+01:00,065b68a0db1926f7e3bff7ebd93e7624,icehockey_nhl,NHL,2026-10-04T01:10:00+00:00,2026-10-04T02:10:00+01:00,Colorado Avalanche,St Louis Blues,betvictor,Bet Victor,2026-10-03T08:48:26Z,h2h,St Louis Blues,3.2,,0.3125,0.2888888888888889,0.2
2026-10-03T08:49:08.680049+00:00,2026-10-03T09:49:08.680049+01:00,065b68a0db1926f7e3bff7ebd93e7624,icehockey_nhl,NHL,2026-10-04T01:10:00+00:00,2026-10-04T02:10:00+01:00,Colorado Avalanche,St Louis Blues,betano_uk,Betano (UK),2026-10-03T08:48:22Z,h2h,Colorado Avalanche,1.3,,0.7692307692307692,0.7111111111111111,0.2
2026-10-03T08:49:08.680049+00:00,2026-10-03T09:49:08.680049+01:00,065b68a0db1926f7e3bff7ebd93e7624,icehockey_nhl,NHL,2026-10-04T01:10:00+00:00,2026-10-04T02:10:00+01:00,Colorado Avalanche,St Louis Blues,betano_uk,Betano (UK),2026-10-03T08:48:22Z,h2h,St Louis Blues,3.2,,0.3125,0.2888888888888889,0.2
2026-10-03T08:49:08.680049+00:00,2026-10-03T09:49:08.680049+01:00,45d984ff127ce23fde997b0182b6336b,icehockey_nhl,NHL,2026-10-04T02:10:00+00:00,2026-10-04T03:10:00+01:00,Vancouver Canucks,Calgary Flames,ladbrokes_uk,Ladbrokes,2026-10-03T08:48:27Z,h2h,Calgary Flames,1.95,,0.5128205128205129,0.48684210526315796,0.2
2026-10-03T08:49:08.680049+00:00,2026-10-03T09:49:08.680049+01:00,45d984ff127ce23fde997b0182b6336b,icehockey_nhl,NHL,2026-10-04T02:10:00+00:00,2026-10-04T03:10:00+01:00,Vancouver Canucks,Calgary Flames,ladbrokes_uk,Ladbrokes,2026-10-03T08:48:27Z,h2h,Vancouver Canucks,1.85,,0.5405405405405405,0.513157894736842,0.2
2026-10-03T08:49:08.680049+00:00,2026-10-03T09:49:08.680049+01:00,45d984ff127ce23fde997b0182b6336b,icehockey_nhl,NHL,2026-10-04T02:10:00+00:00,2026-10-04T03:10:00+01:00,Vancouver Canucks,Calgary Flames,ladbrokes_uk,Ladbrokes,2026-10-03T08:48:27Z,spreads,Calgary Flames,3.2,-1.5,0.3125,0.2982456140350877,0.2
2026-10-03T08:49:08.680049+00:00,2026-10-03T09:49:08.680049+01:00,45d984ff127ce23fde997b0182b6336b,icehockey_nhl,NHL,2026-10-04T02:10:00+00:00,2026-10-04T03:10:00+01:00,Vancouver Canucks,Calgary Flames,ladbrokes_uk,Ladbrokes,2026-10-03T08:48:27Z,spreads,Vancouver Canucks,1.36,1.5,0.7352941176470588,0.7017543859649122,0.2
2026-10-03T08:49:08.680049+00:00,2026-10-03T09:49:08.680049+01:00,45d984ff127ce23fde997b0182b6336b,icehockey_nhl,NHL,2026-10-04T02:10:00+00:00,2026-10-04T03:10:00+01:00,Vancouver Canucks,Calgary Flames,ladbrokes_uk,Ladbrokes,2026-10-03T08:48:27Z,totals,Over,1.8,6.0,0.5555555555555556,0.5199999999999999,0.2
2026-10-03T08:49:08.680049+00:00,2026-10-03T09:49:08.680049+01:00,45d984ff127ce23fde997b0182b6336b,icehockey_nhl,NHL,2026-10-04T02:10:00+00:00,2026-10-04T03:10:00+01:00,Vancouver Canucks,Calgary Flames,ladbrokes_uk,Ladbrokes,2026-10-03T08:48:27Z,totals,Under,1.95,6.0,0.5128205128205129,0.48,0.2
2026-10-03T08:49:08.680049+00:00,2026-10-03T09:49:08.680049+01:00,45d984ff127ce23fde997b0182b6336b,icehockey_nhl,NHL,2026-10-04T02:10:00+00:00,2026-10-04T03:10:00+01:00,Vancouver Canucks,Calgary Flames,coral,Coral,2026-10-03T08:48:10Z,h2h,Calgary Flames,1.95,,0.5128205128205129,0.48684210526315796,0.2
2026-10-03T08:49:08.680049+00:00,2026-10-03T09:49:08.680049+01:00,45d984ff127ce23fde997b0182b6336b,icehockey_nhl,NHL,2026-10-04T02:10:00+00:00,2026-10-04T03:10:00+01:00,Vancouver Canucks,Calgary Flames,coral,Coral,2026-10-03T08:48:10Z,h2h,Vancouver Canucks,1.85,,0.5405405405405405,0.513157894736842,0.2
2026-10-03T08:49:08.680049+00:00,2026-10-03T09:49:08.680049+01:00,45d984ff127ce23fde997b0182b6336b,icehockey_nhl,NHL,2026-10-04T02:10:00+00:00,2026-10-04T03:10:00+01:00,Vancouver Canucks,Calgary Flames,coral,Coral,2026-10-03T08:48:10Z,spreads,Calgary Flames,3.2,-1.5,0.3125,0.2982456140350877,0.2
2026-10-03T08:49:08.680049+00:00,2026-10-03T09:49:08.680049+01:00,45d984ff127ce23fde997b0182b6336b,icehockey_nhl,NHL,2026-10-04T02:10:00+00:00,2026-10-04T03:10:00+01:00,Vancouver Canucks,Calgary Flames,coral,Coral,2026-10-03T08:48:10Z,spreads,Vancouver Canucks,1.36,1.5,0.7352941176470588,0.7017543859649122,0.2
2026-10-03T08:49:08.680049+00:00,2026-10-03T09:49:08.680049+01:00,45d984ff127ce23fde997b0182b6336b,icehockey_nhl,NHL,2026-10-04T02:10:00+00:00,2026-10-04T03:10:00+01:00,Vancouver Canucks,Calgary Flames,coral,Coral,2026-10-03T08:48:10Z,totals,Over,1.8,6.0,0.5555555555555556,0.5199999999999999,0.2
2026-10-03T08:49:08.680049+00:00,2026-10-03T09:49:08.680049+01:00,45d984ff127ce23fde997b0182b6336b,icehockey_nhl,NHL,2026-10-04T02:10:00+00:00,2026-10-04T03:10:00+01:00,Vancouver Canucks,Calgary Flames,coral,Coral,2026-10-03T08:48:10Z,totals,Under,1.95,6.0,0.5128205128205129,0.48,0.2
2026-10-03T08:49:08.680049+00:00,2026-10-03T09:49:08.680049+01:00,45d984ff127ce23fde997b0182b6336b,icehockey_nhl,NHL,2026-10-04T02:10:00+00:00,2026-10-04T03:10:00+01:00,Vancouver Canucks,Calgary Flames,unibet_uk,Unibet (UK),2026-10-03T08:48:44Z,h2h,Calgary Flames,2.45,,0.4081632653061224,0.3881278538812786,0.2
2026-10-03T08:49:08.680049+00:00,2026-10-03T09:49:08.680049+01:00,45d984ff127ce23fde997b0182b6336b,icehockey_nhl,NHL,2026-10-04T02:10:00+00:00,2026-10-04T03:10:00+01:00,Vancouver Canucks,Calgary Flames,unibet_uk,Unibet (UK),2026-10-03T08:48:44Z,h2h,Vancouver Canucks,2.45,,0.4081632653061224,0.3881278538812786,0.2
2026-10-03T08:49:08.680049+00:00,2026-10-03T09:49:08.680049+01:00,45d984ff127ce23fde997b0182b6336b,icehockey_nhl,NHL,2026-10-04T02:10:00+00:00,2026-10-04T03:10:00+01:00,Vancouver Canucks,Calgary Flames,unibet_uk,Unibet (UK),2026-10-03T08:48:44Z,h2h,Draw,4.25,,0.23529411764705882,0.22374429223744294,0.2
2026-10-03T08:49:08.680049+00:00,2026-10-03T09:49:08.680049+01:00,45d984ff127ce23fde997b0182b6336b,icehockey_nhl,NHL,2026-10-04T02:10:00+00:00,2026-10-04T03:10:00+01:00,Vancouver Canucks,Calgary Flames,betway,Betway,2026-10-03T08:48:11Z,h2h,Calgary Flames,2.4,,0.4166666666666667,0.3846153846153846,0.2
2026-10-03T08:49:08.680049+00:00,2026-10-03T09:49:08.680049+01:00,45d984ff127ce23fde997b0182b6336b,icehockey_nhl,NHL,2026-10-04T02:10:00+00:00,2026-10-04T03:10:00+01:00,Vancouver Canucks,Calgary Flames,betway,Betway,2026-10-03T08:48:11Z,h2h,Vancouver Canucks,2.4,,0.4166666666666667,0.3846153846153846,0.2
2026-10-03T08:49:08.680049+00:00,2026-10-03T09:49:08.680049+01:00,45d984ff127ce23fde997b0182b6336b,icehockey_nhl,NHL,2026-10-04T02:10:00+00:00,2026-10-04T03:10:00+01:00,Vancouver Canucks,Calgary Flames,betway,Betway,2026-10-03T08:48:11Z,h2h,Draw,4.0,,0.25,0.23076923076923073,0.2
2026-10-03T08:49:08.680049+00:00,2026-10-03T09:49:08.680049+01:00,45d984ff127ce23fde997b0182b6336b,icehockey_nhl,NHL,2026-10-04T02:10:00+00:00,2026-10-04T03:10:00+01:00,Vancouver Canucks,Calgary Flames,smarkets,Smarkets,2026-10-03T08:48:59Z,h2h,Calgary Flames,1.99,,0.5025125628140703,0.49104859335038353,0.2
2026-10-03T08:49:08.680049+00:00,2026-10-03T09:49:08.680049+01:00,45d984ff127ce23fde997b0182b6336b,icehockey_nhl,NHL,2026-10-04T02:10:00+00:00,2026-10-04T03:10:00+01:00,Vancouver Canucks,Calgary Flames,smarkets,Smarkets,2026-10-03T08:48:59Z,h2h,Vancouver Canucks,1.92,,0.5208333333333334,0.5089514066496164,0.2
2026-10-03T08:49:08.680049+00:00,2026-10-03T09:49:08.680049+01:00,45d984ff127ce23fde997b0182b6336b,icehockey_nhl,NHL,2026-10-04T02:10:00+00:00,2026-10-04T03:10:00+01:00,Vancouver Canucks,Calgary Flames,smarkets,Smarkets,2026-10-03T08:48:59Z,h2h_lay,Calgary Flames,2.06,,0.4854368932038835,1.0,0.2
2026-10-03T08:49:08.680049+00:00,2026-10-03T09:49:08.680049+01:00,45d984ff127ce23fde997b0182b6336b,icehockey_nhl,NHL,2026-10-04T02:10:00+00:00,2026-10-04T03:10:00+01:00,Vancouver Canucks,Calgary Flames,smarkets,Smarkets,2026-10-03T08:48:59Z,h2h_lay,Vancouver Canucks,2.0,,0.5,1.0,0.2
2026-10-03T08:49:08.680049+00:00,2026-10-03T09:49:08.680049+01:00,45d984ff127ce23fde997b0182b6336b,icehockey_nhl,NHL,2026-10-04T02:10:00+00:00,2026-10-04T03:10:00+01:00,Vancouver Canucks,Calgary Flames,paddypower,Paddy Power,2026-10-03T08:47:55Z,h2h,Calgary Flames,1.95,,0.5128205128205129,0.4895287958115184,0.2
2026-10-03T08:49:08.680049+00:00,2026-10-03T09:49:08.680049+01:00,45d984ff127ce23fde997b0182b6336b,icehockey_nhl,NHL,2026-10-04T02:10:00+00:00,2026-10-04T03:10:00+01:00,Vancouver Canucks,Calgary Flames,paddypower,Paddy Power,2026-10-03T08:47:55Z,h2h,Vancouver Canucks,1.87,,0.53475935828877,0.5104712041884817,0.2
2026-10-03T08:49:08.680049+00:00,2026-10-03T09:49:08.680049+01:00,45d984ff127ce23fde997b0182b6336b,icehockey_nhl,NHL,2026-10-04T02:10:00+00:00,2026-10-04T03:10:00+01:00,Vancouver Canucks,Calgary Flames,betfair_ex_uk,Betfair,2026-10-03T08:48:44Z,h2h,Calgary Flames,2.0,,0.5,0.4923857868020305,0.2
2026-10-03T08:49:08.680049+00:00,2026-10-03T09:49:08.680049+01:00,45d984ff127ce23fde997b0182b6336b,icehockey_nhl,NHL,2026-10-04T02:10:00+00:00,2026-10-04T03:10:00+01:00,Vancouver Canucks,Calgary Flames,betfair_ex_uk,Betfair,2026-10-03T08:48:44Z,h2h,Vancouver Canucks,1.94,,0.5154639175257733,0.5076142131979696,0.2
2026-10-03T08:49:08.680049+00:00,2026-10-03T09:49:08.680049+01:00,45d984ff127ce23fde997b0182b6336b,icehockey_nhl,NHL,2026-10-04T02:10:00+00:00,2026-10-04T03:10:00+01:00,Vancouver Canucks,Calgary Flames,betfair_ex_uk,Betfair,2026-10-03T08:48:44Z,h2h_lay,Calgary Flames,2.06,,0.4854368932038835,1.0,0.2
2026-10-03T08:49:08.680049+00:00,2026-10-03T09:49:08.680049+01:00,45d984ff127ce23fde997b0182b6336b,icehockey_nhl,NHL,2026-10-04T02:10:00+00:00,2026-10-04T03:10:00+01:00,Vancouver Canucks,Calgary Flames,betfair_ex_uk,Betfair,2026-10-03T08:48:44Z,h2h_lay,Vancouver Canucks,2.0,,0.5,1.0,0.2
2026-10-03T08:49:08.680049+00:00,2026-10-03T09:49:08.680049+01:00,45d984ff127ce23fde997b0182b6336b,icehockey_nhl,NHL,2026-10-04T02:10:00+00:00,2026-10-04T03:10:00+01:00,Vancouver Canucks,Calgary Flames,virginbet,Virgin Bet,2026-10-03T08:48:28Z,totals,Over,2.25,6.5,0.4444444444444444,0.4215938303341903,0.2
2026-10-03T08:49:08.680049+00:00,2026-10-03T09:49:08.680049+01:00,45d984ff127ce23fde997b0182b6336b,icehockey_nhl,NHL,2026-10-04T02:10:00+00:00,2026-10-04T03:10:00+01:00,Vancouver Canucks,Calgary Flames,virginbet,Virgin Bet,2026-10-03T08:48:28Z,totals,Under,1.64,6.5,0.6097560975609756,0.5784061696658098,0.2
2026-10-03T08:49:08.680049+00:00,2026-10-03T09:49:08.680049+01:00,45d984ff127ce23fde997b0182b6336b,icehockey_nhl,NHL,2026-10-04T02:10:00+00:00,2026-10-04T03:10:00+01:00,Vancouver Canucks,Calgary Flames,casumo,Casumo,2026-10-03T08:48:27Z,h2h,Calgary Flames,2.45,,0.4081632653061224,0.38860843889894275,0.2
2026-10-03T08:49:08.680049+00:00,2026-10-03T09:49:08.680049+01:00,45d984ff127ce23fde997b0182b6336b,icehockey_nhl,NHL,2026-10-04T02:10:00+00:00,2026-10-04T03:10:00+01:00,Vancouver Canucks,Calgary Flames,casumo,Casumo,2026-10-03T08:48:27Z,h2h,Vancouver Canucks,2.55,,0.3921568627450981,0.3733688922754549,0.2
2026-10-03T08:49:08.680049+00:00,2026-10-03T09:49:08.680049+01:00,45d984ff127ce23fde997b0182b6336b,icehockey_nhl,NHL,2026-10-04T02:10:00+00:00,2026-10-04T03:10:00+01:00,Vancouver Canucks,Calgary Flames,casumo,Casumo,2026-10-03T08:48:27Z,h2h,Draw,4.0,,0.25,0.23802266882560244,0.2
2026-10-03T08:49:08.680049+00:00,2026-10-03T09:49:08.680049+01:00,45d984ff127ce23fde997b0182b6336b,icehockey_nhl,NHL,2026-10-04T02:10:00+00:00,2026-10-04T03:10:00+01:00,Vancouver Canucks,Calgary Flames,casumo,Casumo,2026-10-03T08:48:27Z,spreads,Calgary Flames,3.25,-1.5,0.3076923076923077,0.2919389978213508,0.2
2026-10-03T08:49:08.680049+00:00,2026-10-03T09:49:08.680049+01:00,45d984ff127ce23fde997b0182b6336b,icehockey_nhl,NHL,2026-10-04T02:10:00+00:00,2026-10-04T03:10:00+01:00,Vancouver Canucks,Calgary Flames,casumo,Casumo,2026-10-03T08:48:27Z,spreads,Vancouver Canucks,1.34,1.5,0.7462686567164178,0.7080610021786492,0.2
2026-10-03T08:49:08.680049+00:00,2026-10-03T09:49:08.680049+01:00,45d984ff127ce23fde997b0182b6336b,icehockey_nhl,NHL,2026-10-04T02:10:00+00:00,2026-10-04T03:10:00+01:00,Vancouver Canucks,Calgary Flames,casumo,Casumo,2026-10-03T08:48:27Z,totals,Over,2.25,6.5,0.4444444444444444,0.4215938303341903,0.2
2026-10-03T08:49:08.680049+00:00,2026-10-03T09:49:08.680049+01:00,45d984ff127ce23fde997b0182b6336b,icehockey_nhl,NHL,2026-10-04T02:10:00+00:00,2026-10-04T03:10:00+01:00,Vancouver Canucks,Calgary Flames,casumo,Casumo,2026-10-03T08:48:27Z,totals,Under,1.64,6.5,0.6097560975609756,0.5784061696658098,0.2
2026-10-03T08:49:08.680049+00:00,2026-10-03T09:49:08.680049+01:00,45d984ff127ce23fde997b0182b6336b,icehockey_nhl,NHL,2026-10-04T02:10:00+00:00,2026-10-04T03:10:00+01:00,Vancouver Canucks,Calgary Flames,grosvenor,Grosvenor,2026-10-03T08:48:58Z,h2h,Calgary Flames,2.45,,0.4081632653061224,0.38860843889894275,0.2
2026-10-03T08:49:08.680049+00:00,2026-10-03T09:49:08.680049+01:00,45d984ff127ce23fde997b0182b6336b,icehockey_nhl,NHL,2026-10-04T02:10:00+00:00,2026-10-04T03:10:00+01:00,Vancouver Canucks,Calgary Flames,grosvenor,Grosvenor,2026-10-03T08:48:58Z,h2h,Vancouver Canucks,2.55,,0.3921568627450981,0.3733688922754549,0.2
2026-10-03T08:49:08.680049+00:00,2026-10-03T09:49:08.680049+01:00,45d984ff127ce23fde997b0182b6336b,icehockey_nhl,NHL,2026-10-04T02:10:00+00:00,2026-10-04T03:10:00+01:00,Vancouver Canucks,Calgary Flames,grosvenor,Grosvenor,2026-10-03T08:48:58Z,h2h,Draw,4.0,,0.25,0.23802266882560244,0.2
2026-10-03T08:49:08.680049+00:00,2026-10-03T09:49:08.680049+01:00,45d984ff127ce23fde997b0182b6336b,icehockey_nhl,NHL,2026-10-04T02:10:00+00:00,2026-10-04T03:10:00+01:00,Vancouver Canucks,Calgary Flames,grosvenor,Grosvenor,2026-10-03T08:48:58Z,totals,Over,2.25,6.5,0.4444444444444444,0.4215938303341903,0.2
2026-10-03T08:49:08.680049+00:00,2026-10-03T09:49:08.680049+01:00,45d984ff127ce23fde997b0182b6336b,icehockey_nhl,NHL,2026-10-04T02:10:00+00:00,2026-10-04T03:10:00+01:00,Vancouver Canucks,Calgary Flames,grosvenor,Grosvenor,2026-10-03T08:48:58Z,totals,Under,1.64,6.5,0.6097560975609756,0.5784061696658098,0.2
2026-10-03T08:49:08.680049+00:00,2026-10-03T09:49:08.680049+01:00,45d984ff127ce23fde997b0182b6336b,icehockey_nhl,NHL,2026-10-04T02:10:00+00:00,2026-10-04T03:10:00+01:00,Vancouver Canucks,Calgary Flames,livescorebet,LiveScore Bet,2026-10-03T08:48:28Z,totals,Over,2.25,6.5,0.4444444444444444,0.4215938303341903,0.2
2026-10-03T08:49:08.680049+00:00,2026-10-03T09:49:08.680049+01:00,45d984ff127ce23fde997b0182b6336b,icehockey_nhl,NHL,2026-10-04T02:10:00+00:00,2026-10-04T03:10:00+01:00,Vancouver Canucks,Calgary Flames,livescorebet,LiveScore Bet,2026-10-03T08:48:28Z,totals,Under,1.64,6.5,0.6097560975609756,0.5784061696658098,0.2
2026-10-03T08:49:08.680049+00:00,2026-10-03T09:49:08.680049+01:00,45d984ff127ce23fde997b0182b6336b,icehockey_nhl,NHL,2026-10-04T02:10:00+00:00,2026-10-04T03:10:00+01:00,Vancouver Canucks,Calgary Flames,betvictor,Bet Victor,2026-10-03T08:48:26Z,h2h,Calgary Flames,1.85,,0.5405405405405405,0.5,0.2
2026-10-03T08:49:08.680049+00:00,2026-10-03T09:49:08.680049+01:00,45d984ff127ce23fde997b0182b6336b,icehockey_nhl,NHL,2026-10-04T02:10:00+00:00,2026-10-04T03:10:00+01:00,Vancouver Canucks,Calgary Flames,betvictor,Bet Victor,2026-10-03T08:48:26Z,h2h,Vancouver Canucks,1.85,,0.5405405405405405,0.5,0.2
2026-10-03T08:49:08.680049+00:00,2026-10-03T09:49:08.680049+01:00,45d984ff127ce23fde997b0182b6336b,icehockey_nhl,NHL,2026-10-04T02:10:00+00:00,2026-10-04T03:10:00+01:00,Vancouver Canucks,Calgary Flames,betano_uk,Betano (UK),2026-10-03T08:48:22Z,h2h,Calgary Flames,1.85,,0.5405405405405405,0.5,0.2
2026-10-03T08:49:08.680049+00:00,2026-10-03T09:49:08.680049+01:00,45d984ff127ce23fde997b0182b6336b,icehockey_nhl,NHL,2026-10-04T02:10:00+00:00,2026-10-04T03:10:00+01:00,Vancouver Canucks,Calgary Flames,betano_uk,Betano (UK),2026-10-03T08:48:22Z,h2h,Vancouver Canucks,1.85,,0.5405405405405405,0.5,0.2
2026-10-03T08:49:08.680049+00:00,2026-10-03T09:49:08.680049+01:00,45d984ff127ce23fde997b0182b6336b,icehockey_nhl,NHL,2026-10-04T02:10:00+00:00,2026-10-04T03:10:00+01:00,Vancouver Canucks,Calgary Flames,williamhill,William Hill,2026-10-03T08:49:00Z,h2h,Calgary Flames,1.91,,0.5235602094240838,0.5,0.2
2026-10-03T08:49:08.680049+00:00,2026-10-03T09:49:08.680049+01:00,45d984ff127ce23fde997b0182b6336b,icehockey_nhl,NHL,2026-10-04T02:10:00+00:00,2026-10-04T03:10:00+01:00,Vancouver Canucks,Calgary Flames,williamhill,William Hill,2026-10-03T08:49:00Z,h2h,Vancouver Canucks,1.91,,0.5235602094240838,0.5,0.2
2026-10-03T08:49:08.680049+00:00,2026-10-03T09:49:08.680049+01:00,45d984ff127ce23fde997b0182b6336b,icehockey_nhl,NHL,2026-10-04T02:10:00+00:00,2026-10-04T03:10:00+01:00,Vancouver Canucks,Calgary Flames,williamhill,William Hill,2026-10-03T08:49:00Z,spreads,Calgary Flames,3.1,-1.5,0.3225806451612903,0.30493273542600896,0.2
2026-10-03T08:49:08.680049+00:00,2026-10-03T09:49:08.680049+01:00,45d984ff127ce23fde997b0182b6336b,icehockey_nhl,NHL,2026-10-04T02:10:00+00:00,2026-10-04T03:10:00+01:00,Vancouver Canucks,Calgary Flames,williamhill,William Hill,2026-10-03T08:49:00Z,spreads,Vancouver Canucks,1.36,1.5,0.7352941176470588,0.695067264573991,0.2
2026-10-03T08:49:08.680049+00:00,2026-10-03T09:49:08.680049+01:00,45d984ff127ce23fde997b0182b6336b,icehockey_nhl,NHL,2026-10-04T02:10:00+00:00,2026-10-04T03:10:00+01:00,Vancouver Canucks,Calgary Flames,williamhill,William Hill,2026-10-03T08:49:00Z,totals,Over,2.0,6.5,0.5,0.47368421052631576,0.2
2026-10-03T08:49:08.680049+00:00,2026-10-03T09:49:08.680049+01:00,45d984ff127ce23fde997b0182b6336b,icehockey_nhl,NHL,2026-10-04T02:10:00+00:00,2026-10-04T03:10:00+01:00,Vancouver Canucks,Calgary Flames,williamhill,William Hill,2026-10-03T08:49:00Z,totals,Under,1.8,6.5,0.5555555555555556,0.5263157894736842,0.2
2026-10-03T08:49:08.680049+00:00,2026-10-03T09:49:08.680049+01:00,45d984ff127ce23fde997b0182b6336b,icehockey_nhl,NHL,2026-10-04T02:10:00+00:00,2026-10-04T03:10:00+01:00,Vancouver Canucks,Calgary Flames,matchbook,Matchbook,2026-10-03T08:48:44Z,h2h,Calgary Flames,2.0,,0.5,0.4936708860759494,0.2
2026-10-03T08:49:08.680049+00:00,2026-10-03T09:49:08.680049+01:00,45d984ff127ce23fde997b0182b6336b,icehockey_nhl,NHL,2026-10-04T02:10:00+00:00,2026-10-04T03:10:00+01:00,Vancouver Canucks,Calgary Flames,matchbook,Matchbook,2026-10-03T08:48:44Z,h2h,Vancouver Canucks,1.95,,0.5128205128205129,0.5063291139240507,0.2
2026-10-03T08:49:08.680049+00:00,2026-10-03T09:49:08.680049+01:00,45d984ff127ce23fde997b0182b6336b,icehockey_nhl,NHL,2026-10-04T02:10:00+00:00,2026-10-04T03:10:00+01:00,Vancouver Canucks,Calgary Flames,matchbook,Matchbook,2026-10-03T08:48:44Z,h2h_lay,Calgary Flames,2.06,,0.4854368932038835,1.0,0.2
2026-10-03T08:49:08.680049+00:00,2026-10-03T09:49:08.680049+01:00,45d984ff127ce23fde997b0182b6336b,icehockey_nhl,NHL,2026-10-04T02:10:00+00:00,2026-10-04T03:10:00+01:00,Vancouver Canucks,Calgary Flames,matchbook,Matchbook,2026-10-03T08:48:44Z,h2h_lay,Vancouver Canucks,2.0,,0.5,1.0,0.2
2026-10-03T08:49:08.680049+00:00,2026-10-03T09:49:08.680049+01:00,45d984ff127ce23fde997b0182b6336b,icehockey_nhl,NHL,2026-10-04T02:10:00+00:00,2026-10-04T03:10:00+01:00,Vancouver Canucks,Calgary Flames,matchbook,Matchbook,2026-10-03T08:48:44Z,spreads,Calgary Flames,1.38,1.5,0.7246376811594204,0.7019438444924406,0.2
2026-10-03T08:49:08.680049+00:00,2026-10-03T09:49:08.680049+01:00,45d984ff127ce23fde997b0182b6336b,icehockey_nhl,NHL,2026-10-04T02:10:00+00:00,2026-10-04T03:10:00+01:00,Vancouver Canucks,Calgary Flames,matchbook,Matchbook,2026-10-03T08:48:44Z,spreads,Vancouver Canucks,3.25,-1.5,0.3076923076923077,0.2980561555075594,0.2
2026-10-03T08:49:08.680049+00:00,2026-10-03T09:49:08.680049+01:00,45d984ff127ce23fde997b0182b6336b,icehockey_nhl,NHL,2026-10-04T02:10:00+00:00,2026-10-04T03:10:00+01:00,Vancouver Canucks,Calgary Flames,matchbook,Matchbook,2026-10-03T08:48:44Z,totals,Over,2.04,6.5,0.49019607843137253,0.4742268041237113,0.2
2026-10-03T08:49:08.680049+00:00,2026-10-03T09:49:08.680049+01:00,45d984ff127ce23fde997b0182b6336b,icehockey_nhl,NHL,2026-10-04T02:10:00+00:00,2026-10-04T03:10:00+01:00,Vancouver Canucks,Calgary Flames,matchbook,Matchbook,2026-10-03T08:48:44Z,totals,Under,1.84,6.5,0.5434782608695652,0.5257731958762887,0.2
2026-10-03T08:49:08.680049+00:00,2026-10-03T09:49:08.680049+01:00,fddf3e59117ce7c2597cb67a363a2e06,icehockey_nhl,NHL,2026-10-04T02:10:00+00:00,2026-10-04T03:10:00+01:00,San Jose Sharks,Los Angeles Kings,betway,Betway,2026-10-03T08:48:11Z,h2h,Los Angeles Kings,2.5,,0.4,0.3687374749498998,0.2
2026-10-03T08:49:08.680049+00:00,2026-10-03T09:49:08.680049+01:00,fddf3e59117ce7c2597cb67a363a2e06,icehockey_nhl,NHL,2026-10-04T02:10:00+00:00,2026-10-04T03:10:00+01:00,San Jose Sharks,Los Angeles Kings,betway,Betway,2026-10-03T08:48:11Z,h2h,San Jose Sharks,2.3,,0.4347826086956522,0.40080160320641284,0.2
2026-10-03T08:49:08.680049+00:00,2026-10-03T09:49:08.680049+01:00,fddf3e59117ce7c2597cb67a363a2e06,icehockey_nhl,NHL,2026-10-04T02:10:00+00:00,2026-10-04T03:10:00+01:00,San Jose Sharks,Los Angeles Kings,betway,Betway,2026-10-03T08:48:11Z,h2h,Draw,4.0,,0.25,0.23046092184368736,0.2
2026-10-03T08:49:08.680049+00:00,2026-10-03T09:49:08.680049+01:00,fddf3e59117ce7c2597cb67a363a2e06,icehockey_nhl,NHL,2026-10-04T02:10:00+00:00,2026-10-04T03:10:00+01:00,San Jose Sharks,Los Angeles Kings,unibet_uk,Unibet (UK),2026-10-03T08:48:44Z,h2h,Los Angeles Kings,2.55,,0.3921568627450981,0.37333333333333335,0.2
2026-10-03T08:49:08.680049+00:00,2026-10-03T09:49:08.680049+01:00,fddf3e59117ce7c2597cb67a363a2e06,icehockey_nhl,NHL,2026-10-04T02:10:00+00:00,2026-10-04T03:10:00+01:00,San Jose Sharks,Los Angeles Kings,unibet_uk,Unibet (UK),2026-10-03T08:48:44Z,h2h,San Jose Sharks,2.38,,0.42016806722689076,0.39999999999999997,0.2
2026-10-03T08:49:08.680049+00:00,2026-10-03T09:49:08.680049+01:00,fddf3e59117ce7c2597cb67a363a2e06,icehockey_nhl,NHL,2026-10-04T02:10:00+00:00,2026-10-04T03:10:00+01:00,San Jose Sharks,Los Angeles Kings,unibet_uk,Unibet (UK),2026-10-03T08:48:44Z,h2h,Draw,4.2,,0.23809523809523808,0.22666666666666666,0.2
2026-10-03T08:49:08.680049+00:00,2026-10-03T09:49:08.680049+01:00,fddf3e59117ce7c2597cb67a363a2e06,icehockey_nhl,NHL,2026-10-04T02:10:00+00:00,2026-10-04T03:10:00+01:00,San Jose Sharks,Los Angeles Kings,ladbrokes_uk,Ladbrokes,2026-10-03T08:48:27Z,h2h,Los Angeles Kings,2.0,,0.5,0.4805194805194806,0.2
2026-10-03T08:49:08.680049+00:00,2026-10-03T09:49:08.680049+01:00,fddf3e59117ce7c2597cb67a363a2e06,icehockey_nhl,NHL,2026-10-04T02:10:00+00:00,2026-10-04T03:10:00+01:00,San Jose Sharks,Los Angeles Kings,ladbrokes_uk,Ladbrokes,2026-10-03T08:48:27Z,h2h,San Jose Sharks,1.85,,0.5405405405405405,0.5194805194805195,0.2
2026-10-03T08:49:08.680049+00:00,2026-10-03T09:49:08.680049+01:00,fddf3e59117ce7c2597cb67a363a2e06,icehockey_nhl,NHL,2026-10-04T02:10:00+00:00,2026-10-04T03:10:00+01:00,San Jose Sharks,Los Angeles Kings,ladbrokes_uk,Ladbrokes,2026-10-03T08:48:27Z,spreads,Los Angeles Kings,1.4,1.5,0.7142857142857143,0.6744186046511629,0.2
2026-10-03T08:49:08.680049+00:00,2026-10-03T09:49:08.680049+01:00,fddf3e59117ce7c2597cb67a363a2e06,icehockey_nhl,NHL,2026-10-04T02:10:00+00:00,2026-10-04T03:10:00+01:00,San Jose Sharks,Los Angeles Kings,ladbrokes_uk,Ladbrokes,2026-10-03T08:48:27Z,spreads,San Jose Sharks,2.9,-1.5,0.3448275862068966,0.32558139534883723,0.2
2026-10-03T08:49:08.680049+00:00,2026-10-03T09:49:08.680049+01:00,fddf3e59117ce7c2597cb67a363a2e06,icehockey_nhl,NHL,2026-10-04T02:10:00+00:00,2026-10-04T03:10:00+01:00,San Jose Sharks,Los Angeles Kings,ladbrokes_uk,Ladbrokes,2026-10-03T08:48:27Z,totals,Over,1.8,6.0,0.5555555555555556,0.5148247978436657,0.2
2026-10-03T08:49:08.680049+00:00,2026-10-03T09:49:08.680049+01:00,fddf3e59117ce7c2597cb67a363a2e06,icehockey_nhl,NHL,2026-10-04T02:10:00+00:00,2026-10-04T03:10:00+01:00,San Jose Sharks,Los Angeles Kings,ladbrokes_uk,Ladbrokes,2026-10-03T08:48:27Z,totals,Under,1.91,6.0,0.5235602094240838,0.4851752021563342,0.2
2026-10-03T08:49:08.680049+00:00,2026-10-03T09:49:08.680049+01:00,fddf3e59117ce7c2597cb67a363a2e06,icehockey_nhl,NHL,2026-10-04T02:10:00+00:00,2026-10-04T03:10:00+01:00,San Jose Sharks,Los Angeles Kings,coral,Coral,2026-10-03T08:48:10Z,h2h,Los Angeles Kings,2.0,,0.5,0.4805194805194806,0.2
2026-10-03T08:49:08.680049+00:00,2026-10-03T09:49:08.680049+01:00,fddf3e59117ce7c2597cb67a363a2e06,icehockey_nhl,NHL,2026-10-04T02:10:00+00:00,2026-10-04T03:10:00+01:00,San Jose Sharks,Los Angeles Kings,coral,Coral,2026-10-03T08:48:10Z,h2h,San Jose Sharks,1.85,,0.5405405405405405,0.5194805194805195,0.2
2026-10-03T08:49:08.680049+00:00,2026-10-03T09:49:08.680049+01:00,fddf3e59117ce7c2597cb67a363a2e06,icehockey_nhl,NHL,2026-10-04T02:10:00+00:00,2026-10-04T03:10:00+01:00,San Jose Sharks,Los Angeles Kings,coral,Coral,2026-10-03T08:48:10Z,spreads,Los Angeles Kings,1.4,1.5,0.7142857142857143,0.6744186046511629,0.2
2026-10-03T08:49:08.680049+00:00,2026-10-03T09:49:08.680049+01:00,fddf3e59117ce7c2597cb67a363a2e06,icehockey_nhl,NHL,2026-10-04T02:10:00+00:00,2026-10-04T03:10:00+01:00,San Jose Sharks,Los Angeles Kings,coral,Coral,2026-10-03T08:48:10Z,spreads,San Jose Sharks,2.9,-1.5,0.3448275862068966,0.32558139534883723,0.2
2026-10-03T08:49:08.680049+00:00,2026-10-03T09:49:08.680049+01:00,fddf3e59117ce7c2597cb67a363a2e06,icehockey_nhl,NHL,2026-10-04T02:10:00+00:00,2026-10-04T03:10:00+01:00,San Jose Sharks,Los Angeles Kings,coral,Coral,2026-10-03T08:48:10Z,totals,Over,1.8,6.0,0.5555555555555556,0.5148247978436657,0.2
2026-10-03T08:49:08.680049+00:00,2026-10-03T09:49:08.680049+01:00,fddf3e59117ce7c2597cb67a363a2e06,icehockey_nhl,NHL,2026-10-04T02:10:00+00:00,2026-10-04T03:10:00+01:00,San Jose Sharks,Los Angeles Kings,coral,Coral,2026-10-03T08:48:10Z,totals,Under,1.91,6.0,0.5235602094240838,0.4851752021563342,0.2
2026-10-03T08:49:08.680049+00:00,2026-10-03T09:49:08.680049+01:00,fddf3e59117ce7c2597cb67a363a2e06,icehockey_nhl,NHL,2026-10-04T02:10:00+00:00,2026-10-04T03:10:00+01:00,San Jose Sharks,Los Angeles Kings,paddypower,Paddy Power,2026-10-03T08:47:55Z,h2h,Los Angeles Kings,2.0,,0.5,0.47780678851174935,0.2
2026-10-03T08:49:08.680049+00:00,2026-10-03T09:49:08.680049+01:00,fddf3e59117ce7c2597cb67a363a2e06,icehockey_nhl,NHL,2026-10-04T02:10:00+00:00,2026-10-04T03:10:00+01:00,San Jose Sharks,Los Angeles Kings,paddypower,Paddy Power,2026-10-03T08:47:55Z,h2h,San Jose Sharks,1.83,,0.5464480874316939,0.5221932114882506,0.2
2026-10-03T08:49:08.680049+00:00,2026-10-03T09:49:08.680049+01:00,fddf3e59117ce7c2597cb67a363a2e06,icehockey_nhl,NHL,2026-10-04T02:10:00+00:00,2026-10-04T03:10:00+01:00,San Jose Sharks,Los Angeles Kings,smarkets,Smarkets,2026-10-03T08:48:59Z,h2h,Los Angeles Kings,2.04,,0.49019607843137253,0.4782608695652174,0.2
2026-10-03T08:49:08.680049+00:00,2026-10-03T09:49:08.680049+01:00,fddf3e59117ce7c2597cb67a363a2e06,icehockey_nhl,NHL,2026-10-04T02:10:00+00:00,2026-10-04T03:10:00+01:00,San Jose Sharks,Los Angeles Kings,smarkets,Smarkets,2026-10-03T08:48:59Z,h2h,San Jose Sharks,1.87,,0.53475935828877,0.5217391304347826,0.2
2026-10-03T08:49:08.680049+00:00,2026-10-03T09:49:08.680049+01:00,fddf3e59117ce7c2597cb67a363a2e06,icehockey_nhl,NHL,2026-10-04T02:10:00+00:00,2026-10-04T03:10:00+01:00,San Jose Sharks,Los Angeles Kings,smarkets,Smarkets,2026-10-03T08:48:59Z,h2h_lay,Los Angeles Kings,2.14,,0.4672897196261682,1.0,0.2
2026-10-03T08:49:08.680049+00:00,2026-10-03T09:49:08.680049+01:00,fddf3e59117ce7c2597cb67a363a2e06,icehockey_nhl,NHL,2026-10-04T02:10:00+00:00,2026-10-04T03:10:00+01:00,San Jose Sharks,Los Angeles Kings,smarkets,Smarkets,2026-10-03T08:48:59Z,h2h_lay,San Jose Sharks,1.94,,0.5154639175257733,1.0,0.2
2026-10-03T08:49:08.680049+00:00,2026-10-03T09:49:08.680049+01:00,fddf3e59117ce7c2597cb67a363a2e06,icehockey_nhl,NHL,2026-10-04T02:10:00+00:00,2026-10-04T03:10:00+01:00,San Jose Sharks,Los Angeles Kings,casumo,Casumo,2026-10-03T08:48:27Z,h2h,Los Angeles Kings,2.65,,0.37735849056603776,0.3581048348028292,0.2
2026-10-03T08:49:08.680049+00:00,2026-10-03T09:49:08.680049+01:00,fddf3e59117ce7c2597cb67a363a2e06,icehockey_nhl,NHL,2026-10-04T02:10:00+00:00,2026-10-04T03:10:00+01:00,San Jose Sharks,Los Angeles Kings,casumo,Casumo,2026-10-03T08:48:27Z,h2h,San Jose Sharks,2.4,,0.4166666666666667,0.3954074217614572,0.2
2026-10-03T08:49:08.680049+00:00,2026-10-03T09:49:08.680049+01:00,fddf3e59117ce7c2597cb67a363a2e06,icehockey_nhl,NHL,2026-10-04T02:10:00+00:00,2026-10-04T03:10:00+01:00,San Jose Sharks,Los Angeles Kings,casumo,Casumo,2026-10-03T08:48:27Z,h2h,Draw,3.85,,0.2597402597402597,0.24648774343571356,0.2
2026-10-03T08:49:08.680049+00:00,2026-10-03T09:49:08.680049+01:00,fddf3e59117ce7c2597cb67a363a2e06,icehockey_nhl,NHL,2026-10-04T02:10:00+00:00,2026-10-04T03:10:00+01:00,San Jose Sharks,Los Angeles Kings,casumo,Casumo,2026-10-03T08:48:27Z,spreads,Los Angeles Kings,1.36,1.5,0.7352941176470588,0.6984478935698448,0.2
2026-10-03T08:49:08.680049+00:00,2026-10-03T09:49:08.680049+01:00,fddf3e59117ce7c2597cb67a363a2e06,icehockey_nhl,NHL,2026-10-04T02:10:00+00:00,2026-10-04T03:10:00+01:00,San Jose Sharks,Los Angeles Kings,casumo,Casumo,2026-10-03T08:48:27Z,spreads,San Jose Sharks,3.15,-1.5,0.31746031746031744,0.30155210643015523,0.2
2026-10-03T08:49:08.680049+00:00,2026-10-03T09:49:08.680049+01:00,fddf3e59117ce7c2597cb67a363a2e06,icehockey_nhl,NHL,2026-10-04T02:10:00+00:00,2026-10-04T03:10:00+01:00,San Jose Sharks,Los Angeles Kings,casumo,Casumo,2026-10-03T08:48:27Z,totals,Over,1.67,5.5,0.5988023952095809,0.5684754521963824,0.2
2026-10-03T08:49:08.680049+00:00,2026-10-03T09:49:08.680049+01:00,fddf3e59117ce7c2597cb67a363a2e06,icehockey_nhl,NHL,2026-10-04T02:10:00+00:00,2026-10-04T03:10:00+01:00,San Jose Sharks,Los Angeles Kings,casumo,Casumo,2026-10-03T08:48:27Z,totals,Under,2.2,5.5,0.45454545454545453,0.43152454780361754,0.2
2026-10-03T08:49:08.680049+00:00,2026-10-03T09:49:08.680049+01:00,fddf3e59117ce7c2597cb67a363a2e06,icehockey_nhl,NHL,2026-10-04T02:10:00+00:00,2026-10-04T03:10:00+01:00,San Jose Sharks,Los Angeles Kings,grosvenor,Grosvenor,2026-10-03T08:48:58Z,h2h,Los Angeles Kings,2.65,,0.37735849056603776,0.3581048348028292,0.2
2026-10-03T08:49:08.680049+00:00,2026-10-03T09:49:08.680049+01:00,fddf3e59117ce7c2597cb67a363a2e06,icehockey_nhl,NHL,2026-10-04T02:10:00+00:00,2026-10-04T03:10:00+01:00,San Jose Sharks,Los Angeles Kings,grosvenor,Grosvenor,2026-10-03T08:48:58Z,h2h,San Jose Sharks,2.4,,0.4166666666666667,0.3954074217614572,0.2
2026-10-03T08:49:08.680049+00:00,2026-10-03T09:49:08.680049+01:00,fddf3e59117ce7c2597cb67a363a2e06,icehockey_nhl,NHL,2026-10-04T02:10:00+00:00,2026-10-04T03:10:00+01:00,San Jose Sharks,Los Angeles Kings,grosvenor,Grosvenor,2026-10-03T08:48:58Z,h2h,Draw,3.85,,0.2597402597402597,0.24648774343571356,0.2
2026-10-03T08:49:08.680049+00:00,2026-10-03T09:49:08.680049+01:00,fddf3e59117ce7c2597cb67a363a2e06,icehockey_nhl,NHL,2026-10-04T02:10:00+00:00,2026-10-04T03:10:00+01:00,San Jose Sharks,Los Angeles Kings,grosvenor,Grosvenor,2026-10-03T08:48:58Z,totals,Over,1.67,5.5,0.5988023952095809,0.5684754521963824,0.2
2026-10-03T08:49:08.680049+00:00,2026-10-03T09:49:08.680049+01:00,fddf3e59117ce7c2597cb67a363a2e06,icehockey_nhl,NHL,2026-10-04T02:10:00+00:00,2026-10-04T03:10:00+01:00,San Jose Sharks,Los Angeles Kings,grosvenor,Grosvenor,2026-10-03T08:48:58Z,totals,Under,2.2,5.5,0.45454545454545453,0.43152454780361754,0.2
2026-10-03T08:49:08.680049+00:00,2026-10-03T09:49:08.680049+01:00,fddf3e59117ce7c2597cb67a363a2e06,icehockey_nhl,NHL,2026-10-04T02:10:00+00:00,2026-10-04T03:10:00+01:00,San Jose Sharks,Los Angeles Kings,virginbet,Virgin Bet,2026-10-03T08:48:28Z,totals,Over,1.67,5.5,0.5988023952095809,0.5684754521963824,0.2
2026-10-03T08:49:08.680049+00:00,2026-10-03T09:49:08.680049+01:00,fddf3e59117ce7c2597cb67a363a2e06,icehockey_nhl,NHL,2026-10-04T02:10:00+00:00,2026-10-04T03:10:00+01:00,San Jose Sharks,Los Angeles Kings,virginbet,Virgin Bet,2026-10-03T08:48:28Z,totals,Under,2.2,5.5,0.45454545454545453,0.43152454780361754,0.2
2026-10-03T08:49:08.680049+00:00,2026-10-03T09:49:08.680049+01:00,fddf3e59117ce7c2597cb67a363a2e06,icehockey_nhl,NHL,2026-10-04T02:10:00+00:00,2026-10-04T03:10:00+01:00,San Jose Sharks,Los Angeles Kings,livescorebet,LiveScore Bet,2026-10-03T08:48:28Z,totals,Over,1.67,5.5,0.5988023952095809,0.5684754521963824,0.2
2026-10-03T08:49:08.680049+00:00,2026-10-03T09:49:08.680049+01:00,fddf3e59117ce7c2597cb67a363a2e06,icehockey_nhl,NHL,2026-10-04T02:10:00+00:00,2026-10-04T03:10:00+01:00,San Jose Sharks,Los Angeles Kings,livescorebet,LiveScore Bet,2026-10-03T08:48:28Z,totals,Under,2.2,5.5,0.45454545454545453,0.43152454780361754,0.2
2026-10-03T08:49:08.680049+00:00,2026-10-03T09:49:08.680049+01:00,fddf3e59117ce7c2597cb67a363a2e06,icehockey_nhl,NHL,2026-10-04T02:10:00+00:00,2026-10-04T03:10:00+01:00,San Jose Sharks,Los Angeles Kings,betfair_ex_uk,Betfair,2026-10-03T08:48:44Z,h2h,Los Angeles Kings,2.08,,0.4807692307692307,0.4760705289672543,0.2
2026-10-03T08:49:08.680049+00:00,2026-10-03T09:49:08.680049+01:00,fddf3e59117ce7c2597cb67a363a2e06,icehockey_nhl,NHL,2026-10-04T02:10:00+00:00,2026-10-04T03:10:00+01:00,San Jose Sharks,Los Angeles Kings,betfair_ex_uk,Betfair,2026-10-03T08:48:44Z,h2h,San Jose Sharks,1.89,,0.5291005291005292,0.5239294710327457,0.2
2026-10-03T08:49:08.680049+00:00,2026-10-03T09:49:08.680049+01:00,fddf3e59117ce7c2597cb67a363a2e06,icehockey_nhl,NHL,2026-10-04T02:10:00+00:00,2026-10-04T03:10:00+01:00,San Jose Sharks,Los Angeles Kings,betfair_ex_uk,Betfair,2026-10-03T08:48:44Z,h2h_lay,Los Angeles Kings,2.12,,0.4716981132075471,1.0,0.2
2026-10-03T08:49:08.680049+00:00,2026-10-03T09:49:08.680049+01:00,fddf3e59117ce7c2597cb67a363a2e06,icehockey_nhl,NHL,2026-10-04T02:10:00+00:00,2026-10-04T03:10:00+01:00,San Jose Sharks,Los Angeles Kings,betfair_ex_uk,Betfair,2026-10-03T08:48:44Z,h2h_lay,San Jose Sharks,1.92,,0.5208333333333334,1.0,0.2
2026-10-03T08:49:08.680049+00:00,2026-10-03T09:49:08.680049+01:00,fddf3e59117ce7c2597cb67a363a2e06,icehockey_nhl,NHL,2026-10-04T02:10:00+00:00,2026-10-04T03:10:00+01:00,San Jose Sharks,Los Angeles Kings,betvictor,Bet Victor,2026-10-03T08:48:26Z,h2h,Los Angeles Kings,1.91,,0.5235602094240838,0.4851752021563342,0.2
2026-10-03T08:49:08.680049+00:00,2026-10-03T09:49:08.680049+01:00,fddf3e59117ce7c2597cb67a363a2e06,icehockey_nhl,NHL,2026-10-04T02:10:00+00:00,2026-10-04T03:10:00+01:00,San Jose Sharks,Los Angeles Kings,betvictor,Bet Victor,2026-10-03T08:48:26Z,h2h,San Jose Sharks,1.8,,0.5555555555555556,0.5148247978436657,0.2
2026-10-03T08:49:08.680049+00:00,2026-10-03T09:49:08.680049+01:00,fddf3e59117ce7c2597cb67a363a2e06,icehockey_nhl,NHL,2026-10-04T02:10:00+00:00,2026-10-04T03:10:00+01:00,San Jose Sharks,Los Angeles Kings,betano_uk,Betano (UK),2026-10-03T08:48:22Z,h2h,Los Angeles Kings,1.91,,0.5235602094240838,0.4851752021563342,0.2
2026-10-03T08:49:08.680049+00:00,2026-10-03T09:49:08.680049+01:00,fddf3e59117ce7c2597cb67a363a2e06,icehockey_nhl,NHL,2026-10-04T02:10:00+00:00,2026-10-04T03:10:00+01:00,San Jose Sharks,Los Angeles Kings,betano_uk,Betano (UK),2026-10-03T08:48:22Z,h2h,San Jose Sharks,1.8,,0.5555555555555556,0.5148247978436657,0.2
2026-10-03T08:49:08.680049+00:00,2026-10-03T09:49:08.680049+01:00,fddf3e59117ce7c2597cb67a363a2e06,icehockey_nhl,NHL,2026-10-04T02:10:00+00:00,2026-10-04T03:10:00+01:00,San Jose Sharks,Los Angeles Kings,matchbook,Matchbook,2026-10-03T08:48:44Z,h2h,Los Angeles Kings,2.08,,0.4807692307692307,0.4760705289672543,0.2
2026-10-03T08:49:08.680049+00:00,2026-10-03T09:49:08.680049+01:00,fddf3e59117ce7c2597cb67a363a2e06,icehockey_nhl,NHL,2026-10-04T02:10:00+00:00,2026-10-04T03:10:00+01:00,San Jose Sharks,Los Angeles Kings,matchbook,Matchbook,2026-10-03T08:48:44Z,h2h,San Jose Sharks,1.89,,0.5291005291005292,0.5239294710327457,0.2
2026-10-03T08:49:08.680049+00:00,2026-10-03T09:49:08.680049+01:00,fddf3e59117ce7c2597cb67a363a2e06,icehockey_nhl,NHL,2026-10-04T02:10:00+00:00,2026-10-04T03:10:00+01:00,San Jose Sharks,Los Angeles Kings,matchbook,Matchbook,2026-10-03T08:48:44Z,h2h_lay,Los Angeles Kings,2.12,,0.4716981132075471,1.0,0.2
2026-10-03T08:49:08.680049+00:00,2026-10-03T09:49:08.680049+01:00,fddf3e59117ce7c2597cb67a363a2e06,icehockey_nhl,NHL,2026-10-04T02:10:00+00:00,2026-10-04T03:10:00+01:00,San Jose Sharks,Los Angeles Kings,matchbook,Matchbook,2026-10-03T08:48:44Z,h2h_lay,San Jose Sharks,1.92,,0.5208333333333334,1.0,0.2
2026-10-03T08:49:08.680049+00:00,2026-10-03T09:49:08.680049+01:00,fddf3e59117ce7c2597cb67a363a2e06,icehockey_nhl,NHL,2026-10-04T02:10:00+00:00,2026-10-04T03:10:00+01:00,San Jose Sharks,Los Angeles Kings,matchbook,Matchbook,2026-10-03T08:48:44Z,spreads,Los Angeles Kings,1.38,1.5,0.7246376811594204,0.6986899563318778,0.2
2026-10-03T08:49:08.680049+00:00,2026-10-03T09:49:08.680049+01:00,fddf3e59117ce7c2597cb67a363a2e06,icehockey_nhl,NHL,2026-10-04T02:10:00+00:00,2026-10-04T03:10:00+01:00,San Jose Sharks,Los Angeles Kings,matchbook,Matchbook,2026-10-03T08:48:44Z,spreads,San Jose Sharks,3.2,-1.5,0.3125,0.30131004366812225,0.2
2026-10-03T08:49:08.680049+00:00,2026-10-03T09:49:08.680049+01:00,fddf3e59117ce7c2597cb67a363a2e06,icehockey_nhl,NHL,2026-10-04T02:10:00+00:00,2026-10-04T03:10:00+01:00,San Jose Sharks,Los Angeles Kings,matchbook,Matchbook,2026-10-03T08:48:44Z,totals,Over,2.08,6.5,0.4807692307692307,0.4666666666666667,0.2
2026-10-03T08:49:08.680049+00:00,2026-10-03T09:49:08.680049+01:00,fddf3e59117ce7c2597cb67a363a2e06,icehockey_nhl,NHL,2026-10-04T02:10:00+00:00,2026-10-04T03:10:00+01:00,San Jose Sharks,Los Angeles Kings,matchbook,Matchbook,2026-10-03T08:48:44Z,totals,Under,1.82,6.5,0.5494505494505494,0.5333333333333333,0.2
2026-10-03T08:49:08.680049+00:00,2026-10-03T09:49:08.680049+01:00,fddf3e59117ce7c2597cb67a363a2e06,icehockey_nhl,NHL,2026-10-04T02:10:00+00:00,2026-10-04T03:10:00+01:00,San Jose Sharks,Los Angeles Kings,williamhill,William Hill,2026-10-03T08:49:00Z,h2h,Los Angeles Kings,1.91,,0.5235602094240838,0.5,0.2
2026-10-03T08:49:08.680049+00:00,2026-10-03T09:49:08.680049+01:00,fddf3e59117ce7c2597cb67a363a2e06,icehockey_nhl,NHL,2026-10-04T02:10:00+00:00,2026-10-04T03:10:00+01:00,San Jose Sharks,Los Angeles Kings,williamhill,William Hill,2026-10-03T08:49:00Z,h2h,San Jose Sharks,1.91,,0.5235602094240838,0.5,0.2
2026-10-03T08:49:08.680049+00:00,2026-10-03T09:49:08.680049+01:00,fddf3e59117ce7c2597cb67a363a2e06,icehockey_nhl,NHL,2026-10-04T02:10:00+00:00,2026-10-04T03:10:00+01:00,San Jose Sharks,Los Angeles Kings,williamhill,William Hill,2026-10-03T08:49:00Z,spreads,Los Angeles Kings,1.4,1.5,0.7142857142857143,0.6744186046511629,0.2
2026-10-03T08:49:08.680049+00:00,2026-10-03T09:49:08.680049+01:00,fddf3e59117ce7c2597cb67a363a2e06,icehockey_nhl,NHL,2026-10-04T02:10:00+00:00,2026-10-04T03:10:00+01:00,San Jose Sharks,Los Angeles Kings,williamhill,William Hill,2026-10-03T08:49:00Z,spreads,San Jose Sharks,2.9,-1.5,0.3448275862068966,0.32558139534883723,0.2
2026-10-03T08:49:08.680049+00:00,2026-10-03T09:49:08.680049+01:00,fddf3e59117ce7c2597cb67a363a2e06,icehockey_nhl,NHL,2026-10-04T02:10:00+00:00,2026-10-04T03:10:00+01:00,San Jose Sharks,Los Angeles Kings,williamhill,William Hill,2026-10-03T08:49:00Z,totals,Over,2.0,6.5,0.5,0.47368421052631576,0.2
2026-10-03T08:49:08.680049+00:00,2026-10-03T09:49:08.680049+01:00,fddf3e59117ce7c2597cb67a363a2e06,icehockey_nhl,NHL,2026-10-04T02:10:00+00:00,2026-10-04T03:10:00+01:00,San Jose Sharks,Los Angeles Kings,williamhill,William Hill,2026-10-03T08:49:00Z,totals,Under,1.8,6.5,0.5555555555555556,0.5263157894736842,0.2
2026-10-03T08:49:08.680049+00:00,2026-10-03T09:49:08.680049+01:00,66032d788e59686d66161167437ec068,tennis_atp_japan_open,ATP Japan Open,2026-10-03T09:00:00+00:00,2026-10-03T10:00:00+01:00,Ugo Humbert,Jiri Lehecka,matchbook,Matchbook,2026-10-03T08:49:01Z,h2h,Jiri Lehecka,1.65,,0.6060606060606061,0.6024096385542168,0.2
2026-10-03T08:49:08.680049+00:00,2026-10-03T09:49:08.680049+01:00,66032d788e59686d66161167437ec068,tennis_atp_japan_open,ATP Japan Open,2026-10-03T09:00:00+00:00,2026-10-03T10:00:00+01:00,Ugo Humbert,Jiri Lehecka,matchbook,Matchbook,2026-10-03T08:49:01Z,h2h,Ugo Humbert,2.5,,0.4,0.39759036144578314,0.2
2026-10-03T08:49:08.680049+00:00,2026-10-03T09:49:08.680049+01:00,66032d788e59686d66161167437ec068,tennis_atp_japan_open,ATP Japan Open,2026-10-03T09:00:00+00:00,2026-10-03T10:00:00+01:00,Ugo Humbert,Jiri Lehecka,matchbook,Matchbook,2026-10-03T08:49:01Z,h2h_lay,Jiri Lehecka,1.66,,0.6024096385542169,1.0,0.2
2026-10-03T08:49:08.680049+00:00,2026-10-03T09:49:08.680049+01:00,66032d788e59686d66161167437ec068,tennis_atp_japan_open,ATP Japan Open,2026-10-03T09:00:00+00:00,2026-10-03T10:00:00+01:00,Ugo Humbert,Jiri Lehecka,matchbook,Matchbook,2026-10-03T08:49:01Z,h2h_lay,Ugo Humbert,2.54,,0.39370078740157477,1.0,0.2
2026-10-03T08:49:08.680049+00:00,2026-10-03T09:49:08.680049+01:00,66032d788e59686d66161167437ec068,tennis_atp_japan_open,ATP Japan Open,2026-10-03T09:00:00+00:00,2026-10-03T10:00:00+01:00,Ugo Humbert,Jiri Lehecka,unibet_uk,Unibet (UK),2026-10-03T08:48:48Z,h2h,Jiri Lehecka,1.58,,0.6329113924050632,0.601010101010101,0.2
2026-10-03T08:49:08.680049+00:00,2026-10-03T09:49:08.680049+01:00,66032d788e59686d66161167437ec068,tennis_atp_japan_open,ATP Japan Open,2026-10-03T09:00:00+00:00,2026-10-03T10:00:00+01:00,Ugo Humbert,Jiri Lehecka,unibet_uk,Unibet (UK),2026-10-03T08:48:48Z,h2h,Ugo Humbert,2.38,,0.42016806722689076,0.39898989898989906,0.2
2026-10-03T08:49:08.680049+00:00,2026-10-03T09:49:08.680049+01:00,66032d788e59686d66161167437ec068,tennis_atp_japan_open,ATP Japan Open,2026-10-03T09:00:00+00:00,2026-10-03T10:00:00+01:00,Ugo Humbert,Jiri Lehecka,betfair_ex_uk,Betfair,2026-10-03T08:49:00Z,h2h,Jiri Lehecka,1.65,,0.6060606060606061,0.6024096385542168,0.2
2026-10-03T08:49:08.680049+00:00,2026-10-03T09:49:08.680049+01:00,66032d788e59686d66161167437ec068,tennis_atp_japan_open,ATP Japan Open,2026-10-03T09:00:00+00:00,2026-10-03T10:00:00+01:00,Ugo Humbert,Jiri Lehecka,betfair_ex_uk,Betfair,2026-10-03T08:49:00Z,h2h,Ugo Humbert,2.5,,0.4,0.39759036144578314,0.2
2026-10-03T08:49:08.680049+00:00,2026-10-03T09:49:08.680049+01:00,66032d788e59686d66161167437ec068,tennis_atp_japan_open,ATP Japan Open,2026-10-03T09:00:00+00:00,2026-10-03T10:00:00+01:00,Ugo Humbert,Jiri Lehecka,betfair_ex_uk,Betfair,2026-10-03T08:49:00Z,h2h_lay,Jiri Lehecka,1.67,,0.5988023952095809,1.0,0.2
2026-10-03T08:49:08.680049+00:00,2026-10-03T09:49:08.680049+01:00,66032d788e59686d66161167437ec068,tennis_atp_japan_open,ATP Japan Open,2026-10-03T09:00:00+00:00,2026-10-03T10:00:00+01:00,Ugo Humbert,Jiri Lehecka,betfair_ex_uk,Betfair,2026-10-03T08:49:00Z,h2h_lay,Ugo Humbert,2.54,,0.39370078740157477,1.0,0.2
2026-10-03T08:49:08.680049+00:00,2026-10-03T09:49:08.680049+01:00,66032d788e59686d66161167437ec068,tennis_atp_japan_open,ATP Japan Open,2026-10-03T09:00:00+00:00,2026-10-03T10:00:00+01:00,Ugo Humbert,Jiri Lehecka,betway,Betway,2026-10-03T08:48:31Z,h2h,Jiri Lehecka,1.6,,0.625,0.5897435897435896,0.2
2026-10-03T08:49:08.680049+00:00,2026-10-03T09:49:08.680049+01:00,66032d788e59686d66161167437ec068,tennis_atp_japan_open,ATP Japan Open,2026-10-03T09:00:00+00:00,2026-10-03T10:00:00+01:00,Ugo Humbert,Jiri Lehecka,betway,Betway,2026-10-03T08:48:31Z,h2h,Ugo Humbert,2.3,,0.4347826086956522,0.41025641025641024,0.2
2026-10-03T08:49:08.680049+00:00,2026-10-03T09:49:08.680049+01:00,66032d788e59686d66161167437ec068,tennis_atp_japan_open,ATP Japan Open,2026-10-03T09:00:00+00:00,2026-10-03T10:00:00+01:00,Ugo Humbert,Jiri Lehecka,paddypower,Paddy Power,2026-10-03T08:49:01Z,h2h,Jiri Lehecka,1.57,,0.6369426751592356,0.5890052356020942,0.2
2026-10-03T08:49:08.680049+00:00,2026-10-03T09:49:08.680049+01:00,66032d788e59686d66161167437ec068,tennis_atp_japan_open,ATP Japan Open,2026-10-03T09:00:00+00:00,2026-10-03T10:00:00+01:00,Ugo Humbert,Jiri Lehecka,paddypower,Paddy Power,2026-10-03T08:49:01Z,h2h,Ugo Humbert,2.25,,0.4444444444444444,0.4109947643979057,0.2
2026-10-03T08:49:08.680049+00:00,2026-10-03T09:49:08.680049+01:00,66032d788e59686d66161167437ec068,tennis_atp_japan_open,ATP Japan Open,2026-10-03T09:00:00+00:00,2026-10-03T10:00:00+01:00,Ugo Humbert,Jiri Lehecka,leovegas,LeoVegas,2026-10-03T08:49:01Z,h2h,Jiri Lehecka,1.6,,0.625,0.5897435897435896,0.2
2026-10-03T08:49:08.680049+00:00,2026-10-03T09:49:08.680049+01:00,66032d788e59686d66161167437ec068,tennis_atp_japan_open,ATP Japan Open,2026-10-03T09:00:00+00:00,2026-10-03T10:00:00+01:00,Ugo Humbert,Jiri Lehecka,leovegas,LeoVegas,2026-10-03T08:49:01Z,h2h,Ugo Humbert,2.3,,0.4347826086956522,0.41025641025641024,0.2
2026-10-03T08:49:08.680049+00:00,2026-10-03T09:49:08.680049+01:00,66032d788e59686d66161167437ec068,tennis_atp_japan_open,ATP Japan Open,2026-10-03T09:00:00+00:00,2026-10-03T10:00:00+01:00,Ugo Humbert,Jiri Lehecka,sport888,888sport,2026-10-03T08:48:45Z,h2h,Jiri Lehecka,1.61,,0.6211180124223602,0.588235294117647,0.2
2026-10-03T08:49:08.680049+00:00,2026-10-03T09:49:08.680049+01:00,66032d788e59686d66161167437ec068,tennis_atp_japan_open,ATP Japan Open,2026-10-03T09:00:00+00:00,2026-10-03T10:00:00+01:00,Ugo Humbert,Jiri Lehecka,sport888,888sport,2026-10-03T08:48:45Z,h2h,Ugo Humbert,2.3,,0.4347826086956522,0.411764705882353,0.2
2026-10-03T08:49:08.680049+00:00,2026-10-03T09:49:08.680049+01:00,66032d788e59686d66161167437ec068,tennis_atp_japan_open,ATP Japan Open,2026-10-03T09:00:00+00:00,2026-10-03T10:00:00+01:00,Ugo Humbert,Jiri Lehecka,williamhill,William Hill,2026-10-03T08:48:46Z,h2h,Jiri Lehecka,1.62,,0.6172839506172839,0.586734693877551,0.2
2026-10-03T08:49:08.680049+00:00,2026-10-03T09:49:08.680049+01:00,66032d788e59686d66161167437ec068,tennis_atp_japan_open,ATP Japan Open,2026-10-03T09:00:00+00:00,2026-10-03T10:00:00+01:00,Ugo Humbert,Jiri Lehecka,williamhill,William Hill,2026-10-03T08:48:46Z,h2h,Ugo Humbert,2.3,,0.4347826086956522,0.413265306122449,0.2
2026-10-03T08:49:08.680049+00:00,2026-10-03T09:49:08.680049+01:00,66032d788e59686d66161167437ec068,tennis_atp_japan_open,ATP Japan Open,2026-10-03T09:00:00+00:00,2026-10-03T10:00:00+01:00,Ugo Humbert,Jiri Lehecka,betvictor,Bet Victor,2026-10-03T08:45:07Z,h2h,Jiri Lehecka,1.57,,0.6369426751592356,0.5890052356020942,0.2
2026-10-03T08:49:08.680049+00:00,2026-10-03T09:49:08.680049+01:00,66032d788e59686d66161167437ec068,tennis_atp_japan_open,ATP Japan Open,2026-10-03T09:00:00+00:00,2026-10-03T10:00:00+01:00,Ugo Humbert,Jiri Lehecka,betvictor,Bet Victor,2026-10-03T08:45:07Z,h2h,Ugo Humbert,2.25,,0.4444444444444444,0.4109947643979057,0.2
2026-10-03T08:49:08.680049+00:00,2026-10-03T09:49:08.680049+01:00,66032d788e59686d66161167437ec068,tennis_atp_japan_open,ATP Japan Open,2026-10-03T09:00:00+00:00,2026-10-03T10:00:00+01:00,Ugo Humbert,Jiri Lehecka,betano_uk,Betano (UK),2026-10-03T08:46:22Z,h2h,Jiri Lehecka,1.57,,0.6369426751592356,0.5890052356020942,0.2
2026-10-03T08:49:08.680049+00:00,2026-10-03T09:49:08.680049+01:00,66032d788e59686d66161167437ec068,tennis_atp_japan_open,ATP Japan Open,2026-10-03T09:00:00+00:00,2026-10-03T10:00:00+01:00,Ugo Humbert,Jiri Lehecka,betano_uk,Betano (UK),2026-10-03T08:46:22Z,h2h,Ugo Humbert,2.25,,0.4444444444444444,0.4109947643979057,0.2
2026-10-03T08:49:08.680049+00:00,2026-10-03T09:49:08.680049+01:00,66032d788e59686d66161167437ec068,tennis_atp_japan_open,ATP Japan Open,2026-10-03T09:00:00+00:00,2026-10-03T10:00:00+01:00,Ugo Humbert,Jiri Lehecka,skybet,Sky Bet,2026-10-03T08:48:28Z,h2h,Jiri Lehecka,1.57,,0.6369426751592356,0.5890052356020942,0.2
2026-10-03T08:49:08.680049+00:00,2026-10-03T09:49:08.680049+01:00,66032d788e59686d66161167437ec068,tennis_atp_japan_open,ATP Japan Open,2026-10-03T09:00:00+00:00,2026-10-03T10:00:00+01:00,Ugo Humbert,Jiri Lehecka,skybet,Sky Bet,2026-10-03T08:48:28Z,h2h,Ugo Humbert,2.25,,0.4444444444444444,0.4109947643979057,0.2
2026-10-03T08:49:08.680049+00:00,2026-10-03T09:49:08.680049+01:00,66032d788e59686d66161167437ec068,tennis_atp_japan_open,ATP Japan Open,2026-10-03T09:00:00+00:00,2026-10-03T10:00:00+01:00,Ugo Humbert,Jiri Lehecka,betfair_sb_uk,Betfair Sportsbook,2026-10-03T08:49:01Z,h2h,Jiri Lehecka,1.62,,0.6172839506172839,0.5813953488372093,0.2
2026-10-03T08:49:08.680049+00:00,2026-10-03T09:49:08.680049+01:00,66032d788e59686d66161167437ec068,tennis_atp_japan_open,ATP Japan Open,2026-10-03T09:00:00+00:00,2026-10-03T10:00:00+01:00,Ugo Humbert,Jiri Lehecka,betfair_sb_uk,Betfair Sportsbook,2026-10-03T08:49:01Z,h2h,Ugo Humbert,2.25,,0.4444444444444444,0.4186046511627907,0.2
2026-10-03T08:49:08.680049+00:00,2026-10-03T09:49:08.680049+01:00,66032d788e59686d66161167437ec068,tennis_atp_japan_open,ATP Japan Open,2026-10-03T09:00:00+00:00,2026-10-03T10:00:00+01:00,Ugo Humbert,Jiri Lehecka,livescorebet,LiveScore Bet,2026-10-03T08:49:00Z,h2h,Jiri Lehecka,1.55,,0.6451612903225806,0.6153846153846154,0.2
2026-10-03T08:49:08.680049+00:00,2026-10-03T09:49:08.680049+01:00,66032d788e59686d66161167437ec068,tennis_atp_japan_open,ATP Japan Open,2026-10-03T09:00:00+00:00,2026-10-03T10:00:00+01:00,Ugo Humbert,Jiri Lehecka,livescorebet,LiveScore Bet,2026-10-03T08:49:00Z,h2h,Ugo Humbert,2.48,,0.40322580645161293,0.38461538461538464,0.2
2026-10-03T08:49:08.680049+00:00,2026-10-03T09:49:08.680049+01:00,66032d788e59686d66161167437ec068,tennis_atp_japan_open,ATP Japan Open,2026-10-03T09:00:00+00:00,2026-10-03T10:00:00+01:00,Ugo Humbert,Jiri Lehecka,grosvenor,Grosvenor,2026-10-03T08:49:01Z,h2h,Jiri Lehecka,1.55,,0.6451612903225806,0.6153846153846154,0.2
2026-10-03T08:49:08.680049+00:00,2026-10-03T09:49:08.680049+01:00,66032d788e59686d66161167437ec068,tennis_atp_japan_open,ATP Japan Open,2026-10-03T09:00:00+00:00,2026-10-03T10:00:00+01:00,Ugo Humbert,Jiri Lehecka,grosvenor,Grosvenor,2026-10-03T08:49:01Z,h2h,Ugo Humbert,2.48,,0.40322580645161293,0.38461538461538464,0.2
2026-10-03T08:49:08.680049+00:00,2026-10-03T09:49:08.680049+01:00,66032d788e59686d66161167437ec068,tennis_atp_japan_open,ATP Japan Open,2026-10-03T09:00:00+00:00,2026-10-03T10:00:00+01:00,Ugo Humbert,Jiri Lehecka,virginbet,Virgin Bet,2026-10-03T08:49:01Z,h2h,Jiri Lehecka,1.55,,0.6451612903225806,0.6153846153846154,0.2
2026-10-03T08:49:08.680049+00:00,2026-10-03T09:49:08.680049+01:00,66032d788e59686d66161167437ec068,tennis_atp_japan_open,ATP Japan Open,2026-10-03T09:00:00+00:00,2026-10-03T10:00:00+01:00,Ugo Humbert,Jiri Lehecka,virginbet,Virgin Bet,2026-10-03T08:49:01Z,h2h,Ugo Humbert,2.48,,0.40322580645161293,0.38461538461538464,0.2
2026-10-03T08:49:08.680049+00:00,2026-10-03T09:49:08.680049+01:00,66032d788e59686d66161167437ec068,tennis_atp_japan_open,ATP Japan Open,2026-10-03T09:00:00+00:00,2026-10-03T10:00:00+01:00,Ugo Humbert,Jiri Lehecka,casumo,Casumo,2026-10-03T08:48:31Z,h2h,Jiri Lehecka,1.55,,0.6451612903225806,0.6153846153846154,0.2
2026-10-03T08:49:08.680049+00:00,2026-10-03T09:49:08.680049+01:00,66032d788e59686d66161167437ec068,tennis_atp_japan_open,ATP Japan Open,2026-10-03T09:00:00+00:00,2026-10-03T10:00:00+01:00,Ugo Humbert,Jiri Lehecka,casumo,Casumo,2026-10-03T08:48:31Z,h2h,Ugo Humbert,2.48,,0.40322580645161293,0.38461538461538464,0.2
2026-10-03T08:49:08.680049+00:00,2026-10-03T09:49:08.680049+01:00,66032d788e59686d66161167437ec068,tennis_atp_japan_open,ATP Japan Open,2026-10-03T09:00:00+00:00,2026-10-03T10:00:00+01:00,Ugo Humbert,Jiri Lehecka,boylesports,BoyleSports,2026-10-03T08:48:13Z,h2h,Jiri Lehecka,1.62,,0.6172839506172839,0.586734693877551,0.2
2026-10-03T08:49:08.680049+00:00,2026-10-03T09:49:08.680049+01:00,66032d788e59686d66161167437ec068,tennis_atp_japan_open,ATP Japan Open,2026-10-03T09:00:00+00:00,2026-10-03T10:00:00+01:00,Ugo Humbert,Jiri Lehecka,boylesports,BoyleSports,2026-10-03T08:48:13Z,h2h,Ugo Humbert,2.3,,0.4347826086956522,0.413265306122449,0.2
2026-10-03T08:49:08.680049+00:00,2026-10-03T09:49:08.680049+01:00,66032d788e59686d66161167437ec068,tennis_atp_japan_open,ATP Japan Open,2026-10-03T09:00:00+00:00,2026-10-03T10:00:00+01:00,Ugo Humbert,Jiri Lehecka,coral,Coral,2026-10-03T08:49:01Z,h2h,Jiri Lehecka,1.55,,0.6451612903225806,0.5974025974025974,0.2
2026-10-03T08:49:08.680049+00:00,2026-10-03T09:49:08.680049+01:00,66032d788e59686d66161167437ec068,tennis_atp_japan_open,ATP Japan Open,2026-10-03T09:00:00+00:00,2026-10-03T10:00:00+01:00,Ugo Humbert,Jiri Lehecka,coral,Coral,2026-10-03T08:49:01Z,h2h,Ugo Humbert,2.3,,0.4347826086956522,0.4025974025974026,0.2
2026-10-03T08:49:08.680049+00:00,2026-10-03T09:49:08.680049+01:00,66032d788e59686d66161167437ec068,tennis_atp_japan_open,ATP Japan Open,2026-10-03T09:00:00+00:00,2026-10-03T10:00:00+01:00,Ugo Humbert,Jiri Lehecka,ladbrokes_uk,Ladbrokes,2026-10-03T08:48:29Z,h2h,Jiri Lehecka,1.55,,0.6451612903225806,0.5974025974025974,0.2
2026-10-03T08:49:08.680049+00:00,2026-10-03T09:49:08.680049+01:00,66032d788e59686d66161167437ec068,tennis_atp_japan_open,ATP Japan Open,2026-10-03T09:00:00+00:00,2026-10-03T10:00:00+01:00,Ugo Humbert,Jiri Lehecka,ladbrokes_uk,Ladbrokes,2026-10-03T08:48:29Z,h2h,Ugo Humbert,2.3,,0.4347826086956522,0.4025974025974026,0.2
2026-10-03T08:49:08.680049+00:00,2026-10-03T09:49:08.680049+01:00,5357c574f469ea94b1ae1dd036711f7f,tennis_atp_japan_open,ATP Japan Open,2026-10-04T02:00:00+00:00,2026-10-04T03:00:00+01:00,Jaume Munar,Kyrian Jacquet,betfair_ex_uk,Betfair,2026-10-03T08:49:00Z,h2h,Jaume Munar,1.68,,0.5952380952380952,0.5902439024390244,0.2
2026-10-03T08:49:08.680049+00:00,2026-10-03T09:49:08.680049+01:00,5357c574f469ea94b1ae1dd036711f7f,tennis_atp_japan_open,ATP Japan Open,2026-10-04T02:00:00+00:00,2026-10-04T03:00:00+01:00,Jaume Munar,Kyrian Jacquet,betfair_ex_uk,Betfair,2026-10-03T08:49:00Z,h2h,Kyrian Jacquet,2.42,,0.4132231404958678,0.4097560975609756,0.2
2026-10-03T08:49:08.680049+00:00,2026-10-03T09:49:08.680049+01:00,5357c574f469ea94b1ae1dd036711f7f,tennis_atp_japan_open,ATP Japan Open,2026-10-04T02:00:00+00:00,2026-10-04T03:00:00+01:00,Jaume Munar,Kyrian Jacquet,betfair_ex_uk,Betfair,2026-10-03T08:49:00Z,h2h_lay,Jaume Munar,1.7,,0.5882352941176471,1.0,0.2
2026-10-03T08:49:08.680049+00:00,2026-10-03T09:49:08.680049+01:00,5357c574f469ea94b1ae1dd036711f7f,tennis_atp_japan_open,ATP Japan Open,2026-10-04T02:00:00+00:00,2026-10-04T03:00:00+01:00,Jaume Munar,Kyrian Jacquet,betfair_ex_uk,Betfair,2026-10-03T08:49:00Z,h2h_lay,Kyrian Jacquet,2.46,,0.4065040650406504,1.0,0.2
2026-10-03T08:49:08.680049+00:00,2026-10-03T09:49:08.680049+01:00,5357c574f469ea94b1ae1dd036711f7f,tennis_atp_japan_open,ATP Japan Open,2026-10-04T02:00:00+00:00,2026-10-04T03:00:00+01:00,Jaume Munar,Kyrian Jacquet,unibet_uk,Unibet (UK),2026-10-03T08:48:48Z,h2h,Jaume Munar,1.6,,0.625,0.5897435897435896,0.2
2026-10-03T08:49:08.680049+00:00,2026-10-03T09:49:08.680049+01:00,5357c574f469ea94b1ae1dd036711f7f,tennis_atp_japan_open,ATP Japan Open,2026-10-04T02:00:00+00:00,2026-10-04T03:00:00+01:00,Jaume Munar,Kyrian Jacquet,unibet_uk,Unibet (UK),2026-10-03T08:48:48Z,h2h,Kyrian Jacquet,2.3,,0.4347826086956522,0.41025641025641024,0.2
2026-10-03T08:49:08.680049+00:00,2026-10-03T09:49:08.680049+01:00,5357c574f469ea94b1ae1dd036711f7f,tennis_atp_japan_open,ATP Japan Open,2026-10-04T02:00:00+00:00,2026-10-04T03:00:00+01:00,Jaume Munar,Kyrian Jacquet,paddypower,Paddy Power,2026-10-03T08:49:01Z,h2h,Jaume Munar,1.57,,0.6369426751592356,0.5890052356020942,0.2
2026-10-03T08:49:08.680049+00:00,2026-10-03T09:49:08.680049+01:00,5357c574f469ea94b1ae1dd036711f7f,tennis_atp_japan_open,ATP Japan Open,2026-10-04T02:00:00+00:00,2026-10-04T03:00:00+01:00,Jaume Munar,Kyrian Jacquet,paddypower,Paddy Power,2026-10-03T08:49:01Z,h2h,Kyrian Jacquet,2.25,,0.4444444444444444,0.4109947643979057,0.2
2026-10-03T08:49:08.680049+00:00,2026-10-03T09:49:08.680049+01:00,5357c574f469ea94b1ae1dd036711f7f,tennis_atp_japan_open,ATP Japan Open,2026-10-04T02:00:00+00:00,2026-10-04T03:00:00+01:00,Jaume Munar,Kyrian Jacquet,leovegas,LeoVegas,2026-10-03T08:49:01Z,h2h,Jaume Munar,1.57,,0.6369426751592356,0.5890052356020942,0.2
2026-10-03T08:49:08.680049+00:00,2026-10-03T09:49:08.680049+01:00,5357c574f469ea94b1ae1dd036711f7f,tennis_atp_japan_open,ATP Japan Open,2026-10-04T02:00:00+00:00,2026-10-04T03:00:00+01:00,Jaume Munar,Kyrian Jacquet,leovegas,LeoVegas,2026-10-03T08:49:01Z,h2h,Kyrian Jacquet,2.25,,0.4444444444444444,0.4109947643979057,0.2
2026-10-03T08:49:08.680049+00:00,2026-10-03T09:49:08.680049+01:00,5357c574f469ea94b1ae1dd036711f7f,tennis_atp_japan_open,ATP Japan Open,2026-10-04T02:00:00+00:00,2026-10-04T03:00:00+01:00,Jaume Munar,Kyrian Jacquet,skybet,Sky Bet,2026-10-03T08:48:28Z,h2h,Jaume Munar,1.57,,0.6369426751592356,0.5890052356020942,0.2
2026-10-03T08:49:08.680049+00:00,2026-10-03T09:49:08.680049+01:00,5357c574f469ea94b1ae1dd036711f7f,tennis_atp_japan_open,ATP Japan Open,2026-10-04T02:00:00+00:00,2026-10-04T03:00:00+01:00,Jaume Munar,Kyrian Jacquet,skybet,Sky Bet,2026-10-03T08:48:28Z,h2h,Kyrian Jacquet,2.25,,0.4444444444444444,0.4109947643979057,0.2
2026-10-03T08:49:08.680049+00:00,2026-10-03T09:49:08.680049+01:00,5357c574f469ea94b1ae1dd036711f7f,tennis_atp_japan_open,ATP Japan Open,2026-10-04T02:00:00+00:00,2026-10-04T03:00:00+01:00,Jaume Munar,Kyrian Jacquet,virginbet,Virgin Bet,2026-10-03T08:49:01Z,h2h,Jaume Munar,1.61,,0.6211180124223602,0.5903307888040712,0.2
2026-10-03T08:49:08.680049+00:00,2026-10-03T09:49:08.680049+01:00,5357c574f469ea94b1ae1dd036711f7f,tennis_atp_japan_open,ATP Japan Open,2026-10-04T02:00:00+00:00,2026-10-04T03:00:00+01:00,Jaume Munar,Kyrian Jacquet,virginbet,Virgin Bet,2026-10-03T08:49:01Z,h2h,Kyrian Jacquet,2.32,,0.4310344827586207,0.4096692111959288,0.2
2026-10-03T08:49:08.680049+00:00,2026-10-03T09:49:08.680049+01:00,5357c574f469ea94b1ae1dd036711f7f,tennis_atp_japan_open,ATP Japan Open,2026-10-04T02:00:00+00:00,2026-10-04T03:00:00+01:00,Jaume Munar,Kyrian Jacquet,grosvenor,Grosvenor,2026-10-03T08:49:01Z,h2h,Jaume Munar,1.61,,0.6211180124223602,0.5903307888040712,0.2
2026-10-03T08:49:08.680049+00:00,2026-10-03T09:49:08.680049+01:00,5357c574f469ea94b1ae1dd036711f7f,tennis_atp_japan_open,ATP Japan Open,2026-10-04T02:00:00+00:00,2026-10-04T03:00:00+01:00,Jaume Munar,Kyrian Jacquet,grosvenor,Grosvenor,2026-10-03T08:49:01Z,h2h,Kyrian Jacquet,2.32,,0.4310344827586207,0.4096692111959288,0.2
2026-10-03T08:49:08.680049+00:00,2026-10-03T09:49:08.680049+01:00,5357c574f469ea94b1ae1dd036711f7f,tennis_atp_japan_open,ATP Japan Open,2026-10-04T02:00:00+00:00,2026-10-04T03:00:00+01:00,Jaume Munar,Kyrian Jacquet,livescorebet,LiveScore Bet,2026-10-03T08:49:00Z,h2h,Jaume Munar,1.61,,0.6211180124223602,0.5903307888040712,0.2
2026-10-03T08:49:08.680049+00:00,2026-10-03T09:49:08.680049+01:00,5357c574f469ea94b1ae1dd036711f7f,tennis_atp_japan_open,ATP Japan Open,2026-10-04T02:00:00+00:00,2026-10-04T03:00:00+01:00,Jaume Munar,Kyrian Jacquet,livescorebet,LiveScore Bet,2026-10-03T08:49:00Z,h2h,Kyrian Jacquet,2.32,,0.4310344827586207,0.4096692111959288,0.2
2026-10-03T08:49:08.680049+00:00,2026-10-03T09:49:08.680049+01:00,5357c574f469ea94b1ae1dd036711f7f,tennis_atp_japan_open,ATP Japan Open,2026-10-04T02:00:00+00:00,2026-10-04T03:00:00+01:00,Jaume Munar,Kyrian Jacquet,casumo,Casumo,2026-10-03T08:48:31Z,h2h,Jaume Munar,1.61,,0.6211180124223602,0.5903307888040712,0.2
2026-10-03T08:49:08.680049+00:00,2026-10-03T09:49:08.680049+01:00,5357c574f469ea94b1ae1dd036711f7f,tennis_atp_japan_open,ATP Japan Open,2026-10-04T02:00:00+00:00,2026-10-04T03:00:00+01:00,Jaume Munar,Kyrian Jacquet,casumo,Casumo,2026-10-03T08:48:31Z,h2h,Kyrian Jacquet,2.32,,0.4310344827586207,0.4096692111959288,0.2
2026-10-03T08:49:08.680049+00:00,2026-10-03T09:49:08.680049+01:00,5357c574f469ea94b1ae1dd036711f7f,tennis_atp_japan_open,ATP Japan Open,2026-10-04T02:00:00+00:00,2026-10-04T03:00:00+01:00,Jaume Munar,Kyrian Jacquet,boylesports,BoyleSports,2026-10-03T08:48:13Z,h2h,Jaume Munar,1.62,,0.6172839506172839,0.5759162303664922,0.2
2026-10-03T08:49:08.680049+00:00,2026-10-03T09:49:08.680049+01:00,5357c574f469ea94b1ae1dd036711f7f,tennis_atp_japan_open,ATP Japan Open,2026-10-04T02:00:00+00:00,2026-10-04T03:00:00+01:00,Jaume Munar,Kyrian Jacquet,boylesports,BoyleSports,2026-10-03T08:48:13Z,h2h,Kyrian Jacquet,2.2,,0.45454545454545453,0.42408376963350786,0.2
2026-10-03T08:49:08.680049+00:00,2026-10-03T09:49:08.680049+01:00,5357c574f469ea94b1ae1dd036711f7f,tennis_atp_japan_open,ATP Japan Open,2026-10-04T02:00:00+00:00,2026-10-04T03:00:00+01:00,Jaume Munar,Kyrian Jacquet,betfair_sb_uk,Betfair Sportsbook,2026-10-03T08:49:01Z,h2h,Jaume Munar,1.62,,0.6172839506172839,0.5813953488372093,0.2
2026-10-03T08:49:08.680049+00:00,2026-10-03T09:49:08.680049+01:00,5357c574f469ea94b1ae1dd036711f7f,tennis_atp_japan_open,ATP Japan Open,2026-10-04T02:00:00+00:00,2026-10-04T03:00:00+01:00,Jaume Munar,Kyrian Jacquet,betfair_sb_uk,Betfair Sportsbook,2026-10-03T08:49:01Z,h2h,Kyrian Jacquet,2.25,,0.4444444444444444,0.4186046511627907,0.2
2026-10-03T08:49:08.680049+00:00,2026-10-03T09:49:08.680049+01:00,5357c574f469ea94b1ae1dd036711f7f,tennis_atp_japan_open,ATP Japan Open,2026-10-04T02:00:00+00:00,2026-10-04T03:00:00+01:00,Jaume Munar,Kyrian Jacquet,betway,Betway,2026-10-03T08:48:31Z,h2h,Jaume Munar,1.65,,0.6060606060606061,0.5769230769230769,0.2
2026-10-03T08:49:08.680049+00:00,2026-10-03T09:49:08.680049+01:00,5357c574f469ea94b1ae1dd036711f7f,tennis_atp_japan_open,ATP Japan Open,2026-10-04T02:00:00+00:00,2026-10-04T03:00:00+01:00,Jaume Munar,Kyrian Jacquet,betway,Betway,2026-10-03T08:48:31Z,h2h,Kyrian Jacquet,2.25,,0.4444444444444444,0.423076923076923,0.2
2026-10-03T08:49:08.680049+00:00,2026-10-03T09:49:08.680049+01:00,5357c574f469ea94b1ae1dd036711f7f,tennis_atp_japan_open,ATP Japan Open,2026-10-04T02:00:00+00:00,2026-10-04T03:00:00+01:00,Jaume Munar,Kyrian Jacquet,sport888,888sport,2026-10-03T08:48:45Z,h2h,Jaume Munar,1.61,,0.6211180124223602,0.588235294117647,0.2
2026-10-03T08:49:08.680049+00:00,2026-10-03T09:49:08.680049+01:00,5357c574f469ea94b1ae1dd036711f7f,tennis_atp_japan_open,ATP Japan Open,2026-10-04T02:00:00+00:00,2026-10-04T03:00:00+01:00,Jaume Munar,Kyrian Jacquet,sport888,888sport,2026-10-03T08:48:45Z,h2h,Kyrian Jacquet,2.3,,0.4347826086956522,0.411764705882353,0.2
2026-10-03T08:49:08.680049+00:00,2026-10-03T09:49:08.680049+01:00,5357c574f469ea94b1ae1dd036711f7f,tennis_atp_japan_open,ATP Japan Open,2026-10-04T02:00:00+00:00,2026-10-04T03:00:00+01:00,Jaume Munar,Kyrian Jacquet,williamhill,William Hill,2026-10-03T08:48:46Z,h2h,Jaume Munar,1.62,,0.6172839506172839,0.586734693877551,0.2
2026-10-03T08:49:08.680049+00:00,2026-10-03T09:49:08.680049+01:00,5357c574f469ea94b1ae1dd036711f7f,tennis_atp_japan_open,ATP Japan Open,2026-10-04T02:00:00+00:00,2026-10-04T03:00:00+01:00,Jaume Munar,Kyrian Jacquet,williamhill,William Hill,2026-10-03T08:48:46Z,h2h,Kyrian Jacquet,2.3,,0.4347826086956522,0.413265306122449,0.2
2026-10-03T08:49:08.680049+00:00,2026-10-03T09:49:08.680049+01:00,5357c574f469ea94b1ae1dd036711f7f,tennis_atp_japan_open,ATP Japan Open,2026-10-04T02:00:00+00:00,2026-10-04T03:00:00+01:00,Jaume Munar,Kyrian Jacquet,ladbrokes_uk,Ladbrokes,2026-10-03T08:48:29Z,h2h,Jaume Munar,1.6,,0.625,0.5789473684210527,0.2
2026-10-03T08:49:08.680049+00:00,2026-10-03T09:49:08.680049+01:00,5357c574f469ea94b1ae1dd036711f7f,tennis_atp_japan_open,ATP Japan Open,2026-10-04T02:00:00+00:00,2026-10-04T03:00:00+01:00,Jaume Munar,Kyrian Jacquet,ladbrokes_uk,Ladbrokes,2026-10-03T08:48:29Z,h2h,Kyrian Jacquet,2.2,,0.45454545454545453,0.42105263157894735,0.2
2026-10-03T08:49:08.680049+00:00,2026-10-03T09:49:08.680049+01:00,5357c574f469ea94b1ae1dd036711f7f,tennis_atp_japan_open,ATP Japan Open,2026-10-04T02:00:00+00:00,2026-10-04T03:00:00+01:00,Jaume Munar,Kyrian Jacquet,coral,Coral,2026-10-03T08:49:01Z,h2h,Jaume Munar,1.6,,0.625,0.5789473684210527,0.2
2026-10-03T08:49:08.680049+00:00,2026-10-03T09:49:08.680049+01:00,5357c574f469ea94b1ae1dd036711f7f,tennis_atp_japan_open,ATP Japan Open,2026-10-04T02:00:00+00:00,2026-10-04T03:00:00+01:00,Jaume Munar,Kyrian Jacquet,coral,Coral,2026-10-03T08:49:01Z,h2h,Kyrian Jacquet,2.2,,0.45454545454545453,0.42105263157894735,0.2
2026-10-03T08:49:08.680049+00:00,2026-10-03T09:49:08.680049+01:00,5357c574f469ea94b1ae1dd036711f7f,tennis_atp_japan_open,ATP Japan Open,2026-10-04T02:00:00+00:00,2026-10-04T03:00:00+01:00,Jaume Munar,Kyrian Jacquet,betano_uk,Betano (UK),2026-10-03T08:48:42Z,h2h,Jaume Munar,1.6,,0.625,0.5789473684210527,0.2
2026-10-03T08:49:08.680049+00:00,2026-10-03T09:49:08.680049+01:00,5357c574f469ea94b1ae1dd036711f7f,tennis_atp_japan_open,ATP Japan Open,2026-10-04T02:00:00+00:00,2026-10-04T03:00:00+01:00,Jaume Munar,Kyrian Jacquet,betano_uk,Betano (UK),2026-10-03T08:48:42Z,h2h,Kyrian Jacquet,2.2,,0.45454545454545453,0.42105263157894735,0.2
2026-10-03T08:49:08.680049+00:00,2026-10-03T09:49:08.680049+01:00,5357c574f469ea94b1ae1dd036711f7f,tennis_atp_japan_open,ATP Japan Open,2026-10-04T02:00:00+00:00,2026-10-04T03:00:00+01:00,Jaume Munar,Kyrian Jacquet,betvictor,Bet Victor,2026-10-03T08:47:26Z,h2h,Jaume Munar,1.6,,0.625,0.5789473684210527,0.2
2026-10-03T08:49:08.680049+00:00,2026-10-03T09:49:08.680049+01:00,5357c574f469ea94b1ae1dd036711f7f,tennis_atp_japan_open,ATP Japan Open,2026-10-04T02:00:00+00:00,2026-10-04T03:00:00+01:00,Jaume Munar,Kyrian Jacquet,betvictor,Bet Victor,2026-10-03T08:47:26Z,h2h,Kyrian Jacquet,2.2,,0.45454545454545453,0.42105263157894735,0.2
2026-10-03T08:49:08.680049+00:00,2026-10-03T09:49:08.680049+01:00,5357c574f469ea94b1ae1dd036711f7f,tennis_atp_japan_open,ATP Japan Open,2026-10-04T02:00:00+00:00,2026-10-04T03:00:00+01:00,Jaume Munar,Kyrian Jacquet,matchbook,Matchbook,2026-10-03T08:49:01Z,h2h,Jaume Munar,1.69,,0.591715976331361,0.5888077858880778,0.2
2026-10-03T08:49:08.680049+00:00,2026-10-03T09:49:08.680049+01:00,5357c574f469ea94b1ae1dd036711f7f,tennis_atp_japan_open,ATP Japan Open,2026-10-04T02:00:00+00:00,2026-10-04T03:00:00+01:00,Jaume Munar,Kyrian Jacquet,matchbook,Matchbook,2026-10-03T08:49:01Z,h2h,Kyrian Jacquet,2.42,,0.4132231404958678,0.41119221411192214,0.2
2026-10-03T08:49:08.680049+00:00,2026-10-03T09:49:08.680049+01:00,5357c574f469ea94b1ae1dd036711f7f,tennis_atp_japan_open,ATP Japan Open,2026-10-04T02:00:00+00:00,2026-10-04T03:00:00+01:00,Jaume Munar,Kyrian Jacquet,matchbook,Matchbook,2026-10-03T08:49:01Z,h2h_lay,Jaume Munar,1.7,,0.5882352941176471,1.0,0.2
2026-10-03T08:49:08.680049+00:00,2026-10-03T09:49:08.680049+01:00,5357c574f469ea94b1ae1dd036711f7f,tennis_atp_japan_open,ATP Japan Open,2026-10-04T02:00:00+00:00,2026-10-04T03:00:00+01:00,Jaume Munar,Kyrian Jacquet,matchbook,Matchbook,2026-10-03T08:49:01Z,h2h_lay,Kyrian Jacquet,2.44,,0.4098360655737705,1.0,0.2
2026-10-03T08:49:08.680049+00:00,2026-10-03T09:49:08.680049+01:00,2ef03d744d19f6f72feffe902dd58fb3,tennis_atp_japan_open,ATP Japan Open,2026-10-04T07:00:00+00:00,2026-10-04T08:00:00+01:00,Valentin Vacherot,Arthur Fils,casumo,Casumo,2026-10-03T08:48:31Z,h2h,Arthur Fils,1.25,,0.8,0.7596153846153846,0.2
2026-10-03T08:49:08.680049+00:00,2026-10-03T09:49:08.680049+01:00,2ef03d744d19f6f72feffe902dd58fb3,tennis_atp_japan_open,ATP Japan Open,2026-10-04T07:00:00+00:00,2026-10-04T08:00:00+01:00,Valentin Vacherot,Arthur Fils,casumo,Casumo,2026-10-03T08:48:31Z,h2h,Valentin Vacherot,3.95,,0.2531645569620253,0.24038461538461534,0.2
2026-10-03T08:49:08.680049+00:00,2026-10-03T09:49:08.680049+01:00,2ef03d744d19f6f72feffe902dd58fb3,tennis_atp_japan_open,ATP Japan Open,2026-10-04T07:00:00+00:00,2026-10-04T08:00:00+01:00,Valentin Vacherot,Arthur Fils,virginbet,Virgin Bet,2026-10-03T08:49:01Z,h2h,Arthur Fils,1.25,,0.8,0.7596153846153846,0.2
2026-10-03T08:49:08.680049+00:00,2026-10-03T09:49:08.680049+01:00,2ef03d744d19f6f72feffe902dd58fb3,tennis_atp_japan_open,ATP Japan Open,2026-10-04T07:00:00+00:00,2026-10-04T08:00:00+01:00,Valentin Vacherot,Arthur Fils,virginbet,Virgin Bet,2026-10-03T08:49:01Z,h2h,Valentin Vacherot,3.95,,0.2531645569620253,0.24038461538461534,0.2
2026-10-03T08:49:08.680049+00:00,2026-10-03T09:49:08.680049+01:00,2ef03d744d19f6f72feffe902dd58fb3,tennis_atp_japan_open,ATP Japan Open,2026-10-04T07:00:00+00:00,2026-10-04T08:00:00+01:00,Valentin Vacherot,Arthur Fils,grosvenor,Grosvenor,2026-10-03T08:49:01Z,h2h,Arthur Fils,1.25,,0.8,0.7596153846153846,0.2
2026-10-03T08:49:08.680049+00:00,2026-10-03T09:49:08.680049+01:00,2ef03d744d19f6f72feffe902dd58fb3,tennis_atp_japan_open,ATP Japan Open,2026-10-04T07:00:00+00:00,2026-10-04T08:00:00+01:00,Valentin Vacherot,Arthur Fils,grosvenor,Grosvenor,2026-10-03T08:49:01Z,h2h,Valentin Vacherot,3.95,,0.2531645569620253,0.24038461538461534,0.2
2026-10-03T08:49:08.680049+00:00,2026-10-03T09:49:08.680049+01:00,2ef03d744d19f6f72feffe902dd58fb3,tennis_atp_japan_open,ATP Japan Open,2026-10-04T07:00:00+00:00,2026-10-04T08:00:00+01:00,Valentin Vacherot,Arthur Fils,betfair_ex_uk,Betfair,2026-10-03T08:49:00Z,h2h,Arthur Fils,1.27,,0.7874015748031495,0.7798960138648179,0.2
2026-10-03T08:49:08.680049+00:00,2026-10-03T09:49:08.680049+01:00,2ef03d744d19f6f72feffe902dd58fb3,tennis_atp_japan_open,ATP Japan Open,2026-10-04T07:00:00+00:00,2026-10-04T08:00:00+01:00,Valentin Vacherot,Arthur Fils,betfair_ex_uk,Betfair,2026-10-03T08:49:00Z,h2h,Valentin Vacherot,4.5,,0.2222222222222222,0.22010398613518195,0.2
2026-10-03T08:49:08.680049+00:00,2026-10-03T09:49:08.680049+01:00,2ef03d744d19f6f72feffe902dd58fb3,tennis_atp_japan_open,ATP Japan Open,2026-10-04T07:00:00+00:00,2026-10-04T08:00:00+01:00,Valentin Vacherot,Arthur Fils,betfair_ex_uk,Betfair,2026-10-03T08:49:00Z,h2h_lay,Arthur Fils,1.29,,0.7751937984496123,1.0,0.2
2026-10-03T08:49:08.680049+00:00,2026-10-03T09:49:08.680049+01:00,2ef03d744d19f6f72feffe902dd58fb3,tennis_atp_japan_open,ATP Japan Open,2026-10-04T07:00:00+00:00,2026-10-04T08:00:00+01:00,Valentin Vacherot,Arthur Fils,betfair_ex_uk,Betfair,2026-10-03T08:49:00Z,h2h_lay,Valentin Vacherot,4.6,,0.2173913043478261,1.0,0.2
2026-10-03T08:49:08.680049+00:00,2026-10-03T09:49:08.680049+01:00,2ef03d744d19f6f72feffe902dd58fb3,tennis_atp_japan_open,ATP Japan Open,2026-10-04T07:00:00+00:00,2026-10-04T08:00:00+01:00,Valentin Vacherot,Arthur Fils,betway,Betway,2026-10-03T08:48:31Z,h2h,Arthur Fils,1.22,,0.819672131147541,0.7769652650822669,0.2
2026-10-03T08:49:08.680049+00:00,2026-10-03T09:49:08.680049+01:00,2ef03d744d19f6f72feffe902dd58fb3,tennis_atp_japan_open,ATP Japan Open,2026-10-04T07:00:00+00:00,2026-10-04T08:00:00+01:00,Valentin Vacherot,Arthur Fils,betway,Betway,2026-10-03T08:48:31Z,h2h,Valentin Vacherot,4.25,,0.23529411764705882,0.22303473491773307,0.2
2026-10-03T08:49:08.680049+00:00,2026-10-03T09:49:08.680049+01:00,2ef03d744d19f6f72feffe902dd58fb3,tennis_atp_japan_open,ATP Japan Open,2026-10-04T07:00:00+00:00,2026-10-04T08:00:00+01:00,Valentin Vacherot,Arthur Fils,livescorebet,LiveScore Bet,2026-10-03T08:49:00Z,h2h,Arthur Fils,1.25,,0.8,0.7596153846153846,0.2
2026-10-03T08:49:08.680049+00:00,2026-10-03T09:49:08.680049+01:00,2ef03d744d19f6f72feffe902dd58fb3,tennis_atp_japan_open,ATP Japan Open,2026-10-04T07:00:00+00:00,2026-10-04T08:00:00+01:00,Valentin Vacherot,Arthur Fils,livescorebet,LiveScore Bet,2026-10-03T08:49:00Z,h2h,Valentin Vacherot,3.95,,0.2531645569620253,0.24038461538461534,0.2
2026-10-03T08:49:08.680049+00:00,2026-10-03T09:49:08.680049+01:00,2ef03d744d19f6f72feffe902dd58fb3,tennis_atp_japan_open,ATP Japan Open,2026-10-04T07:00:00+00:00,2026-10-04T08:00:00+01:00,Valentin Vacherot,Arthur Fils,williamhill,William Hill,2026-10-03T08:48:46Z,h2h,Arthur Fils,1.22,,0.819672131147541,0.7749077490774907,0.2
2026-10-03T08:49:08.680049+00:00,2026-10-03T09:49:08.680049+01:00,2ef03d744d19f6f72feffe902dd58fb3,tennis_atp_japan_open,ATP Japan Open,2026-10-04T07:00:00+00:00,2026-10-04T08:00:00+01:00,Valentin Vacherot,Arthur Fils,williamhill,William Hill,2026-10-03T08:48:46Z,h2h,Valentin Vacherot,4.2,,0.23809523809523808,0.2250922509225092,0.2
2026-10-03T08:49:08.680049+00:00,2026-10-03T09:49:08.680049+01:00,2ef03d744d19f6f72feffe902dd58fb3,tennis_atp_japan_open,ATP Japan Open,2026-10-04T07:00:00+00:00,2026-10-04T08:00:00+01:00,Valentin Vacherot,Arthur Fils,sport888,888sport,2026-10-03T08:48:45Z,h2h,Arthur Fils,1.22,,0.819672131147541,0.7749077490774907,0.2
2026-10-03T08:49:08.680049+00:00,2026-10-03T09:49:08.680049+01:00,2ef03d744d19f6f72feffe902dd58fb3,tennis_atp_japan_open,ATP Japan Open,2026-10-04T07:00:00+00:00,2026-10-04T08:00:00+01:00,Valentin Vacherot,Arthur Fils,sport888,888sport,2026-10-03T08:48:45Z,h2h,Valentin Vacherot,4.2,,0.23809523809523808,0.2250922509225092,0.2
2026-10-03T08:49:08.680049+00:00,2026-10-03T09:49:08.680049+01:00,2ef03d744d19f6f72feffe902dd58fb3,tennis_atp_japan_open,ATP Japan Open,2026-10-04T07:00:00+00:00,2026-10-04T08:00:00+01:00,Valentin Vacherot,Arthur Fils,leovegas,LeoVegas,2026-10-03T08:49:01Z,h2h,Arthur Fils,1.2,,0.8333333333333334,0.7692307692307692,0.2
2026-10-03T08:49:08.680049+00:00,2026-10-03T09:49:08.680049+01:00,2ef03d744d19f6f72feffe902dd58fb3,tennis_atp_japan_open,ATP Japan Open,2026-10-04T07:00:00+00:00,2026-10-04T08:00:00+01:00,Valentin Vacherot,Arthur Fils,leovegas,LeoVegas,2026-10-03T08:49:01Z,h2h,Valentin Vacherot,4.0,,0.25,0.23076923076923073,0.2
2026-10-03T08:49:08.680049+00:00,2026-10-03T09:49:08.680049+01:00,2ef03d744d19f6f72feffe902dd58fb3,tennis_atp_japan_open,ATP Japan Open,2026-10-04T07:00:00+00:00,2026-10-04T08:00:00+01:00,Valentin Vacherot,Arthur Fils,skybet,Sky Bet,2026-10-03T08:48:28Z,h2h,Arthur Fils,1.2,,0.8333333333333334,0.7692307692307692,0.2
2026-10-03T08:49:08.680049+00:00,2026-10-03T09:49:08.680049+01:00,2ef03d744d19f6f72feffe902dd58fb3,tennis_atp_japan_open,ATP Japan Open,2026-10-04T07:00:00+00:00,2026-10-04T08:00:00+01:00,Valentin Vacherot,Arthur Fils,skybet,Sky Bet,2026-10-03T08:48:28Z,h2h,Valentin Vacherot,4.0,,0.25,0.23076923076923073,0.2
2026-10-03T08:49:08.680049+00:00,2026-10-03T09:49:08.680049+01:00,2ef03d744d19f6f72feffe902dd58fb3,tennis_atp_japan_open,ATP Japan Open,2026-10-04T07:00:00+00:00,2026-10-04T08:00:00+01:00,Valentin Vacherot,Arthur Fils,paddypower,Paddy Power,2026-10-03T08:49:01Z,h2h,Arthur Fils,1.2,,0.8333333333333334,0.7692307692307692,0.2
2026-10-03T08:49:08.680049+00:00,2026-10-03T09:49:08.680049+01:00,2ef03d744d19f6f72feffe902dd58fb3,tennis_atp_japan_open,ATP Japan Open,2026-10-04T07:00:00+00:00,2026-10-04T08:00:00+01:00,Valentin Vacherot,Arthur Fils,paddypower,Paddy Power,2026-10-03T08:49:01Z,h2h,Valentin Vacherot,4.0,,0.25,0.23076923076923073,0.2
2026-10-03T08:49:08.680049+00:00,2026-10-03T09:49:08.680049+01:00,2ef03d744d19f6f72feffe902dd58fb3,tennis_atp_japan_open,ATP Japan Open,2026-10-04T07:00:00+00:00,2026-10-04T08:00:00+01:00,Valentin Vacherot,Arthur Fils,unibet_uk,Unibet (UK),2026-10-03T08:48:48Z,h2h,Arthur Fils,1.22,,0.819672131147541,0.7662835249042146,0.2
2026-10-03T08:49:08.680049+00:00,2026-10-03T09:49:08.680049+01:00,2ef03d744d19f6f72feffe902dd58fb3,tennis_atp_japan_open,ATP Japan Open,2026-10-04T07:00:00+00:00,2026-10-04T08:00:00+01:00,Valentin Vacherot,Arthur Fils,unibet_uk,Unibet (UK),2026-10-03T08:48:48Z,h2h,Valentin Vacherot,4.0,,0.25,0.23371647509578544,0.2
2026-10-03T08:49:08.680049+00:00,2026-10-03T09:49:08.680049+01:00,2ef03d744d19f6f72feffe902dd58fb3,tennis_atp_japan_open,ATP Japan Open,2026-10-04T07:00:00+00:00,2026-10-04T08:00:00+01:00,Valentin Vacherot,Arthur Fils,betfair_sb_uk,Betfair Sportsbook,2026-10-03T08:49:01Z,h2h,Arthur Fils,1.22,,0.819672131147541,0.7662835249042146,0.2
2026-10-03T08:49:08.680049+00:00,2026-10-03T09:49:08.680049+01:00,2ef03d744d19f6f72feffe902dd58fb3,tennis_atp_japan_open,ATP Japan Open,2026-10-04T07:00:00+00:00,2026-10-04T08:00:00+01:00,Valentin Vacherot,Arthur Fils,betfair_sb_uk,Betfair Sportsbook,2026-10-03T08:49:01Z,h2h,Valentin Vacherot,4.0,,0.25,0.23371647509578544,0.2
2026-10-03T08:49:08.680049+00:00,2026-10-03T09:49:08.680049+01:00,2ef03d744d19f6f72feffe902dd58fb3,tennis_atp_japan_open,ATP Japan Open,2026-10-04T07:00:00+00:00,2026-10-04T08:00:00+01:00,Valentin Vacherot,Arthur Fils,boylesports,BoyleSports,2026-10-03T08:48:13Z,h2h,Arthur Fils,1.2,,0.8333333333333334,0.7692307692307692,0.2
2026-10-03T08:49:08.680049+00:00,2026-10-03T09:49:08.680049+01:00,2ef03d744d19f6f72feffe902dd58fb3,tennis_atp_japan_open,ATP Japan Open,2026-10-04T07:00:00+00:00,2026-10-04T08:00:00+01:00,Valentin Vacherot,Arthur Fils,boylesports,BoyleSports,2026-10-03T08:48:13Z,h2h,Valentin Vacherot,4.0,,0.25,0.23076923076923073,0.2
2026-10-03T08:49:08.680049+00:00,2026-10-03T09:49:08.680049+01:00,2ef03d744d19f6f72feffe902dd58fb3,tennis_atp_japan_open,ATP Japan Open,2026-10-04T07:00:00+00:00,2026-10-04T08:00:00+01:00,Valentin Vacherot,Arthur Fils,matchbook,Matchbook,2026-10-03T08:49:01Z,h2h,Arthur Fils,1.27,,0.7874015748031495,0.7798960138648179,0.2
2026-10-03T08:49:08.680049+00:00,2026-10-03T09:49:08.680049+01:00,2ef03d744d19f6f72feffe902dd58fb3,tennis_atp_japan_open,ATP Japan Open,2026-10-04T07:00:00+00:00,2026-10-04T08:00:00+01:00,Valentin Vacherot,Arthur Fils,matchbook,Matchbook,2026-10-03T08:49:01Z,h2h,Valentin Vacherot,4.5,,0.2222222222222222,0.22010398613518195,0.2
2026-10-03T08:49:08.680049+00:00,2026-10-03T09:49:08.680049+01:00,2ef03d744d19f6f72feffe902dd58fb3,tennis_atp_japan_open,ATP Japan Open,2026-10-04T07:00:00+00:00,2026-10-04T08:00:00+01:00,Valentin Vacherot,Arthur Fils,matchbook,Matchbook,2026-10-03T08:49:01Z,h2h_lay,Arthur Fils,1.29,,0.7751937984496123,1.0,0.2
2026-10-03T08:49:08.680049+00:00,2026-10-03T09:49:08.680049+01:00,2ef03d744d19f6f72feffe902dd58fb3,tennis_atp_japan_open,ATP Japan Open,2026-10-04T07:00:00+00:00,2026-10-04T08:00:00+01:00,Valentin Vacherot,Arthur Fils,matchbook,Matchbook,2026-10-03T08:49:01Z,h2h_lay,Valentin Vacherot,4.6,,0.2173913043478261,1.0,0.2
2026-10-03T08:49:08.680049+00:00,2026-10-03T09:49:08.680049+01:00,2ef03d744d19f6f72feffe902dd58fb3,tennis_atp_japan_open,ATP Japan Open,2026-10-04T07:00:00+00:00,2026-10-04T08:00:00+01:00,Valentin Vacherot,Arthur Fils,coral,Coral,2026-10-03T08:49:01Z,h2h,Arthur Fils,1.22,,0.819672131147541,0.7662835249042146,0.2
2026-10-03T08:49:08.680049+00:00,2026-10-03T09:49:08.680049+01:00,2ef03d744d19f6f72feffe902dd58fb3,tennis_atp_japan_open,ATP Japan Open,2026-10-04T07:00:00+00:00,2026-10-04T08:00:00+01:00,Valentin Vacherot,Arthur Fils,coral,Coral,2026-10-03T08:49:01Z,h2h,Valentin Vacherot,4.0,,0.25,0.23371647509578544,0.2
2026-10-03T08:49:08.680049+00:00,2026-10-03T09:49:08.680049+01:00,2ef03d744d19f6f72feffe902dd58fb3,tennis_atp_japan_open,ATP Japan Open,2026-10-04T07:00:00+00:00,2026-10-04T08:00:00+01:00,Valentin Vacherot,Arthur Fils,ladbrokes_uk,Ladbrokes,2026-10-03T08:48:29Z,h2h,Arthur Fils,1.22,,0.819672131147541,0.7662835249042146,0.2
2026-10-03T08:49:08.680049+00:00,2026-10-03T09:49:08.680049+01:00,2ef03d744d19f6f72feffe902dd58fb3,tennis_atp_japan_open,ATP Japan Open,2026-10-04T07:00:00+00:00,2026-10-04T08:00:00+01:00,Valentin Vacherot,Arthur Fils,ladbrokes_uk,Ladbrokes,2026-10-03T08:48:29Z,h2h,Valentin Vacherot,4.0,,0.25,0.23371647509578544,0.2
2026-10-03T08:49:08.680049+00:00,2026-10-03T09:49:08.680049+01:00,2ef03d744d19f6f72feffe902dd58fb3,tennis_atp_japan_open,ATP Japan Open,2026-10-04T07:00:00+00:00,2026-10-04T08:00:00+01:00,Valentin Vacherot,Arthur Fils,betano_uk,Betano (UK),2026-10-03T08:48:42Z,h2h,Arthur Fils,1.22,,0.819672131147541,0.7545271629778673,0.2
2026-10-03T08:49:08.680049+00:00,2026-10-03T09:49:08.680049+01:00,2ef03d744d19f6f72feffe902dd58fb3,tennis_atp_japan_open,ATP Japan Open,2026-10-04T07:00:00+00:00,2026-10-04T08:00:00+01:00,Valentin Vacherot,Arthur Fils,betano_uk,Betano (UK),2026-10-03T08:48:42Z,h2h,Valentin Vacherot,3.75,,0.26666666666666666,0.2454728370221328,0.2
2026-10-03T08:49:08.680049+00:00,2026-10-03T09:49:08.680049+01:00,2ef03d744d19f6f72feffe902dd58fb3,tennis_atp_japan_open,ATP Japan Open,2026-10-04T07:00:00+00:00,2026-10-04T08:00:00+01:00,Valentin Vacherot,Arthur Fils,betvictor,Bet Victor,2026-10-03T08:47:26Z,h2h,Arthur Fils,1.22,,0.819672131147541,0.7545271629778673,0.2
2026-10-03T08:49:08.680049+00:00,2026-10-03T09:49:08.680049+01:00,2ef03d744d19f6f72feffe902dd58fb3,tennis_atp_japan_open,ATP Japan Open,2026-10-04T07:00:00+00:00,2026-10-04T08:00:00+01:00,Valentin Vacherot,Arthur Fils,betvictor,Bet Victor,2026-10-03T08:47:26Z,h2h,Valentin Vacherot,3.75,,0.26666666666666666,0.2454728370221328,0.2
2026-10-03T08:49:08.680049+00:00,2026-10-03T09:49:08.680049+01:00,4f46ecb665f890035c83174722b51b4e,americanfootball_cfl,CFL,2026-10-03T19:00:00+00:00,2026-10-03T20:00:00+01:00,Toronto Argonauts,BC Lions,unibet_uk,Unibet (UK),2026-10-03T08:48:49Z,h2h,BC Lions,1.48,,0.6756756756756757,0.6416464891041161,0.2
2026-10-03T08:49:08.680049+00:00,2026-10-03T09:49:08.680049+01:00,4f46ecb665f890035c83174722b51b4e,americanfootball_cfl,CFL,2026-10-03T19:00:00+00:00,2026-10-03T20:00:00+01:00,Toronto Argonauts,BC Lions,unibet_uk,Unibet (UK),2026-10-03T08:48:49Z,h2h,Toronto Argonauts,2.65,,0.37735849056603776,0.35835351089588374,0.2
2026-10-03T08:49:08.680049+00:00,2026-10-03T09:49:08.680049+01:00,4f46ecb665f890035c83174722b51b4e,americanfootball_cfl,CFL,2026-10-03T19:00:00+00:00,2026-10-03T20:00:00+01:00,Toronto Argonauts,BC Lions,leovegas,LeoVegas,2026-10-03T08:48:34Z,h2h,BC Lions,1.45,,0.6896551724137931,0.6419753086419754,0.2
2026-10-03T08:49:08.680049+00:00,2026-10-03T09:49:08.680049+01:00,4f46ecb665f890035c83174722b51b4e,americanfootball_cfl,CFL,2026-10-03T19:00:00+00:00,2026-10-03T20:00:00+01:00,Toronto Argonauts,BC Lions,leovegas,LeoVegas,2026-10-03T08:48:34Z,h2h,Toronto Argonauts,2.6,,0.3846153846153846,0.35802469135802467,0.2
2026-10-03T08:49:08.680049+00:00,2026-10-03T09:49:08.680049+01:00,4f46ecb665f890035c83174722b51b4e,americanfootball_cfl,CFL,2026-10-03T19:00:00+00:00,2026-10-03T20:00:00+01:00,Toronto Argonauts,BC Lions,betway,Betway,2026-10-03T08:48:51Z,h2h,BC Lions,1.5,,0.6666666666666666,0.6385542168674698,0.2
2026-10-03T08:49:08.680049+00:00,2026-10-03T09:49:08.680049+01:00,4f46ecb665f890035c83174722b51b4e,americanfootball_cfl,CFL,2026-10-03T19:00:00+00:00,2026-10-03T20:00:00+01:00,Toronto Argonauts,BC Lions,betway,Betway,2026-10-03T08:48:51Z,h2h,Toronto Argonauts,2.65,,0.37735849056603776,0.3614457831325302,0.2
2026-10-03T08:49:08.680049+00:00,2026-10-03T09:49:08.680049+01:00,4f46ecb665f890035c83174722b51b4e,americanfootball_cfl,CFL,2026-10-03T19:00:00+00:00,2026-10-03T20:00:00+01:00,Toronto Argonauts,BC Lions,betfred_uk,Betfred (UK),2026-10-03T08:48:17Z,h2h,BC Lions,1.53,,0.6535947712418301,0.625,0.2
2026-10-03T08:49:08.680049+00:00,2026-10-03T09:49:08.680049+01:00,4f46ecb665f890035c83174722b51b4e,americanfootball_cfl,CFL,2026-10-03T19:00:00+00:00,2026-10-03T20:00:00+01:00,Toronto Argonauts,BC Lions,betfred_uk,Betfred (UK),2026-10-03T08:48:17Z,h2h,Toronto Argonauts,2.55,,0.3921568627450981,0.375,0.2
2026-10-03T08:49:08.680049+00:00,2026-10-03T09:49:08.680049+01:00,4f46ecb665f890035c83174722b51b4e,americanfootball_cfl,CFL,2026-10-03T19:00:00+00:00,2026-10-03T20:00:00+01:00,Toronto Argonauts,BC Lions,betfair_ex_uk,Betfair,2026-10-03T08:48:49Z,h2h,BC Lions,1.52,,0.6578947368421053,0.6448598130841121,0.2
2026-10-03T08:49:08.680049+00:00,2026-10-03T09:49:08.680049+01:00,4f46ecb665f890035c83174722b51b4e,americanfootball_cfl,CFL,2026-10-03T19:00:00+00:00,2026-10-03T20:00:00+01:00,Toronto Argonauts,BC Lions,betfair_ex_uk,Betfair,2026-10-03T08:48:49Z,h2h,Toronto Argonauts,2.76,,0.3623188405797102,0.3551401869158879,0.2
2026-10-03T08:49:08.680049+00:00,2026-10-03T09:49:08.680049+01:00,4f46ecb665f890035c83174722b51b4e,americanfootball_cfl,CFL,2026-10-03T19:00:00+00:00,2026-10-03T20:00:00+01:00,Toronto Argonauts,BC Lions,betfair_ex_uk,Betfair,2026-10-03T08:48:49Z,h2h_lay,BC Lions,1.57,,0.6369426751592356,1.0,0.2
2026-10-03T08:49:08.680049+00:00,2026-10-03T09:49:08.680049+01:00,4f46ecb665f890035c83174722b51b4e,americanfootball_cfl,CFL,2026-10-03T19:00:00+00:00,2026-10-03T20:00:00+01:00,Toronto Argonauts,BC Lions,betfair_ex_uk,Betfair,2026-10-03T08:48:49Z,h2h_lay,Toronto Argonauts,2.92,,0.3424657534246575,1.0,0.2
2026-10-03T08:49:08.680049+00:00,2026-10-03T09:49:08.680049+01:00,b56f21071fff137c6e8b1dd555a59149,americanfootball_cfl,CFL,2026-10-03T23:00:00+00:00,2026-10-04T00:00:00+01:00,Montreal Alouettes,Winnipeg Blue Bombers,unibet_uk,Unibet (UK),2026-10-03T08:48:49Z,h2h,Montreal Alouettes,1.3,,0.7692307692307692,0.7291666666666667,0.2
2026-10-03T08:49:08.680049+00:00,2026-10-03T09:49:08.680049+01:00,b56f21071fff137c6e8b1dd555a59149,americanfootball_cfl,CFL,2026-10-03T23:00:00+00:00,2026-10-04T00:00:00+01:00,Montreal Alouettes,Winnipeg Blue Bombers,unibet_uk,Unibet (UK),2026-10-03T08:48:49Z,h2h,Winnipeg Blue Bombers,3.5,,0.2857142857142857,0.27083333333333337,0.2
2026-10-03T08:49:08.680049+00:00,2026-10-03T09:49:08.680049+01:00,b56f21071fff137c6e8b1dd555a59149,americanfootball_cfl,CFL,2026-10-03T23:00:00+00:00,2026-10-04T00:00:00+01:00,Montreal Alouettes,Winnipeg Blue Bombers,leovegas,LeoVegas,2026-10-03T08:48:34Z,h2h,Montreal Alouettes,1.3,,0.7692307692307692,0.717391304347826,0.2
2026-10-03T08:49:08.680049+00:00,2026-10-03T09:49:08.680049+01:00,b56f21071fff137c6e8b1dd555a59149,americanfootball_cfl,CFL,2026-10-03T23:00:00+00:00,2026-10-04T00:00:00+01:00,Montreal Alouettes,Winnipeg Blue Bombers,leovegas,LeoVegas,2026-10-03T08:48:34Z,h2h,Winnipeg Blue Bombers,3.3,,0.30303030303030304,0.28260869565217395,0.2
2026-10-03T08:49:08.680049+00:00,2026-10-03T09:49:08.680049+01:00,b56f21071fff137c6e8b1dd555a59149,americanfootball_cfl,CFL,2026-10-03T23:00:00+00:00,2026-10-04T00:00:00+01:00,Montreal Alouettes,Winnipeg Blue Bombers,betway,Betway,2026-10-03T08:48:51Z,h2h,Montreal Alouettes,1.36,,0.7352941176470588,0.7017543859649122,0.2
2026-10-03T08:49:08.680049+00:00,2026-10-03T09:49:08.680049+01:00,b56f21071fff137c6e8b1dd555a59149,americanfootball_cfl,CFL,2026-10-03T23:00:00+00:00,2026-10-04T00:00:00+01:00,Montreal Alouettes,Winnipeg Blue Bombers,betway,Betway,2026-10-03T08:48:51Z,h2h,Winnipeg Blue Bombers,3.2,,0.3125,0.2982456140350877,0.2
2026-10-03T08:49:08.680049+00:00,2026-10-03T09:49:08.680049+01:00,b56f21071fff137c6e8b1dd555a59149,americanfootball_cfl,CFL,2026-10-03T23:00:00+00:00,2026-10-04T00:00:00+01:00,Montreal Alouettes,Winnipeg Blue Bombers,betfred_uk,Betfred (UK),2026-10-03T08:48:17Z,h2h,Montreal Alouettes,1.33,,0.7518796992481203,0.712742980561555,0.2
2026-10-03T08:49:08.680049+00:00,2026-10-03T09:49:08.680049+01:00,b56f21071fff137c6e8b1dd555a59149,americanfootball_cfl,CFL,2026-10-03T23:00:00+00:00,2026-10-04T00:00:00+01:00,Montreal Alouettes,Winnipeg Blue Bombers,betfred_uk,Betfred (UK),2026-10-03T08:48:17Z,h2h,Winnipeg Blue Bombers,3.3,,0.30303030303030304,0.28725701943844495,0.2
2026-10-03T08:49:08.680049+00:00,2026-10-03T09:49:08.680049+01:00,b56f21071fff137c6e8b1dd555a59149,americanfootball_cfl,CFL,2026-10-03T23:00:00+00:00,2026-10-04T00:00:00+01:00,Montreal Alouettes,Winnipeg Blue Bombers,betfair_ex_uk,Betfair,2026-10-03T08:48:49Z,h2h,Montreal Alouettes,1.33,,0.7518796992481203,0.7381889763779528,0.2
2026-10-03T08:49:08.680049+00:00,2026-10-03T09:49:08.680049+01:00,b56f21071fff137c6e8b1dd555a59149,americanfootball_cfl,CFL,2026-10-03T23:00:00+00:00,2026-10-04T00:00:00+01:00,Montreal Alouettes,Winnipeg Blue Bombers,betfair_ex_uk,Betfair,2026-10-03T08:48:49Z,h2h,Winnipeg Blue Bombers,3.75,,0.26666666666666666,0.2618110236220473,0.2
2026-10-03T08:49:08.680049+00:00,2026-10-03T09:49:08.680049+01:00,b56f21071fff137c6e8b1dd555a59149,americanfootball_cfl,CFL,2026-10-03T23:00:00+00:00,2026-10-04T00:00:00+01:00,Montreal Alouettes,Winnipeg Blue Bombers,betfair_ex_uk,Betfair,2026-10-03T08:48:49Z,h2h_lay,Montreal Alouettes,1.37,,0.7299270072992701,1.0,0.2
2026-10-03T08:49:08.680049+00:00,2026-10-03T09:49:08.680049+01:00,b56f21071fff137c6e8b1dd555a59149,americanfootball_cfl,CFL,2026-10-03T23:00:00+00:00,2026-10-04T00:00:00+01:00,Montreal Alouettes,Winnipeg Blue Bombers,betfair_ex_uk,Betfair,2026-10-03T08:48:49Z,h2h_lay,Winnipeg Blue Bombers,4.0,,0.25,1.0,0.2
2026-10-03T08:49:08.680049+00:00,2026-10-03T09:49:08.680049+01:00,5d13b613a334039f0694d8c95af28728,baseball_mlb,MLB,2026-10-03T17:01:00+00:00,2026-10-03T18:01:00+01:00,Cleveland Guardians,Chicago White Sox,paddypower,Paddy Power,2026-10-03T08:48:30Z,h2h,Chicago White Sox,2.25,,0.4444444444444444,0.4186046511627907,0.2
2026-10-03T08:49:08.680049+00:00,2026-10-03T09:49:08.680049+01:00,5d13b613a334039f0694d8c95af28728,baseball_mlb,MLB,2026-10-03T17:01:00+00:00,2026-10-03T18:01:00+01:00,Cleveland Guardians,Chicago White Sox,paddypower,Paddy Power,2026-10-03T08:48:30Z,h2h,Cleveland Guardians,1.62,,0.6172839506172839,0.5813953488372093,0.2
2026-10-03T08:49:08.680049+00:00,2026-10-03T09:49:08.680049+01:00,5d13b613a334039f0694d8c95af28728,baseball_mlb,MLB,2026-10-03T17:01:00+00:00,2026-10-03T18:01:00+01:00,Cleveland Guardians,Chicago White Sox,ladbrokes_uk,Ladbrokes,2026-10-03T08:48:30Z,h2h,Chicago White Sox,2.3,,0.4347826086956522,0.4177215189873418,0.2
2026-10-03T08:49:08.680049+00:00,2026-10-03T09:49:08.680049+01:00,5d13b613a334039f0694d8c95af28728,baseball_mlb,MLB,2026-10-03T17:01:00+00:00,2026-10-03T18:01:00+01:00,Cleveland Guardians,Chicago White Sox,ladbrokes_uk,Ladbrokes,2026-10-03T08:48:30Z,h2h,Cleveland Guardians,1.65,,0.6060606060606061,0.5822784810126582,0.2
2026-10-03T08:49:08.680049+00:00,2026-10-03T09:49:08.680049+01:00,5d13b613a334039f0694d8c95af28728,baseball_mlb,MLB,2026-10-03T17:01:00+00:00,2026-10-03T18:01:00+01:00,Cleveland Guardians,Chicago White Sox,coral,Coral,2026-10-03T08:48:31Z,h2h,Chicago White Sox,2.3,,0.4347826086956522,0.4177215189873418,0.2
2026-10-03T08:49:08.680049+00:00,2026-10-03T09:49:08.680049+01:00,5d13b613a334039f0694d8c95af28728,baseball_mlb,MLB,2026-10-03T17:01:00+00:00,2026-10-03T18:01:00+01:00,Cleveland Guardians,Chicago White Sox,coral,Coral,2026-10-03T08:48:31Z,h2h,Cleveland Guardians,1.65,,0.6060606060606061,0.5822784810126582,0.2
2026-10-03T08:49:08.680049+00:00,2026-10-03T09:49:08.680049+01:00,5d13b613a334039f0694d8c95af28728,baseball_mlb,MLB,2026-10-03T17:01:00+00:00,2026-10-03T18:01:00+01:00,Cleveland Guardians,Chicago White Sox,sport888,888sport,2026-10-03T08:48:46Z,h2h,Chicago White Sox,2.25,,0.4444444444444444,0.423076923076923,0.2
2026-10-03T08:49:08.680049+00:00,2026-10-03T09:49:08.680049+01:00,5d13b613a334039f0694d8c95af28728,baseball_mlb,MLB,2026-10-03T17:01:00+00:00,2026-10-03T18:01:00+01:00,Cleveland Guardians,Chicago White Sox,sport888,888sport,2026-10-03T08:48:46Z,h2h,Cleveland Guardians,1.65,,0.6060606060606061,0.5769230769230769,0.2
2026-10-03T08:49:08.680049+00:00,2026-10-03T09:49:08.680049+01:00,5d13b613a334039f0694d8c95af28728,baseball_mlb,MLB,2026-10-03T17:01:00+00:00,2026-10-03T18:01:00+01:00,Cleveland Guardians,Chicago White Sox,livescorebet,LiveScore Bet,2026-10-03T08:48:46Z,h2h,Chicago White Sox,2.3,,0.4347826086956522,0.4072164948453609,0.2
2026-10-03T08:49:08.680049+00:00,2026-10-03T09:49:08.680049+01:00,5d13b613a334039f0694d8c95af28728,baseball_mlb,MLB,2026-10-03T17:01:00+00:00,2026-10-03T18:01:00+01:00,Cleveland Guardians,Chicago White Sox,livescorebet,LiveScore Bet,2026-10-03T08:48:46Z,h2h,Cleveland Guardians,1.58,,0.6329113924050632,0.5927835051546392,0.2
2026-10-03T08:49:08.680049+00:00,2026-10-03T09:49:08.680049+01:00,5d13b613a334039f0694d8c95af28728,baseball_mlb,MLB,2026-10-03T17:01:00+00:00,2026-10-03T18:01:00+01:00,Cleveland Guardians,Chicago White Sox,casumo,Casumo,2026-10-03T08:48:46Z,h2h,Chicago White Sox,2.35,,0.425531914893617,0.4065656565656566,0.2
2026-10-03T08:49:08.680049+00:00,2026-10-03T09:49:08.680049+01:00,5d13b613a334039f0694d8c95af28728,baseball_mlb,MLB,2026-10-03T17:01:00+00:00,2026-10-03T18:01:00+01:00,Cleveland Guardians,Chicago White Sox,casumo,Casumo,2026-10-03T08:48:46Z,h2h,Cleveland Guardians,1.61,,0.6211180124223602,0.5934343434343434,0.2
2026-10-03T08:49:08.680049+00:00,2026-10-03T09:49:08.680049+01:00,5d13b613a334039f0694d8c95af28728,baseball_mlb,MLB,2026-10-03T17:01:00+00:00,2026-10-03T18:01:00+01:00,Cleveland Guardians,Chicago White Sox,grosvenor,Grosvenor,2026-10-03T08:48:46Z,h2h,Chicago White Sox,2.25,,0.4444444444444444,0.4078947368421052,0.2
2026-10-03T08:49:08.680049+00:00,2026-10-03T09:49:08.680049+01:00,5d13b613a334039f0694d8c95af28728,baseball_mlb,MLB,2026-10-03T17:01:00+00:00,2026-10-03T18:01:00+01:00,Cleveland Guardians,Chicago White Sox,grosvenor,Grosvenor,2026-10-03T08:48:46Z,h2h,Cleveland Guardians,1.55,,0.6451612903225806,0.5921052631578947,0.2
2026-10-03T08:49:08.680049+00:00,2026-10-03T09:49:08.680049+01:00,5d13b613a334039f0694d8c95af28728,baseball_mlb,MLB,2026-10-03T17:01:00+00:00,2026-10-03T18:01:00+01:00,Cleveland Guardians,Chicago White Sox,virginbet,Virgin Bet,2026-10-03T08:49:01Z,h2h,Chicago White Sox,2.3,,0.4347826086956522,0.4072164948453609,0.2
2026-10-03T08:49:08.680049+00:00,2026-10-03T09:49:08.680049+01:00,5d13b613a334039f0694d8c95af28728,baseball_mlb,MLB,2026-10-03T17:01:00+00:00,2026-10-03T18:01:00+01:00,Cleveland Guardians,Chicago White Sox,virginbet,Virgin Bet,2026-10-03T08:49:01Z,h2h,Cleveland Guardians,1.58,,0.6329113924050632,0.5927835051546392,0.2
2026-10-03T08:49:08.680049+00:00,2026-10-03T09:49:08.680049+01:00,5d13b613a334039f0694d8c95af28728,baseball_mlb,MLB,2026-10-03T17:01:00+00:00,2026-10-03T18:01:00+01:00,Cleveland Guardians,Chicago White Sox,unibet_uk,Unibet (UK),2026-10-03T08:49:02Z,h2h,Chicago White Sox,2.27,,0.44052863436123346,0.4194373401534527,0.2
2026-10-03T08:49:08.680049+00:00,2026-10-03T09:49:08.680049+01:00,5d13b613a334039f0694d8c95af28728,baseball_mlb,MLB,2026-10-03T17:01:00+00:00,2026-10-03T18:01:00+01:00,Cleveland Guardians,Chicago White Sox,unibet_uk,Unibet (UK),2026-10-03T08:49:02Z,h2h,Cleveland Guardians,1.64,,0.6097560975609756,0.5805626598465473,0.2
2026-10-03T08:49:08.680049+00:00,2026-10-03T09:49:08.680049+01:00,5d13b613a334039f0694d8c95af28728,baseball_mlb,MLB,2026-10-03T17:01:00+00:00,2026-10-03T18:01:00+01:00,Cleveland Guardians,Chicago White Sox,smarkets,Smarkets,2026-10-03T08:49:01Z,h2h,Chicago White Sox,2.3,,0.4347826086956522,0.4235588972431078,0.2
2026-10-03T08:49:08.680049+00:00,2026-10-03T09:49:08.680049+01:00,5d13b613a334039f0694d8c95af28728,baseball_mlb,MLB,2026-10-03T17:01:00+00:00,2026-10-03T18:01:00+01:00,Cleveland Guardians,Chicago White Sox,smarkets,Smarkets,2026-10-03T08:49:01Z,h2h,Cleveland Guardians,1.69,,0.591715976331361,0.5764411027568922,0.2
2026-10-03T08:49:08.680049+00:00,2026-10-03T09:49:08.680049+01:00,5d13b613a334039f0694d8c95af28728,baseball_mlb,MLB,2026-10-03T17:01:00+00:00,2026-10-03T18:01:00+01:00,Cleveland Guardians,Chicago White Sox,smarkets,Smarkets,2026-10-03T08:49:01Z,h2h_lay,Chicago White Sox,2.4,,0.4166666666666667,1.0,0.2
2026-10-03T08:49:08.680049+00:00,2026-10-03T09:49:08.680049+01:00,5d13b613a334039f0694d8c95af28728,baseball_mlb,MLB,2026-10-03T17:01:00+00:00,2026-10-03T18:01:00+01:00,Cleveland Guardians,Chicago White Sox,smarkets,Smarkets,2026-10-03T08:49:01Z,h2h_lay,Cleveland Guardians,1.76,,0.5681818181818182,1.0,0.2
2026-10-03T08:49:08.680049+00:00,2026-10-03T09:49:08.680049+01:00,5d13b613a334039f0694d8c95af28728,baseball_mlb,MLB,2026-10-03T17:01:00+00:00,2026-10-03T18:01:00+01:00,Cleveland Guardians,Chicago White Sox,williamhill,William Hill,2026-10-03T08:48:14Z,h2h,Chicago White Sox,2.3,,0.4347826086956522,0.413265306122449,0.2
2026-10-03T08:49:08.680049+00:00,2026-10-03T09:49:08.680049+01:00,5d13b613a334039f0694d8c95af28728,baseball_mlb,MLB,2026-10-03T17:01:00+00:00,2026-10-03T18:01:00+01:00,Cleveland Guardians,Chicago White Sox,williamhill,William Hill,2026-10-03T08:48:14Z,h2h,Cleveland Guardians,1.62,,0.6172839506172839,0.586734693877551,0.2
2026-10-03T08:49:08.680049+00:00,2026-10-03T09:49:08.680049+01:00,5d13b613a334039f0694d8c95af28728,baseball_mlb,MLB,2026-10-03T17:01:00+00:00,2026-10-03T18:01:00+01:00,Cleveland Guardians,Chicago White Sox,betfair_sb_uk,Betfair Sportsbook,2026-10-03T08:48:13Z,h2h,Chicago White Sox,2.25,,0.4444444444444444,0.42602040816326525,0.2
2026-10-03T08:49:08.680049+00:00,2026-10-03T09:49:08.680049+01:00,5d13b613a334039f0694d8c95af28728,baseball_mlb,MLB,2026-10-03T17:01:00+00:00,2026-10-03T18:01:00+01:00,Cleveland Guardians,Chicago White Sox,betfair_sb_uk,Betfair Sportsbook,2026-10-03T08:48:13Z,h2h,Cleveland Guardians,1.67,,0.5988023952095809,0.5739795918367347,0.2
2026-10-03T08:49:08.680049+00:00,2026-10-03T09:49:08.680049+01:00,5d13b613a334039f0694d8c95af28728,baseball_mlb,MLB,2026-10-03T17:01:00+00:00,2026-10-03T18:01:00+01:00,Cleveland Guardians,Chicago White Sox,betvictor,Bet Victor,2026-10-03T08:48:59Z,h2h,Chicago White Sox,2.2,,0.45454545454545453,0.42105263157894735,0.2
2026-10-03T08:49:08.680049+00:00,2026-10-03T09:49:08.680049+01:00,5d13b613a334039f0694d8c95af28728,baseball_mlb,MLB,2026-10-03T17:01:00+00:00,2026-10-03T18:01:00+01:00,Cleveland Guardians,Chicago White Sox,betvictor,Bet Victor,2026-10-03T08:48:59Z,h2h,Cleveland Guardians,1.6,,0.625,0.5789473684210527,0.2
2026-10-03T08:49:08.680049+00:00,2026-10-03T09:49:08.680049+01:00,5d13b613a334039f0694d8c95af28728,baseball_mlb,MLB,2026-10-03T17:01:00+00:00,2026-10-03T18:01:00+01:00,Cleveland Guardians,Chicago White Sox,betano_uk,Betano (UK),2026-10-03T08:48:42Z,h2h,Chicago White Sox,2.2,,0.45454545454545453,0.42105263157894735,0.2
2026-10-03T08:49:08.680049+00:00,2026-10-03T09:49:08.680049+01:00,5d13b613a334039f0694d8c95af28728,baseball_mlb,MLB,2026-10-03T17:01:00+00:00,2026-10-03T18:01:00+01:00,Cleveland Guardians,Chicago White Sox,betano_uk,Betano (UK),2026-10-03T08:48:42Z,h2h,Cleveland Guardians,1.6,,0.625,0.5789473684210527,0.2
2026-10-03T08:49:08.680049+00:00,2026-10-03T09:49:08.680049+01:00,5d13b613a334039f0694d8c95af28728,baseball_mlb,MLB,2026-10-03T17:01:00+00:00,2026-10-03T18:01:00+01:00,Cleveland Guardians,Chicago White Sox,betway,Betway,2026-10-03T08:48:30Z,h2h,Chicago White Sox,2.3,,0.4347826086956522,0.413265306122449,0.2
2026-10-03T08:49:08.680049+00:00,2026-10-03T09:49:08.680049+01:00,5d13b613a334039f0694d8c95af28728,baseball_mlb,MLB,2026-10-03T17:01:00+00:00,2026-10-03T18:01:00+01:00,Cleveland Guardians,Chicago White Sox,betway,Betway,2026-10-03T08:48:30Z,h2h,Cleveland Guardians,1.62,,0.6172839506172839,0.586734693877551,0.2
2026-10-03T08:49:08.680049+00:00,2026-10-03T09:49:08.680049+01:00,5d13b613a334039f0694d8c95af28728,baseball_mlb,MLB,2026-10-03T17:01:00+00:00,2026-10-03T18:01:00+01:00,Cleveland Guardians,Chicago White Sox,betfred_uk,Betfred (UK),2026-10-03T08:48:13Z,h2h,Chicago White Sox,2.25,,0.4444444444444444,0.42602040816326525,0.2
2026-10-03T08:49:08.680049+00:00,2026-10-03T09:49:08.680049+01:00,5d13b613a334039f0694d8c95af28728,baseball_mlb,MLB,2026-10-03T17:01:00+00:00,2026-10-03T18:01:00+01:00,Cleveland Guardians,Chicago White Sox,betfred_uk,Betfred (UK),2026-10-03T08:48:13Z,h2h,Cleveland Guardians,1.67,,0.5988023952095809,0.5739795918367347,0.2
2026-10-03T08:49:08.680049+00:00,2026-10-03T09:49:08.680049+01:00,5d13b613a334039f0694d8c95af28728,baseball_mlb,MLB,2026-10-03T17:01:00+00:00,2026-10-03T18:01:00+01:00,Cleveland Guardians,Chicago White Sox,leovegas,LeoVegas,2026-10-03T08:48:30Z,h2h,Chicago White Sox,2.3,,0.4347826086956522,0.4177215189873418,0.2
2026-10-03T08:49:08.680049+00:00,2026-10-03T09:49:08.680049+01:00,5d13b613a334039f0694d8c95af28728,baseball_mlb,MLB,2026-10-03T17:01:00+00:00,2026-10-03T18:01:00+01:00,Cleveland Guardians,Chicago White Sox,leovegas,LeoVegas,2026-10-03T08:48:30Z,h2h,Cleveland Guardians,1.65,,0.6060606060606061,0.5822784810126582,0.2
2026-10-03T08:49:08.680049+00:00,2026-10-03T09:49:08.680049+01:00,5d13b613a334039f0694d8c95af28728,baseball_mlb,MLB,2026-10-03T17:01:00+00:00,2026-10-03T18:01:00+01:00,Cleveland Guardians,Chicago White Sox,boylesports,BoyleSports,2026-10-03T08:48:46Z,h2h,Chicago White Sox,2.25,,0.4444444444444444,0.4186046511627907,0.2
2026-10-03T08:49:08.680049+00:00,2026-10-03T09:49:08.680049+01:00,5d13b613a334039f0694d8c95af28728,baseball_mlb,MLB,2026-10-03T17:01:00+00:00,2026-10-03T18:01:00+01:00,Cleveland Guardians,Chicago White Sox,boylesports,BoyleSports,2026-10-03T08:48:46Z,h2h,Cleveland Guardians,1.62,,0.6172839506172839,0.5813953488372093,0.2
2026-10-03T08:49:08.680049+00:00,2026-10-03T09:49:08.680049+01:00,5d13b613a334039f0694d8c95af28728,baseball_mlb,MLB,2026-10-03T17:01:00+00:00,2026-10-03T18:01:00+01:00,Cleveland Guardians,Chicago White Sox,betfair_ex_uk,Betfair,2026-10-03T08:49:02Z,h2h,Chicago White Sox,2.34,,0.4273504273504274,0.425061425061425,0.2
2026-10-03T08:49:08.680049+00:00,2026-10-03T09:49:08.680049+01:00,5d13b613a334039f0694d8c95af28728,baseball_mlb,MLB,2026-10-03T17:01:00+00:00,2026-10-03T18:01:00+01:00,Cleveland Guardians,Chicago White Sox,betfair_ex_uk,Betfair,2026-10-03T08:49:02Z,h2h,Cleveland Guardians,1.73,,0.5780346820809249,0.5749385749385749,0.2
2026-10-03T08:49:08.680049+00:00,2026-10-03T09:49:08.680049+01:00,5d13b613a334039f0694d8c95af28728,baseball_mlb,MLB,2026-10-03T17:01:00+00:00,2026-10-03T18:01:00+01:00,Cleveland Guardians,Chicago White Sox,betfair_ex_uk,Betfair,2026-10-03T08:49:02Z,h2h_lay,Chicago White Sox,2.36,,0.42372881355932207,1.0,0.2
2026-10-03T08:49:08.680049+00:00,2026-10-03T09:49:08.680049+01:00,5d13b613a334039f0694d8c95af28728,baseball_mlb,MLB,2026-10-03T17:01:00+00:00,2026-10-03T18:01:00+01:00,Cleveland Guardians,Chicago White Sox,betfair_ex_uk,Betfair,2026-10-03T08:49:02Z,h2h_lay,Cleveland Guardians,1.74,,0.5747126436781609,1.0,0.2
2026-10-03T08:49:08.680049+00:00,2026-10-03T09:49:08.680049+01:00,5d13b613a334039f0694d8c95af28728,baseball_mlb,MLB,2026-10-03T17:01:00+00:00,2026-10-03T18:01:00+01:00,Cleveland Guardians,Chicago White Sox,matchbook,Matchbook,2026-10-03T08:49:02Z,h2h,Chicago White Sox,2.34,,0.4273504273504274,0.425061425061425,0.2
2026-10-03T08:49:08.680049+00:00,2026-10-03T09:49:08.680049+01:00,5d13b613a334039f0694d8c95af28728,baseball_mlb,MLB,2026-10-03T17:01:00+00:00,2026-10-03T18:01:00+01:00,Cleveland Guardians,Chicago White Sox,matchbook,Matchbook,2026-10-03T08:49:02Z,h2h,Cleveland Guardians,1.73,,0.5780346820809249,0.5749385749385749,0.2
2026-10-03T08:49:08.680049+00:00,2026-10-03T09:49:08.680049+01:00,5d13b613a334039f0694d8c95af28728,baseball_mlb,MLB,2026-10-03T17:01:00+00:00,2026-10-03T18:01:00+01:00,Cleveland Guardians,Chicago White Sox,matchbook,Matchbook,2026-10-03T08:49:02Z,h2h_lay,Chicago White Sox,2.36,,0.42372881355932207,1.0,0.2
2026-10-03T08:49:08.680049+00:00,2026-10-03T09:49:08.680049+01:00,5d13b613a334039f0694d8c95af28728,baseball_mlb,MLB,2026-10-03T17:01:00+00:00,2026-10-03T18:01:00+01:00,Cleveland Guardians,Chicago White Sox,matchbook,Matchbook,2026-10-03T08:49:02Z,h2h_lay,Cleveland Guardians,1.74,,0.5747126436781609,1.0,0.2
2026-10-03T08:49:08.680049+00:00,2026-10-03T09:49:08.680049+01:00,1632ced04d65127cf6172d3a2c2e2d16,baseball_mlb,MLB,2026-10-03T20:00:00+00:00,2026-10-03T21:00:00+01:00,Los Angeles Dodgers,Atlanta Braves,paddypower,Paddy Power,2026-10-03T08:48:30Z,h2h,Atlanta Braves,2.88,,0.3472222222222222,0.32710280373831774,0.2
2026-10-03T08:49:08.680049+00:00,2026-10-03T09:49:08.680049+01:00,1632ced04d65127cf6172d3a2c2e2d16,baseball_mlb,MLB,2026-10-03T20:00:00+00:00,2026-10-03T21:00:00+01:00,Los Angeles Dodgers,Atlanta Braves,paddypower,Paddy Power,2026-10-03T08:48:30Z,h2h,Los Angeles Dodgers,1.4,,0.7142857142857143,0.6728971962616822,0.2
2026-10-03T08:49:08.680049+00:00,2026-10-03T09:49:08.680049+01:00,1632ced04d65127cf6172d3a2c2e2d16,baseball_mlb,MLB,2026-10-03T20:00:00+00:00,2026-10-03T21:00:00+01:00,Los Angeles Dodgers,Atlanta Braves,ladbrokes_uk,Ladbrokes,2026-10-03T08:48:30Z,h2h,Atlanta Braves,2.8,,0.35714285714285715,0.33962264150943394,0.2
2026-10-03T08:49:08.680049+00:00,2026-10-03T09:49:08.680049+01:00,1632ced04d65127cf6172d3a2c2e2d16,baseball_mlb,MLB,2026-10-03T20:00:00+00:00,2026-10-03T21:00:00+01:00,Los Angeles Dodgers,Atlanta Braves,ladbrokes_uk,Ladbrokes,2026-10-03T08:48:30Z,h2h,Los Angeles Dodgers,1.44,,0.6944444444444444,0.660377358490566,0.2
2026-10-03T08:49:08.680049+00:00,2026-10-03T09:49:08.680049+01:00,1632ced04d65127cf6172d3a2c2e2d16,baseball_mlb,MLB,2026-10-03T20:00:00+00:00,2026-10-03T21:00:00+01:00,Los Angeles Dodgers,Atlanta Braves,coral,Coral,2026-10-03T08:48:31Z,h2h,Atlanta Braves,2.8,,0.35714285714285715,0.33962264150943394,0.2
2026-10-03T08:49:08.680049+00:00,2026-10-03T09:49:08.680049+01:00,1632ced04d65127cf6172d3a2c2e2d16,baseball_mlb,MLB,2026-10-03T20:00:00+00:00,2026-10-03T21:00:00+01:00,Los Angeles Dodgers,Atlanta Braves,coral,Coral,2026-10-03T08:48:31Z,h2h,Los Angeles Dodgers,1.44,,0.6944444444444444,0.660377358490566,0.2
2026-10-03T08:49:08.680049+00:00,2026-10-03T09:49:08.680049+01:00,1632ced04d65127cf6172d3a2c2e2d16,baseball_mlb,MLB,2026-10-03T20:00:00+00:00,2026-10-03T21:00:00+01:00,Los Angeles Dodgers,Atlanta Braves,unibet_uk,Unibet (UK),2026-10-03T08:49:02Z,h2h,Atlanta Braves,2.75,,0.36363636363636365,0.3452380952380952,0.2
2026-10-03T08:49:08.680049+00:00,2026-10-03T09:49:08.680049+01:00,1632ced04d65127cf6172d3a2c2e2d16,baseball_mlb,MLB,2026-10-03T20:00:00+00:00,2026-10-03T21:00:00+01:00,Los Angeles Dodgers,Atlanta Braves,unibet_uk,Unibet (UK),2026-10-03T08:49:02Z,h2h,Los Angeles Dodgers,1.45,,0.6896551724137931,0.6547619047619047,0.2
2026-10-03T08:49:08.680049+00:00,2026-10-03T09:49:08.680049+01:00,1632ced04d65127cf6172d3a2c2e2d16,baseball_mlb,MLB,2026-10-03T20:00:00+00:00,2026-10-03T21:00:00+01:00,Los Angeles Dodgers,Atlanta Braves,smarkets,Smarkets,2026-10-03T08:49:01Z,h2h,Atlanta Braves,2.98,,0.33557046979865773,0.3257918552036199,0.2
2026-10-03T08:49:08.680049+00:00,2026-10-03T09:49:08.680049+01:00,1632ced04d65127cf6172d3a2c2e2d16,baseball_mlb,MLB,2026-10-03T20:00:00+00:00,2026-10-03T21:00:00+01:00,Los Angeles Dodgers,Atlanta Braves,smarkets,Smarkets,2026-10-03T08:49:01Z,h2h,Los Angeles Dodgers,1.44,,0.6944444444444444,0.6742081447963801,0.2
2026-10-03T08:49:08.680049+00:00,2026-10-03T09:49:08.680049+01:00,1632ced04d65127cf6172d3a2c2e2d16,baseball_mlb,MLB,2026-10-03T20:00:00+00:00,2026-10-03T21:00:00+01:00,Los Angeles Dodgers,Atlanta Braves,smarkets,Smarkets,2026-10-03T08:49:01Z,h2h_lay,Atlanta Braves,3.1,,0.3225806451612903,1.0,0.2
2026-10-03T08:49:08.680049+00:00,2026-10-03T09:49:08.680049+01:00,1632ced04d65127cf6172d3a2c2e2d16,baseball_mlb,MLB,2026-10-03T20:00:00+00:00,2026-10-03T21:00:00+01:00,Los Angeles Dodgers,Atlanta Braves,smarkets,Smarkets,2026-10-03T08:49:01Z,h2h_lay,Los Angeles Dodgers,1.51,,0.6622516556291391,1.0,0.2
2026-10-03T08:49:08.680049+00:00,2026-10-03T09:49:08.680049+01:00,1632ced04d65127cf6172d3a2c2e2d16,baseball_mlb,MLB,2026-10-03T20:00:00+00:00,2026-10-03T21:00:00+01:00,Los Angeles Dodgers,Atlanta Braves,williamhill,William Hill,2026-10-03T08:48:14Z,h2h,Atlanta Braves,2.75,,0.36363636363636365,0.3436754176610979,0.2
2026-10-03T08:49:08.680049+00:00,2026-10-03T09:49:08.680049+01:00,1632ced04d65127cf6172d3a2c2e2d16,baseball_mlb,MLB,2026-10-03T20:00:00+00:00,2026-10-03T21:00:00+01:00,Los Angeles Dodgers,Atlanta Braves,williamhill,William Hill,2026-10-03T08:48:14Z,h2h,Los Angeles Dodgers,1.44,,0.6944444444444444,0.6563245823389022,0.2
2026-10-03T08:49:08.680049+00:00,2026-10-03T09:49:08.680049+01:00,1632ced04d65127cf6172d3a2c2e2d16,baseball_mlb,MLB,2026-10-03T20:00:00+00:00,2026-10-03T21:00:00+01:00,Los Angeles Dodgers,Atlanta Braves,betway,Betway,2026-10-03T08:48:30Z,h2h,Atlanta Braves,2.75,,0.36363636363636365,0.3498817966903074,0.2
2026-10-03T08:49:08.680049+00:00,2026-10-03T09:49:08.680049+01:00,1632ced04d65127cf6172d3a2c2e2d16,baseball_mlb,MLB,2026-10-03T20:00:00+00:00,2026-10-03T21:00:00+01:00,Los Angeles Dodgers,Atlanta Braves,betway,Betway,2026-10-03T08:48:30Z,h2h,Los Angeles Dodgers,1.48,,0.6756756756756757,0.6501182033096927,0.2
2026-10-03T08:49:08.680049+00:00,2026-10-03T09:49:08.680049+01:00,1632ced04d65127cf6172d3a2c2e2d16,baseball_mlb,MLB,2026-10-03T20:00:00+00:00,2026-10-03T21:00:00+01:00,Los Angeles Dodgers,Atlanta Braves,betfair_sb_uk,Betfair Sportsbook,2026-10-03T08:48:13Z,h2h,Atlanta Braves,2.88,,0.3472222222222222,0.33487297921478054,0.2
2026-10-03T08:49:08.680049+00:00,2026-10-03T09:49:08.680049+01:00,1632ced04d65127cf6172d3a2c2e2d16,baseball_mlb,MLB,2026-10-03T20:00:00+00:00,2026-10-03T21:00:00+01:00,Los Angeles Dodgers,Atlanta Braves,betfair_sb_uk,Betfair Sportsbook,2026-10-03T08:48:13Z,h2h,Los Angeles Dodgers,1.45,,0.6896551724137931,0.6651270207852193,0.2
2026-10-03T08:49:08.680049+00:00,2026-10-03T09:49:08.680049+01:00,1632ced04d65127cf6172d3a2c2e2d16,baseball_mlb,MLB,2026-10-03T20:00:00+00:00,2026-10-03T21:00:00+01:00,Los Angeles Dodgers,Atlanta Braves,livescorebet,LiveScore Bet,2026-10-03T08:48:46Z,h2h,Atlanta Braves,2.7,,0.37037037037037035,0.3478260869565217,0.2
2026-10-03T08:49:08.680049+00:00,2026-10-03T09:49:08.680049+01:00,1632ced04d65127cf6172d3a2c2e2d16,baseball_mlb,MLB,2026-10-03T20:00:00+00:00,2026-10-03T21:00:00+01:00,Los Angeles Dodgers,Atlanta Braves,livescorebet,LiveScore Bet,2026-10-03T08:48:46Z,h2h,Los Angeles Dodgers,1.44,,0.6944444444444444,0.6521739130434782,0.2
2026-10-03T08:49:08.680049+00:00,2026-10-03T09:49:08.680049+01:00,1632ced04d65127cf6172d3a2c2e2d16,baseball_mlb,MLB,2026-10-03T20:00:00+00:00,2026-10-03T21:00:00+01:00,Los Angeles Dodgers,Atlanta Braves,grosvenor,Grosvenor,2026-10-03T08:48:46Z,h2h,Atlanta Braves,2.65,,0.37735849056603776,0.3472906403940887,0.2
2026-10-03T08:49:08.680049+00:00,2026-10-03T09:49:08.680049+01:00,1632ced04d65127cf6172d3a2c2e2d16,baseball_mlb,MLB,2026-10-03T20:00:00+00:00,2026-10-03T21:00:00+01:00,Los Angeles Dodgers,Atlanta Braves,grosvenor,Grosvenor,2026-10-03T08:48:46Z,h2h,Los Angeles Dodgers,1.41,,0.7092198581560284,0.6527093596059114,0.2
2026-10-03T08:49:08.680049+00:00,2026-10-03T09:49:08.680049+01:00,1632ced04d65127cf6172d3a2c2e2d16,baseball_mlb,MLB,2026-10-03T20:00:00+00:00,2026-10-03T21:00:00+01:00,Los Angeles Dodgers,Atlanta Braves,virginbet,Virgin Bet,2026-10-03T08:49:01Z,h2h,Atlanta Braves,2.7,,0.37037037037037035,0.3478260869565217,0.2
2026-10-03T08:49:08.680049+00:00,2026-10-03T09:49:08.680049+01:00,1632ced04d65127cf6172d3a2c2e2d16,baseball_mlb,MLB,2026-10-03T20:00:00+00:00,2026-10-03T21:00:00+01:00,Los Angeles Dodgers,Atlanta Braves,virginbet,Virgin Bet,2026-10-03T08:49:01Z,h2h,Los Angeles Dodgers,1.44,,0.6944444444444444,0.6521739130434782,0.2
2026-10-03T08:49:08.680049+00:00,2026-10-03T09:49:08.680049+01:00,1632ced04d65127cf6172d3a2c2e2d16,baseball_mlb,MLB,2026-10-03T20:00:00+00:00,2026-10-03T21:00:00+01:00,Los Angeles Dodgers,Atlanta Braves,casumo,Casumo,2026-10-03T08:48:46Z,h2h,Atlanta Braves,2.75,,0.36363636363636365,0.34834123222748814,0.2
2026-10-03T08:49:08.680049+00:00,2026-10-03T09:49:08.680049+01:00,1632ced04d65127cf6172d3a2c2e2d16,baseball_mlb,MLB,2026-10-03T20:00:00+00:00,2026-10-03T21:00:00+01:00,Los Angeles Dodgers,Atlanta Braves,casumo,Casumo,2026-10-03T08:48:46Z,h2h,Los Angeles Dodgers,1.47,,0.6802721088435374,0.6516587677725119,0.2
2026-10-03T08:49:08.680049+00:00,2026-10-03T09:49:08.680049+01:00,1632ced04d65127cf6172d3a2c2e2d16,baseball_mlb,MLB,2026-10-03T20:00:00+00:00,2026-10-03T21:00:00+01:00,Los Angeles Dodgers,Atlanta Braves,sport888,888sport,2026-10-03T08:48:46Z,h2h,Atlanta Braves,2.75,,0.36363636363636365,0.3452380952380952,0.2
2026-10-03T08:49:08.680049+00:00,2026-10-03T09:49:08.680049+01:00,1632ced04d65127cf6172d3a2c2e2d16,baseball_mlb,MLB,2026-10-03T20:00:00+00:00,2026-10-03T21:00:00+01:00,Los Angeles Dodgers,Atlanta Braves,sport888,888sport,2026-10-03T08:48:46Z,h2h,Los Angeles Dodgers,1.45,,0.6896551724137931,0.6547619047619047,0.2
2026-10-03T08:49:08.680049+00:00,2026-10-03T09:49:08.680049+01:00,1632ced04d65127cf6172d3a2c2e2d16,baseball_mlb,MLB,2026-10-03T20:00:00+00:00,2026-10-03T21:00:00+01:00,Los Angeles Dodgers,Atlanta Braves,betvictor,Bet Victor,2026-10-03T08:48:59Z,h2h,Atlanta Braves,2.62,,0.38167938931297707,0.34825870646766166,0.2
2026-10-03T08:49:08.680049+00:00,2026-10-03T09:49:08.680049+01:00,1632ced04d65127cf6172d3a2c2e2d16,baseball_mlb,MLB,2026-10-03T20:00:00+00:00,2026-10-03T21:00:00+01:00,Los Angeles Dodgers,Atlanta Braves,betvictor,Bet Victor,2026-10-03T08:48:59Z,h2h,Los Angeles Dodgers,1.4,,0.7142857142857143,0.6517412935323382,0.2
2026-10-03T08:49:08.680049+00:00,2026-10-03T09:49:08.680049+01:00,1632ced04d65127cf6172d3a2c2e2d16,baseball_mlb,MLB,2026-10-03T20:00:00+00:00,2026-10-03T21:00:00+01:00,Los Angeles Dodgers,Atlanta Braves,betano_uk,Betano (UK),2026-10-03T08:48:42Z,h2h,Atlanta Braves,2.62,,0.38167938931297707,0.34825870646766166,0.2
2026-10-03T08:49:08.680049+00:00,2026-10-03T09:49:08.680049+01:00,1632ced04d65127cf6172d3a2c2e2d16,baseball_mlb,MLB,2026-10-03T20:00:00+00:00,2026-10-03T21:00:00+01:00,Los Angeles Dodgers,Atlanta Braves,betano_uk,Betano (UK),2026-10-03T08:48:42Z,h2h,Los Angeles Dodgers,1.4,,0.7142857142857143,0.6517412935323382,0.2
2026-10-03T08:49:08.680049+00:00,2026-10-03T09:49:08.680049+01:00,1632ced04d65127cf6172d3a2c2e2d16,baseball_mlb,MLB,2026-10-03T20:00:00+00:00,2026-10-03T21:00:00+01:00,Los Angeles Dodgers,Atlanta Braves,betfair_ex_uk,Betfair,2026-10-03T08:49:02Z,h2h,Atlanta Braves,3.0,,0.3333333333333333,0.33035714285714285,0.2
2026-10-03T08:49:08.680049+00:00,2026-10-03T09:49:08.680049+01:00,1632ced04d65127cf6172d3a2c2e2d16,baseball_mlb,MLB,2026-10-03T20:00:00+00:00,2026-10-03T21:00:00+01:00,Los Angeles Dodgers,Atlanta Braves,betfair_ex_uk,Betfair,2026-10-03T08:49:02Z,h2h,Los Angeles Dodgers,1.48,,0.6756756756756757,0.6696428571428572,0.2
2026-10-03T08:49:08.680049+00:00,2026-10-03T09:49:08.680049+01:00,1632ced04d65127cf6172d3a2c2e2d16,baseball_mlb,MLB,2026-10-03T20:00:00+00:00,2026-10-03T21:00:00+01:00,Los Angeles Dodgers,Atlanta Braves,betfair_ex_uk,Betfair,2026-10-03T08:49:02Z,h2h_lay,Atlanta Braves,3.1,,0.3225806451612903,1.0,0.2
2026-10-03T08:49:08.680049+00:00,2026-10-03T09:49:08.680049+01:00,1632ced04d65127cf6172d3a2c2e2d16,baseball_mlb,MLB,2026-10-03T20:00:00+00:00,2026-10-03T21:00:00+01:00,Los Angeles Dodgers,Atlanta Braves,betfair_ex_uk,Betfair,2026-10-03T08:49:02Z,h2h_lay,Los Angeles Dodgers,1.49,,0.6711409395973155,1.0,0.2
2026-10-03T08:49:08.680049+00:00,2026-10-03T09:49:08.680049+01:00,1632ced04d65127cf6172d3a2c2e2d16,baseball_mlb,MLB,2026-10-03T20:00:00+00:00,2026-10-03T21:00:00+01:00,Los Angeles Dodgers,Atlanta Braves,betfred_uk,Betfred (UK),2026-10-03T08:48:13Z,h2h,Atlanta Braves,2.8,,0.35714285714285715,0.33962264150943394,0.2
2026-10-03T08:49:08.680049+00:00,2026-10-03T09:49:08.680049+01:00,1632ced04d65127cf6172d3a2c2e2d16,baseball_mlb,MLB,2026-10-03T20:00:00+00:00,2026-10-03T21:00:00+01:00,Los Angeles Dodgers,Atlanta Braves,betfred_uk,Betfred (UK),2026-10-03T08:48:13Z,h2h,Los Angeles Dodgers,1.44,,0.6944444444444444,0.660377358490566,0.2
2026-10-03T08:49:08.680049+00:00,2026-10-03T09:49:08.680049+01:00,1632ced04d65127cf6172d3a2c2e2d16,baseball_mlb,MLB,2026-10-03T20:00:00+00:00,2026-10-03T21:00:00+01:00,Los Angeles Dodgers,Atlanta Braves,leovegas,LeoVegas,2026-10-03T08:48:30Z,h2h,Atlanta Braves,2.75,,0.36363636363636365,0.3452380952380952,0.2
2026-10-03T08:49:08.680049+00:00,2026-10-03T09:49:08.680049+01:00,1632ced04d65127cf6172d3a2c2e2d16,baseball_mlb,MLB,2026-10-03T20:00:00+00:00,2026-10-03T21:00:00+01:00,Los Angeles Dodgers,Atlanta Braves,leovegas,LeoVegas,2026-10-03T08:48:30Z,h2h,Los Angeles Dodgers,1.45,,0.6896551724137931,0.6547619047619047,0.2
2026-10-03T08:49:08.680049+00:00,2026-10-03T09:49:08.680049+01:00,1632ced04d65127cf6172d3a2c2e2d16,baseball_mlb,MLB,2026-10-03T20:00:00+00:00,2026-10-03T21:00:00+01:00,Los Angeles Dodgers,Atlanta Braves,matchbook,Matchbook,2026-10-03T08:49:02Z,h2h,Atlanta Braves,3.1,,0.3225806451612903,0.32166301969365424,0.2
2026-10-03T08:49:08.680049+00:00,2026-10-03T09:49:08.680049+01:00,1632ced04d65127cf6172d3a2c2e2d16,baseball_mlb,MLB,2026-10-03T20:00:00+00:00,2026-10-03T21:00:00+01:00,Los Angeles Dodgers,Atlanta Braves,matchbook,Matchbook,2026-10-03T08:49:02Z,h2h,Los Angeles Dodgers,1.47,,0.6802721088435374,0.6783369803063457,0.2
2026-10-03T08:49:08.680049+00:00,2026-10-03T09:49:08.680049+01:00,1632ced04d65127cf6172d3a2c2e2d16,baseball_mlb,MLB,2026-10-03T20:00:00+00:00,2026-10-03T21:00:00+01:00,Los Angeles Dodgers,Atlanta Braves,matchbook,Matchbook,2026-10-03T08:49:02Z,h2h_lay,Atlanta Braves,3.15,,0.31746031746031744,1.0,0.2
2026-10-03T08:49:08.680049+00:00,2026-10-03T09:49:08.680049+01:00,1632ced04d65127cf6172d3a2c2e2d16,baseball_mlb,MLB,2026-10-03T20:00:00+00:00,2026-10-03T21:00:00+01:00,Los Angeles Dodgers,Atlanta Braves,matchbook,Matchbook,2026-10-03T08:49:02Z,h2h_lay,Los Angeles Dodgers,1.48,,0.6756756756756757,1.0,0.2
2026-10-03T08:49:08.680049+00:00,2026-10-03T09:49:08.680049+01:00,1632ced04d65127cf6172d3a2c2e2d16,baseball_mlb,MLB,2026-10-03T20:00:00+00:00,2026-10-03T21:00:00+01:00,Los Angeles Dodgers,Atlanta Braves,boylesports,BoyleSports,2026-10-03T08:48:46Z,h2h,Atlanta Braves,2.75,,0.36363636363636365,0.3436754176610979,0.2
2026-10-03T08:49:08.680049+00:00,2026-10-03T09:49:08.680049+01:00,1632ced04d65127cf6172d3a2c2e2d16,baseball_mlb,MLB,2026-10-03T20:00:00+00:00,2026-10-03T21:00:00+01:00,Los Angeles Dodgers,Atlanta Braves,boylesports,BoyleSports,2026-10-03T08:48:46Z,h2h,Los Angeles Dodgers,1.44,,0.6944444444444444,0.6563245823389022,0.2
2026-10-03T08:49:08.680049+00:00,2026-10-03T09:49:08.680049+01:00,cb4d07dc15440acf3d9ebe1ad41756c1,baseball_mlb,MLB,2026-10-03T22:31:00+00:00,2026-10-03T23:31:00+01:00,Tampa Bay Rays,New York Yankees,paddypower,Paddy Power,2026-10-03T08:48:30Z,h2h,New York Yankees,2.1,,0.47619047619047616,0.4516971279373368,0.2
2026-10-03T08:49:08.680049+00:00,2026-10-03T09:49:08.680049+01:00,cb4d07dc15440acf3d9ebe1ad41756c1,baseball_mlb,MLB,2026-10-03T22:31:00+00:00,2026-10-03T23:31:00+01:00,Tampa Bay Rays,New York Yankees,paddypower,Paddy Power,2026-10-03T08:48:30Z,h2h,Tampa Bay Rays,1.73,,0.5780346820809249,0.5483028720626633,0.2
2026-10-03T08:49:08.680049+00:00,2026-10-03T09:49:08.680049+01:00,cb4d07dc15440acf3d9ebe1ad41756c1,baseball_mlb,MLB,2026-10-03T22:31:00+00:00,2026-10-03T23:31:00+01:00,Tampa Bay Rays,New York Yankees,betfair_sb_uk,Betfair Sportsbook,2026-10-03T08:48:13Z,h2h,New York Yankees,2.1,,0.47619047619047616,0.4545454545454546,0.2
2026-10-03T08:49:08.680049+00:00,2026-10-03T09:49:08.680049+01:00,cb4d07dc15440acf3d9ebe1ad41756c1,baseball_mlb,MLB,2026-10-03T22:31:00+00:00,2026-10-03T23:31:00+01:00,Tampa Bay Rays,New York Yankees,betfair_sb_uk,Betfair Sportsbook,2026-10-03T08:48:13Z,h2h,Tampa Bay Rays,1.75,,0.5714285714285714,0.5454545454545455,0.2
2026-10-03T08:49:08.680049+00:00,2026-10-03T09:49:08.680049+01:00,cb4d07dc15440acf3d9ebe1ad41756c1,baseball_mlb,MLB,2026-10-03T22:31:00+00:00,2026-10-03T23:31:00+01:00,Tampa Bay Rays,New York Yankees,coral,Coral,2026-10-03T08:48:31Z,h2h,New York Yankees,2.15,,0.46511627906976744,0.4458762886597938,0.2
2026-10-03T08:49:08.680049+00:00,2026-10-03T09:49:08.680049+01:00,cb4d07dc15440acf3d9ebe1ad41756c1,baseball_mlb,MLB,2026-10-03T22:31:00+00:00,2026-10-03T23:31:00+01:00,Tampa Bay Rays,New York Yankees,coral,Coral,2026-10-03T08:48:31Z,h2h,Tampa Bay Rays,1.73,,0.5780346820809249,0.5541237113402062,0.2
2026-10-03T08:49:08.680049+00:00,2026-10-03T09:49:08.680049+01:00,cb4d07dc15440acf3d9ebe1ad41756c1,baseball_mlb,MLB,2026-10-03T22:31:00+00:00,2026-10-03T23:31:00+01:00,Tampa Bay Rays,New York Yankees,ladbrokes_uk,Ladbrokes,2026-10-03T08:48:30Z,h2h,New York Yankees,2.15,,0.46511627906976744,0.4458762886597938,0.2
2026-10-03T08:49:08.680049+00:00,2026-10-03T09:49:08.680049+01:00,cb4d07dc15440acf3d9ebe1ad41756c1,baseball_mlb,MLB,2026-10-03T22:31:00+00:00,2026-10-03T23:31:00+01:00,Tampa Bay Rays,New York Yankees,ladbrokes_uk,Ladbrokes,2026-10-03T08:48:30Z,h2h,Tampa Bay Rays,1.73,,0.5780346820809249,0.5541237113402062,0.2
2026-10-03T08:49:08.680049+00:00,2026-10-03T09:49:08.680049+01:00,cb4d07dc15440acf3d9ebe1ad41756c1,baseball_mlb,MLB,2026-10-03T22:31:00+00:00,2026-10-03T23:31:00+01:00,Tampa Bay Rays,New York Yankees,williamhill,William Hill,2026-10-03T08:48:14Z,h2h,New York Yankees,2.1,,0.47619047619047616,0.4516971279373368,0.2
2026-10-03T08:49:08.680049+00:00,2026-10-03T09:49:08.680049+01:00,cb4d07dc15440acf3d9ebe1ad41756c1,baseball_mlb,MLB,2026-10-03T22:31:00+00:00,2026-10-03T23:31:00+01:00,Tampa Bay Rays,New York Yankees,williamhill,William Hill,2026-10-03T08:48:14Z,h2h,Tampa Bay Rays,1.73,,0.5780346820809249,0.5483028720626633,0.2
2026-10-03T08:49:08.680049+00:00,2026-10-03T09:49:08.680049+01:00,cb4d07dc15440acf3d9ebe1ad41756c1,baseball_mlb,MLB,2026-10-03T22:31:00+00:00,2026-10-03T23:31:00+01:00,Tampa Bay Rays,New York Yankees,unibet_uk,Unibet (UK),2026-10-03T08:49:02Z,h2h,New York Yankees,2.12,,0.4716981132075471,0.4493506493506493,0.2
2026-10-03T08:49:08.680049+00:00,2026-10-03T09:49:08.680049+01:00,cb4d07dc15440acf3d9ebe1ad41756c1,baseball_mlb,MLB,2026-10-03T22:31:00+00:00,2026-10-03T23:31:00+01:00,Tampa Bay Rays,New York Yankees,unibet_uk,Unibet (UK),2026-10-03T08:49:02Z,h2h,Tampa Bay Rays,1.73,,0.5780346820809249,0.5506493506493506,0.2
2026-10-03T08:49:08.680049+00:00,2026-10-03T09:49:08.680049+01:00,cb4d07dc15440acf3d9ebe1ad41756c1,baseball_mlb,MLB,2026-10-03T22:31:00+00:00,2026-10-03T23:31:00+01:00,Tampa Bay Rays,New York Yankees,smarkets,Smarkets,2026-10-03T08:49:01Z,h2h,New York Yankees,2.18,,0.4587155963302752,0.4494949494949495,0.2
2026-10-03T08:49:08.680049+00:00,2026-10-03T09:49:08.680049+01:00,cb4d07dc15440acf3d9ebe1ad41756c1,baseball_mlb,MLB,2026-10-03T22:31:00+00:00,2026-10-03T23:31:00+01:00,Tampa Bay Rays,New York Yankees,smarkets,Smarkets,2026-10-03T08:49:01Z,h2h,Tampa Bay Rays,1.78,,0.5617977528089888,0.5505050505050506,0.2
2026-10-03T08:49:08.680049+00:00,2026-10-03T09:49:08.680049+01:00,cb4d07dc15440acf3d9ebe1ad41756c1,baseball_mlb,MLB,2026-10-03T22:31:00+00:00,2026-10-03T23:31:00+01:00,Tampa Bay Rays,New York Yankees,smarkets,Smarkets,2026-10-03T08:49:01Z,h2h_lay,New York Yankees,2.3,,0.4347826086956522,1.0,0.2
2026-10-03T08:49:08.680049+00:00,2026-10-03T09:49:08.680049+01:00,cb4d07dc15440acf3d9ebe1ad41756c1,baseball_mlb,MLB,2026-10-03T22:31:00+00:00,2026-10-03T23:31:00+01:00,Tampa Bay Rays,New York Yankees,smarkets,Smarkets,2026-10-03T08:49:01Z,h2h_lay,Tampa Bay Rays,1.85,,0.5405405405405405,1.0,0.2
2026-10-03T08:49:08.680049+00:00,2026-10-03T09:49:08.680049+01:00,cb4d07dc15440acf3d9ebe1ad41756c1,baseball_mlb,MLB,2026-10-03T22:31:00+00:00,2026-10-03T23:31:00+01:00,Tampa Bay Rays,New York Yankees,betway,Betway,2026-10-03T08:48:30Z,h2h,New York Yankees,2.15,,0.46511627906976744,0.44730077120822626,0.2
2026-10-03T08:49:08.680049+00:00,2026-10-03T09:49:08.680049+01:00,cb4d07dc15440acf3d9ebe1ad41756c1,baseball_mlb,MLB,2026-10-03T22:31:00+00:00,2026-10-03T23:31:00+01:00,Tampa Bay Rays,New York Yankees,betway,Betway,2026-10-03T08:48:30Z,h2h,Tampa Bay Rays,1.74,,0.5747126436781609,0.5526992287917738,0.2
2026-10-03T08:49:08.680049+00:00,2026-10-03T09:49:08.680049+01:00,cb4d07dc15440acf3d9ebe1ad41756c1,baseball_mlb,MLB,2026-10-03T22:31:00+00:00,2026-10-03T23:31:00+01:00,Tampa Bay Rays,New York Yankees,betvictor,Bet Victor,2026-10-03T08:48:59Z,h2h,New York Yankees,2.05,,0.48780487804878053,0.44892473118279574,0.2
2026-10-03T08:49:08.680049+00:00,2026-10-03T09:49:08.680049+01:00,cb4d07dc15440acf3d9ebe1ad41756c1,baseball_mlb,MLB,2026-10-03T22:31:00+00:00,2026-10-03T23:31:00+01:00,Tampa Bay Rays,New York Yankees,betvictor,Bet Victor,2026-10-03T08:48:59Z,h2h,Tampa Bay Rays,1.67,,0.5988023952095809,0.5510752688172044,0.2
2026-10-03T08:49:08.680049+00:00,2026-10-03T09:49:08.680049+01:00,cb4d07dc15440acf3d9ebe1ad41756c1,baseball_mlb,MLB,2026-10-03T22:31:00+00:00,2026-10-03T23:31:00+01:00,Tampa Bay Rays,New York Yankees,livescorebet,LiveScore Bet,2026-10-03T08:48:46Z,h2h,New York Yankees,2.07,,0.48309178743961356,0.4552631578947368,0.2
2026-10-03T08:49:08.680049+00:00,2026-10-03T09:49:08.680049+01:00,cb4d07dc15440acf3d9ebe1ad41756c1,baseball_mlb,MLB,2026-10-03T22:31:00+00:00,2026-10-03T23:31:00+01:00,Tampa Bay Rays,New York Yankees,livescorebet,LiveScore Bet,2026-10-03T08:48:46Z,h2h,Tampa Bay Rays,1.73,,0.5780346820809249,0.5447368421052632,0.2
2026-10-03T08:49:08.680049+00:00,2026-10-03T09:49:08.680049+01:00,cb4d07dc15440acf3d9ebe1ad41756c1,baseball_mlb,MLB,2026-10-03T22:31:00+00:00,2026-10-03T23:31:00+01:00,Tampa Bay Rays,New York Yankees,virginbet,Virgin Bet,2026-10-03T08:49:01Z,h2h,New York Yankees,2.07,,0.48309178743961356,0.4552631578947368,0.2
2026-10-03T08:49:08.680049+00:00,2026-10-03T09:49:08.680049+01:00,cb4d07dc15440acf3d9ebe1ad41756c1,baseball_mlb,MLB,2026-10-03T22:31:00+00:00,2026-10-03T23:31:00+01:00,Tampa Bay Rays,New York Yankees,virginbet,Virgin Bet,2026-10-03T08:49:01Z,h2h,Tampa Bay Rays,1.73,,0.5780346820809249,0.5447368421052632,0.2
2026-10-03T08:49:08.680049+00:00,2026-10-03T09:49:08.680049+01:00,cb4d07dc15440acf3d9ebe1ad41756c1,baseball_mlb,MLB,2026-10-03T22:31:00+00:00,2026-10-03T23:31:00+01:00,Tampa Bay Rays,New York Yankees,betano_uk,Betano (UK),2026-10-03T08:48:42Z,h2h,New York Yankees,2.05,,0.48780487804878053,0.44892473118279574,0.2
2026-10-03T08:49:08.680049+00:00,2026-10-03T09:49:08.680049+01:00,cb4d07dc15440acf3d9ebe1ad41756c1,baseball_mlb,MLB,2026-10-03T22:31:00+00:00,2026-10-03T23:31:00+01:00,Tampa Bay Rays,New York Yankees,betano_uk,Betano (UK),2026-10-03T08:48:42Z,h2h,Tampa Bay Rays,1.67,,0.5988023952095809,0.5510752688172044,0.2
2026-10-03T08:49:08.680049+00:00,2026-10-03T09:49:08.680049+01:00,cb4d07dc15440acf3d9ebe1ad41756c1,baseball_mlb,MLB,2026-10-03T22:31:00+00:00,2026-10-03T23:31:00+01:00,Tampa Bay Rays,New York Yankees,casumo,Casumo,2026-10-03T08:48:46Z,h2h,New York Yankees,2.1,,0.47619047619047616,0.4559585492227979,0.2
2026-10-03T08:49:08.680049+00:00,2026-10-03T09:49:08.680049+01:00,cb4d07dc15440acf3d9ebe1ad41756c1,baseball_mlb,MLB,2026-10-03T22:31:00+00:00,2026-10-03T23:31:00+01:00,Tampa Bay Rays,New York Yankees,casumo,Casumo,2026-10-03T08:48:46Z,h2h,Tampa Bay Rays,1.76,,0.5681818181818182,0.5440414507772021,0.2
2026-10-03T08:49:08.680049+00:00,2026-10-03T09:49:08.680049+01:00,cb4d07dc15440acf3d9ebe1ad41756c1,baseball_mlb,MLB,2026-10-03T22:31:00+00:00,2026-10-03T23:31:00+01:00,Tampa Bay Rays,New York Yankees,grosvenor,Grosvenor,2026-10-03T08:48:46Z,h2h,New York Yankees,2.02,,0.49504950495049505,0.454054054054054,0.2
2026-10-03T08:49:08.680049+00:00,2026-10-03T09:49:08.680049+01:00,cb4d07dc15440acf3d9ebe1ad41756c1,baseball_mlb,MLB,2026-10-03T22:31:00+00:00,2026-10-03T23:31:00+01:00,Tampa Bay Rays,New York Yankees,grosvenor,Grosvenor,2026-10-03T08:48:46Z,h2h,Tampa Bay Rays,1.68,,0.5952380952380952,0.5459459459459459,0.2
2026-10-03T08:49:08.680049+00:00,2026-10-03T09:49:08.680049+01:00,cb4d07dc15440acf3d9ebe1ad41756c1,baseball_mlb,MLB,2026-10-03T22:31:00+00:00,2026-10-03T23:31:00+01:00,Tampa Bay Rays,New York Yankees,sport888,888sport,2026-10-03T08:48:46Z,h2h,New York Yankees,2.1,,0.47619047619047616,0.4516971279373368,0.2
2026-10-03T08:49:08.680049+00:00,2026-10-03T09:49:08.680049+01:00,cb4d07dc15440acf3d9ebe1ad41756c1,baseball_mlb,MLB,2026-10-03T22:31:00+00:00,2026-10-03T23:31:00+01:00,Tampa Bay Rays,New York Yankees,sport888,888sport,2026-10-03T08:48:46Z,h2h,Tampa Bay Rays,1.73,,0.5780346820809249,0.5483028720626633,0.2
2026-10-03T08:49:08.680049+00:00,2026-10-03T09:49:08.680049+01:00,cb4d07dc15440acf3d9ebe1ad41756c1,baseball_mlb,MLB,2026-10-03T22:31:00+00:00,2026-10-03T23:31:00+01:00,Tampa Bay Rays,New York Yankees,leovegas,LeoVegas,2026-10-03T08:48:30Z,h2h,New York Yankees,2.12,,0.4716981132075471,0.44791666666666663,0.2
2026-10-03T08:49:08.680049+00:00,2026-10-03T09:49:08.680049+01:00,cb4d07dc15440acf3d9ebe1ad41756c1,baseball_mlb,MLB,2026-10-03T22:31:00+00:00,2026-10-03T23:31:00+01:00,Tampa Bay Rays,New York Yankees,leovegas,LeoVegas,2026-10-03T08:48:30Z,h2h,Tampa Bay Rays,1.72,,0.5813953488372093,0.5520833333333334,0.2
2026-10-03T08:49:08.680049+00:00,2026-10-03T09:49:08.680049+01:00,cb4d07dc15440acf3d9ebe1ad41756c1,baseball_mlb,MLB,2026-10-03T22:31:00+00:00,2026-10-03T23:31:00+01:00,Tampa Bay Rays,New York Yankees,betfred_uk,Betfred (UK),2026-10-03T08:48:13Z,h2h,New York Yankees,2.1,,0.47619047619047616,0.4516971279373368,0.2
2026-10-03T08:49:08.680049+00:00,2026-10-03T09:49:08.680049+01:00,cb4d07dc15440acf3d9ebe1ad41756c1,baseball_mlb,MLB,2026-10-03T22:31:00+00:00,2026-10-03T23:31:00+01:00,Tampa Bay Rays,New York Yankees,betfred_uk,Betfred (UK),2026-10-03T08:48:13Z,h2h,Tampa Bay Rays,1.73,,0.5780346820809249,0.5483028720626633,0.2
2026-10-03T08:49:08.680049+00:00,2026-10-03T09:49:08.680049+01:00,cb4d07dc15440acf3d9ebe1ad41756c1,baseball_mlb,MLB,2026-10-03T22:31:00+00:00,2026-10-03T23:31:00+01:00,Tampa Bay Rays,New York Yankees,boylesports,BoyleSports,2026-10-03T08:48:46Z,h2h,New York Yankees,2.1,,0.47619047619047616,0.4516971279373368,0.2
2026-10-03T08:49:08.680049+00:00,2026-10-03T09:49:08.680049+01:00,cb4d07dc15440acf3d9ebe1ad41756c1,baseball_mlb,MLB,2026-10-03T22:31:00+00:00,2026-10-03T23:31:00+01:00,Tampa Bay Rays,New York Yankees,boylesports,BoyleSports,2026-10-03T08:48:46Z,h2h,Tampa Bay Rays,1.73,,0.5780346820809249,0.5483028720626633,0.2
2026-10-03T08:49:08.680049+00:00,2026-10-03T09:49:08.680049+01:00,cb4d07dc15440acf3d9ebe1ad41756c1,baseball_mlb,MLB,2026-10-03T22:31:00+00:00,2026-10-03T23:31:00+01:00,Tampa Bay Rays,New York Yankees,betfair_ex_uk,Betfair,2026-10-03T08:49:02Z,h2h,New York Yankees,2.2,,0.45454545454545453,0.4513715710723192,0.2
2026-10-03T08:49:08.680049+00:00,2026-10-03T09:49:08.680049+01:00,cb4d07dc15440acf3d9ebe1ad41756c1,baseball_mlb,MLB,2026-10-03T22:31:00+00:00,2026-10-03T23:31:00+01:00,Tampa Bay Rays,New York Yankees,betfair_ex_uk,Betfair,2026-10-03T08:49:02Z,h2h,Tampa Bay Rays,1.81,,0.5524861878453039,0.5486284289276808,0.2
2026-10-03T08:49:08.680049+00:00,2026-10-03T09:49:08.680049+01:00,cb4d07dc15440acf3d9ebe1ad41756c1,baseball_mlb,MLB,2026-10-03T22:31:00+00:00,2026-10-03T23:31:00+01:00,Tampa Bay Rays,New York Yankees,betfair_ex_uk,Betfair,2026-10-03T08:49:02Z,h2h_lay,New York Yankees,2.24,,0.4464285714285714,1.0,0.2
2026-10-03T08:49:08.680049+00:00,2026-10-03T09:49:08.680049+01:00,cb4d07dc15440acf3d9ebe1ad41756c1,baseball_mlb,MLB,2026-10-03T22:31:00+00:00,2026-10-03T23:31:00+01:00,Tampa Bay Rays,New York Yankees,betfair_ex_uk,Betfair,2026-10-03T08:49:02Z,h2h_lay,Tampa Bay Rays,1.82,,0.5494505494505494,1.0,0.2
2026-10-03T08:49:08.680049+00:00,2026-10-03T09:49:08.680049+01:00,cb4d07dc15440acf3d9ebe1ad41756c1,baseball_mlb,MLB,2026-10-03T22:31:00+00:00,2026-10-03T23:31:00+01:00,Tampa Bay Rays,New York Yankees,matchbook,Matchbook,2026-10-03T08:49:02Z,h2h,New York Yankees,2.22,,0.4504504504504504,0.44913151364764264,0.2
2026-10-03T08:49:08.680049+00:00,2026-10-03T09:49:08.680049+01:00,cb4d07dc15440acf3d9ebe1ad41756c1,baseball_mlb,MLB,2026-10-03T22:31:00+00:00,2026-10-03T23:31:00+01:00,Tampa Bay Rays,New York Yankees,matchbook,Matchbook,2026-10-03T08:49:02Z,h2h,Tampa Bay Rays,1.81,,0.5524861878453039,0.5508684863523574,0.2
2026-10-03T08:49:08.680049+00:00,2026-10-03T09:49:08.680049+01:00,cb4d07dc15440acf3d9ebe1ad41756c1,baseball_mlb,MLB,2026-10-03T22:31:00+00:00,2026-10-03T23:31:00+01:00,Tampa Bay Rays,New York Yankees,matchbook,Matchbook,2026-10-03T08:49:02Z,h2h_lay,New York Yankees,2.24,,0.4464285714285714,1.0,0.2
2026-10-03T08:49:08.680049+00:00,2026-10-03T09:49:08.680049+01:00,cb4d07dc15440acf3d9ebe1ad41756c1,baseball_mlb,MLB,2026-10-03T22:31:00+00:00,2026-10-03T23:31:00+01:00,Tampa Bay Rays,New York Yankees,matchbook,Matchbook,2026-10-03T08:49:02Z,h2h_lay,Tampa Bay Rays,1.82,,0.5494505494505494,1.0,0.2
2026-10-03T08:49:08.680049+00:00,2026-10-03T09:49:08.680049+01:00,347a2e725dd11a54a1d964eae3d04dd2,baseball_mlb,MLB,2026-10-04T00:30:00+00:00,2026-10-04T01:30:00+01:00,Milwaukee Brewers,San Diego Padres,paddypower,Paddy Power,2026-10-03T08:48:30Z,h2h,Milwaukee Brewers,1.47,,0.6802721088435374,0.6405867970660147,0.2
2026-10-03T08:49:08.680049+00:00,2026-10-03T09:49:08.680049+01:00,347a2e725dd11a54a1d964eae3d04dd2,baseball_mlb,MLB,2026-10-04T00:30:00+00:00,2026-10-04T01:30:00+01:00,Milwaukee Brewers,San Diego Padres,paddypower,Paddy Power,2026-10-03T08:48:30Z,h2h,San Diego Padres,2.62,,0.38167938931297707,0.3594132029339854,0.2
2026-10-03T08:49:08.680049+00:00,2026-10-03T09:49:08.680049+01:00,347a2e725dd11a54a1d964eae3d04dd2,baseball_mlb,MLB,2026-10-04T00:30:00+00:00,2026-10-04T01:30:00+01:00,Milwaukee Brewers,San Diego Padres,coral,Coral,2026-10-03T08:48:31Z,h2h,Milwaukee Brewers,1.44,,0.6944444444444444,0.660377358490566,0.2
2026-10-03T08:49:08.680049+00:00,2026-10-03T09:49:08.680049+01:00,347a2e725dd11a54a1d964eae3d04dd2,baseball_mlb,MLB,2026-10-04T00:30:00+00:00,2026-10-04T01:30:00+01:00,Milwaukee Brewers,San Diego Padres,coral,Coral,2026-10-03T08:48:31Z,h2h,San Diego Padres,2.8,,0.35714285714285715,0.33962264150943394,0.2
2026-10-03T08:49:08.680049+00:00,2026-10-03T09:49:08.680049+01:00,347a2e725dd11a54a1d964eae3d04dd2,baseball_mlb,MLB,2026-10-04T00:30:00+00:00,2026-10-04T01:30:00+01:00,Milwaukee Brewers,San Diego Padres,ladbrokes_uk,Ladbrokes,2026-10-03T08:48:30Z,h2h,Milwaukee Brewers,1.44,,0.6944444444444444,0.660377358490566,0.2
2026-10-03T08:49:08.680049+00:00,2026-10-03T09:49:08.680049+01:00,347a2e725dd11a54a1d964eae3d04dd2,baseball_mlb,MLB,2026-10-04T00:30:00+00:00,2026-10-04T01:30:00+01:00,Milwaukee Brewers,San Diego Padres,ladbrokes_uk,Ladbrokes,2026-10-03T08:48:30Z,h2h,San Diego Padres,2.8,,0.35714285714285715,0.33962264150943394,0.2
2026-10-03T08:49:08.680049+00:00,2026-10-03T09:49:08.680049+01:00,347a2e725dd11a54a1d964eae3d04dd2,baseball_mlb,MLB,2026-10-04T00:30:00+00:00,2026-10-04T01:30:00+01:00,Milwaukee Brewers,San Diego Padres,betfair_sb_uk,Betfair Sportsbook,2026-10-03T08:48:13Z,h2h,Milwaukee Brewers,1.5,,0.6666666666666666,0.6428571428571429,0.2
2026-10-03T08:49:08.680049+00:00,2026-10-03T09:49:08.680049+01:00,347a2e725dd11a54a1d964eae3d04dd2,baseball_mlb,MLB,2026-10-04T00:30:00+00:00,2026-10-04T01:30:00+01:00,Milwaukee Brewers,San Diego Padres,betfair_sb_uk,Betfair Sportsbook,2026-10-03T08:48:13Z,h2h,San Diego Padres,2.7,,0.37037037037037035,0.35714285714285715,0.2
2026-10-03T08:49:08.680049+00:00,2026-10-03T09:49:08.680049+01:00,347a2e725dd11a54a1d964eae3d04dd2,baseball_mlb,MLB,2026-10-04T00:30:00+00:00,2026-10-04T01:30:00+01:00,Milwaukee Brewers,San Diego Padres,sport888,888sport,2026-10-03T08:48:46Z,h2h,Milwaukee Brewers,1.47,,0.6802721088435374,0.6432038834951456,0.2
2026-10-03T08:49:08.680049+00:00,2026-10-03T09:49:08.680049+01:00,347a2e725dd11a54a1d964eae3d04dd2,baseball_mlb,MLB,2026-10-04T00:30:00+00:00,2026-10-04T01:30:00+01:00,Milwaukee Brewers,San Diego Padres,sport888,888sport,2026-10-03T08:48:46Z,h2h,San Diego Padres,2.65,,0.37735849056603776,0.3567961165048544,0.2
2026-10-03T08:49:08.680049+00:00,2026-10-03T09:49:08.680049+01:00,347a2e725dd11a54a1d964eae3d04dd2,baseball_mlb,MLB,2026-10-04T00:30:00+00:00,2026-10-04T01:30:00+01:00,Milwaukee Brewers,San Diego Padres,betfred_uk,Betfred (UK),2026-10-03T08:48:13Z,h2h,Milwaukee Brewers,1.5,,0.6666666666666666,0.6359223300970874,0.2
2026-10-03T08:49:08.680049+00:00,2026-10-03T09:49:08.680049+01:00,347a2e725dd11a54a1d964eae3d04dd2,baseball_mlb,MLB,2026-10-04T00:30:00+00:00,2026-10-04T01:30:00+01:00,Milwaukee Brewers,San Diego Padres,betfred_uk,Betfred (UK),2026-10-03T08:48:13Z,h2h,San Diego Padres,2.62,,0.38167938931297707,0.3640776699029127,0.2
2026-10-03T08:49:08.680049+00:00,2026-10-03T09:49:08.680049+01:00,347a2e725dd11a54a1d964eae3d04dd2,baseball_mlb,MLB,2026-10-04T00:30:00+00:00,2026-10-04T01:30:00+01:00,Milwaukee Brewers,San Diego Padres,smarkets,Smarkets,2026-10-03T08:49:01Z,h2h,Milwaukee Brewers,1.52,,0.6578947368421053,0.6398104265402844,0.2
2026-10-03T08:49:08.680049+00:00,2026-10-03T09:49:08.680049+01:00,347a2e725dd11a54a1d964eae3d04dd2,baseball_mlb,MLB,2026-10-04T00:30:00+00:00,2026-10-04T01:30:00+01:00,Milwaukee Brewers,San Diego Padres,smarkets,Smarkets,2026-10-03T08:49:01Z,h2h,San Diego Padres,2.7,,0.37037037037037035,0.36018957345971564,0.2
2026-10-03T08:49:08.680049+00:00,2026-10-03T09:49:08.680049+01:00,347a2e725dd11a54a1d964eae3d04dd2,baseball_mlb,MLB,2026-10-04T00:30:00+00:00,2026-10-04T01:30:00+01:00,Milwaukee Brewers,San Diego Padres,smarkets,Smarkets,2026-10-03T08:49:01Z,h2h_lay,Milwaukee Brewers,1.59,,0.6289308176100629,1.0,0.2
2026-10-03T08:49:08.680049+00:00,2026-10-03T09:49:08.680049+01:00,347a2e725dd11a54a1d964eae3d04dd2,baseball_mlb,MLB,2026-10-04T00:30:00+00:00,2026-10-04T01:30:00+01:00,Milwaukee Brewers,San Diego Padres,smarkets,Smarkets,2026-10-03T08:49:01Z,h2h_lay,San Diego Padres,2.82,,0.3546099290780142,1.0,0.2
2026-10-03T08:49:08.680049+00:00,2026-10-03T09:49:08.680049+01:00,347a2e725dd11a54a1d964eae3d04dd2,baseball_mlb,MLB,2026-10-04T00:30:00+00:00,2026-10-04T01:30:00+01:00,Milwaukee Brewers,San Diego Padres,unibet_uk,Unibet (UK),2026-10-03T08:49:02Z,h2h,Milwaukee Brewers,1.5,,0.6666666666666666,0.6385542168674698,0.2
2026-10-03T08:49:08.680049+00:00,2026-10-03T09:49:08.680049+01:00,347a2e725dd11a54a1d964eae3d04dd2,baseball_mlb,MLB,2026-10-04T00:30:00+00:00,2026-10-04T01:30:00+01:00,Milwaukee Brewers,San Diego Padres,unibet_uk,Unibet (UK),2026-10-03T08:49:02Z,h2h,San Diego Padres,2.65,,0.37735849056603776,0.3614457831325302,0.2
2026-10-03T08:49:08.680049+00:00,2026-10-03T09:49:08.680049+01:00,347a2e725dd11a54a1d964eae3d04dd2,baseball_mlb,MLB,2026-10-04T00:30:00+00:00,2026-10-04T01:30:00+01:00,Milwaukee Brewers,San Diego Padres,betway,Betway,2026-10-03T08:48:30Z,h2h,Milwaukee Brewers,1.5,,0.6666666666666666,0.6470588235294118,0.2
2026-10-03T08:49:08.680049+00:00,2026-10-03T09:49:08.680049+01:00,347a2e725dd11a54a1d964eae3d04dd2,baseball_mlb,MLB,2026-10-04T00:30:00+00:00,2026-10-04T01:30:00+01:00,Milwaukee Brewers,San Diego Padres,betway,Betway,2026-10-03T08:48:30Z,h2h,San Diego Padres,2.75,,0.36363636363636365,0.35294117647058826,0.2
2026-10-03T08:49:08.680049+00:00,2026-10-03T09:49:08.680049+01:00,347a2e725dd11a54a1d964eae3d04dd2,baseball_mlb,MLB,2026-10-04T00:30:00+00:00,2026-10-04T01:30:00+01:00,Milwaukee Brewers,San Diego Padres,williamhill,William Hill,2026-10-03T08:48:14Z,h2h,Milwaukee Brewers,1.5,,0.6666666666666666,0.6341463414634148,0.2
2026-10-03T08:49:08.680049+00:00,2026-10-03T09:49:08.680049+01:00,347a2e725dd11a54a1d964eae3d04dd2,baseball_mlb,MLB,2026-10-04T00:30:00+00:00,2026-10-04T01:30:00+01:00,Milwaukee Brewers,San Diego Padres,williamhill,William Hill,2026-10-03T08:48:14Z,h2h,San Diego Padres,2.6,,0.3846153846153846,0.3658536585365854,0.2
2026-10-03T08:49:08.680049+00:00,2026-10-03T09:49:08.680049+01:00,347a2e725dd11a54a1d964eae3d04dd2,baseball_mlb,MLB,2026-10-04T00:30:00+00:00,2026-10-04T01:30:00+01:00,Milwaukee Brewers,San Diego Padres,virginbet,Virgin Bet,2026-10-03T08:49:01Z,h2h,Milwaukee Brewers,1.43,,0.6993006993006994,0.6578947368421053,0.2
2026-10-03T08:49:08.680049+00:00,2026-10-03T09:49:08.680049+01:00,347a2e725dd11a54a1d964eae3d04dd2,baseball_mlb,MLB,2026-10-04T00:30:00+00:00,2026-10-04T01:30:00+01:00,Milwaukee Brewers,San Diego Padres,virginbet,Virgin Bet,2026-10-03T08:49:01Z,h2h,San Diego Padres,2.75,,0.36363636363636365,0.34210526315789475,0.2
2026-10-03T08:49:08.680049+00:00,2026-10-03T09:49:08.680049+01:00,347a2e725dd11a54a1d964eae3d04dd2,baseball_mlb,MLB,2026-10-04T00:30:00+00:00,2026-10-04T01:30:00+01:00,Milwaukee Brewers,San Diego Padres,livescorebet,LiveScore Bet,2026-10-03T08:48:46Z,h2h,Milwaukee Brewers,1.43,,0.6993006993006994,0.6578947368421053,0.2
2026-10-03T08:49:08.680049+00:00,2026-10-03T09:49:08.680049+01:00,347a2e725dd11a54a1d964eae3d04dd2,baseball_mlb,MLB,2026-10-04T00:30:00+00:00,2026-10-04T01:30:00+01:00,Milwaukee Brewers,San Diego Padres,livescorebet,LiveScore Bet,2026-10-03T08:48:46Z,h2h,San Diego Padres,2.75,,0.36363636363636365,0.34210526315789475,0.2
2026-10-03T08:49:08.680049+00:00,2026-10-03T09:49:08.680049+01:00,347a2e725dd11a54a1d964eae3d04dd2,baseball_mlb,MLB,2026-10-04T00:30:00+00:00,2026-10-04T01:30:00+01:00,Milwaukee Brewers,San Diego Padres,grosvenor,Grosvenor,2026-10-03T08:48:46Z,h2h,Milwaukee Brewers,1.4,,0.7142857142857143,0.654320987654321,0.2
2026-10-03T08:49:08.680049+00:00,2026-10-03T09:49:08.680049+01:00,347a2e725dd11a54a1d964eae3d04dd2,baseball_mlb,MLB,2026-10-04T00:30:00+00:00,2026-10-04T01:30:00+01:00,Milwaukee Brewers,San Diego Padres,grosvenor,Grosvenor,2026-10-03T08:48:46Z,h2h,San Diego Padres,2.65,,0.37735849056603776,0.34567901234567905,0.2
2026-10-03T08:49:08.680049+00:00,2026-10-03T09:49:08.680049+01:00,347a2e725dd11a54a1d964eae3d04dd2,baseball_mlb,MLB,2026-10-04T00:30:00+00:00,2026-10-04T01:30:00+01:00,Milwaukee Brewers,San Diego Padres,casumo,Casumo,2026-10-03T08:48:46Z,h2h,Milwaukee Brewers,1.45,,0.6896551724137931,0.6588235294117647,0.2
2026-10-03T08:49:08.680049+00:00,2026-10-03T09:49:08.680049+01:00,347a2e725dd11a54a1d964eae3d04dd2,baseball_mlb,MLB,2026-10-04T00:30:00+00:00,2026-10-04T01:30:00+01:00,Milwaukee Brewers,San Diego Padres,casumo,Casumo,2026-10-03T08:48:46Z,h2h,San Diego Padres,2.8,,0.35714285714285715,0.34117647058823525,0.2
2026-10-03T08:49:08.680049+00:00,2026-10-03T09:49:08.680049+01:00,347a2e725dd11a54a1d964eae3d04dd2,baseball_mlb,MLB,2026-10-04T00:30:00+00:00,2026-10-04T01:30:00+01:00,Milwaukee Brewers,San Diego Padres,betvictor,Bet Victor,2026-10-03T08:48:59Z,h2h,Milwaukee Brewers,1.45,,0.6896551724137931,0.6375000000000001,0.2
2026-10-03T08:49:08.680049+00:00,2026-10-03T09:49:08.680049+01:00,347a2e725dd11a54a1d964eae3d04dd2,baseball_mlb,MLB,2026-10-04T00:30:00+00:00,2026-10-04T01:30:00+01:00,Milwaukee Brewers,San Diego Padres,betvictor,Bet Victor,2026-10-03T08:48:59Z,h2h,San Diego Padres,2.55,,0.3921568627450981,0.36250000000000004,0.2
2026-10-03T08:49:08.680049+00:00,2026-10-03T09:49:08.680049+01:00,347a2e725dd11a54a1d964eae3d04dd2,baseball_mlb,MLB,2026-10-04T00:30:00+00:00,2026-10-04T01:30:00+01:00,Milwaukee Brewers,San Diego Padres,leovegas,LeoVegas,2026-10-03T08:48:30Z,h2h,Milwaukee Brewers,1.5,,0.6666666666666666,0.6385542168674698,0.2
2026-10-03T08:49:08.680049+00:00,2026-10-03T09:49:08.680049+01:00,347a2e725dd11a54a1d964eae3d04dd2,baseball_mlb,MLB,2026-10-04T00:30:00+00:00,2026-10-04T01:30:00+01:00,Milwaukee Brewers,San Diego Padres,leovegas,LeoVegas,2026-10-03T08:48:30Z,h2h,San Diego Padres,2.65,,0.37735849056603776,0.3614457831325302,0.2
2026-10-03T08:49:08.680049+00:00,2026-10-03T09:49:08.680049+01:00,347a2e725dd11a54a1d964eae3d04dd2,baseball_mlb,MLB,2026-10-04T00:30:00+00:00,2026-10-04T01:30:00+01:00,Milwaukee Brewers,San Diego Padres,boylesports,BoyleSports,2026-10-03T08:48:46Z,h2h,Milwaukee Brewers,1.5,,0.6666666666666666,0.6341463414634148,0.2
2026-10-03T08:49:08.680049+00:00,2026-10-03T09:49:08.680049+01:00,347a2e725dd11a54a1d964eae3d04dd2,baseball_mlb,MLB,2026-10-04T00:30:00+00:00,2026-10-04T01:30:00+01:00,Milwaukee Brewers,San Diego Padres,boylesports,BoyleSports,2026-10-03T08:48:46Z,h2h,San Diego Padres,2.6,,0.3846153846153846,0.3658536585365854,0.2
2026-10-03T08:49:08.680049+00:00,2026-10-03T09:49:08.680049+01:00,347a2e725dd11a54a1d964eae3d04dd2,baseball_mlb,MLB,2026-10-04T00:30:00+00:00,2026-10-04T01:30:00+01:00,Milwaukee Brewers,San Diego Padres,betano_uk,Betano (UK),2026-10-03T08:48:42Z,h2h,Milwaukee Brewers,1.45,,0.6896551724137931,0.6375000000000001,0.2
2026-10-03T08:49:08.680049+00:00,2026-10-03T09:49:08.680049+01:00,347a2e725dd11a54a1d964eae3d04dd2,baseball_mlb,MLB,2026-10-04T00:30:00+00:00,2026-10-04T01:30:00+01:00,Milwaukee Brewers,San Diego Padres,betano_uk,Betano (UK),2026-10-03T08:48:42Z,h2h,San Diego Padres,2.55,,0.3921568627450981,0.36250000000000004,0.2
2026-10-03T08:49:08.680049+00:00,2026-10-03T09:49:08.680049+01:00,347a2e725dd11a54a1d964eae3d04dd2,baseball_mlb,MLB,2026-10-04T00:30:00+00:00,2026-10-04T01:30:00+01:00,Milwaukee Brewers,San Diego Padres,betfair_ex_uk,Betfair,2026-10-03T08:49:02Z,h2h,Milwaukee Brewers,1.56,,0.641025641025641,0.6372093023255814,0.2
2026-10-03T08:49:08.680049+00:00,2026-10-03T09:49:08.680049+01:00,347a2e725dd11a54a1d964eae3d04dd2,baseball_mlb,MLB,2026-10-04T00:30:00+00:00,2026-10-04T01:30:00+01:00,Milwaukee Brewers,San Diego Padres,betfair_ex_uk,Betfair,2026-10-03T08:49:02Z,h2h,San Diego Padres,2.74,,0.36496350364963503,0.3627906976744186,0.2
2026-10-03T08:49:08.680049+00:00,2026-10-03T09:49:08.680049+01:00,347a2e725dd11a54a1d964eae3d04dd2,baseball_mlb,MLB,2026-10-04T00:30:00+00:00,2026-10-04T01:30:00+01:00,Milwaukee Brewers,San Diego Padres,betfair_ex_uk,Betfair,2026-10-03T08:49:02Z,h2h_lay,Milwaukee Brewers,1.57,,0.6369426751592356,1.0,0.2
2026-10-03T08:49:08.680049+00:00,2026-10-03T09:49:08.680049+01:00,347a2e725dd11a54a1d964eae3d04dd2,baseball_mlb,MLB,2026-10-04T00:30:00+00:00,2026-10-04T01:30:00+01:00,Milwaukee Brewers,San Diego Padres,betfair_ex_uk,Betfair,2026-10-03T08:49:02Z,h2h_lay,San Diego Padres,2.78,,0.3597122302158274,1.0,0.2
2026-10-03T08:49:08.680049+00:00,2026-10-03T09:49:08.680049+01:00,347a2e725dd11a54a1d964eae3d04dd2,baseball_mlb,MLB,2026-10-04T00:30:00+00:00,2026-10-04T01:30:00+01:00,Milwaukee Brewers,San Diego Padres,matchbook,Matchbook,2026-10-03T08:49:02Z,h2h,Milwaukee Brewers,1.56,,0.641025641025641,0.6372093023255814,0.2
2026-10-03T08:49:08.680049+00:00,2026-10-03T09:49:08.680049+01:00,347a2e725dd11a54a1d964eae3d04dd2,baseball_mlb,MLB,2026-10-04T00:30:00+00:00,2026-10-04T01:30:00+01:00,Milwaukee Brewers,San Diego Padres,matchbook,Matchbook,2026-10-03T08:49:02Z,h2h,San Diego Padres,2.74,,0.36496350364963503,0.3627906976744186,0.2
2026-10-03T08:49:08.680049+00:00,2026-10-03T09:49:08.680049+01:00,347a2e725dd11a54a1d964eae3d04dd2,baseball_mlb,MLB,2026-10-04T00:30:00+00:00,2026-10-04T01:30:00+01:00,Milwaukee Brewers,San Diego Padres,matchbook,Matchbook,2026-10-03T08:49:02Z,h2h_lay,Milwaukee Brewers,1.57,,0.6369426751592356,1.0,0.2
2026-10-03T08:49:08.680049+00:00,2026-10-03T09:49:08.680049+01:00,347a2e725dd11a54a1d964eae3d04dd2,baseball_mlb,MLB,2026-10-04T00:30:00+00:00,2026-10-04T01:30:00+01:00,Milwaukee Brewers,San Diego Padres,matchbook,Matchbook,2026-10-03T08:49:02Z,h2h_lay,San Diego Padres,2.78,,0.3597122302158274,1.0,0.2
2026-10-03T08:49:08.680049+00:00,2026-10-03T09:49:08.680049+01:00,5472114edf97678d0833ecc709de766c,icehockey_sweden_hockey_league,SHL,2026-10-03T13:15:00+00:00,2026-10-03T14:15:00+01:00,Malmö Redhawks,Brynäs IF,sport888,888sport,2026-10-03T08:48:15Z,h2h,Brynäs IF,1.67,,0.5988023952095809,0.5684754521963824,0.2
2026-10-03T08:49:08.680049+00:00,2026-10-03T09:49:08.680049+01:00,5472114edf97678d0833ecc709de766c,icehockey_sweden_hockey_league,SHL,2026-10-03T13:15:00+00:00,2026-10-03T14:15:00+01:00,Malmö Redhawks,Brynäs IF,sport888,888sport,2026-10-03T08:48:15Z,h2h,Malmö Redhawks,2.2,,0.45454545454545453,0.43152454780361754,0.2
2026-10-03T08:49:08.680049+00:00,2026-10-03T09:49:08.680049+01:00,5472114edf97678d0833ecc709de766c,icehockey_sweden_hockey_league,SHL,2026-10-03T13:15:00+00:00,2026-10-03T14:15:00+01:00,Malmö Redhawks,Brynäs IF,betway,Betway,2026-10-03T08:48:49Z,h2h,Brynäs IF,2.05,,0.48780487804878053,0.4617473970122228,0.2
2026-10-03T08:49:08.680049+00:00,2026-10-03T09:49:08.680049+01:00,5472114edf97678d0833ecc709de766c,icehockey_sweden_hockey_league,SHL,2026-10-03T13:15:00+00:00,2026-10-03T14:15:00+01:00,Malmö Redhawks,Brynäs IF,betway,Betway,2026-10-03T08:48:49Z,h2h,Malmö Redhawks,3.0,,0.3333333333333333,0.31552738795835217,0.2
2026-10-03T08:49:08.680049+00:00,2026-10-03T09:49:08.680049+01:00,5472114edf97678d0833ecc709de766c,icehockey_sweden_hockey_league,SHL,2026-10-03T13:15:00+00:00,2026-10-03T14:15:00+01:00,Malmö Redhawks,Brynäs IF,betway,Betway,2026-10-03T08:48:49Z,h2h,Draw,4.25,,0.23529411764705882,0.22272521502942508,0.2
2026-10-03T08:49:08.680049+00:00,2026-10-03T09:49:08.680049+01:00,5472114edf97678d0833ecc709de766c,icehockey_sweden_hockey_league,SHL,2026-10-03T13:15:00+00:00,2026-10-03T14:15:00+01:00,Malmö Redhawks,Brynäs IF,smarkets,Smarkets,2026-10-03T08:49:03Z,h2h,Brynäs IF,1.65,,0.6060606060606061,0.5691906005221932,0.2
2026-10-03T08:49:08.680049+00:00,2026-10-03T09:49:08.680049+01:00,5472114edf97678d0833ecc709de766c,icehockey_sweden_hockey_league,SHL,2026-10-03T13:15:00+00:00,2026-10-03T14:15:00+01:00,Malmö Redhawks,Brynäs IF,smarkets,Smarkets,2026-10-03T08:49:03Z,h2h,Malmö Redhawks,2.18,,0.4587155963302752,0.4308093994778067,0.2
2026-10-03T08:49:08.680049+00:00,2026-10-03T09:49:08.680049+01:00,5472114edf97678d0833ecc709de766c,icehockey_sweden_hockey_league,SHL,2026-10-03T13:15:00+00:00,2026-10-03T14:15:00+01:00,Malmö Redhawks,Brynäs IF,smarkets,Smarkets,2026-10-03T08:49:03Z,h2h_lay,Brynäs IF,1.85,,0.5405405405405405,1.0,0.2
2026-10-03T08:49:08.680049+00:00,2026-10-03T09:49:08.680049+01:00,5472114edf97678d0833ecc709de766c,icehockey_sweden_hockey_league,SHL,2026-10-03T13:15:00+00:00,2026-10-03T14:15:00+01:00,Malmö Redhawks,Brynäs IF,smarkets,Smarkets,2026-10-03T08:49:03Z,h2h_lay,Malmö Redhawks,2.52,,0.3968253968253968,1.0,0.2
2026-10-03T08:49:08.680049+00:00,2026-10-03T09:49:08.680049+01:00,5472114edf97678d0833ecc709de766c,icehockey_sweden_hockey_league,SHL,2026-10-03T13:15:00+00:00,2026-10-03T14:15:00+01:00,Malmö Redhawks,Brynäs IF,unibet_uk,Unibet (UK),2026-10-03T08:48:49Z,h2h,Brynäs IF,2.04,,0.49019607843137253,0.4641304347826087,0.2
2026-10-03T08:49:08.680049+00:00,2026-10-03T09:49:08.680049+01:00,5472114edf97678d0833ecc709de766c,icehockey_sweden_hockey_league,SHL,2026-10-03T13:15:00+00:00,2026-10-03T14:15:00+01:00,Malmö Redhawks,Brynäs IF,unibet_uk,Unibet (UK),2026-10-03T08:48:49Z,h2h,Malmö Redhawks,3.05,,0.3278688524590164,0.31043478260869567,0.2
2026-10-03T08:49:08.680049+00:00,2026-10-03T09:49:08.680049+01:00,5472114edf97678d0833ecc709de766c,icehockey_sweden_hockey_league,SHL,2026-10-03T13:15:00+00:00,2026-10-03T14:15:00+01:00,Malmö Redhawks,Brynäs IF,unibet_uk,Unibet (UK),2026-10-03T08:48:49Z,h2h,Draw,4.2,,0.23809523809523808,0.22543478260869565,0.2
2026-10-03T08:49:08.680049+00:00,2026-10-03T09:49:08.680049+01:00,5472114edf97678d0833ecc709de766c,icehockey_sweden_hockey_league,SHL,2026-10-03T13:15:00+00:00,2026-10-03T14:15:00+01:00,Malmö Redhawks,Brynäs IF,grosvenor,Grosvenor,2026-10-03T08:48:17Z,h2h,Brynäs IF,1.95,,0.5128205128205129,0.4800000000000001,0.2
2026-10-03T08:49:08.680049+00:00,2026-10-03T09:49:08.680049+01:00,5472114edf97678d0833ecc709de766c,icehockey_sweden_hockey_league,SHL,2026-10-03T13:15:00+00:00,2026-10-03T14:15:00+01:00,Malmö Redhawks,Brynäs IF,grosvenor,Grosvenor,2026-10-03T08:48:17Z,h2h,Malmö Redhawks,3.15,,0.31746031746031744,0.29714285714285715,0.2
2026-10-03T08:49:08.680049+00:00,2026-10-03T09:49:08.680049+01:00,5472114edf97678d0833ecc709de766c,icehockey_sweden_hockey_league,SHL,2026-10-03T13:15:00+00:00,2026-10-03T14:15:00+01:00,Malmö Redhawks,Brynäs IF,grosvenor,Grosvenor,2026-10-03T08:48:17Z,h2h,Draw,4.2,,0.23809523809523808,0.22285714285714284,0.2
2026-10-03T08:49:08.680049+00:00,2026-10-03T09:49:08.680049+01:00,5472114edf97678d0833ecc709de766c,icehockey_sweden_hockey_league,SHL,2026-10-03T13:15:00+00:00,2026-10-03T14:15:00+01:00,Malmö Redhawks,Brynäs IF,casumo,Casumo,2026-10-03T08:48:15Z,h2h,Brynäs IF,1.95,,0.5128205128205129,0.4800000000000001,0.2
2026-10-03T08:49:08.680049+00:00,2026-10-03T09:49:08.680049+01:00,5472114edf97678d0833ecc709de766c,icehockey_sweden_hockey_league,SHL,2026-10-03T13:15:00+00:00,2026-10-03T14:15:00+01:00,Malmö Redhawks,Brynäs IF,casumo,Casumo,2026-10-03T08:48:15Z,h2h,Malmö Redhawks,3.15,,0.31746031746031744,0.29714285714285715,0.2
2026-10-03T08:49:08.680049+00:00,2026-10-03T09:49:08.680049+01:00,5472114edf97678d0833ecc709de766c,icehockey_sweden_hockey_league,SHL,2026-10-03T13:15:00+00:00,2026-10-03T14:15:00+01:00,Malmö Redhawks,Brynäs IF,casumo,Casumo,2026-10-03T08:48:15Z,h2h,Draw,4.2,,0.23809523809523808,0.22285714285714284,0.2
2026-10-03T08:49:08.680049+00:00,2026-10-03T09:49:08.680049+01:00,5472114edf97678d0833ecc709de766c,icehockey_sweden_hockey_league,SHL,2026-10-03T13:15:00+00:00,2026-10-03T14:15:00+01:00,Malmö Redhawks,Brynäs IF,betfair_sb_uk,Betfair Sportsbook,2026-10-03T08:49:04Z,h2h,Brynäs IF,1.57,,0.6369426751592356,0.5890052356020942,0.2
2026-10-03T08:49:08.680049+00:00,2026-10-03T09:49:08.680049+01:00,5472114edf97678d0833ecc709de766c,icehockey_sweden_hockey_league,SHL,2026-10-03T13:15:00+00:00,2026-10-03T14:15:00+01:00,Malmö Redhawks,Brynäs IF,betfair_sb_uk,Betfair Sportsbook,2026-10-03T08:49:04Z,h2h,Malmö Redhawks,2.25,,0.4444444444444444,0.4109947643979057,0.2
2026-10-03T08:49:08.680049+00:00,2026-10-03T09:49:08.680049+01:00,5472114edf97678d0833ecc709de766c,icehockey_sweden_hockey_league,SHL,2026-10-03T13:15:00+00:00,2026-10-03T14:15:00+01:00,Malmö Redhawks,Brynäs IF,betfair_ex_uk,Betfair,2026-10-03T08:49:04Z,h2h,Brynäs IF,1.01,,0.9900990099009901,0.7002967359050445,0.2
2026-10-03T08:49:08.680049+00:00,2026-10-03T09:49:08.680049+01:00,5472114edf97678d0833ecc709de766c,icehockey_sweden_hockey_league,SHL,2026-10-03T13:15:00+00:00,2026-10-03T14:15:00+01:00,Malmö Redhawks,Brynäs IF,betfair_ex_uk,Betfair,2026-10-03T08:49:04Z,h2h,Malmö Redhawks,2.36,,0.42372881355932207,0.2997032640949555,0.2
2026-10-03T08:49:08.680049+00:00,2026-10-03T09:49:08.680049+01:00,5472114edf97678d0833ecc709de766c,icehockey_sweden_hockey_league,SHL,2026-10-03T13:15:00+00:00,2026-10-03T14:15:00+01:00,Malmö Redhawks,Brynäs IF,betfair_ex_uk,Betfair,2026-10-03T08:49:04Z,h2h_lay,Brynäs IF,1.73,,0.5780346820809249,1.0,0.2
2026-10-03T08:49:08.680049+00:00,2026-10-03T09:49:08.680049+01:00,5472114edf97678d0833ecc709de766c,icehockey_sweden_hockey_league,SHL,2026-10-03T13:15:00+00:00,2026-10-03T14:15:00+01:00,Malmö Redhawks,Brynäs IF,betfair_ex_uk,Betfair,2026-10-03T08:49:04Z,h2h_lay,Malmö Redhawks,110.0,,0.00909090909090909,1.0,0.2
2026-10-03T08:49:08.680049+00:00,2026-10-03T09:49:08.680049+01:00,5472114edf97678d0833ecc709de766c,icehockey_sweden_hockey_league,SHL,2026-10-03T13:15:00+00:00,2026-10-03T14:15:00+01:00,Malmö Redhawks,Brynäs IF,coral,Coral,2026-10-03T08:47:46Z,h2h,Brynäs IF,1.6,,0.625,0.5789473684210527,0.2
2026-10-03T08:49:08.680049+00:00,2026-10-03T09:49:08.680049+01:00,5472114edf97678d0833ecc709de766c,icehockey_sweden_hockey_league,SHL,2026-10-03T13:15:00+00:00,2026-10-03T14:15:00+01:00,Malmö Redhawks,Brynäs IF,coral,Coral,2026-10-03T08:47:46Z,h2h,Malmö Redhawks,2.2,,0.45454545454545453,0.42105263157894735,0.2
2026-10-03T08:49:08.680049+00:00,2026-10-03T09:49:08.680049+01:00,5472114edf97678d0833ecc709de766c,icehockey_sweden_hockey_league,SHL,2026-10-03T13:15:00+00:00,2026-10-03T14:15:00+01:00,Malmö Redhawks,Brynäs IF,ladbrokes_uk,Ladbrokes,2026-10-03T08:48:34Z,h2h,Brynäs IF,1.6,,0.625,0.5789473684210527,0.2
2026-10-03T08:49:08.680049+00:00,2026-10-03T09:49:08.680049+01:00,5472114edf97678d0833ecc709de766c,icehockey_sweden_hockey_league,SHL,2026-10-03T13:15:00+00:00,2026-10-03T14:15:00+01:00,Malmö Redhawks,Brynäs IF,ladbrokes_uk,Ladbrokes,2026-10-03T08:48:34Z,h2h,Malmö Redhawks,2.2,,0.45454545454545453,0.42105263157894735,0.2
2026-10-03T08:49:08.680049+00:00,2026-10-03T09:49:08.680049+01:00,3b78ad3b2781e2411eaa8eb2e7177c3a,icehockey_sweden_hockey_league,SHL,2026-10-03T13:15:00+00:00,2026-10-03T14:15:00+01:00,Frölunda HC,Djurgårdens IF,sport888,888sport,2026-10-03T08:48:15Z,h2h,Djurgårdens IF,3.1,,0.3225806451612903,0.30493273542600896,0.2
2026-10-03T08:49:08.680049+00:00,2026-10-03T09:49:08.680049+01:00,3b78ad3b2781e2411eaa8eb2e7177c3a,icehockey_sweden_hockey_league,SHL,2026-10-03T13:15:00+00:00,2026-10-03T14:15:00+01:00,Frölunda HC,Djurgårdens IF,sport888,888sport,2026-10-03T08:48:15Z,h2h,Frölunda HC,1.36,,0.7352941176470588,0.695067264573991,0.2
2026-10-03T08:49:08.680049+00:00,2026-10-03T09:49:08.680049+01:00,3b78ad3b2781e2411eaa8eb2e7177c3a,icehockey_sweden_hockey_league,SHL,2026-10-03T13:15:00+00:00,2026-10-03T14:15:00+01:00,Frölunda HC,Djurgårdens IF,betway,Betway,2026-10-03T08:48:49Z,h2h,Djurgårdens IF,4.75,,0.21052631578947367,0.20200752823086576,0.2
2026-10-03T08:49:08.680049+00:00,2026-10-03T09:49:08.680049+01:00,3b78ad3b2781e2411eaa8eb2e7177c3a,icehockey_sweden_hockey_league,SHL,2026-10-03T13:15:00+00:00,2026-10-03T14:15:00+01:00,Frölunda HC,Djurgårdens IF,betway,Betway,2026-10-03T08:48:49Z,h2h,Frölunda HC,1.61,,0.6211180124223602,0.5959849435382686,0.2
2026-10-03T08:49:08.680049+00:00,2026-10-03T09:49:08.680049+01:00,3b78ad3b2781e2411eaa8eb2e7177c3a,icehockey_sweden_hockey_league,SHL,2026-10-03T13:15:00+00:00,2026-10-03T14:15:00+01:00,Frölunda HC,Djurgårdens IF,betway,Betway,2026-10-03T08:48:49Z,h2h,Draw,4.75,,0.21052631578947367,0.20200752823086576,0.2
2026-10-03T08:49:08.680049+00:00,2026-10-03T09:49:08.680049+01:00,3b78ad3b2781e2411eaa8eb2e7177c3a,icehockey_sweden_hockey_league,SHL,2026-10-03T13:15:00+00:00,2026-10-03T14:15:00+01:00,Frölunda HC,Djurgårdens IF,smarkets,Smarkets,2026-10-03T08:49:03Z,h2h,Djurgårdens IF,3.0,,0.3333333333333333,0.3119266055045871,0.2
2026-10-03T08:49:08.680049+00:00,2026-10-03T09:49:08.680049+01:00,3b78ad3b2781e2411eaa8eb2e7177c3a,icehockey_sweden_hockey_league,SHL,2026-10-03T13:15:00+00:00,2026-10-03T14:15:00+01:00,Frölunda HC,Djurgårdens IF,smarkets,Smarkets,2026-10-03T08:49:03Z,h2h,Frölunda HC,1.36,,0.7352941176470588,0.6880733944954128,0.2
2026-10-03T08:49:08.680049+00:00,2026-10-03T09:49:08.680049+01:00,3b78ad3b2781e2411eaa8eb2e7177c3a,icehockey_sweden_hockey_league,SHL,2026-10-03T13:15:00+00:00,2026-10-03T14:15:00+01:00,Frölunda HC,Djurgårdens IF,smarkets,Smarkets,2026-10-03T08:49:03Z,h2h_lay,Djurgårdens IF,4.1,,0.24390243902439027,1.0,0.2
2026-10-03T08:49:08.680049+00:00,2026-10-03T09:49:08.680049+01:00,3b78ad3b2781e2411eaa8eb2e7177c3a,icehockey_sweden_hockey_league,SHL,2026-10-03T13:15:00+00:00,2026-10-03T14:15:00+01:00,Frölunda HC,Djurgårdens IF,smarkets,Smarkets,2026-10-03T08:49:03Z,h2h_lay,Frölunda HC,1.5,,0.6666666666666666,1.0,0.2
2026-10-03T08:49:08.680049+00:00,2026-10-03T09:49:08.680049+01:00,3b78ad3b2781e2411eaa8eb2e7177c3a,icehockey_sweden_hockey_league,SHL,2026-10-03T13:15:00+00:00,2026-10-03T14:15:00+01:00,Frölunda HC,Djurgårdens IF,unibet_uk,Unibet (UK),2026-10-03T08:48:49Z,h2h,Djurgårdens IF,4.6,,0.2173913043478261,0.20492586625890838,0.2
2026-10-03T08:49:08.680049+00:00,2026-10-03T09:49:08.680049+01:00,3b78ad3b2781e2411eaa8eb2e7177c3a,icehockey_sweden_hockey_league,SHL,2026-10-03T13:15:00+00:00,2026-10-03T14:15:00+01:00,Frölunda HC,Djurgårdens IF,unibet_uk,Unibet (UK),2026-10-03T08:48:49Z,h2h,Frölunda HC,1.58,,0.6329113924050632,0.5966196106272015,0.2
2026-10-03T08:49:08.680049+00:00,2026-10-03T09:49:08.680049+01:00,3b78ad3b2781e2411eaa8eb2e7177c3a,icehockey_sweden_hockey_league,SHL,2026-10-03T13:15:00+00:00,2026-10-03T14:15:00+01:00,Frölunda HC,Djurgårdens IF,unibet_uk,Unibet (UK),2026-10-03T08:48:49Z,h2h,Draw,4.75,,0.21052631578947367,0.1984545231138902,0.2
2026-10-03T08:49:08.680049+00:00,2026-10-03T09:49:08.680049+01:00,3b78ad3b2781e2411eaa8eb2e7177c3a,icehockey_sweden_hockey_league,SHL,2026-10-03T13:15:00+00:00,2026-10-03T14:15:00+01:00,Frölunda HC,Djurgårdens IF,grosvenor,Grosvenor,2026-10-03T08:48:17Z,h2h,Djurgårdens IF,4.75,,0.21052631578947367,0.19784056378095297,0.2
2026-10-03T08:49:08.680049+00:00,2026-10-03T09:49:08.680049+01:00,3b78ad3b2781e2411eaa8eb2e7177c3a,icehockey_sweden_hockey_league,SHL,2026-10-03T13:15:00+00:00,2026-10-03T14:15:00+01:00,Frölunda HC,Djurgårdens IF,grosvenor,Grosvenor,2026-10-03T08:48:17Z,h2h,Frölunda HC,1.53,,0.6535947712418301,0.6142109006271417,0.2
2026-10-03T08:49:08.680049+00:00,2026-10-03T09:49:08.680049+01:00,3b78ad3b2781e2411eaa8eb2e7177c3a,icehockey_sweden_hockey_league,SHL,2026-10-03T13:15:00+00:00,2026-10-03T14:15:00+01:00,Frölunda HC,Djurgårdens IF,grosvenor,Grosvenor,2026-10-03T08:48:17Z,h2h,Draw,5.0,,0.2,0.18794853559190536,0.2
2026-10-03T08:49:08.680049+00:00,2026-10-03T09:49:08.680049+01:00,3b78ad3b2781e2411eaa8eb2e7177c3a,icehockey_sweden_hockey_league,SHL,2026-10-03T13:15:00+00:00,2026-10-03T14:15:00+01:00,Frölunda HC,Djurgårdens IF,casumo,Casumo,2026-10-03T08:48:15Z,h2h,Djurgårdens IF,4.75,,0.21052631578947367,0.19784056378095297,0.2
2026-10-03T08:49:08.680049+00:00,2026-10-03T09:49:08.680049+01:00,3b78ad3b2781e2411eaa8eb2e7177c3a,icehockey_sweden_hockey_league,SHL,2026-10-03T13:15:00+00:00,2026-10-03T14:15:00+01:00,Frölunda HC,Djurgårdens IF,casumo,Casumo,2026-10-03T08:48:15Z,h2h,Frölunda HC,1.53,,0.6535947712418301,0.6142109006271417,0.2
2026-10-03T08:49:08.680049+00:00,2026-10-03T09:49:08.680049+01:00,3b78ad3b2781e2411eaa8eb2e7177c3a,icehockey_sweden_hockey_league,SHL,2026-10-03T13:15:00+00:00,2026-10-03T14:15:00+01:00,Frölunda HC,Djurgårdens IF,casumo,Casumo,2026-10-03T08:48:15Z,h2h,Draw,5.0,,0.2,0.18794853559190536,0.2
2026-10-03T08:49:08.680049+00:00,2026-10-03T09:49:08.680049+01:00,3b78ad3b2781e2411eaa8eb2e7177c3a,icehockey_sweden_hockey_league,SHL,2026-10-03T13:15:00+00:00,2026-10-03T14:15:00+01:00,Frölunda HC,Djurgårdens IF,betfair_sb_uk,Betfair Sportsbook,2026-10-03T08:49:04Z,h2h,Djurgårdens IF,3.2,,0.3125,0.2888888888888889,0.2
2026-10-03T08:49:08.680049+00:00,2026-10-03T09:49:08.680049+01:00,3b78ad3b2781e2411eaa8eb2e7177c3a,icehockey_sweden_hockey_league,SHL,2026-10-03T13:15:00+00:00,2026-10-03T14:15:00+01:00,Frölunda HC,Djurgårdens IF,betfair_sb_uk,Betfair Sportsbook,2026-10-03T08:49:04Z,h2h,Frölunda HC,1.3,,0.7692307692307692,0.7111111111111111,0.2
2026-10-03T08:49:08.680049+00:00,2026-10-03T09:49:08.680049+01:00,3b78ad3b2781e2411eaa8eb2e7177c3a,icehockey_sweden_hockey_league,SHL,2026-10-03T13:15:00+00:00,2026-10-03T14:15:00+01:00,Frölunda HC,Djurgårdens IF,betfair_ex_uk,Betfair,2026-10-03T08:49:04Z,h2h,Djurgårdens IF,3.2,,0.3125,0.23990498812351543,0.2
2026-10-03T08:49:08.680049+00:00,2026-10-03T09:49:08.680049+01:00,3b78ad3b2781e2411eaa8eb2e7177c3a,icehockey_sweden_hockey_league,SHL,2026-10-03T13:15:00+00:00,2026-10-03T14:15:00+01:00,Frölunda HC,Djurgårdens IF,betfair_ex_uk,Betfair,2026-10-03T08:49:04Z,h2h,Frölunda HC,1.01,,0.9900990099009901,0.7600950118764845,0.2
2026-10-03T08:49:08.680049+00:00,2026-10-03T09:49:08.680049+01:00,3b78ad3b2781e2411eaa8eb2e7177c3a,icehockey_sweden_hockey_league,SHL,2026-10-03T13:15:00+00:00,2026-10-03T14:15:00+01:00,Frölunda HC,Djurgårdens IF,betfair_ex_uk,Betfair,2026-10-03T08:49:04Z,h2h_lay,Djurgårdens IF,110.0,,0.00909090909090909,1.0,0.2
2026-10-03T08:49:08.680049+00:00,2026-10-03T09:49:08.680049+01:00,3b78ad3b2781e2411eaa8eb2e7177c3a,icehockey_sweden_hockey_league,SHL,2026-10-03T13:15:00+00:00,2026-10-03T14:15:00+01:00,Frölunda HC,Djurgårdens IF,betfair_ex_uk,Betfair,2026-10-03T08:49:04Z,h2h_lay,Frölunda HC,1.45,,0.6896551724137931,1.0,0.2
2026-10-03T08:49:08.680049+00:00,2026-10-03T09:49:08.680049+01:00,3b78ad3b2781e2411eaa8eb2e7177c3a,icehockey_sweden_hockey_league,SHL,2026-10-03T13:15:00+00:00,2026-10-03T14:15:00+01:00,Frölunda HC,Djurgårdens IF,coral,Coral,2026-10-03T08:47:46Z,h2h,Djurgårdens IF,3.1,,0.3225806451612903,0.30022573363431154,0.2
2026-10-03T08:49:08.680049+00:00,2026-10-03T09:49:08.680049+01:00,3b78ad3b2781e2411eaa8eb2e7177c3a,icehockey_sweden_hockey_league,SHL,2026-10-03T13:15:00+00:00,2026-10-03T14:15:00+01:00,Frölunda HC,Djurgårdens IF,coral,Coral,2026-10-03T08:47:46Z,h2h,Frölunda HC,1.33,,0.7518796992481203,0.6997742663656885,0.2
2026-10-03T08:49:08.680049+00:00,2026-10-03T09:49:08.680049+01:00,3b78ad3b2781e2411eaa8eb2e7177c3a,icehockey_sweden_hockey_league,SHL,2026-10-03T13:15:00+00:00,2026-10-03T14:15:00+01:00,Frölunda HC,Djurgårdens IF,ladbrokes_uk,Ladbrokes,2026-10-03T08:48:34Z,h2h,Djurgårdens IF,3.1,,0.3225806451612903,0.30022573363431154,0.2
2026-10-03T08:49:08.680049+00:00,2026-10-03T09:49:08.680049+01:00,3b78ad3b2781e2411eaa8eb2e7177c3a,icehockey_sweden_hockey_league,SHL,2026-10-03T13:15:00+00:00,2026-10-03T14:15:00+01:00,Frölunda HC,Djurgårdens IF,ladbrokes_uk,Ladbrokes,2026-10-03T08:48:34Z,h2h,Frölunda HC,1.33,,0.7518796992481203,0.6997742663656885,0.2
2026-10-03T08:49:08.680049+00:00,2026-10-03T09:49:08.680049+01:00,5efaf34124bb3f90bcd11422c1d442b4,icehockey_sweden_hockey_league,SHL,2026-10-03T13:15:00+00:00,2026-10-03T14:15:00+01:00,Växjö Lakers,Rögle BK,sport888,888sport,2026-10-03T08:48:15Z,h2h,Rögle BK,2.0,,0.5,0.47368421052631576,0.2
2026-10-03T08:49:08.680049+00:00,2026-10-03T09:49:08.680049+01:00,5efaf34124bb3f90bcd11422c1d442b4,icehockey_sweden_hockey_league,SHL,2026-10-03T13:15:00+00:00,2026-10-03T14:15:00+01:00,Växjö Lakers,Rögle BK,sport888,888sport,2026-10-03T08:48:15Z,h2h,Växjö Lakers,1.8,,0.5555555555555556,0.5263157894736842,0.2
2026-10-03T08:49:08.680049+00:00,2026-10-03T09:49:08.680049+01:00,5efaf34124bb3f90bcd11422c1d442b4,icehockey_sweden_hockey_league,SHL,2026-10-03T13:15:00+00:00,2026-10-03T14:15:00+01:00,Växjö Lakers,Rögle BK,betway,Betway,2026-10-03T08:48:49Z,h2h,Rögle BK,2.6,,0.3846153846153846,0.3658536585365853,0.2
2026-10-03T08:49:08.680049+00:00,2026-10-03T09:49:08.680049+01:00,5efaf34124bb3f90bcd11422c1d442b4,icehockey_sweden_hockey_league,SHL,2026-10-03T13:15:00+00:00,2026-10-03T14:15:00+01:00,Växjö Lakers,Rögle BK,betway,Betway,2026-10-03T08:48:49Z,h2h,Växjö Lakers,2.4,,0.4166666666666667,0.39634146341463417,0.2
2026-10-03T08:49:08.680049+00:00,2026-10-03T09:49:08.680049+01:00,5efaf34124bb3f90bcd11422c1d442b4,icehockey_sweden_hockey_league,SHL,2026-10-03T13:15:00+00:00,2026-10-03T14:15:00+01:00,Växjö Lakers,Rögle BK,betway,Betway,2026-10-03T08:48:49Z,h2h,Draw,4.0,,0.25,0.23780487804878048,0.2
2026-10-03T08:49:08.680049+00:00,2026-10-03T09:49:08.680049+01:00,5efaf34124bb3f90bcd11422c1d442b4,icehockey_sweden_hockey_league,SHL,2026-10-03T13:15:00+00:00,2026-10-03T14:15:00+01:00,Växjö Lakers,Rögle BK,grosvenor,Grosvenor,2026-10-03T08:48:17Z,h2h,Rögle BK,2.6,,0.3846153846153846,0.36299801557014194,0.2
2026-10-03T08:49:08.680049+00:00,2026-10-03T09:49:08.680049+01:00,5efaf34124bb3f90bcd11422c1d442b4,icehockey_sweden_hockey_league,SHL,2026-10-03T13:15:00+00:00,2026-10-03T14:15:00+01:00,Växjö Lakers,Rögle BK,grosvenor,Grosvenor,2026-10-03T08:48:17Z,h2h,Växjö Lakers,2.32,,0.4310344827586207,0.4068081208975729,0.2
2026-10-03T08:49:08.680049+00:00,2026-10-03T09:49:08.680049+01:00,5efaf34124bb3f90bcd11422c1d442b4,icehockey_sweden_hockey_league,SHL,2026-10-03T13:15:00+00:00,2026-10-03T14:15:00+01:00,Växjö Lakers,Rögle BK,grosvenor,Grosvenor,2026-10-03T08:48:17Z,h2h,Draw,4.1,,0.24390243902439027,0.23019386353228516,0.2
2026-10-03T08:49:08.680049+00:00,2026-10-03T09:49:08.680049+01:00,5efaf34124bb3f90bcd11422c1d442b4,icehockey_sweden_hockey_league,SHL,2026-10-03T13:15:00+00:00,2026-10-03T14:15:00+01:00,Växjö Lakers,Rögle BK,smarkets,Smarkets,2026-10-03T08:49:03Z,h2h,Rögle BK,1.91,,0.5235602094240838,0.4837837837837838,0.2
2026-10-03T08:49:08.680049+00:00,2026-10-03T09:49:08.680049+01:00,5efaf34124bb3f90bcd11422c1d442b4,icehockey_sweden_hockey_league,SHL,2026-10-03T13:15:00+00:00,2026-10-03T14:15:00+01:00,Växjö Lakers,Rögle BK,smarkets,Smarkets,2026-10-03T08:49:03Z,h2h,Växjö Lakers,1.79,,0.5586592178770949,0.5162162162162162,0.2
2026-10-03T08:49:08.680049+00:00,2026-10-03T09:49:08.680049+01:00,5efaf34124bb3f90bcd11422c1d442b4,icehockey_sweden_hockey_league,SHL,2026-10-03T13:15:00+00:00,2026-10-03T14:15:00+01:00,Växjö Lakers,Rögle BK,smarkets,Smarkets,2026-10-03T08:49:03Z,h2h_lay,Rögle BK,2.26,,0.4424778761061947,1.0,0.2
2026-10-03T08:49:08.680049+00:00,2026-10-03T09:49:08.680049+01:00,5efaf34124bb3f90bcd11422c1d442b4,icehockey_sweden_hockey_league,SHL,2026-10-03T13:15:00+00:00,2026-10-03T14:15:00+01:00,Växjö Lakers,Rögle BK,smarkets,Smarkets,2026-10-03T08:49:03Z,h2h_lay,Växjö Lakers,2.1,,0.47619047619047616,1.0,0.2
2026-10-03T08:49:08.680049+00:00,2026-10-03T09:49:08.680049+01:00,5efaf34124bb3f90bcd11422c1d442b4,icehockey_sweden_hockey_league,SHL,2026-10-03T13:15:00+00:00,2026-10-03T14:15:00+01:00,Växjö Lakers,Rögle BK,casumo,Casumo,2026-10-03T08:48:15Z,h2h,Rögle BK,2.6,,0.3846153846153846,0.36299801557014194,0.2
2026-10-03T08:49:08.680049+00:00,2026-10-03T09:49:08.680049+01:00,5efaf34124bb3f90bcd11422c1d442b4,icehockey_sweden_hockey_league,SHL,2026-10-03T13:15:00+00:00,2026-10-03T14:15:00+01:00,Växjö Lakers,Rögle BK,casumo,Casumo,2026-10-03T08:48:15Z,h2h,Växjö Lakers,2.32,,0.4310344827586207,0.4068081208975729,0.2
2026-10-03T08:49:08.680049+00:00,2026-10-03T09:49:08.680049+01:00,5efaf34124bb3f90bcd11422c1d442b4,icehockey_sweden_hockey_league,SHL,2026-10-03T13:15:00+00:00,2026-10-03T14:15:00+01:00,Växjö Lakers,Rögle BK,casumo,Casumo,2026-10-03T08:48:15Z,h2h,Draw,4.1,,0.24390243902439027,0.23019386353228516,0.2
2026-10-03T08:49:08.680049+00:00,2026-10-03T09:49:08.680049+01:00,5efaf34124bb3f90bcd11422c1d442b4,icehockey_sweden_hockey_league,SHL,2026-10-03T13:15:00+00:00,2026-10-03T14:15:00+01:00,Växjö Lakers,Rögle BK,unibet_uk,Unibet (UK),2026-10-03T08:48:49Z,h2h,Rögle BK,2.55,,0.3921568627450981,0.36914963744232043,0.2
2026-10-03T08:49:08.680049+00:00,2026-10-03T09:49:08.680049+01:00,5efaf34124bb3f90bcd11422c1d442b4,icehockey_sweden_hockey_league,SHL,2026-10-03T13:15:00+00:00,2026-10-03T14:15:00+01:00,Växjö Lakers,Rögle BK,unibet_uk,Unibet (UK),2026-10-03T08:48:49Z,h2h,Växjö Lakers,2.38,,0.42016806722689076,0.3955174686882004,0.2
2026-10-03T08:49:08.680049+00:00,2026-10-03T09:49:08.680049+01:00,5efaf34124bb3f90bcd11422c1d442b4,icehockey_sweden_hockey_league,SHL,2026-10-03T13:15:00+00:00,2026-10-03T14:15:00+01:00,Växjö Lakers,Rögle BK,unibet_uk,Unibet (UK),2026-10-03T08:48:49Z,h2h,Draw,4.0,,0.25,0.23533289386947923,0.2
2026-10-03T08:49:08.680049+00:00,2026-10-03T09:49:08.680049+01:00,5efaf34124bb3f90bcd11422c1d442b4,icehockey_sweden_hockey_league,SHL,2026-10-03T13:15:00+00:00,2026-10-03T14:15:00+01:00,Växjö Lakers,Rögle BK,betfair_sb_uk,Betfair Sportsbook,2026-10-03T08:49:04Z,h2h,Rögle BK,2.0,,0.5,0.4638069705093834,0.2
2026-10-03T08:49:08.680049+00:00,2026-10-03T09:49:08.680049+01:00,5efaf34124bb3f90bcd11422c1d442b4,icehockey_sweden_hockey_league,SHL,2026-10-03T13:15:00+00:00,2026-10-03T14:15:00+01:00,Växjö Lakers,Rögle BK,betfair_sb_uk,Betfair Sportsbook,2026-10-03T08:49:04Z,h2h,Växjö Lakers,1.73,,0.5780346820809249,0.5361930294906166,0.2
2026-10-03T08:49:08.680049+00:00,2026-10-03T09:49:08.680049+01:00,5efaf34124bb3f90bcd11422c1d442b4,icehockey_sweden_hockey_league,SHL,2026-10-03T13:15:00+00:00,2026-10-03T14:15:00+01:00,Växjö Lakers,Rögle BK,betfair_ex_uk,Betfair,2026-10-03T08:49:04Z,h2h,Rögle BK,1.01,,0.9900990099009901,0.6552901023890785,0.2
2026-10-03T08:49:08.680049+00:00,2026-10-03T09:49:08.680049+01:00,5efaf34124bb3f90bcd11422c1d442b4,icehockey_sweden_hockey_league,SHL,2026-10-03T13:15:00+00:00,2026-10-03T14:15:00+01:00,Växjö Lakers,Rögle BK,betfair_ex_uk,Betfair,2026-10-03T08:49:04Z,h2h,Växjö Lakers,1.92,,0.5208333333333334,0.34470989761092147,0.2
2026-10-03T08:49:08.680049+00:00,2026-10-03T09:49:08.680049+01:00,5efaf34124bb3f90bcd11422c1d442b4,icehockey_sweden_hockey_league,SHL,2026-10-03T13:15:00+00:00,2026-10-03T14:15:00+01:00,Växjö Lakers,Rögle BK,betfair_ex_uk,Betfair,2026-10-03T08:49:04Z,h2h_lay,Rögle BK,2.08,,0.4807692307692307,1.0,0.2
2026-10-03T08:49:08.680049+00:00,2026-10-03T09:49:08.680049+01:00,5efaf34124bb3f90bcd11422c1d442b4,icehockey_sweden_hockey_league,SHL,2026-10-03T13:15:00+00:00,2026-10-03T14:15:00+01:00,Växjö Lakers,Rögle BK,betfair_ex_uk,Betfair,2026-10-03T08:49:04Z,h2h_lay,Växjö Lakers,110.0,,0.00909090909090909,1.0,0.2
2026-10-03T08:49:08.680049+00:00,2026-10-03T09:49:08.680049+01:00,5efaf34124bb3f90bcd11422c1d442b4,icehockey_sweden_hockey_league,SHL,2026-10-03T13:15:00+00:00,2026-10-03T14:15:00+01:00,Växjö Lakers,Rögle BK,coral,Coral,2026-10-03T08:47:46Z,h2h,Rögle BK,1.91,,0.5235602094240838,0.4851752021563342,0.2
2026-10-03T08:49:08.680049+00:00,2026-10-03T09:49:08.680049+01:00,5efaf34124bb3f90bcd11422c1d442b4,icehockey_sweden_hockey_league,SHL,2026-10-03T13:15:00+00:00,2026-10-03T14:15:00+01:00,Växjö Lakers,Rögle BK,coral,Coral,2026-10-03T08:47:46Z,h2h,Växjö Lakers,1.8,,0.5555555555555556,0.5148247978436657,0.2
2026-10-03T08:49:08.680049+00:00,2026-10-03T09:49:08.680049+01:00,5efaf34124bb3f90bcd11422c1d442b4,icehockey_sweden_hockey_league,SHL,2026-10-03T13:15:00+00:00,2026-10-03T14:15:00+01:00,Växjö Lakers,Rögle BK,ladbrokes_uk,Ladbrokes,2026-10-03T08:48:34Z,h2h,Rögle BK,1.91,,0.5235602094240838,0.4851752021563342,0.2
2026-10-03T08:49:08.680049+00:00,2026-10-03T09:49:08.680049+01:00,5efaf34124bb3f90bcd11422c1d442b4,icehockey_sweden_hockey_league,SHL,2026-10-03T13:15:00+00:00,2026-10-03T14:15:00+01:00,Växjö Lakers,Rögle BK,ladbrokes_uk,Ladbrokes,2026-10-03T08:48:34Z,h2h,Växjö Lakers,1.8,,0.5555555555555556,0.5148247978436657,0.2
2026-10-03T08:49:08.680049+00:00,2026-10-03T09:49:08.680049+01:00,c8580772f5bb835fb5ec98d2d25f6c4a,icehockey_sweden_hockey_league,SHL,2026-10-03T13:15:00+00:00,2026-10-03T14:15:00+01:00,Timrå IK,Skellefteå AIK,sport888,888sport,2026-10-03T08:48:15Z,h2h,Skellefteå AIK,1.4,,0.7142857142857143,0.6744186046511629,0.2
2026-10-03T08:49:08.680049+00:00,2026-10-03T09:49:08.680049+01:00,c8580772f5bb835fb5ec98d2d25f6c4a,icehockey_sweden_hockey_league,SHL,2026-10-03T13:15:00+00:00,2026-10-03T14:15:00+01:00,Timrå IK,Skellefteå AIK,sport888,888sport,2026-10-03T08:48:15Z,h2h,Timrå IK,2.9,,0.3448275862068966,0.32558139534883723,0.2
2026-10-03T08:49:08.680049+00:00,2026-10-03T09:49:08.680049+01:00,c8580772f5bb835fb5ec98d2d25f6c4a,icehockey_sweden_hockey_league,SHL,2026-10-03T13:15:00+00:00,2026-10-03T14:15:00+01:00,Timrå IK,Skellefteå AIK,betway,Betway,2026-10-03T08:48:49Z,h2h,Skellefteå AIK,1.71,,0.5847953216374269,0.5532503457814661,0.2
2026-10-03T08:49:08.680049+00:00,2026-10-03T09:49:08.680049+01:00,c8580772f5bb835fb5ec98d2d25f6c4a,icehockey_sweden_hockey_league,SHL,2026-10-03T13:15:00+00:00,2026-10-03T14:15:00+01:00,Timrå IK,Skellefteå AIK,betway,Betway,2026-10-03T08:48:49Z,h2h,Timrå IK,4.0,,0.25,0.2365145228215768,0.2
2026-10-03T08:49:08.680049+00:00,2026-10-03T09:49:08.680049+01:00,c8580772f5bb835fb5ec98d2d25f6c4a,icehockey_sweden_hockey_league,SHL,2026-10-03T13:15:00+00:00,2026-10-03T14:15:00+01:00,Timrå IK,Skellefteå AIK,betway,Betway,2026-10-03T08:48:49Z,h2h,Draw,4.5,,0.2222222222222222,0.21023513139695715,0.2
2026-10-03T08:49:08.680049+00:00,2026-10-03T09:49:08.680049+01:00,c8580772f5bb835fb5ec98d2d25f6c4a,icehockey_sweden_hockey_league,SHL,2026-10-03T13:15:00+00:00,2026-10-03T14:15:00+01:00,Timrå IK,Skellefteå AIK,grosvenor,Grosvenor,2026-10-03T08:48:17Z,h2h,Skellefteå AIK,1.65,,0.6060606060606061,0.5686274509803921,0.2
2026-10-03T08:49:08.680049+00:00,2026-10-03T09:49:08.680049+01:00,c8580772f5bb835fb5ec98d2d25f6c4a,icehockey_sweden_hockey_league,SHL,2026-10-03T13:15:00+00:00,2026-10-03T14:15:00+01:00,Timrå IK,Skellefteå AIK,grosvenor,Grosvenor,2026-10-03T08:48:17Z,h2h,Timrå IK,4.35,,0.2298850574712644,0.21568627450980393,0.2
2026-10-03T08:49:08.680049+00:00,2026-10-03T09:49:08.680049+01:00,c8580772f5bb835fb5ec98d2d25f6c4a,icehockey_sweden_hockey_league,SHL,2026-10-03T13:15:00+00:00,2026-10-03T14:15:00+01:00,Timrå IK,Skellefteå AIK,grosvenor,Grosvenor,2026-10-03T08:48:17Z,h2h,Draw,4.35,,0.2298850574712644,0.21568627450980393,0.2
2026-10-03T08:49:08.680049+00:00,2026-10-03T09:49:08.680049+01:00,c8580772f5bb835fb5ec98d2d25f6c4a,icehockey_sweden_hockey_league,SHL,2026-10-03T13:15:00+00:00,2026-10-03T14:15:00+01:00,Timrå IK,Skellefteå AIK,casumo,Casumo,2026-10-03T08:48:15Z,h2h,Skellefteå AIK,1.65,,0.6060606060606061,0.5686274509803921,0.2
2026-10-03T08:49:08.680049+00:00,2026-10-03T09:49:08.680049+01:00,c8580772f5bb835fb5ec98d2d25f6c4a,icehockey_sweden_hockey_league,SHL,2026-10-03T13:15:00+00:00,2026-10-03T14:15:00+01:00,Timrå IK,Skellefteå AIK,casumo,Casumo,2026-10-03T08:48:15Z,h2h,Timrå IK,4.35,,0.2298850574712644,0.21568627450980393,0.2
2026-10-03T08:49:08.680049+00:00,2026-10-03T09:49:08.680049+01:00,c8580772f5bb835fb5ec98d2d25f6c4a,icehockey_sweden_hockey_league,SHL,2026-10-03T13:15:00+00:00,2026-10-03T14:15:00+01:00,Timrå IK,Skellefteå AIK,casumo,Casumo,2026-10-03T08:48:15Z,h2h,Draw,4.35,,0.2298850574712644,0.21568627450980393,0.2
2026-10-03T08:49:08.680049+00:00,2026-10-03T09:49:08.680049+01:00,c8580772f5bb835fb5ec98d2d25f6c4a,icehockey_sweden_hockey_league,SHL,2026-10-03T13:15:00+00:00,2026-10-03T14:15:00+01:00,Timrå IK,Skellefteå AIK,unibet_uk,Unibet (UK),2026-10-03T08:48:49Z,h2h,Skellefteå AIK,1.73,,0.5780346820809249,0.547740570148139,0.2
2026-10-03T08:49:08.680049+00:00,2026-10-03T09:49:08.680049+01:00,c8580772f5bb835fb5ec98d2d25f6c4a,icehockey_sweden_hockey_league,SHL,2026-10-03T13:15:00+00:00,2026-10-03T14:15:00+01:00,Timrå IK,Skellefteå AIK,unibet_uk,Unibet (UK),2026-10-03T08:48:49Z,h2h,Timrå IK,4.0,,0.25,0.2368977965890701,0.2
2026-10-03T08:49:08.680049+00:00,2026-10-03T09:49:08.680049+01:00,c8580772f5bb835fb5ec98d2d25f6c4a,icehockey_sweden_hockey_league,SHL,2026-10-03T13:15:00+00:00,2026-10-03T14:15:00+01:00,Timrå IK,Skellefteå AIK,unibet_uk,Unibet (UK),2026-10-03T08:48:49Z,h2h,Draw,4.4,,0.22727272727272727,0.21536163326279098,0.2
2026-10-03T08:49:08.680049+00:00,2026-10-03T09:49:08.680049+01:00,c8580772f5bb835fb5ec98d2d25f6c4a,icehockey_sweden_hockey_league,SHL,2026-10-03T13:15:00+00:00,2026-10-03T14:15:00+01:00,Timrå IK,Skellefteå AIK,smarkets,Smarkets,2026-10-03T08:49:03Z,h2h,Skellefteå AIK,1.41,,0.7092198581560284,0.6552567237163813,0.2
2026-10-03T08:49:08.680049+00:00,2026-10-03T09:49:08.680049+01:00,c8580772f5bb835fb5ec98d2d25f6c4a,icehockey_sweden_hockey_league,SHL,2026-10-03T13:15:00+00:00,2026-10-03T14:15:00+01:00,Timrå IK,Skellefteå AIK,smarkets,Smarkets,2026-10-03T08:49:03Z,h2h,Timrå IK,2.68,,0.3731343283582089,0.3447432762836185,0.2
2026-10-03T08:49:08.680049+00:00,2026-10-03T09:49:08.680049+01:00,c8580772f5bb835fb5ec98d2d25f6c4a,icehockey_sweden_hockey_league,SHL,2026-10-03T13:15:00+00:00,2026-10-03T14:15:00+01:00,Timrå IK,Skellefteå AIK,smarkets,Smarkets,2026-10-03T08:49:03Z,h2h_lay,Skellefteå AIK,1.6,,0.625,1.0,0.2
2026-10-03T08:49:08.680049+00:00,2026-10-03T09:49:08.680049+01:00,c8580772f5bb835fb5ec98d2d25f6c4a,icehockey_sweden_hockey_league,SHL,2026-10-03T13:15:00+00:00,2026-10-03T14:15:00+01:00,Timrå IK,Skellefteå AIK,smarkets,Smarkets,2026-10-03T08:49:03Z,h2h_lay,Timrå IK,3.45,,0.2898550724637681,1.0,0.2
2026-10-03T08:49:08.680049+00:00,2026-10-03T09:49:08.680049+01:00,c8580772f5bb835fb5ec98d2d25f6c4a,icehockey_sweden_hockey_league,SHL,2026-10-03T13:15:00+00:00,2026-10-03T14:15:00+01:00,Timrå IK,Skellefteå AIK,betfair_ex_uk,Betfair,2026-10-03T08:49:04Z,h2h,Skellefteå AIK,1.01,,0.9900990099009901,0.7481296758104738,0.2
2026-10-03T08:49:08.680049+00:00,2026-10-03T09:49:08.680049+01:00,c8580772f5bb835fb5ec98d2d25f6c4a,icehockey_sweden_hockey_league,SHL,2026-10-03T13:15:00+00:00,2026-10-03T14:15:00+01:00,Timrå IK,Skellefteå AIK,betfair_ex_uk,Betfair,2026-10-03T08:49:04Z,h2h,Timrå IK,3.0,,0.3333333333333333,0.2518703241895262,0.2
2026-10-03T08:49:08.680049+00:00,2026-10-03T09:49:08.680049+01:00,c8580772f5bb835fb5ec98d2d25f6c4a,icehockey_sweden_hockey_league,SHL,2026-10-03T13:15:00+00:00,2026-10-03T14:15:00+01:00,Timrå IK,Skellefteå AIK,betfair_ex_uk,Betfair,2026-10-03T08:49:04Z,h2h_lay,Skellefteå AIK,1.5,,0.6666666666666666,1.0,0.2
2026-10-03T08:49:08.680049+00:00,2026-10-03T09:49:08.680049+01:00,c8580772f5bb835fb5ec98d2d25f6c4a,icehockey_sweden_hockey_league,SHL,2026-10-03T13:15:00+00:00,2026-10-03T14:15:00+01:00,Timrå IK,Skellefteå AIK,betfair_ex_uk,Betfair,2026-10-03T08:49:04Z,h2h_lay,Timrå IK,110.0,,0.00909090909090909,1.0,0.2
2026-10-03T08:49:08.680049+00:00,2026-10-03T09:49:08.680049+01:00,c8580772f5bb835fb5ec98d2d25f6c4a,icehockey_sweden_hockey_league,SHL,2026-10-03T13:15:00+00:00,2026-10-03T14:15:00+01:00,Timrå IK,Skellefteå AIK,coral,Coral,2026-10-03T08:47:46Z,h2h,Skellefteå AIK,1.4,,0.7142857142857143,0.6585365853658537,0.2
2026-10-03T08:49:08.680049+00:00,2026-10-03T09:49:08.680049+01:00,c8580772f5bb835fb5ec98d2d25f6c4a,icehockey_sweden_hockey_league,SHL,2026-10-03T13:15:00+00:00,2026-10-03T14:15:00+01:00,Timrå IK,Skellefteå AIK,coral,Coral,2026-10-03T08:47:46Z,h2h,Timrå IK,2.7,,0.37037037037037035,0.3414634146341463,0.2
2026-10-03T08:49:08.680049+00:00,2026-10-03T09:49:08.680049+01:00,c8580772f5bb835fb5ec98d2d25f6c4a,icehockey_sweden_hockey_league,SHL,2026-10-03T13:15:00+00:00,2026-10-03T14:15:00+01:00,Timrå IK,Skellefteå AIK,ladbrokes_uk,Ladbrokes,2026-10-03T08:48:34Z,h2h,Skellefteå AIK,1.4,,0.7142857142857143,0.6585365853658537,0.2
2026-10-03T08:49:08.680049+00:00,2026-10-03T09:49:08.680049+01:00,c8580772f5bb835fb5ec98d2d25f6c4a,icehockey_sweden_hockey_league,SHL,2026-10-03T13:15:00+00:00,2026-10-03T14:15:00+01:00,Timrå IK,Skellefteå AIK,ladbrokes_uk,Ladbrokes,2026-10-03T08:48:34Z,h2h,Timrå IK,2.7,,0.37037037037037035,0.3414634146341463,0.2
2026-10-03T08:49:08.680049+00:00,2026-10-03T09:49:08.680049+01:00,81aba16e650d013310be85e38eff2ea5,icehockey_sweden_hockey_league,SHL,2026-10-03T16:00:00+00:00,2026-10-03T17:00:00+01:00,Färjestad BK,HV71,sport888,888sport,2026-10-03T08:48:15Z,h2h,Färjestad BK,1.3,,0.7692307692307692,0.7291666666666667,0.2
2026-10-03T08:49:08.680049+00:00,2026-10-03T09:49:08.680049+01:00,81aba16e650d013310be85e38eff2ea5,icehockey_sweden_hockey_league,SHL,2026-10-03T16:00:00+00:00,2026-10-03T17:00:00+01:00,Färjestad BK,HV71,sport888,888sport,2026-10-03T08:48:15Z,h2h,HV71,3.5,,0.2857142857142857,0.27083333333333337,0.2
2026-10-03T08:49:08.680049+00:00,2026-10-03T09:49:08.680049+01:00,81aba16e650d013310be85e38eff2ea5,icehockey_sweden_hockey_league,SHL,2026-10-03T16:00:00+00:00,2026-10-03T17:00:00+01:00,Färjestad BK,HV71,betway,Betway,2026-10-03T08:48:49Z,h2h,Färjestad BK,1.56,,0.641025641025641,0.6095995893223819,0.2
2026-10-03T08:49:08.680049+00:00,2026-10-03T09:49:08.680049+01:00,81aba16e650d013310be85e38eff2ea5,icehockey_sweden_hockey_league,SHL,2026-10-03T16:00:00+00:00,2026-10-03T17:00:00+01:00,Färjestad BK,HV71,betway,Betway,2026-10-03T08:48:49Z,h2h,HV71,5.0,,0.2,0.1901950718685832,0.2
2026-10-03T08:49:08.680049+00:00,2026-10-03T09:49:08.680049+01:00,81aba16e650d013310be85e38eff2ea5,icehockey_sweden_hockey_league,SHL,2026-10-03T16:00:00+00:00,2026-10-03T17:00:00+01:00,Färjestad BK,HV71,betway,Betway,2026-10-03T08:48:49Z,h2h,Draw,4.75,,0.21052631578947367,0.2002053388090349,0.2
2026-10-03T08:49:08.680049+00:00,2026-10-03T09:49:08.680049+01:00,81aba16e650d013310be85e38eff2ea5,icehockey_sweden_hockey_league,SHL,2026-10-03T16:00:00+00:00,2026-10-03T17:00:00+01:00,Färjestad BK,HV71,smarkets,Smarkets,2026-10-03T08:49:03Z,h2h,Färjestad BK,1.29,,0.7751937984496123,0.7158590308370044,0.2
2026-10-03T08:49:08.680049+00:00,2026-10-03T09:49:08.680049+01:00,81aba16e650d013310be85e38eff2ea5,icehockey_sweden_hockey_league,SHL,2026-10-03T16:00:00+00:00,2026-10-03T17:00:00+01:00,Färjestad BK,HV71,smarkets,Smarkets,2026-10-03T08:49:03Z,h2h,HV71,3.25,,0.3076923076923077,0.28414096916299564,0.2
2026-10-03T08:49:08.680049+00:00,2026-10-03T09:49:08.680049+01:00,81aba16e650d013310be85e38eff2ea5,icehockey_sweden_hockey_league,SHL,2026-10-03T16:00:00+00:00,2026-10-03T17:00:00+01:00,Färjestad BK,HV71,smarkets,Smarkets,2026-10-03T08:49:03Z,h2h_lay,Färjestad BK,1.46,,0.684931506849315,1.0,0.2
2026-10-03T08:49:08.680049+00:00,2026-10-03T09:49:08.680049+01:00,81aba16e650d013310be85e38eff2ea5,icehockey_sweden_hockey_league,SHL,2026-10-03T16:00:00+00:00,2026-10-03T17:00:00+01:00,Färjestad BK,HV71,smarkets,Smarkets,2026-10-03T08:49:03Z,h2h_lay,HV71,4.4,,0.22727272727272727,1.0,0.2
2026-10-03T08:49:08.680049+00:00,2026-10-03T09:49:08.680049+01:00,81aba16e650d013310be85e38eff2ea5,icehockey_sweden_hockey_league,SHL,2026-10-03T16:00:00+00:00,2026-10-03T17:00:00+01:00,Färjestad BK,HV71,unibet_uk,Unibet (UK),2026-10-03T08:48:49Z,h2h,Färjestad BK,1.52,,0.6578947368421053,0.6170300287947347,0.2
2026-10-03T08:49:08.680049+00:00,2026-10-03T09:49:08.680049+01:00,81aba16e650d013310be85e38eff2ea5,icehockey_sweden_hockey_league,SHL,2026-10-03T16:00:00+00:00,2026-10-03T17:00:00+01:00,Färjestad BK,HV71,unibet_uk,Unibet (UK),2026-10-03T08:48:49Z,h2h,HV71,5.0,,0.2,0.18757712875359933,0.2
2026-10-03T08:49:08.680049+00:00,2026-10-03T09:49:08.680049+01:00,81aba16e650d013310be85e38eff2ea5,icehockey_sweden_hockey_league,SHL,2026-10-03T16:00:00+00:00,2026-10-03T17:00:00+01:00,Färjestad BK,HV71,unibet_uk,Unibet (UK),2026-10-03T08:48:49Z,h2h,Draw,4.8,,0.20833333333333334,0.19539284245166597,0.2
2026-10-03T08:49:08.680049+00:00,2026-10-03T09:49:08.680049+01:00,81aba16e650d013310be85e38eff2ea5,icehockey_sweden_hockey_league,SHL,2026-10-03T16:00:00+00:00,2026-10-03T17:00:00+01:00,Färjestad BK,HV71,casumo,Casumo,2026-10-03T08:48:15Z,h2h,Färjestad BK,1.48,,0.6756756756756757,0.6348217707934075,0.2
2026-10-03T08:49:08.680049+00:00,2026-10-03T09:49:08.680049+01:00,81aba16e650d013310be85e38eff2ea5,icehockey_sweden_hockey_league,SHL,2026-10-03T16:00:00+00:00,2026-10-03T17:00:00+01:00,Färjestad BK,HV71,casumo,Casumo,2026-10-03T08:48:15Z,h2h,HV71,5.3,,0.18867924528301888,0.177270985051744,0.2
2026-10-03T08:49:08.680049+00:00,2026-10-03T09:49:08.680049+01:00,81aba16e650d013310be85e38eff2ea5,icehockey_sweden_hockey_league,SHL,2026-10-03T16:00:00+00:00,2026-10-03T17:00:00+01:00,Färjestad BK,HV71,casumo,Casumo,2026-10-03T08:48:15Z,h2h,Draw,5.0,,0.2,0.18790724415484863,0.2
2026-10-03T08:49:08.680049+00:00,2026-10-03T09:49:08.680049+01:00,81aba16e650d013310be85e38eff2ea5,icehockey_sweden_hockey_league,SHL,2026-10-03T16:00:00+00:00,2026-10-03T17:00:00+01:00,Färjestad BK,HV71,grosvenor,Grosvenor,2026-10-03T08:48:17Z,h2h,Färjestad BK,1.48,,0.6756756756756757,0.6348217707934075,0.2
2026-10-03T08:49:08.680049+00:00,2026-10-03T09:49:08.680049+01:00,81aba16e650d013310be85e38eff2ea5,icehockey_sweden_hockey_league,SHL,2026-10-03T16:00:00+00:00,2026-10-03T17:00:00+01:00,Färjestad BK,HV71,grosvenor,Grosvenor,2026-10-03T08:48:17Z,h2h,HV71,5.3,,0.18867924528301888,0.177270985051744,0.2
2026-10-03T08:49:08.680049+00:00,2026-10-03T09:49:08.680049+01:00,81aba16e650d013310be85e38eff2ea5,icehockey_sweden_hockey_league,SHL,2026-10-03T16:00:00+00:00,2026-10-03T17:00:00+01:00,Färjestad BK,HV71,grosvenor,Grosvenor,2026-10-03T08:48:17Z,h2h,Draw,5.0,,0.2,0.18790724415484863,0.2
2026-10-03T08:49:08.680049+00:00,2026-10-03T09:49:08.680049+01:00,81aba16e650d013310be85e38eff2ea5,icehockey_sweden_hockey_league,SHL,2026-10-03T16:00:00+00:00,2026-10-03T17:00:00+01:00,Färjestad BK,HV71,betfair_sb_uk,Betfair Sportsbook,2026-10-03T08:49:04Z,h2h,Färjestad BK,1.29,,0.7751937984496123,0.7158590308370044,0.2
2026-10-03T08:49:08.680049+00:00,2026-10-03T09:49:08.680049+01:00,81aba16e650d013310be85e38eff2ea5,icehockey_sweden_hockey_league,SHL,2026-10-03T16:00:00+00:00,2026-10-03T17:00:00+01:00,Färjestad BK,HV71,betfair_sb_uk,Betfair Sportsbook,2026-10-03T08:49:04Z,h2h,HV71,3.25,,0.3076923076923077,0.28414096916299564,0.2
2026-10-03T08:49:08.680049+00:00,2026-10-03T09:49:08.680049+01:00,81aba16e650d013310be85e38eff2ea5,icehockey_sweden_hockey_league,SHL,2026-10-03T16:00:00+00:00,2026-10-03T17:00:00+01:00,Färjestad BK,HV71,betfair_ex_uk,Betfair,2026-10-03T08:49:04Z,h2h,Färjestad BK,1.01,,0.9900990099009901,0.5,0.2
2026-10-03T08:49:08.680049+00:00,2026-10-03T09:49:08.680049+01:00,81aba16e650d013310be85e38eff2ea5,icehockey_sweden_hockey_league,SHL,2026-10-03T16:00:00+00:00,2026-10-03T17:00:00+01:00,Färjestad BK,HV71,betfair_ex_uk,Betfair,2026-10-03T08:49:04Z,h2h,HV71,1.01,,0.9900990099009901,0.5,0.2
2026-10-03T08:49:08.680049+00:00,2026-10-03T09:49:08.680049+01:00,81aba16e650d013310be85e38eff2ea5,icehockey_sweden_hockey_league,SHL,2026-10-03T16:00:00+00:00,2026-10-03T17:00:00+01:00,Färjestad BK,HV71,betfair_ex_uk,Betfair,2026-10-03T08:49:04Z,h2h_lay,Färjestad BK,1.4,,0.7142857142857143,1.0,0.2
2026-10-03T08:49:08.680049+00:00,2026-10-03T09:49:08.680049+01:00,81aba16e650d013310be85e38eff2ea5,icehockey_sweden_hockey_league,SHL,2026-10-03T16:00:00+00:00,2026-10-03T17:00:00+01:00,Färjestad BK,HV71,betfair_ex_uk,Betfair,2026-10-03T08:49:04Z,h2h_lay,HV71,110.0,,0.00909090909090909,1.0,0.2
2026-10-03T08:49:08.680049+00:00,2026-10-03T09:49:08.680049+01:00,81aba16e650d013310be85e38eff2ea5,icehockey_sweden_hockey_league,SHL,2026-10-03T16:00:00+00:00,2026-10-03T17:00:00+01:00,Färjestad BK,HV71,ladbrokes_uk,Ladbrokes,2026-10-03T08:48:34Z,h2h,Färjestad BK,1.3,,0.7692307692307692,0.7142857142857143,0.2
2026-10-03T08:49:08.680049+00:00,2026-10-03T09:49:08.680049+01:00,81aba16e650d013310be85e38eff2ea5,icehockey_sweden_hockey_league,SHL,2026-10-03T16:00:00+00:00,2026-10-03T17:00:00+01:00,Färjestad BK,HV71,ladbrokes_uk,Ladbrokes,2026-10-03T08:48:34Z,h2h,HV71,3.25,,0.3076923076923077,0.28571428571428575,0.2
2026-10-03T08:49:08.680049+00:00,2026-10-03T09:49:08.680049+01:00,81aba16e650d013310be85e38eff2ea5,icehockey_sweden_hockey_league,SHL,2026-10-03T16:00:00+00:00,2026-10-03T17:00:00+01:00,Färjestad BK,HV71,coral,Coral,2026-10-03T08:47:46Z,h2h,Färjestad BK,1.3,,0.7692307692307692,0.7142857142857143,0.2
2026-10-03T08:49:08.680049+00:00,2026-10-03T09:49:08.680049+01:00,81aba16e650d013310be85e38eff2ea5,icehockey_sweden_hockey_league,SHL,2026-10-03T16:00:00+00:00,2026-10-03T17:00:00+01:00,Färjestad BK,HV71,coral,Coral,2026-10-03T08:47:46Z,h2h,HV71,3.25,,0.3076923076923077,0.28571428571428575,0.2
2026-10-03T08:49:08.680049+00:00,2026-10-03T09:49:08.680049+01:00,81fb65a3ef85aa8659694cc81798f07f,icehockey_sweden_hockey_league,SHL,2026-10-03T16:00:00+00:00,2026-10-03T17:00:00+01:00,Linköping HC,IF Björklöven,sport888,888sport,2026-10-03T08:48:15Z,h2h,IF Björklöven,2.15,,0.46511627906976744,0.44155844155844154,0.2
2026-10-03T08:49:08.680049+00:00,2026-10-03T09:49:08.680049+01:00,81fb65a3ef85aa8659694cc81798f07f,icehockey_sweden_hockey_league,SHL,2026-10-03T16:00:00+00:00,2026-10-03T17:00:00+01:00,Linköping HC,IF Björklöven,sport888,888sport,2026-10-03T08:48:15Z,h2h,Linköping HC,1.7,,0.5882352941176471,0.5584415584415584,0.2
2026-10-03T08:49:08.680049+00:00,2026-10-03T09:49:08.680049+01:00,81fb65a3ef85aa8659694cc81798f07f,icehockey_sweden_hockey_league,SHL,2026-10-03T16:00:00+00:00,2026-10-03T17:00:00+01:00,Linköping HC,IF Björklöven,betway,Betway,2026-10-03T08:48:49Z,h2h,IF Björklöven,2.85,,0.3508771929824561,0.3257707969749855,0.2
2026-10-03T08:49:08.680049+00:00,2026-10-03T09:49:08.680049+01:00,81fb65a3ef85aa8659694cc81798f07f,icehockey_sweden_hockey_league,SHL,2026-10-03T16:00:00+00:00,2026-10-03T17:00:00+01:00,Linköping HC,IF Björklöven,betway,Betway,2026-10-03T08:48:49Z,h2h,Linköping HC,2.1,,0.47619047619047616,0.44211751018033746,0.2
2026-10-03T08:49:08.680049+00:00,2026-10-03T09:49:08.680049+01:00,81fb65a3ef85aa8659694cc81798f07f,icehockey_sweden_hockey_league,SHL,2026-10-03T16:00:00+00:00,2026-10-03T17:00:00+01:00,Linköping HC,IF Björklöven,betway,Betway,2026-10-03T08:48:49Z,h2h,Draw,4.0,,0.25,0.23211169284467717,0.2
2026-10-03T08:49:08.680049+00:00,2026-10-03T09:49:08.680049+01:00,81fb65a3ef85aa8659694cc81798f07f,icehockey_sweden_hockey_league,SHL,2026-10-03T16:00:00+00:00,2026-10-03T17:00:00+01:00,Linköping HC,IF Björklöven,unibet_uk,Unibet (UK),2026-10-03T08:48:49Z,h2h,IF Björklöven,2.95,,0.3389830508474576,0.3214378166487926,0.2
2026-10-03T08:49:08.680049+00:00,2026-10-03T09:49:08.680049+01:00,81fb65a3ef85aa8659694cc81798f07f,icehockey_sweden_hockey_league,SHL,2026-10-03T16:00:00+00:00,2026-10-03T17:00:00+01:00,Linköping HC,IF Björklöven,unibet_uk,Unibet (UK),2026-10-03T08:48:49Z,h2h,Linköping HC,2.12,,0.4716981132075471,0.4472837542990274,0.2
2026-10-03T08:49:08.680049+00:00,2026-10-03T09:49:08.680049+01:00,81fb65a3ef85aa8659694cc81798f07f,icehockey_sweden_hockey_league,SHL,2026-10-03T16:00:00+00:00,2026-10-03T17:00:00+01:00,Linköping HC,IF Björklöven,unibet_uk,Unibet (UK),2026-10-03T08:48:49Z,h2h,Draw,4.1,,0.24390243902439027,0.23127842905218007,0.2
2026-10-03T08:49:08.680049+00:00,2026-10-03T09:49:08.680049+01:00,81fb65a3ef85aa8659694cc81798f07f,icehockey_sweden_hockey_league,SHL,2026-10-03T16:00:00+00:00,2026-10-03T17:00:00+01:00,Linköping HC,IF Björklöven,grosvenor,Grosvenor,2026-10-03T08:48:17Z,h2h,IF Björklöven,2.85,,0.3508771929824561,0.3303712628963024,0.2
2026-10-03T08:49:08.680049+00:00,2026-10-03T09:49:08.680049+01:00,81fb65a3ef85aa8659694cc81798f07f,icehockey_sweden_hockey_league,SHL,2026-10-03T16:00:00+00:00,2026-10-03T17:00:00+01:00,Linköping HC,IF Björklöven,grosvenor,Grosvenor,2026-10-03T08:48:17Z,h2h,Linköping HC,2.14,,0.4672897196261682,0.4399804202123654,0.2
2026-10-03T08:49:08.680049+00:00,2026-10-03T09:49:08.680049+01:00,81fb65a3ef85aa8659694cc81798f07f,icehockey_sweden_hockey_league,SHL,2026-10-03T16:00:00+00:00,2026-10-03T17:00:00+01:00,Linköping HC,IF Björklöven,grosvenor,Grosvenor,2026-10-03T08:48:17Z,h2h,Draw,4.1,,0.24390243902439027,0.2296483168913322,0.2
2026-10-03T08:49:08.680049+00:00,2026-10-03T09:49:08.680049+01:00,81fb65a3ef85aa8659694cc81798f07f,icehockey_sweden_hockey_league,SHL,2026-10-03T16:00:00+00:00,2026-10-03T17:00:00+01:00,Linköping HC,IF Björklöven,casumo,Casumo,2026-10-03T08:48:15Z,h2h,IF Björklöven,2.85,,0.3508771929824561,0.3303712628963024,0.2
2026-10-03T08:49:08.680049+00:00,2026-10-03T09:49:08.680049+01:00,81fb65a3ef85aa8659694cc81798f07f,icehockey_sweden_hockey_league,SHL,2026-10-03T16:00:00+00:00,2026-10-03T17:00:00+01:00,Linköping HC,IF Björklöven,casumo,Casumo,2026-10-03T08:48:15Z,h2h,Linköping HC,2.14,,0.4672897196261682,0.4399804202123654,0.2
2026-10-03T08:49:08.680049+00:00,2026-10-03T09:49:08.680049+01:00,81fb65a3ef85aa8659694cc81798f07f,icehockey_sweden_hockey_league,SHL,2026-10-03T16:00:00+00:00,2026-10-03T17:00:00+01:00,Linköping HC,IF Björklöven,casumo,Casumo,2026-10-03T08:48:15Z,h2h,Draw,4.1,,0.24390243902439027,0.2296483168913322,0.2
2026-10-03T08:49:08.680049+00:00,2026-10-03T09:49:08.680049+01:00,81fb65a3ef85aa8659694cc81798f07f,icehockey_sweden_hockey_league,SHL,2026-10-03T16:00:00+00:00,2026-10-03T17:00:00+01:00,Linköping HC,IF Björklöven,smarkets,Smarkets,2026-10-03T08:49:03Z,h2h,IF Björklöven,2.1,,0.47619047619047616,0.4385026737967914,0.2
2026-10-03T08:49:08.680049+00:00,2026-10-03T09:49:08.680049+01:00,81fb65a3ef85aa8659694cc81798f07f,icehockey_sweden_hockey_league,SHL,2026-10-03T16:00:00+00:00,2026-10-03T17:00:00+01:00,Linköping HC,IF Björklöven,smarkets,Smarkets,2026-10-03T08:49:03Z,h2h,Linköping HC,1.64,,0.6097560975609756,0.5614973262032086,0.2
2026-10-03T08:49:08.680049+00:00,2026-10-03T09:49:08.680049+01:00,81fb65a3ef85aa8659694cc81798f07f,icehockey_sweden_hockey_league,SHL,2026-10-03T16:00:00+00:00,2026-10-03T17:00:00+01:00,Linköping HC,IF Björklöven,smarkets,Smarkets,2026-10-03T08:49:03Z,h2h_lay,IF Björklöven,2.56,,0.390625,1.0,0.2
2026-10-03T08:49:08.680049+00:00,2026-10-03T09:49:08.680049+01:00,81fb65a3ef85aa8659694cc81798f07f,icehockey_sweden_hockey_league,SHL,2026-10-03T16:00:00+00:00,2026-10-03T17:00:00+01:00,Linköping HC,IF Björklöven,smarkets,Smarkets,2026-10-03T08:49:03Z,h2h_lay,Linköping HC,1.91,,0.5235602094240838,1.0,0.2
2026-10-03T08:49:08.680049+00:00,2026-10-03T09:49:08.680049+01:00,81fb65a3ef85aa8659694cc81798f07f,icehockey_sweden_hockey_league,SHL,2026-10-03T16:00:00+00:00,2026-10-03T17:00:00+01:00,Linköping HC,IF Björklöven,betfair_sb_uk,Betfair Sportsbook,2026-10-03T08:49:04Z,h2h,IF Björklöven,2.2,,0.45454545454545453,0.42408376963350786,0.2
2026-10-03T08:49:08.680049+00:00,2026-10-03T09:49:08.680049+01:00,81fb65a3ef85aa8659694cc81798f07f,icehockey_sweden_hockey_league,SHL,2026-10-03T16:00:00+00:00,2026-10-03T17:00:00+01:00,Linköping HC,IF Björklöven,betfair_sb_uk,Betfair Sportsbook,2026-10-03T08:49:04Z,h2h,Linköping HC,1.62,,0.6172839506172839,0.5759162303664922,0.2
2026-10-03T08:49:08.680049+00:00,2026-10-03T09:49:08.680049+01:00,81fb65a3ef85aa8659694cc81798f07f,icehockey_sweden_hockey_league,SHL,2026-10-03T16:00:00+00:00,2026-10-03T17:00:00+01:00,Linköping HC,IF Björklöven,betfair_ex_uk,Betfair,2026-10-03T08:49:04Z,h2h,IF Björklöven,2.26,,0.4424778761061947,0.308868501529052,0.2
2026-10-03T08:49:08.680049+00:00,2026-10-03T09:49:08.680049+01:00,81fb65a3ef85aa8659694cc81798f07f,icehockey_sweden_hockey_league,SHL,2026-10-03T16:00:00+00:00,2026-10-03T17:00:00+01:00,Linköping HC,IF Björklöven,betfair_ex_uk,Betfair,2026-10-03T08:49:04Z,h2h,Linköping HC,1.01,,0.9900990099009901,0.691131498470948,0.2
2026-10-03T08:49:08.680049+00:00,2026-10-03T09:49:08.680049+01:00,81fb65a3ef85aa8659694cc81798f07f,icehockey_sweden_hockey_league,SHL,2026-10-03T16:00:00+00:00,2026-10-03T17:00:00+01:00,Linköping HC,IF Björklöven,betfair_ex_uk,Betfair,2026-10-03T08:49:04Z,h2h_lay,IF Björklöven,110.0,,0.00909090909090909,1.0,0.2
2026-10-03T08:49:08.680049+00:00,2026-10-03T09:49:08.680049+01:00,81fb65a3ef85aa8659694cc81798f07f,icehockey_sweden_hockey_league,SHL,2026-10-03T16:00:00+00:00,2026-10-03T17:00:00+01:00,Linköping HC,IF Björklöven,betfair_ex_uk,Betfair,2026-10-03T08:49:04Z,h2h_lay,Linköping HC,1.79,,0.5586592178770949,1.0,0.2
2026-10-03T08:49:08.680049+00:00,2026-10-03T09:49:08.680049+01:00,81fb65a3ef85aa8659694cc81798f07f,icehockey_sweden_hockey_league,SHL,2026-10-03T16:00:00+00:00,2026-10-03T17:00:00+01:00,Linköping HC,IF Björklöven,ladbrokes_uk,Ladbrokes,2026-10-03T08:48:34Z,h2h,IF Björklöven,2.15,,0.46511627906976744,0.43421052631578944,0.2
2026-10-03T08:49:08.680049+00:00,2026-10-03T09:49:08.680049+01:00,81fb65a3ef85aa8659694cc81798f07f,icehockey_sweden_hockey_league,SHL,2026-10-03T16:00:00+00:00,2026-10-03T17:00:00+01:00,Linköping HC,IF Björklöven,ladbrokes_uk,Ladbrokes,2026-10-03T08:48:34Z,h2h,Linköping HC,1.65,,0.6060606060606061,0.5657894736842105,0.2
2026-10-03T08:49:08.680049+00:00,2026-10-03T09:49:08.680049+01:00,81fb65a3ef85aa8659694cc81798f07f,icehockey_sweden_hockey_league,SHL,2026-10-03T16:00:00+00:00,2026-10-03T17:00:00+01:00,Linköping HC,IF Björklöven,coral,Coral,2026-10-03T08:47:46Z,h2h,IF Björklöven,2.15,,0.46511627906976744,0.43421052631578944,0.2
2026-10-03T08:49:08.680049+00:00,2026-10-03T09:49:08.680049+01:00,81fb65a3ef85aa8659694cc81798f07f,icehockey_sweden_hockey_league,SHL,2026-10-03T16:00:00+00:00,2026-10-03T17:00:00+01:00,Linköping HC,IF Björklöven,coral,Coral,2026-10-03T08:47:46Z,h2h,Linköping HC,1.65,,0.6060606060606061,0.5657894736842105,0.2
2026-10-03T08:49:08.680049+00:00,2026-10-03T09:49:08.680049+01:00,a782200f9a154d4bfbc8680410d715a3,icehockey_sweden_hockey_league,SHL,2026-10-03T16:00:00+00:00,2026-10-03T17:00:00+01:00,Örebro HK,Luleå HF,unibet_uk,Unibet (UK),2026-10-03T08:48:49Z,h2h,Luleå HF,2.6,,0.3846153846153846,0.3615486073395919,0.2
2026-10-03T08:49:08.680049+00:00,2026-10-03T09:49:08.680049+01:00,a782200f9a154d4bfbc8680410d715a3,icehockey_sweden_hockey_league,SHL,2026-10-03T16:00:00+00:00,2026-10-03T17:00:00+01:00,Örebro HK,Luleå HF,unibet_uk,Unibet (UK),2026-10-03T08:48:49Z,h2h,Örebro HK,2.33,,0.4291845493562232,0.4034447978896734,0.2
2026-10-03T08:49:08.680049+00:00,2026-10-03T09:49:08.680049+01:00,a782200f9a154d4bfbc8680410d715a3,icehockey_sweden_hockey_league,SHL,2026-10-03T16:00:00+00:00,2026-10-03T17:00:00+01:00,Örebro HK,Luleå HF,unibet_uk,Unibet (UK),2026-10-03T08:48:49Z,h2h,Draw,4.0,,0.25,0.23500659477073474,0.2
2026-10-03T08:49:08.680049+00:00,2026-10-03T09:49:08.680049+01:00,a782200f9a154d4bfbc8680410d715a3,icehockey_sweden_hockey_league,SHL,2026-10-03T16:00:00+00:00,2026-10-03T17:00:00+01:00,Örebro HK,Luleå HF,betway,Betway,2026-10-03T08:48:49Z,h2h,Luleå HF,2.6,,0.3846153846153846,0.35965598123534004,0.2
2026-10-03T08:49:08.680049+00:00,2026-10-03T09:49:08.680049+01:00,a782200f9a154d4bfbc8680410d715a3,icehockey_sweden_hockey_league,SHL,2026-10-03T16:00:00+00:00,2026-10-03T17:00:00+01:00,Örebro HK,Luleå HF,betway,Betway,2026-10-03T08:48:49Z,h2h,Örebro HK,2.3,,0.4347826086956522,0.4065676309616888,0.2
2026-10-03T08:49:08.680049+00:00,2026-10-03T09:49:08.680049+01:00,a782200f9a154d4bfbc8680410d715a3,icehockey_sweden_hockey_league,SHL,2026-10-03T16:00:00+00:00,2026-10-03T17:00:00+01:00,Örebro HK,Luleå HF,betway,Betway,2026-10-03T08:48:49Z,h2h,Draw,4.0,,0.25,0.23377638780297105,0.2
2026-10-03T08:49:08.680049+00:00,2026-10-03T09:49:08.680049+01:00,a782200f9a154d4bfbc8680410d715a3,icehockey_sweden_hockey_league,SHL,2026-10-03T16:00:00+00:00,2026-10-03T17:00:00+01:00,Örebro HK,Luleå HF,sport888,888sport,2026-10-03T08:48:15Z,h2h,Luleå HF,2.0,,0.5,0.47368421052631576,0.2
2026-10-03T08:49:08.680049+00:00,2026-10-03T09:49:08.680049+01:00,a782200f9a154d4bfbc8680410d715a3,icehockey_sweden_hockey_league,SHL,2026-10-03T16:00:00+00:00,2026-10-03T17:00:00+01:00,Örebro HK,Luleå HF,sport888,888sport,2026-10-03T08:48:15Z,h2h,Örebro HK,1.8,,0.5555555555555556,0.5263157894736842,0.2
2026-10-03T08:49:08.680049+00:00,2026-10-03T09:49:08.680049+01:00,a782200f9a154d4bfbc8680410d715a3,icehockey_sweden_hockey_league,SHL,2026-10-03T16:00:00+00:00,2026-10-03T17:00:00+01:00,Örebro HK,Luleå HF,grosvenor,Grosvenor,2026-10-03T08:48:17Z,h2h,Luleå HF,2.65,,0.37735849056603776,0.3540926974378658,0.2
2026-10-03T08:49:08.680049+00:00,2026-10-03T09:49:08.680049+01:00,a782200f9a154d4bfbc8680410d715a3,icehockey_sweden_hockey_league,SHL,2026-10-03T16:00:00+00:00,2026-10-03T17:00:00+01:00,Örebro HK,Luleå HF,grosvenor,Grosvenor,2026-10-03T08:48:17Z,h2h,Örebro HK,2.25,,0.4444444444444444,0.4170425103157086,0.2
2026-10-03T08:49:08.680049+00:00,2026-10-03T09:49:08.680049+01:00,a782200f9a154d4bfbc8680410d715a3,icehockey_sweden_hockey_league,SHL,2026-10-03T16:00:00+00:00,2026-10-03T17:00:00+01:00,Örebro HK,Luleå HF,grosvenor,Grosvenor,2026-10-03T08:48:17Z,h2h,Draw,4.1,,0.24390243902439027,0.22886479224642547,0.2
2026-10-03T08:49:08.680049+00:00,2026-10-03T09:49:08.680049+01:00,a782200f9a154d4bfbc8680410d715a3,icehockey_sweden_hockey_league,SHL,2026-10-03T16:00:00+00:00,2026-10-03T17:00:00+01:00,Örebro HK,Luleå HF,casumo,Casumo,2026-10-03T08:48:15Z,h2h,Luleå HF,2.65,,0.37735849056603776,0.3540926974378658,0.2
2026-10-03T08:49:08.680049+00:00,2026-10-03T09:49:08.680049+01:00,a782200f9a154d4bfbc8680410d715a3,icehockey_sweden_hockey_league,SHL,2026-10-03T16:00:00+00:00,2026-10-03T17:00:00+01:00,Örebro HK,Luleå HF,casumo,Casumo,2026-10-03T08:48:15Z,h2h,Örebro HK,2.25,,0.4444444444444444,0.4170425103157086,0.2
2026-10-03T08:49:08.680049+00:00,2026-10-03T09:49:08.680049+01:00,a782200f9a154d4bfbc8680410d715a3,icehockey_sweden_hockey_league,SHL,2026-10-03T16:00:00+00:00,2026-10-03T17:00:00+01:00,Örebro HK,Luleå HF,casumo,Casumo,2026-10-03T08:48:15Z,h2h,Draw,4.1,,0.24390243902439027,0.22886479224642547,0.2
2026-10-03T08:49:08.680049+00:00,2026-10-03T09:49:08.680049+01:00,a782200f9a154d4bfbc8680410d715a3,icehockey_sweden_hockey_league,SHL,2026-10-03T16:00:00+00:00,2026-10-03T17:00:00+01:00,Örebro HK,Luleå HF,smarkets,Smarkets,2026-10-03T08:49:03Z,h2h,Luleå HF,1.94,,0.5154639175257733,0.47849462365591405,0.2
2026-10-03T08:49:08.680049+00:00,2026-10-03T09:49:08.680049+01:00,a782200f9a154d4bfbc8680410d715a3,icehockey_sweden_hockey_league,SHL,2026-10-03T16:00:00+00:00,2026-10-03T17:00:00+01:00,Örebro HK,Luleå HF,smarkets,Smarkets,2026-10-03T08:49:03Z,h2h,Örebro HK,1.78,,0.5617977528089888,0.5215053763440861,0.2
2026-10-03T08:49:08.680049+00:00,2026-10-03T09:49:08.680049+01:00,a782200f9a154d4bfbc8680410d715a3,icehockey_sweden_hockey_league,SHL,2026-10-03T16:00:00+00:00,2026-10-03T17:00:00+01:00,Örebro HK,Luleå HF,smarkets,Smarkets,2026-10-03T08:49:03Z,h2h_lay,Luleå HF,2.2,,0.45454545454545453,1.0,0.2
2026-10-03T08:49:08.680049+00:00,2026-10-03T09:49:08.680049+01:00,a782200f9a154d4bfbc8680410d715a3,icehockey_sweden_hockey_league,SHL,2026-10-03T16:00:00+00:00,2026-10-03T17:00:00+01:00,Örebro HK,Luleå HF,smarkets,Smarkets,2026-10-03T08:49:03Z,h2h_lay,Örebro HK,2.08,,0.4807692307692307,1.0,0.2
2026-10-03T08:49:08.680049+00:00,2026-10-03T09:49:08.680049+01:00,a782200f9a154d4bfbc8680410d715a3,icehockey_sweden_hockey_league,SHL,2026-10-03T16:00:00+00:00,2026-10-03T17:00:00+01:00,Örebro HK,Luleå HF,betfair_sb_uk,Betfair Sportsbook,2026-10-03T08:49:04Z,h2h,Luleå HF,2.0,,0.5,0.4638069705093834,0.2
2026-10-03T08:49:08.680049+00:00,2026-10-03T09:49:08.680049+01:00,a782200f9a154d4bfbc8680410d715a3,icehockey_sweden_hockey_league,SHL,2026-10-03T16:00:00+00:00,2026-10-03T17:00:00+01:00,Örebro HK,Luleå HF,betfair_sb_uk,Betfair Sportsbook,2026-10-03T08:49:04Z,h2h,Örebro HK,1.73,,0.5780346820809249,0.5361930294906166,0.2
2026-10-03T08:49:08.680049+00:00,2026-10-03T09:49:08.680049+01:00,a782200f9a154d4bfbc8680410d715a3,icehockey_sweden_hockey_league,SHL,2026-10-03T16:00:00+00:00,2026-10-03T17:00:00+01:00,Örebro HK,Luleå HF,betfair_ex_uk,Betfair,2026-10-03T08:49:04Z,h2h,Luleå HF,1.01,,0.9900990099009901,0.6340579710144928,0.2
2026-10-03T08:49:08.680049+00:00,2026-10-03T09:49:08.680049+01:00,a782200f9a154d4bfbc8680410d715a3,icehockey_sweden_hockey_league,SHL,2026-10-03T16:00:00+00:00,2026-10-03T17:00:00+01:00,Örebro HK,Luleå HF,betfair_ex_uk,Betfair,2026-10-03T08:49:04Z,h2h,Örebro HK,1.75,,0.5714285714285714,0.36594202898550726,0.2
2026-10-03T08:49:08.680049+00:00,2026-10-03T09:49:08.680049+01:00,a782200f9a154d4bfbc8680410d715a3,icehockey_sweden_hockey_league,SHL,2026-10-03T16:00:00+00:00,2026-10-03T17:00:00+01:00,Örebro HK,Luleå HF,betfair_ex_uk,Betfair,2026-10-03T08:49:04Z,h2h_lay,Luleå HF,2.32,,0.4310344827586207,1.0,0.2
2026-10-03T08:49:08.680049+00:00,2026-10-03T09:49:08.680049+01:00,a782200f9a154d4bfbc8680410d715a3,icehockey_sweden_hockey_league,SHL,2026-10-03T16:00:00+00:00,2026-10-03T17:00:00+01:00,Örebro HK,Luleå HF,betfair_ex_uk,Betfair,2026-10-03T08:49:04Z,h2h_lay,Örebro HK,110.0,,0.00909090909090909,1.0,0.2
2026-10-03T08:49:08.680049+00:00,2026-10-03T09:49:08.680049+01:00,a782200f9a154d4bfbc8680410d715a3,icehockey_sweden_hockey_league,SHL,2026-10-03T16:00:00+00:00,2026-10-03T17:00:00+01:00,Örebro HK,Luleå HF,ladbrokes_uk,Ladbrokes,2026-10-03T08:48:34Z,h2h,Luleå HF,1.95,,0.5128205128205129,0.47297297297297297,0.2
2026-10-03T08:49:08.680049+00:00,2026-10-03T09:49:08.680049+01:00,a782200f9a154d4bfbc8680410d715a3,icehockey_sweden_hockey_league,SHL,2026-10-03T16:00:00+00:00,2026-10-03T17:00:00+01:00,Örebro HK,Luleå HF,ladbrokes_uk,Ladbrokes,2026-10-03T08:48:34Z,h2h,Örebro HK,1.75,,0.5714285714285714,0.527027027027027,0.2
2026-10-03T08:49:08.680049+00:00,2026-10-03T09:49:08.680049+01:00,a782200f9a154d4bfbc8680410d715a3,icehockey_sweden_hockey_league,SHL,2026-10-03T16:00:00+00:00,2026-10-03T17:00:00+01:00,Örebro HK,Luleå HF,coral,Coral,2026-10-03T08:47:46Z,h2h,Luleå HF,1.95,,0.5128205128205129,0.47297297297297297,0.2
2026-10-03T08:49:08.680049+00:00,2026-10-03T09:49:08.680049+01:00,a782200f9a154d4bfbc8680410d715a3,icehockey_sweden_hockey_league,SHL,2026-10-03T16:00:00+00:00,2026-10-03T17:00:00+01:00,Örebro HK,Luleå HF,coral,Coral,2026-10-03T08:47:46Z,h2h,Örebro HK,1.75,,0.5714285714285714,0.527027027027027,0.2
2026-10-03T18:40:07.327099+00:00,2026-10-03T19:40:07.327099+01:00,54f20fe46f4736c628771dc953e46625,boxing_boxing,Boxing,2026-10-03T19:00:00+00:00,2026-10-03T20:00:00+01:00,Bilal Fawaz,Eithan James,betfair_ex_uk,Betfair,2026-10-03T18:40:02Z,h2h,Bilal Fawaz,1.18,,0.8474576271186441,0.7947300566907441,0.2
2026-10-03T18:40:07.327099+00:00,2026-10-03T19:40:07.327099+01:00,54f20fe46f4736c628771dc953e46625,boxing_boxing,Boxing,2026-10-03T19:00:00+00:00,2026-10-03T20:00:00+01:00,Bilal Fawaz,Eithan James,betfair_ex_uk,Betfair,2026-10-03T18:40:02Z,h2h,Eithan James,7.2,,0.1388888888888889,0.13024742595764974,0.2
2026-10-03T18:40:07.327099+00:00,2026-10-03T19:40:07.327099+01:00,54f20fe46f4736c628771dc953e46625,boxing_boxing,Boxing,2026-10-03T19:00:00+00:00,2026-10-03T20:00:00+01:00,Bilal Fawaz,Eithan James,betfair_ex_uk,Betfair,2026-10-03T18:40:02Z,h2h,Draw,12.5,,0.08,0.07502251735160624,0.2
2026-10-03T18:40:07.327099+00:00,2026-10-03T19:40:07.327099+01:00,54f20fe46f4736c628771dc953e46625,boxing_boxing,Boxing,2026-10-03T19:00:00+00:00,2026-10-03T20:00:00+01:00,Bilal Fawaz,Eithan James,betfair_ex_uk,Betfair,2026-10-03T18:40:02Z,h2h_lay,Bilal Fawaz,1.19,,0.8403361344537815,1.0,0.2
2026-10-03T18:40:07.327099+00:00,2026-10-03T19:40:07.327099+01:00,54f20fe46f4736c628771dc953e46625,boxing_boxing,Boxing,2026-10-03T19:00:00+00:00,2026-10-03T20:00:00+01:00,Bilal Fawaz,Eithan James,betfair_ex_uk,Betfair,2026-10-03T18:40:02Z,h2h_lay,Eithan James,11.0,,0.09090909090909091,1.0,0.2
2026-10-03T18:40:07.327099+00:00,2026-10-03T19:40:07.327099+01:00,54f20fe46f4736c628771dc953e46625,boxing_boxing,Boxing,2026-10-03T19:00:00+00:00,2026-10-03T20:00:00+01:00,Bilal Fawaz,Eithan James,betfair_ex_uk,Betfair,2026-10-03T18:40:02Z,h2h_lay,Draw,95.0,,0.010526315789473684,1.0,0.2
2026-10-03T18:40:07.327099+00:00,2026-10-03T19:40:07.327099+01:00,54f20fe46f4736c628771dc953e46625,boxing_boxing,Boxing,2026-10-03T19:00:00+00:00,2026-10-03T20:00:00+01:00,Bilal Fawaz,Eithan James,paddypower,Paddy Power,2026-10-03T18:40:03Z,h2h,Bilal Fawaz,1.12,,0.8928571428571428,0.8241758241758241,0.2
2026-10-03T18:40:07.327099+00:00,2026-10-03T19:40:07.327099+01:00,54f20fe46f4736c628771dc953e46625,boxing_boxing,Boxing,2026-10-03T19:00:00+00:00,2026-10-03T20:00:00+01:00,Bilal Fawaz,Eithan James,paddypower,Paddy Power,2026-10-03T18:40:03Z,h2h,Eithan James,7.0,,0.14285714285714285,0.13186813186813187,0.2
2026-10-03T18:40:07.327099+00:00,2026-10-03T19:40:07.327099+01:00,54f20fe46f4736c628771dc953e46625,boxing_boxing,Boxing,2026-10-03T19:00:00+00:00,2026-10-03T20:00:00+01:00,Bilal Fawaz,Eithan James,paddypower,Paddy Power,2026-10-03T18:40:03Z,h2h,Draw,21.0,,0.047619047619047616,0.04395604395604396,0.2
2026-10-03T18:40:07.327099+00:00,2026-10-03T19:40:07.327099+01:00,54f20fe46f4736c628771dc953e46625,boxing_boxing,Boxing,2026-10-03T19:00:00+00:00,2026-10-03T20:00:00+01:00,Bilal Fawaz,Eithan James,betway,Betway,2026-10-03T18:39:30Z,h2h,Bilal Fawaz,1.14,,0.8771929824561404,0.8,0.2
2026-10-03T18:40:07.327099+00:00,2026-10-03T19:40:07.327099+01:00,54f20fe46f4736c628771dc953e46625,boxing_boxing,Boxing,2026-10-03T19:00:00+00:00,2026-10-03T20:00:00+01:00,Bilal Fawaz,Eithan James,betway,Betway,2026-10-03T18:39:30Z,h2h,Eithan James,6.0,,0.16666666666666666,0.15199999999999997,0.2
2026-10-03T18:40:07.327099+00:00,2026-10-03T19:40:07.327099+01:00,54f20fe46f4736c628771dc953e46625,boxing_boxing,Boxing,2026-10-03T19:00:00+00:00,2026-10-03T20:00:00+01:00,Bilal Fawaz,Eithan James,betway,Betway,2026-10-03T18:39:30Z,h2h,Draw,19.0,,0.05263157894736842,0.047999999999999994,0.2
2026-10-03T18:40:07.327099+00:00,2026-10-03T19:40:07.327099+01:00,54f20fe46f4736c628771dc953e46625,boxing_boxing,Boxing,2026-10-03T19:00:00+00:00,2026-10-03T20:00:00+01:00,Bilal Fawaz,Eithan James,unibet_uk,Unibet (UK),2026-10-03T18:40:04Z,h2h,Bilal Fawaz,1.1,,0.9090909090909091,0.8450704225352113,0.2
2026-10-03T18:40:07.327099+00:00,2026-10-03T19:40:07.327099+01:00,54f20fe46f4736c628771dc953e46625,boxing_boxing,Boxing,2026-10-03T19:00:00+00:00,2026-10-03T20:00:00+01:00,Bilal Fawaz,Eithan James,unibet_uk,Unibet (UK),2026-10-03T18:40:04Z,h2h,Eithan James,6.0,,0.16666666666666666,0.15492957746478872,0.2
2026-10-03T18:40:07.327099+00:00,2026-10-03T19:40:07.327099+01:00,54f20fe46f4736c628771dc953e46625,boxing_boxing,Boxing,2026-10-03T19:00:00+00:00,2026-10-03T20:00:00+01:00,Bilal Fawaz,Eithan James,betfair_sb_uk,Betfair Sportsbook,2026-10-03T18:39:29Z,h2h,Bilal Fawaz,1.13,,0.8849557522123894,0.822884012539185,0.2
2026-10-03T18:40:07.327099+00:00,2026-10-03T19:40:07.327099+01:00,54f20fe46f4736c628771dc953e46625,boxing_boxing,Boxing,2026-10-03T19:00:00+00:00,2026-10-03T20:00:00+01:00,Bilal Fawaz,Eithan James,betfair_sb_uk,Betfair Sportsbook,2026-10-03T18:39:29Z,h2h,Eithan James,7.0,,0.14285714285714285,0.13283699059561127,0.2
2026-10-03T18:40:07.327099+00:00,2026-10-03T19:40:07.327099+01:00,54f20fe46f4736c628771dc953e46625,boxing_boxing,Boxing,2026-10-03T19:00:00+00:00,2026-10-03T20:00:00+01:00,Bilal Fawaz,Eithan James,betfair_sb_uk,Betfair Sportsbook,2026-10-03T18:39:29Z,h2h,Draw,21.0,,0.047619047619047616,0.04427899686520376,0.2
2026-10-03T18:40:07.327099+00:00,2026-10-03T19:40:07.327099+01:00,54f20fe46f4736c628771dc953e46625,boxing_boxing,Boxing,2026-10-03T19:00:00+00:00,2026-10-03T20:00:00+01:00,Bilal Fawaz,Eithan James,coral,Coral,2026-10-03T18:39:14Z,h2h,Bilal Fawaz,1.14,,0.8771929824561404,0.8036739380022963,0.2
2026-10-03T18:40:07.327099+00:00,2026-10-03T19:40:07.327099+01:00,54f20fe46f4736c628771dc953e46625,boxing_boxing,Boxing,2026-10-03T19:00:00+00:00,2026-10-03T20:00:00+01:00,Bilal Fawaz,Eithan James,coral,Coral,2026-10-03T18:39:14Z,h2h,Eithan James,6.0,,0.16666666666666666,0.15269804822043628,0.2
2026-10-03T18:40:07.327099+00:00,2026-10-03T19:40:07.327099+01:00,54f20fe46f4736c628771dc953e46625,boxing_boxing,Boxing,2026-10-03T19:00:00+00:00,2026-10-03T20:00:00+01:00,Bilal Fawaz,Eithan James,coral,Coral,2026-10-03T18:39:14Z,h2h,Draw,21.0,,0.047619047619047616,0.04362801377726751,0.2
2026-10-03T18:40:07.327099+00:00,2026-10-03T19:40:07.327099+01:00,1743fe1f722bfb1bd6d3b3b43e22ecad,boxing_boxing,Boxing,2026-10-03T19:00:00+00:00,2026-10-03T20:00:00+01:00,Jose Luis Navarro Jr,Damian Biacho,paddypower,Paddy Power,2026-10-03T18:40:03Z,h2h,Damian Biacho,2.4,,0.4166666666666667,0.370357889061131,0.2
2026-10-03T18:40:07.327099+00:00,2026-10-03T19:40:07.327099+01:00,1743fe1f722bfb1bd6d3b3b43e22ecad,boxing_boxing,Boxing,2026-10-03T19:00:00+00:00,2026-10-03T20:00:00+01:00,Jose Luis Navarro Jr,Damian Biacho,paddypower,Paddy Power,2026-10-03T18:40:03Z,h2h,Jose Luis Navarro Jr,1.57,,0.6369426751592356,0.5661521870998181,0.2
2026-10-03T18:40:07.327099+00:00,2026-10-03T19:40:07.327099+01:00,1743fe1f722bfb1bd6d3b3b43e22ecad,boxing_boxing,Boxing,2026-10-03T19:00:00+00:00,2026-10-03T20:00:00+01:00,Jose Luis Navarro Jr,Damian Biacho,paddypower,Paddy Power,2026-10-03T18:40:03Z,h2h,Draw,14.0,,0.07142857142857142,0.06348992383905103,0.2
2026-10-03T18:40:07.327099+00:00,2026-10-03T19:40:07.327099+01:00,1743fe1f722bfb1bd6d3b3b43e22ecad,boxing_boxing,Boxing,2026-10-03T19:00:00+00:00,2026-10-03T20:00:00+01:00,Jose Luis Navarro Jr,Damian Biacho,betfair_sb_uk,Betfair Sportsbook,2026-10-03T18:39:29Z,h2h,Damian Biacho,2.4,,0.4166666666666667,0.370357889061131,0.2
2026-10-03T18:40:07.327099+00:00,2026-10-03T19:40:07.327099+01:00,1743fe1f722bfb1bd6d3b3b43e22ecad,boxing_boxing,Boxing,2026-10-03T19:00:00+00:00,2026-10-03T20:00:00+01:00,Jose Luis Navarro Jr,Damian Biacho,betfair_sb_uk,Betfair Sportsbook,2026-10-03T18:39:29Z,h2h,Jose Luis Navarro Jr,1.57,,0.6369426751592356,0.5661521870998181,0.2
2026-10-03T18:40:07.327099+00:00,2026-10-03T19:40:07.327099+01:00,1743fe1f722bfb1bd6d3b3b43e22ecad,boxing_boxing,Boxing,2026-10-03T19:00:00+00:00,2026-10-03T20:00:00+01:00,Jose Luis Navarro Jr,Damian Biacho,betfair_sb_uk,Betfair Sportsbook,2026-10-03T18:39:29Z,h2h,Draw,14.0,,0.07142857142857142,0.06348992383905103,0.2
2026-10-03T18:40:07.327099+00:00,2026-10-03T19:40:07.327099+01:00,cff811f7651b8c7c31ef4f9dd4b90554,boxing_boxing,Boxing,2026-10-03T19:45:00+00:00,2026-10-03T20:45:00+01:00,Sean Bruce,Hamza Uddin,betway,Betway,2026-10-03T18:39:30Z,h2h,Hamza Uddin,1.12,,0.8928571428571428,0.8121794028672892,0.2
2026-10-03T18:40:07.327099+00:00,2026-10-03T19:40:07.327099+01:00,cff811f7651b8c7c31ef4f9dd4b90554,boxing_boxing,Boxing,2026-10-03T19:45:00+00:00,2026-10-03T20:45:00+01:00,Sean Bruce,Hamza Uddin,betway,Betway,2026-10-03T18:39:30Z,h2h,Sean Bruce,6.5,,0.15384615384615385,0.13994475864790215,0.2
2026-10-03T18:40:07.327099+00:00,2026-10-03T19:40:07.327099+01:00,cff811f7651b8c7c31ef4f9dd4b90554,boxing_boxing,Boxing,2026-10-03T19:45:00+00:00,2026-10-03T20:45:00+01:00,Sean Bruce,Hamza Uddin,betway,Betway,2026-10-03T18:39:30Z,h2h,Draw,19.0,,0.05263157894736842,0.04787583848480863,0.2
2026-10-03T18:40:07.327099+00:00,2026-10-03T19:40:07.327099+01:00,cff811f7651b8c7c31ef4f9dd4b90554,boxing_boxing,Boxing,2026-10-03T19:45:00+00:00,2026-10-03T20:45:00+01:00,Sean Bruce,Hamza Uddin,unibet_uk,Unibet (UK),2026-10-03T18:40:04Z,h2h,Hamza Uddin,1.1,,0.9090909090909091,0.8552631578947368,0.2
2026-10-03T18:40:07.327099+00:00,2026-10-03T19:40:07.327099+01:00,cff811f7651b8c7c31ef4f9dd4b90554,boxing_boxing,Boxing,2026-10-03T19:45:00+00:00,2026-10-03T20:45:00+01:00,Sean Bruce,Hamza Uddin,unibet_uk,Unibet (UK),2026-10-03T18:40:04Z,h2h,Sean Bruce,6.5,,0.15384615384615385,0.14473684210526316,0.2
2026-10-03T18:40:07.327099+00:00,2026-10-03T19:40:07.327099+01:00,cff811f7651b8c7c31ef4f9dd4b90554,boxing_boxing,Boxing,2026-10-03T19:45:00+00:00,2026-10-03T20:45:00+01:00,Sean Bruce,Hamza Uddin,paddypower,Paddy Power,2026-10-03T18:40:03Z,h2h,Hamza Uddin,1.1,,0.9090909090909091,0.8075370121130552,0.2
2026-10-03T18:40:07.327099+00:00,2026-10-03T19:40:07.327099+01:00,cff811f7651b8c7c31ef4f9dd4b90554,boxing_boxing,Boxing,2026-10-03T19:45:00+00:00,2026-10-03T20:45:00+01:00,Sean Bruce,Hamza Uddin,paddypower,Paddy Power,2026-10-03T18:40:03Z,h2h,Sean Bruce,6.0,,0.16666666666666666,0.14804845222072677,0.2
2026-10-03T18:40:07.327099+00:00,2026-10-03T19:40:07.327099+01:00,cff811f7651b8c7c31ef4f9dd4b90554,boxing_boxing,Boxing,2026-10-03T19:45:00+00:00,2026-10-03T20:45:00+01:00,Sean Bruce,Hamza Uddin,paddypower,Paddy Power,2026-10-03T18:40:03Z,h2h,Draw,20.0,,0.05,0.04441453566621804,0.2
2026-10-03T18:40:07.327099+00:00,2026-10-03T19:40:07.327099+01:00,cff811f7651b8c7c31ef4f9dd4b90554,boxing_boxing,Boxing,2026-10-03T19:45:00+00:00,2026-10-03T20:45:00+01:00,Sean Bruce,Hamza Uddin,coral,Coral,2026-10-03T18:39:14Z,h2h,Hamza Uddin,1.12,,0.8928571428571428,0.8158995815899582,0.2
2026-10-03T18:40:07.327099+00:00,2026-10-03T19:40:07.327099+01:00,cff811f7651b8c7c31ef4f9dd4b90554,boxing_boxing,Boxing,2026-10-03T19:45:00+00:00,2026-10-03T20:45:00+01:00,Sean Bruce,Hamza Uddin,coral,Coral,2026-10-03T18:39:14Z,h2h,Sean Bruce,6.5,,0.15384615384615385,0.14058577405857742,0.2
2026-10-03T18:40:07.327099+00:00,2026-10-03T19:40:07.327099+01:00,cff811f7651b8c7c31ef4f9dd4b90554,boxing_boxing,Boxing,2026-10-03T19:45:00+00:00,2026-10-03T20:45:00+01:00,Sean Bruce,Hamza Uddin,coral,Coral,2026-10-03T18:39:14Z,h2h,Draw,21.0,,0.047619047619047616,0.04351464435146444,0.2
2026-10-03T18:40:07.327099+00:00,2026-10-03T19:40:07.327099+01:00,cff811f7651b8c7c31ef4f9dd4b90554,boxing_boxing,Boxing,2026-10-03T19:45:00+00:00,2026-10-03T20:45:00+01:00,Sean Bruce,Hamza Uddin,betfair_sb_uk,Betfair Sportsbook,2026-10-03T18:39:29Z,h2h,Hamza Uddin,1.1,,0.9090909090909091,0.8075370121130552,0.2
2026-10-03T18:40:07.327099+00:00,2026-10-03T19:40:07.327099+01:00,cff811f7651b8c7c31ef4f9dd4b90554,boxing_boxing,Boxing,2026-10-03T19:45:00+00:00,2026-10-03T20:45:00+01:00,Sean Bruce,Hamza Uddin,betfair_sb_uk,Betfair Sportsbook,2026-10-03T18:39:29Z,h2h,Sean Bruce,6.0,,0.16666666666666666,0.14804845222072677,0.2
2026-10-03T18:40:07.327099+00:00,2026-10-03T19:40:07.327099+01:00,cff811f7651b8c7c31ef4f9dd4b90554,boxing_boxing,Boxing,2026-10-03T19:45:00+00:00,2026-10-03T20:45:00+01:00,Sean Bruce,Hamza Uddin,betfair_sb_uk,Betfair Sportsbook,2026-10-03T18:39:29Z,h2h,Draw,20.0,,0.05,0.04441453566621804,0.2
2026-10-03T18:40:07.327099+00:00,2026-10-03T19:40:07.327099+01:00,cff811f7651b8c7c31ef4f9dd4b90554,boxing_boxing,Boxing,2026-10-03T19:45:00+00:00,2026-10-03T20:45:00+01:00,Sean Bruce,Hamza Uddin,betfair_ex_uk,Betfair,2026-10-03T18:40:02Z,h2h,Hamza Uddin,1.16,,0.8620689655172414,0.4321093291609623,0.2
2026-10-03T18:40:07.327099+00:00,2026-10-03T19:40:07.327099+01:00,cff811f7651b8c7c31ef4f9dd4b90554,boxing_boxing,Boxing,2026-10-03T19:45:00+00:00,2026-10-03T20:45:00+01:00,Sean Bruce,Hamza Uddin,betfair_ex_uk,Betfair,2026-10-03T18:40:02Z,h2h,Sean Bruce,7.0,,0.14285714285714285,0.07160668883238802,0.2
2026-10-03T18:40:07.327099+00:00,2026-10-03T19:40:07.327099+01:00,cff811f7651b8c7c31ef4f9dd4b90554,boxing_boxing,Boxing,2026-10-03T19:45:00+00:00,2026-10-03T20:45:00+01:00,Sean Bruce,Hamza Uddin,betfair_ex_uk,Betfair,2026-10-03T18:40:02Z,h2h,Draw,1.01,,0.9900990099009901,0.4962839820066497,0.2
2026-10-03T18:40:07.327099+00:00,2026-10-03T19:40:07.327099+01:00,cff811f7651b8c7c31ef4f9dd4b90554,boxing_boxing,Boxing,2026-10-03T19:45:00+00:00,2026-10-03T20:45:00+01:00,Sean Bruce,Hamza Uddin,betfair_ex_uk,Betfair,2026-10-03T18:40:02Z,h2h_lay,Hamza Uddin,690.0,,0.0014492753623188406,1.0,0.2
2026-10-03T18:40:07.327099+00:00,2026-10-03T19:40:07.327099+01:00,cff811f7651b8c7c31ef4f9dd4b90554,boxing_boxing,Boxing,2026-10-03T19:45:00+00:00,2026-10-03T20:45:00+01:00,Sean Bruce,Hamza Uddin,betfair_ex_uk,Betfair,2026-10-03T18:40:02Z,h2h_lay,Sean Bruce,960.0,,0.0010416666666666667,1.0,0.2
2026-10-03T18:40:07.327099+00:00,2026-10-03T19:40:07.327099+01:00,cff811f7651b8c7c31ef4f9dd4b90554,boxing_boxing,Boxing,2026-10-03T19:45:00+00:00,2026-10-03T20:45:00+01:00,Sean Bruce,Hamza Uddin,betfair_ex_uk,Betfair,2026-10-03T18:40:02Z,h2h_lay,Draw,1000.0,,0.001,1.0,0.2
2026-10-03T18:40:07.327099+00:00,2026-10-03T19:40:07.327099+01:00,5dcc9868d69d82e4a32bbcf080116f69,boxing_boxing,Boxing,2026-10-03T20:30:00+00:00,2026-10-03T21:30:00+01:00,Odel Kamara,Thodoris Ritzakis,betway,Betway,2026-10-03T18:39:30Z,h2h,Odel Kamara,1.01,,0.9900990099009901,0.8937960042060988,0.2
2026-10-03T18:40:07.327099+00:00,2026-10-03T19:40:07.327099+01:00,5dcc9868d69d82e4a32bbcf080116f69,boxing_boxing,Boxing,2026-10-03T20:30:00+00:00,2026-10-03T21:30:00+01:00,Odel Kamara,Thodoris Ritzakis,betway,Betway,2026-10-03T18:39:30Z,h2h,Thodoris Ritzakis,17.0,,0.058823529411764705,0.053101997896950574,0.2
2026-10-03T18:40:07.327099+00:00,2026-10-03T19:40:07.327099+01:00,5dcc9868d69d82e4a32bbcf080116f69,boxing_boxing,Boxing,2026-10-03T20:30:00+00:00,2026-10-03T21:30:00+01:00,Odel Kamara,Thodoris Ritzakis,betway,Betway,2026-10-03T18:39:30Z,h2h,Draw,17.0,,0.058823529411764705,0.053101997896950574,0.2
2026-10-03T18:40:07.327099+00:00,2026-10-03T19:40:07.327099+01:00,5dcc9868d69d82e4a32bbcf080116f69,boxing_boxing,Boxing,2026-10-03T20:30:00+00:00,2026-10-03T21:30:00+01:00,Odel Kamara,Thodoris Ritzakis,betfair_sb_uk,Betfair Sportsbook,2026-10-03T18:39:29Z,h2h,Odel Kamara,1.01,,0.9900990099009901,0.946179540167141,0.2
2026-10-03T18:40:07.327099+00:00,2026-10-03T19:40:07.327099+01:00,5dcc9868d69d82e4a32bbcf080116f69,boxing_boxing,Boxing,2026-10-03T20:30:00+00:00,2026-10-03T21:30:00+01:00,Odel Kamara,Thodoris Ritzakis,betfair_sb_uk,Betfair Sportsbook,2026-10-03T18:39:29Z,h2h,Thodoris Ritzakis,26.0,,0.038461538461538464,0.036755435983415866,0.2
2026-10-03T18:40:07.327099+00:00,2026-10-03T19:40:07.327099+01:00,5dcc9868d69d82e4a32bbcf080116f69,boxing_boxing,Boxing,2026-10-03T20:30:00+00:00,2026-10-03T21:30:00+01:00,Odel Kamara,Thodoris Ritzakis,betfair_sb_uk,Betfair Sportsbook,2026-10-03T18:39:29Z,h2h,Draw,56.0,,0.017857142857142856,0.017065023849443077,0.2
2026-10-03T18:40:07.327099+00:00,2026-10-03T19:40:07.327099+01:00,5dcc9868d69d82e4a32bbcf080116f69,boxing_boxing,Boxing,2026-10-03T20:30:00+00:00,2026-10-03T21:30:00+01:00,Odel Kamara,Thodoris Ritzakis,paddypower,Paddy Power,2026-10-03T18:40:03Z,h2h,Odel Kamara,1.01,,0.9900990099009901,0.946179540167141,0.2
2026-10-03T18:40:07.327099+00:00,2026-10-03T19:40:07.327099+01:00,5dcc9868d69d82e4a32bbcf080116f69,boxing_boxing,Boxing,2026-10-03T20:30:00+00:00,2026-10-03T21:30:00+01:00,Odel Kamara,Thodoris Ritzakis,paddypower,Paddy Power,2026-10-03T18:40:03Z,h2h,Thodoris Ritzakis,26.0,,0.038461538461538464,0.036755435983415866,0.2
2026-10-03T18:40:07.327099+00:00,2026-10-03T19:40:07.327099+01:00,5dcc9868d69d82e4a32bbcf080116f69,boxing_boxing,Boxing,2026-10-03T20:30:00+00:00,2026-10-03T21:30:00+01:00,Odel Kamara,Thodoris Ritzakis,paddypower,Paddy Power,2026-10-03T18:40:03Z,h2h,Draw,56.0,,0.017857142857142856,0.017065023849443077,0.2
2026-10-03T18:40:07.327099+00:00,2026-10-03T19:40:07.327099+01:00,5dcc9868d69d82e4a32bbcf080116f69,boxing_boxing,Boxing,2026-10-03T20:30:00+00:00,2026-10-03T21:30:00+01:00,Odel Kamara,Thodoris Ritzakis,unibet_uk,Unibet (UK),2026-10-03T18:40:04Z,h2h,Odel Kamara,1.01,,0.9900990099009901,0.9439200444197667,0.2
2026-10-03T18:40:07.327099+00:00,2026-10-03T19:40:07.327099+01:00,5dcc9868d69d82e4a32bbcf080116f69,boxing_boxing,Boxing,2026-10-03T20:30:00+00:00,2026-10-03T21:30:00+01:00,Odel Kamara,Thodoris Ritzakis,unibet_uk,Unibet (UK),2026-10-03T18:40:04Z,h2h,Thodoris Ritzakis,17.0,,0.058823529411764705,0.0560799555802332,0.2
2026-10-03T18:40:07.327099+00:00,2026-10-03T19:40:07.327099+01:00,56fa71c0b3588b56095c3ba1cf11a673,boxing_boxing,Boxing,2026-10-03T21:00:00+00:00,2026-10-03T22:00:00+01:00,Ben Whittaker,Conor Wallace,grosvenor,Grosvenor,2026-10-03T18:39:29Z,h2h,Ben Whittaker,1.08,,0.9259259259259258,0.8548186957121191,0.2
2026-10-03T18:40:07.327099+00:00,2026-10-03T19:40:07.327099+01:00,56fa71c0b3588b56095c3ba1cf11a673,boxing_boxing,Boxing,2026-10-03T21:00:00+00:00,2026-10-03T22:00:00+01:00,Ben Whittaker,Conor Wallace,grosvenor,Grosvenor,2026-10-03T18:39:29Z,h2h,Conor Wallace,8.0,,0.125,0.1154005239211361,0.2
2026-10-03T18:40:07.327099+00:00,2026-10-03T19:40:07.327099+01:00,56fa71c0b3588b56095c3ba1cf11a673,boxing_boxing,Boxing,2026-10-03T21:00:00+00:00,2026-10-03T22:00:00+01:00,Ben Whittaker,Conor Wallace,grosvenor,Grosvenor,2026-10-03T18:39:29Z,h2h,Draw,31.0,,0.03225806451612903,0.029780780366744797,0.2
2026-10-03T18:40:07.327099+00:00,2026-10-03T19:40:07.327099+01:00,56fa71c0b3588b56095c3ba1cf11a673,boxing_boxing,Boxing,2026-10-03T21:00:00+00:00,2026-10-03T22:00:00+01:00,Ben Whittaker,Conor Wallace,unibet_uk,Unibet (UK),2026-10-03T18:40:04Z,h2h,Ben Whittaker,1.07,,0.9345794392523364,0.8751458576429404,0.2
2026-10-03T18:40:07.327099+00:00,2026-10-03T19:40:07.327099+01:00,56fa71c0b3588b56095c3ba1cf11a673,boxing_boxing,Boxing,2026-10-03T21:00:00+00:00,2026-10-03T22:00:00+01:00,Ben Whittaker,Conor Wallace,unibet_uk,Unibet (UK),2026-10-03T18:40:04Z,h2h,Conor Wallace,7.5,,0.13333333333333333,0.1248541423570595,0.2
2026-10-03T18:40:07.327099+00:00,2026-10-03T19:40:07.327099+01:00,56fa71c0b3588b56095c3ba1cf11a673,boxing_boxing,Boxing,2026-10-03T21:00:00+00:00,2026-10-03T22:00:00+01:00,Ben Whittaker,Conor Wallace,betfair_ex_uk,Betfair,2026-10-03T18:40:02Z,h2h,Ben Whittaker,1.11,,0.9009009009009008,0.8895101340618844,0.2
2026-10-03T18:40:07.327099+00:00,2026-10-03T19:40:07.327099+01:00,56fa71c0b3588b56095c3ba1cf11a673,boxing_boxing,Boxing,2026-10-03T21:00:00+00:00,2026-10-03T22:00:00+01:00,Ben Whittaker,Conor Wallace,betfair_ex_uk,Betfair,2026-10-03T18:40:02Z,h2h,Conor Wallace,10.5,,0.09523809523809523,0.09403392845797065,0.2
2026-10-03T18:40:07.327099+00:00,2026-10-03T19:40:07.327099+01:00,56fa71c0b3588b56095c3ba1cf11a673,boxing_boxing,Boxing,2026-10-03T21:00:00+00:00,2026-10-03T22:00:00+01:00,Ben Whittaker,Conor Wallace,betfair_ex_uk,Betfair,2026-10-03T18:40:02Z,h2h,Draw,60.0,,0.016666666666666666,0.016455937480144865,0.2
2026-10-03T18:40:07.327099+00:00,2026-10-03T19:40:07.327099+01:00,56fa71c0b3588b56095c3ba1cf11a673,boxing_boxing,Boxing,2026-10-03T21:00:00+00:00,2026-10-03T22:00:00+01:00,Ben Whittaker,Conor Wallace,betfair_ex_uk,Betfair,2026-10-03T18:40:02Z,h2h_lay,Ben Whittaker,1.12,,0.8928571428571428,1.0,0.2
2026-10-03T18:40:07.327099+00:00,2026-10-03T19:40:07.327099+01:00,56fa71c0b3588b56095c3ba1cf11a673,boxing_boxing,Boxing,2026-10-03T21:00:00+00:00,2026-10-03T22:00:00+01:00,Ben Whittaker,Conor Wallace,betfair_ex_uk,Betfair,2026-10-03T18:40:02Z,h2h_lay,Conor Wallace,11.0,,0.09090909090909091,1.0,0.2
2026-10-03T18:40:07.327099+00:00,2026-10-03T19:40:07.327099+01:00,56fa71c0b3588b56095c3ba1cf11a673,boxing_boxing,Boxing,2026-10-03T21:00:00+00:00,2026-10-03T22:00:00+01:00,Ben Whittaker,Conor Wallace,betfair_ex_uk,Betfair,2026-10-03T18:40:02Z,h2h_lay,Draw,260.0,,0.0038461538461538464,1.0,0.2
2026-10-03T18:40:07.327099+00:00,2026-10-03T19:40:07.327099+01:00,56fa71c0b3588b56095c3ba1cf11a673,boxing_boxing,Boxing,2026-10-03T21:00:00+00:00,2026-10-03T22:00:00+01:00,Ben Whittaker,Conor Wallace,livescorebet,LiveScore Bet,2026-10-03T18:40:03Z,h2h,Ben Whittaker,1.08,,0.9259259259259258,0.8548186957121191,0.2
2026-10-03T18:40:07.327099+00:00,2026-10-03T19:40:07.327099+01:00,56fa71c0b3588b56095c3ba1cf11a673,boxing_boxing,Boxing,2026-10-03T21:00:00+00:00,2026-10-03T22:00:00+01:00,Ben Whittaker,Conor Wallace,livescorebet,LiveScore Bet,2026-10-03T18:40:03Z,h2h,Conor Wallace,8.0,,0.125,0.1154005239211361,0.2
2026-10-03T18:40:07.327099+00:00,2026-10-03T19:40:07.327099+01:00,56fa71c0b3588b56095c3ba1cf11a673,boxing_boxing,Boxing,2026-10-03T21:00:00+00:00,2026-10-03T22:00:00+01:00,Ben Whittaker,Conor Wallace,livescorebet,LiveScore Bet,2026-10-03T18:40:03Z,h2h,Draw,31.0,,0.03225806451612903,0.029780780366744797,0.2
2026-10-03T18:40:07.327099+00:00,2026-10-03T19:40:07.327099+01:00,56fa71c0b3588b56095c3ba1cf11a673,boxing_boxing,Boxing,2026-10-03T21:00:00+00:00,2026-10-03T22:00:00+01:00,Ben Whittaker,Conor Wallace,virginbet,Virgin Bet,2026-10-03T18:39:45Z,h2h,Ben Whittaker,1.08,,0.9259259259259258,0.8548186957121191,0.2
2026-10-03T18:40:07.327099+00:00,2026-10-03T19:40:07.327099+01:00,56fa71c0b3588b56095c3ba1cf11a673,boxing_boxing,Boxing,2026-10-03T21:00:00+00:00,2026-10-03T22:00:00+01:00,Ben Whittaker,Conor Wallace,virginbet,Virgin Bet,2026-10-03T18:39:45Z,h2h,Conor Wallace,8.0,,0.125,0.1154005239211361,0.2
2026-10-03T18:40:07.327099+00:00,2026-10-03T19:40:07.327099+01:00,56fa71c0b3588b56095c3ba1cf11a673,boxing_boxing,Boxing,2026-10-03T21:00:00+00:00,2026-10-03T22:00:00+01:00,Ben Whittaker,Conor Wallace,virginbet,Virgin Bet,2026-10-03T18:39:45Z,h2h,Draw,31.0,,0.03225806451612903,0.029780780366744797,0.2
2026-10-03T18:40:07.327099+00:00,2026-10-03T19:40:07.327099+01:00,56fa71c0b3588b56095c3ba1cf11a673,boxing_boxing,Boxing,2026-10-03T21:00:00+00:00,2026-10-03T22:00:00+01:00,Ben Whittaker,Conor Wallace,coral,Coral,2026-10-03T18:39:14Z,h2h,Ben Whittaker,1.1,,0.9090909090909091,0.8404202101050525,0.2
2026-10-03T18:40:07.327099+00:00,2026-10-03T19:40:07.327099+01:00,56fa71c0b3588b56095c3ba1cf11a673,boxing_boxing,Boxing,2026-10-03T21:00:00+00:00,2026-10-03T22:00:00+01:00,Ben Whittaker,Conor Wallace,coral,Coral,2026-10-03T18:39:14Z,h2h,Conor Wallace,8.0,,0.125,0.11555777888944473,0.2
2026-10-03T18:40:07.327099+00:00,2026-10-03T19:40:07.327099+01:00,56fa71c0b3588b56095c3ba1cf11a673,boxing_boxing,Boxing,2026-10-03T21:00:00+00:00,2026-10-03T22:00:00+01:00,Ben Whittaker,Conor Wallace,coral,Coral,2026-10-03T18:39:14Z,h2h,Draw,21.0,,0.047619047619047616,0.04402201100550275,0.2
2026-10-03T18:40:07.327099+00:00,2026-10-03T19:40:07.327099+01:00,56fa71c0b3588b56095c3ba1cf11a673,boxing_boxing,Boxing,2026-10-03T21:00:00+00:00,2026-10-03T22:00:00+01:00,Ben Whittaker,Conor Wallace,paddypower,Paddy Power,2026-10-03T18:40:03Z,h2h,Ben Whittaker,1.08,,0.9259259259259258,0.8434985725408772,0.2
2026-10-03T18:40:07.327099+00:00,2026-10-03T19:40:07.327099+01:00,56fa71c0b3588b56095c3ba1cf11a673,boxing_boxing,Boxing,2026-10-03T21:00:00+00:00,2026-10-03T22:00:00+01:00,Ben Whittaker,Conor Wallace,paddypower,Paddy Power,2026-10-03T18:40:03Z,h2h,Conor Wallace,7.5,,0.13333333333333333,0.12146379444588633,0.2
2026-10-03T18:40:07.327099+00:00,2026-10-03T19:40:07.327099+01:00,56fa71c0b3588b56095c3ba1cf11a673,boxing_boxing,Boxing,2026-10-03T21:00:00+00:00,2026-10-03T22:00:00+01:00,Ben Whittaker,Conor Wallace,paddypower,Paddy Power,2026-10-03T18:40:03Z,h2h,Draw,26.0,,0.038461538461538464,0.035037633013236445,0.2
2026-10-03T18:40:07.327099+00:00,2026-10-03T19:40:07.327099+01:00,56fa71c0b3588b56095c3ba1cf11a673,boxing_boxing,Boxing,2026-10-03T21:00:00+00:00,2026-10-03T22:00:00+01:00,Ben Whittaker,Conor Wallace,betway,Betway,2026-10-03T18:39:30Z,h2h,Ben Whittaker,1.09,,0.9174311926605504,0.8352557473550235,0.2
2026-10-03T18:40:07.327099+00:00,2026-10-03T19:40:07.327099+01:00,56fa71c0b3588b56095c3ba1cf11a673,boxing_boxing,Boxing,2026-10-03T21:00:00+00:00,2026-10-03T22:00:00+01:00,Ben Whittaker,Conor Wallace,betway,Betway,2026-10-03T18:39:30Z,h2h,Conor Wallace,7.5,,0.13333333333333333,0.12139050194893009,0.2
2026-10-03T18:40:07.327099+00:00,2026-10-03T19:40:07.327099+01:00,56fa71c0b3588b56095c3ba1cf11a673,boxing_boxing,Boxing,2026-10-03T21:00:00+00:00,2026-10-03T22:00:00+01:00,Ben Whittaker,Conor Wallace,betway,Betway,2026-10-03T18:39:30Z,h2h,Draw,21.0,,0.047619047619047616,0.04335375069604646,0.2
2026-10-03T18:40:07.327099+00:00,2026-10-03T19:40:07.327099+01:00,56fa71c0b3588b56095c3ba1cf11a673,boxing_boxing,Boxing,2026-10-03T21:00:00+00:00,2026-10-03T22:00:00+01:00,Ben Whittaker,Conor Wallace,betfair_sb_uk,Betfair Sportsbook,2026-10-03T18:39:29Z,h2h,Ben Whittaker,1.08,,0.9259259259259258,0.8434985725408772,0.2
2026-10-03T18:40:07.327099+00:00,2026-10-03T19:40:07.327099+01:00,56fa71c0b3588b56095c3ba1cf11a673,boxing_boxing,Boxing,2026-10-03T21:00:00+00:00,2026-10-03T22:00:00+01:00,Ben Whittaker,Conor Wallace,betfair_sb_uk,Betfair Sportsbook,2026-10-03T18:39:29Z,h2h,Conor Wallace,7.5,,0.13333333333333333,0.12146379444588633,0.2
2026-10-03T18:40:07.327099+00:00,2026-10-03T19:40:07.327099+01:00,56fa71c0b3588b56095c3ba1cf11a673,boxing_boxing,Boxing,2026-10-03T21:00:00+00:00,2026-10-03T22:00:00+01:00,Ben Whittaker,Conor Wallace,betfair_sb_uk,Betfair Sportsbook,2026-10-03T18:39:29Z,h2h,Draw,26.0,,0.038461538461538464,0.035037633013236445,0.2
2026-10-03T18:40:07.327099+00:00,2026-10-03T19:40:07.327099+01:00,72045271b0301db3d813466aefc4da45,boxing_boxing,Boxing,2026-10-04T00:00:00+00:00,2026-10-04T01:00:00+01:00,Jose Luis Russell Regalado,Rene Calixto Bibiano,betway,Betway,2026-10-03T18:39:30Z,h2h,Jose Luis Russell Regalado,1.8,,0.5555555555555556,0.5057803468208092,0.2
2026-10-03T18:40:07.327099+00:00,2026-10-03T19:40:07.327099+01:00,72045271b0301db3d813466aefc4da45,boxing_boxing,Boxing,2026-10-04T00:00:00+00:00,2026-10-04T01:00:00+01:00,Jose Luis Russell Regalado,Rene Calixto Bibiano,betway,Betway,2026-10-03T18:39:30Z,h2h,Rene Calixto Bibiano,2.1,,0.47619047619047616,0.4335260115606936,0.2
2026-10-03T18:40:07.327099+00:00,2026-10-03T19:40:07.327099+01:00,72045271b0301db3d813466aefc4da45,boxing_boxing,Boxing,2026-10-04T00:00:00+00:00,2026-10-04T01:00:00+01:00,Jose Luis Russell Regalado,Rene Calixto Bibiano,betway,Betway,2026-10-03T18:39:30Z,h2h,Draw,15.0,,0.06666666666666667,0.0606936416184971,0.2
2026-10-03T18:40:07.327099+00:00,2026-10-03T19:40:07.327099+01:00,72045271b0301db3d813466aefc4da45,boxing_boxing,Boxing,2026-10-04T00:00:00+00:00,2026-10-04T01:00:00+01:00,Jose Luis Russell Regalado,Rene Calixto Bibiano,unibet_uk,Unibet (UK),2026-10-03T18:40:04Z,h2h,Jose Luis Russell Regalado,1.62,,0.6172839506172839,0.5702917771883289,0.2
2026-10-03T18:40:07.327099+00:00,2026-10-03T19:40:07.327099+01:00,72045271b0301db3d813466aefc4da45,boxing_boxing,Boxing,2026-10-04T00:00:00+00:00,2026-10-04T01:00:00+01:00,Jose Luis Russell Regalado,Rene Calixto Bibiano,unibet_uk,Unibet (UK),2026-10-03T18:40:04Z,h2h,Rene Calixto Bibiano,2.15,,0.46511627906976744,0.4297082228116711,0.2
2026-10-03T18:40:07.327099+00:00,2026-10-03T19:40:07.327099+01:00,72045271b0301db3d813466aefc4da45,boxing_boxing,Boxing,2026-10-04T00:00:00+00:00,2026-10-04T01:00:00+01:00,Jose Luis Russell Regalado,Rene Calixto Bibiano,paddypower,Paddy Power,2026-10-03T18:40:03Z,h2h,Jose Luis Russell Regalado,1.83,,0.5464480874316939,0.4864359214218896,0.2
2026-10-03T18:40:07.327099+00:00,2026-10-03T19:40:07.327099+01:00,72045271b0301db3d813466aefc4da45,boxing_boxing,Boxing,2026-10-04T00:00:00+00:00,2026-10-04T01:00:00+01:00,Jose Luis Russell Regalado,Rene Calixto Bibiano,paddypower,Paddy Power,2026-10-03T18:40:03Z,h2h,Rene Calixto Bibiano,2.0,,0.5,0.44508886810102904,0.2
2026-10-03T18:40:07.327099+00:00,2026-10-03T19:40:07.327099+01:00,72045271b0301db3d813466aefc4da45,boxing_boxing,Boxing,2026-10-04T00:00:00+00:00,2026-10-04T01:00:00+01:00,Jose Luis Russell Regalado,Rene Calixto Bibiano,paddypower,Paddy Power,2026-10-03T18:40:03Z,h2h,Draw,13.0,,0.07692307692307693,0.0684752104770814,0.2
2026-10-03T18:40:07.327099+00:00,2026-10-03T19:40:07.327099+01:00,72045271b0301db3d813466aefc4da45,boxing_boxing,Boxing,2026-10-04T00:00:00+00:00,2026-10-04T01:00:00+01:00,Jose Luis Russell Regalado,Rene Calixto Bibiano,coral,Coral,2026-10-03T18:39:14Z,h2h,Jose Luis Russell Regalado,1.73,,0.5780346820809249,0.5307229626135157,0.2
2026-10-03T18:40:07.327099+00:00,2026-10-03T19:40:07.327099+01:00,72045271b0301db3d813466aefc4da45,boxing_boxing,Boxing,2026-10-04T00:00:00+00:00,2026-10-04T01:00:00+01:00,Jose Luis Russell Regalado,Rene Calixto Bibiano,coral,Coral,2026-10-03T18:39:14Z,h2h,Rene Calixto Bibiano,2.25,,0.4444444444444444,0.4080669890317254,0.2
2026-10-03T18:40:07.327099+00:00,2026-10-03T19:40:07.327099+01:00,72045271b0301db3d813466aefc4da45,boxing_boxing,Boxing,2026-10-04T00:00:00+00:00,2026-10-04T01:00:00+01:00,Jose Luis Russell Regalado,Rene Calixto Bibiano,coral,Coral,2026-10-03T18:39:14Z,h2h,Draw,15.0,,0.06666666666666667,0.06121004835475881,0.2
2026-10-03T18:40:07.327099+00:00,2026-10-03T19:40:07.327099+01:00,72045271b0301db3d813466aefc4da45,boxing_boxing,Boxing,2026-10-04T00:00:00+00:00,2026-10-04T01:00:00+01:00,Jose Luis Russell Regalado,Rene Calixto Bibiano,betfair_sb_uk,Betfair Sportsbook,2026-10-03T18:39:29Z,h2h,Jose Luis Russell Regalado,1.83,,0.5464480874316939,0.4864359214218896,0.2
2026-10-03T18:40:07.327099+00:00,2026-10-03T19:40:07.327099+01:00,72045271b0301db3d813466aefc4da45,boxing_boxing,Boxing,2026-10-04T00:00:00+00:00,2026-10-04T01:00:00+01:00,Jose Luis Russell Regalado,Rene Calixto Bibiano,betfair_sb_uk,Betfair Sportsbook,2026-10-03T18:39:29Z,h2h,Rene Calixto Bibiano,2.0,,0.5,0.44508886810102904,0.2
2026-10-03T18:40:07.327099+00:00,2026-10-03T19:40:07.327099+01:00,72045271b0301db3d813466aefc4da45,boxing_boxing,Boxing,2026-10-04T00:00:00+00:00,2026-10-04T01:00:00+01:00,Jose Luis Russell Regalado,Rene Calixto Bibiano,betfair_sb_uk,Betfair Sportsbook,2026-10-03T18:39:29Z,h2h,Draw,13.0,,0.07692307692307693,0.0684752104770814,0.2
2026-10-03T18:40:07.327099+00:00,2026-10-03T19:40:07.327099+01:00,d6d153e51e6a634e23ea438909779061,soccer_argentina_primera_division,Primera División - Argentina,2026-10-03T20:00:00+00:00,2026-10-03T21:00:00+01:00,Atlético Tucuman,Barracas Central,skybet,Sky Bet,2026-10-03T18:39:26Z,h2h,Atlético Tucuman,1.8,,0.5555555555555556,0.5000907605736068,0.2
2026-10-03T18:40:07.327099+00:00,2026-10-03T19:40:07.327099+01:00,d6d153e51e6a634e23ea438909779061,soccer_argentina_primera_division,Primera División - Argentina,2026-10-03T20:00:00+00:00,2026-10-03T21:00:00+01:00,Atlético Tucuman,Barracas Central,skybet,Sky Bet,2026-10-03T18:39:26Z,h2h,Barracas Central,4.75,,0.21052631578947367,0.189508077691051,0.2
2026-10-03T18:40:07.327099+00:00,2026-10-03T19:40:07.327099+01:00,d6d153e51e6a634e23ea438909779061,soccer_argentina_primera_division,Primera División - Argentina,2026-10-03T20:00:00+00:00,2026-10-03T21:00:00+01:00,Atlético Tucuman,Barracas Central,skybet,Sky Bet,2026-10-03T18:39:26Z,h2h,Draw,2.9,,0.3448275862068966,0.31040116173534216,0.2
2026-10-03T18:40:07.327099+00:00,2026-10-03T19:40:07.327099+01:00,d6d153e51e6a634e23ea438909779061,soccer_argentina_primera_division,Primera División - Argentina,2026-10-03T20:00:00+00:00,2026-10-03T21:00:00+01:00,Atlético Tucuman,Barracas Central,paddypower,Paddy Power,2026-10-03T18:39:39Z,h2h,Atlético Tucuman,1.75,,0.5714285714285714,0.5119152691968226,0.2
2026-10-03T18:40:07.327099+00:00,2026-10-03T19:40:07.327099+01:00,d6d153e51e6a634e23ea438909779061,soccer_argentina_primera_division,Primera División - Argentina,2026-10-03T20:00:00+00:00,2026-10-03T21:00:00+01:00,Atlético Tucuman,Barracas Central,paddypower,Paddy Power,2026-10-03T18:39:39Z,h2h,Barracas Central,5.0,,0.2,0.17917034421888792,0.2
2026-10-03T18:40:07.327099+00:00,2026-10-03T19:40:07.327099+01:00,d6d153e51e6a634e23ea438909779061,soccer_argentina_primera_division,Primera División - Argentina,2026-10-03T20:00:00+00:00,2026-10-03T21:00:00+01:00,Atlético Tucuman,Barracas Central,paddypower,Paddy Power,2026-10-03T18:39:39Z,h2h,Draw,2.9,,0.3448275862068966,0.30891438658428955,0.2
2026-10-03T18:40:07.327099+00:00,2026-10-03T19:40:07.327099+01:00,d6d153e51e6a634e23ea438909779061,soccer_argentina_primera_division,Primera División - Argentina,2026-10-03T20:00:00+00:00,2026-10-03T21:00:00+01:00,Atlético Tucuman,Barracas Central,boylesports,BoyleSports,2026-10-03T18:39:11Z,h2h,Atlético Tucuman,1.83,,0.5464480874316939,0.5011870218939594,0.2
2026-10-03T18:40:07.327099+00:00,2026-10-03T19:40:07.327099+01:00,d6d153e51e6a634e23ea438909779061,soccer_argentina_primera_division,Primera División - Argentina,2026-10-03T20:00:00+00:00,2026-10-03T21:00:00+01:00,Atlético Tucuman,Barracas Central,boylesports,BoyleSports,2026-10-03T18:39:11Z,h2h,Barracas Central,4.75,,0.21052631578947367,0.1930888947507254,0.2
2026-10-03T18:40:07.327099+00:00,2026-10-03T19:40:07.327099+01:00,d6d153e51e6a634e23ea438909779061,soccer_argentina_primera_division,Primera División - Argentina,2026-10-03T20:00:00+00:00,2026-10-03T21:00:00+01:00,Atlético Tucuman,Barracas Central,boylesports,BoyleSports,2026-10-03T18:39:11Z,h2h,Draw,3.0,,0.3333333333333333,0.30572408335531526,0.2
2026-10-03T18:40:07.327099+00:00,2026-10-03T19:40:07.327099+01:00,d6d153e51e6a634e23ea438909779061,soccer_argentina_primera_division,Primera División - Argentina,2026-10-03T20:00:00+00:00,2026-10-03T21:00:00+01:00,Atlético Tucuman,Barracas Central,livescorebet,LiveScore Bet,2026-10-03T18:39:57Z,h2h,Atlético Tucuman,1.7,,0.5882352941176471,0.52512297962052,0.2
2026-10-03T18:40:07.327099+00:00,2026-10-03T19:40:07.327099+01:00,d6d153e51e6a634e23ea438909779061,soccer_argentina_primera_division,Primera División - Argentina,2026-10-03T20:00:00+00:00,2026-10-03T21:00:00+01:00,Atlético Tucuman,Barracas Central,livescorebet,LiveScore Bet,2026-10-03T18:39:57Z,h2h,Barracas Central,4.9,,0.2040816326530612,0.18218552354181305,0.2
2026-10-03T18:40:07.327099+00:00,2026-10-03T19:40:07.327099+01:00,d6d153e51e6a634e23ea438909779061,soccer_argentina_primera_division,Primera División - Argentina,2026-10-03T20:00:00+00:00,2026-10-03T21:00:00+01:00,Atlético Tucuman,Barracas Central,livescorebet,LiveScore Bet,2026-10-03T18:39:57Z,h2h,Draw,3.05,,0.3278688524590164,0.29269149683766693,0.2
2026-10-03T18:40:07.327099+00:00,2026-10-03T19:40:07.327099+01:00,d6d153e51e6a634e23ea438909779061,soccer_argentina_primera_division,Primera División - Argentina,2026-10-03T20:00:00+00:00,2026-10-03T21:00:00+01:00,Atlético Tucuman,Barracas Central,virginbet,Virgin Bet,2026-10-03T18:39:57Z,h2h,Atlético Tucuman,1.7,,0.5882352941176471,0.52512297962052,0.2
2026-10-03T18:40:07.327099+00:00,2026-10-03T19:40:07.327099+01:00,d6d153e51e6a634e23ea438909779061,soccer_argentina_primera_division,Primera División - Argentina,2026-10-03T20:00:00+00:00,2026-10-03T21:00:00+01:00,Atlético Tucuman,Barracas Central,virginbet,Virgin Bet,2026-10-03T18:39:57Z,h2h,Barracas Central,4.9,,0.2040816326530612,0.18218552354181305,0.2
2026-10-03T18:40:07.327099+00:00,2026-10-03T19:40:07.327099+01:00,d6d153e51e6a634e23ea438909779061,soccer_argentina_primera_division,Primera División - Argentina,2026-10-03T20:00:00+00:00,2026-10-03T21:00:00+01:00,Atlético Tucuman,Barracas Central,virginbet,Virgin Bet,2026-10-03T18:39:57Z,h2h,Draw,3.05,,0.3278688524590164,0.29269149683766693,0.2
2026-10-03T18:40:07.327099+00:00,2026-10-03T19:40:07.327099+01:00,d6d153e51e6a634e23ea438909779061,soccer_argentina_primera_division,Primera División - Argentina,2026-10-03T20:00:00+00:00,2026-10-03T21:00:00+01:00,Atlético Tucuman,Barracas Central,ladbrokes_uk,Ladbrokes,2026-10-03T18:39:58Z,h2h,Atlético Tucuman,1.85,,0.5405405405405405,0.5084467771034935,0.2
2026-10-03T18:40:07.327099+00:00,2026-10-03T19:40:07.327099+01:00,d6d153e51e6a634e23ea438909779061,soccer_argentina_primera_division,Primera División - Argentina,2026-10-03T20:00:00+00:00,2026-10-03T21:00:00+01:00,Atlético Tucuman,Barracas Central,ladbrokes_uk,Ladbrokes,2026-10-03T18:39:58Z,h2h,Barracas Central,5.0,,0.2,0.18812530752829262,0.2
2026-10-03T18:40:07.327099+00:00,2026-10-03T19:40:07.327099+01:00,d6d153e51e6a634e23ea438909779061,soccer_argentina_primera_division,Primera División - Argentina,2026-10-03T20:00:00+00:00,2026-10-03T21:00:00+01:00,Atlético Tucuman,Barracas Central,ladbrokes_uk,Ladbrokes,2026-10-03T18:39:58Z,h2h,Draw,3.1,,0.3225806451612903,0.3034279153682139,0.2
2026-10-03T18:40:07.327099+00:00,2026-10-03T19:40:07.327099+01:00,d6d153e51e6a634e23ea438909779061,soccer_argentina_primera_division,Primera División - Argentina,2026-10-03T20:00:00+00:00,2026-10-03T21:00:00+01:00,Atlético Tucuman,Barracas Central,betfair_sb_uk,Betfair Sportsbook,2026-10-03T18:39:24Z,h2h,Atlético Tucuman,1.8,,0.5555555555555556,0.5102040816326531,0.2
2026-10-03T18:40:07.327099+00:00,2026-10-03T19:40:07.327099+01:00,d6d153e51e6a634e23ea438909779061,soccer_argentina_primera_division,Primera División - Argentina,2026-10-03T20:00:00+00:00,2026-10-03T21:00:00+01:00,Atlético Tucuman,Barracas Central,betfair_sb_uk,Betfair Sportsbook,2026-10-03T18:39:24Z,h2h,Barracas Central,5.0,,0.2,0.18367346938775508,0.2
2026-10-03T18:40:07.327099+00:00,2026-10-03T19:40:07.327099+01:00,d6d153e51e6a634e23ea438909779061,soccer_argentina_primera_division,Primera División - Argentina,2026-10-03T20:00:00+00:00,2026-10-03T21:00:00+01:00,Atlético Tucuman,Barracas Central,betfair_sb_uk,Betfair Sportsbook,2026-10-03T18:39:24Z,h2h,Draw,3.0,,0.3333333333333333,0.3061224489795918,0.2
2026-10-03T18:40:07.327099+00:00,2026-10-03T19:40:07.327099+01:00,d6d153e51e6a634e23ea438909779061,soccer_argentina_primera_division,Primera División - Argentina,2026-10-03T20:00:00+00:00,2026-10-03T21:00:00+01:00,Atlético Tucuman,Barracas Central,smarkets,Smarkets,2026-10-03T18:39:58Z,h2h,Atlético Tucuman,1.9,,0.5263157894736842,0.5229574143431821,0.2
2026-10-03T18:40:07.327099+00:00,2026-10-03T19:40:07.327099+01:00,d6d153e51e6a634e23ea438909779061,soccer_argentina_primera_division,Primera División - Argentina,2026-10-03T20:00:00+00:00,2026-10-03T21:00:00+01:00,Atlético Tucuman,Barracas Central,smarkets,Smarkets,2026-10-03T18:39:58Z,h2h,Barracas Central,5.8,,0.1724137931034483,0.1713136357331114,0.2
2026-10-03T18:40:07.327099+00:00,2026-10-03T19:40:07.327099+01:00,d6d153e51e6a634e23ea438909779061,soccer_argentina_primera_division,Primera División - Argentina,2026-10-03T20:00:00+00:00,2026-10-03T21:00:00+01:00,Atlético Tucuman,Barracas Central,smarkets,Smarkets,2026-10-03T18:39:58Z,h2h,Draw,3.25,,0.3076923076923077,0.3057289499237065,0.2
2026-10-03T18:40:07.327099+00:00,2026-10-03T19:40:07.327099+01:00,d6d153e51e6a634e23ea438909779061,soccer_argentina_primera_division,Primera División - Argentina,2026-10-03T20:00:00+00:00,2026-10-03T21:00:00+01:00,Atlético Tucuman,Barracas Central,smarkets,Smarkets,2026-10-03T18:39:58Z,h2h_lay,Atlético Tucuman,1.93,,0.5181347150259068,1.0,0.2
2026-10-03T18:40:07.327099+00:00,2026-10-03T19:40:07.327099+01:00,d6d153e51e6a634e23ea438909779061,soccer_argentina_primera_division,Primera División - Argentina,2026-10-03T20:00:00+00:00,2026-10-03T21:00:00+01:00,Atlético Tucuman,Barracas Central,smarkets,Smarkets,2026-10-03T18:39:58Z,h2h_lay,Barracas Central,6.0,,0.16666666666666666,1.0,0.2
2026-10-03T18:40:07.327099+00:00,2026-10-03T19:40:07.327099+01:00,d6d153e51e6a634e23ea438909779061,soccer_argentina_primera_division,Primera División - Argentina,2026-10-03T20:00:00+00:00,2026-10-03T21:00:00+01:00,Atlético Tucuman,Barracas Central,smarkets,Smarkets,2026-10-03T18:39:58Z,h2h_lay,Draw,3.3,,0.30303030303030304,1.0,0.2
2026-10-03T18:40:07.327099+00:00,2026-10-03T19:40:07.327099+01:00,d6d153e51e6a634e23ea438909779061,soccer_argentina_primera_division,Primera División - Argentina,2026-10-03T20:00:00+00:00,2026-10-03T21:00:00+01:00,Atlético Tucuman,Barracas Central,unibet_uk,Unibet (UK),2026-10-03T18:39:41Z,h2h,Atlético Tucuman,1.84,,0.5434782608695652,0.5098013419286935,0.2
2026-10-03T18:40:07.327099+00:00,2026-10-03T19:40:07.327099+01:00,d6d153e51e6a634e23ea438909779061,soccer_argentina_primera_division,Primera División - Argentina,2026-10-03T20:00:00+00:00,2026-10-03T21:00:00+01:00,Atlético Tucuman,Barracas Central,unibet_uk,Unibet (UK),2026-10-03T18:39:41Z,h2h,Barracas Central,5.0,,0.2,0.18760689382975923,0.2
2026-10-03T18:40:07.327099+00:00,2026-10-03T19:40:07.327099+01:00,d6d153e51e6a634e23ea438909779061,soccer_argentina_primera_division,Primera División - Argentina,2026-10-03T20:00:00+00:00,2026-10-03T21:00:00+01:00,Atlético Tucuman,Barracas Central,unibet_uk,Unibet (UK),2026-10-03T18:39:41Z,h2h,Draw,3.1,,0.3225806451612903,0.30259176424154716,0.2
2026-10-03T18:40:07.327099+00:00,2026-10-03T19:40:07.327099+01:00,d6d153e51e6a634e23ea438909779061,soccer_argentina_primera_division,Primera División - Argentina,2026-10-03T20:00:00+00:00,2026-10-03T21:00:00+01:00,Atlético Tucuman,Barracas Central,betfred_uk,Betfred (UK),2026-10-03T18:39:58Z,h2h,Atlético Tucuman,1.8,,0.5555555555555556,0.5102040816326531,0.2
2026-10-03T18:40:07.327099+00:00,2026-10-03T19:40:07.327099+01:00,d6d153e51e6a634e23ea438909779061,soccer_argentina_primera_division,Primera División - Argentina,2026-10-03T20:00:00+00:00,2026-10-03T21:00:00+01:00,Atlético Tucuman,Barracas Central,betfred_uk,Betfred (UK),2026-10-03T18:39:58Z,h2h,Barracas Central,5.0,,0.2,0.18367346938775508,0.2
2026-10-03T18:40:07.327099+00:00,2026-10-03T19:40:07.327099+01:00,d6d153e51e6a634e23ea438909779061,soccer_argentina_primera_division,Primera División - Argentina,2026-10-03T20:00:00+00:00,2026-10-03T21:00:00+01:00,Atlético Tucuman,Barracas Central,betfred_uk,Betfred (UK),2026-10-03T18:39:58Z,h2h,Draw,3.0,,0.3333333333333333,0.3061224489795918,0.2
2026-10-03T18:40:07.327099+00:00,2026-10-03T19:40:07.327099+01:00,d6d153e51e6a634e23ea438909779061,soccer_argentina_primera_division,Primera División - Argentina,2026-10-03T20:00:00+00:00,2026-10-03T21:00:00+01:00,Atlético Tucuman,Barracas Central,betway,Betway,2026-10-03T18:39:57Z,h2h,Atlético Tucuman,1.83,,0.5464480874316939,0.511163143488441,0.2
2026-10-03T18:40:07.327099+00:00,2026-10-03T19:40:07.327099+01:00,d6d153e51e6a634e23ea438909779061,soccer_argentina_primera_division,Primera División - Argentina,2026-10-03T20:00:00+00:00,2026-10-03T21:00:00+01:00,Atlético Tucuman,Barracas Central,betway,Betway,2026-10-03T18:39:57Z,h2h,Barracas Central,5.0,,0.2,0.18708571051676945,0.2
2026-10-03T18:40:07.327099+00:00,2026-10-03T19:40:07.327099+01:00,d6d153e51e6a634e23ea438909779061,soccer_argentina_primera_division,Primera División - Argentina,2026-10-03T20:00:00+00:00,2026-10-03T21:00:00+01:00,Atlético Tucuman,Barracas Central,betway,Betway,2026-10-03T18:39:57Z,h2h,Draw,3.1,,0.3225806451612903,0.3017511459947894,0.2
2026-10-03T18:40:07.327099+00:00,2026-10-03T19:40:07.327099+01:00,d6d153e51e6a634e23ea438909779061,soccer_argentina_primera_division,Primera División - Argentina,2026-10-03T20:00:00+00:00,2026-10-03T21:00:00+01:00,Atlético Tucuman,Barracas Central,betfair_ex_uk,Betfair,2026-10-03T18:39:59Z,h2h,Atlético Tucuman,1.9,,0.5263157894736842,0.5213903743315508,0.2
2026-10-03T18:40:07.327099+00:00,2026-10-03T19:40:07.327099+01:00,d6d153e51e6a634e23ea438909779061,soccer_argentina_primera_division,Primera División - Argentina,2026-10-03T20:00:00+00:00,2026-10-03T21:00:00+01:00,Atlético Tucuman,Barracas Central,betfair_ex_uk,Betfair,2026-10-03T18:39:59Z,h2h,Barracas Central,5.7,,0.17543859649122806,0.17379679144385027,0.2
2026-10-03T18:40:07.327099+00:00,2026-10-03T19:40:07.327099+01:00,d6d153e51e6a634e23ea438909779061,soccer_argentina_primera_division,Primera División - Argentina,2026-10-03T20:00:00+00:00,2026-10-03T21:00:00+01:00,Atlético Tucuman,Barracas Central,betfair_ex_uk,Betfair,2026-10-03T18:39:59Z,h2h,Draw,3.25,,0.3076923076923077,0.3048128342245989,0.2
2026-10-03T18:40:07.327099+00:00,2026-10-03T19:40:07.327099+01:00,d6d153e51e6a634e23ea438909779061,soccer_argentina_primera_division,Primera División - Argentina,2026-10-03T20:00:00+00:00,2026-10-03T21:00:00+01:00,Atlético Tucuman,Barracas Central,betfair_ex_uk,Betfair,2026-10-03T18:39:59Z,h2h_lay,Atlético Tucuman,1.92,,0.5208333333333334,1.0,0.2
2026-10-03T18:40:07.327099+00:00,2026-10-03T19:40:07.327099+01:00,d6d153e51e6a634e23ea438909779061,soccer_argentina_primera_division,Primera División - Argentina,2026-10-03T20:00:00+00:00,2026-10-03T21:00:00+01:00,Atlético Tucuman,Barracas Central,betfair_ex_uk,Betfair,2026-10-03T18:39:59Z,h2h_lay,Barracas Central,6.0,,0.16666666666666666,1.0,0.2
2026-10-03T18:40:07.327099+00:00,2026-10-03T19:40:07.327099+01:00,d6d153e51e6a634e23ea438909779061,soccer_argentina_primera_division,Primera División - Argentina,2026-10-03T20:00:00+00:00,2026-10-03T21:00:00+01:00,Atlético Tucuman,Barracas Central,betfair_ex_uk,Betfair,2026-10-03T18:39:59Z,h2h_lay,Draw,3.3,,0.30303030303030304,1.0,0.2
2026-10-03T18:40:07.327099+00:00,2026-10-03T19:40:07.327099+01:00,2af9d1ce2cc79e9caa358954abd751cf,soccer_argentina_primera_division,Primera División - Argentina,2026-10-03T20:00:00+00:00,2026-10-03T21:00:00+01:00,Newells Old Boys,Lanus,paddypower,Paddy Power,2026-10-03T18:39:39Z,h2h,Lanus,2.62,,0.38167938931297707,0.3436754176610978,0.2
2026-10-03T18:40:07.327099+00:00,2026-10-03T19:40:07.327099+01:00,2af9d1ce2cc79e9caa358954abd751cf,soccer_argentina_primera_division,Primera División - Argentina,2026-10-03T20:00:00+00:00,2026-10-03T21:00:00+01:00,Newells Old Boys,Lanus,paddypower,Paddy Power,2026-10-03T18:39:39Z,h2h,Newells Old Boys,2.62,,0.38167938931297707,0.3436754176610978,0.2
2026-10-03T18:40:07.327099+00:00,2026-10-03T19:40:07.327099+01:00,2af9d1ce2cc79e9caa358954abd751cf,soccer_argentina_primera_division,Primera División - Argentina,2026-10-03T20:00:00+00:00,2026-10-03T21:00:00+01:00,Newells Old Boys,Lanus,paddypower,Paddy Power,2026-10-03T18:39:39Z,h2h,Draw,2.88,,0.3472222222222222,0.3126491646778043,0.2
2026-10-03T18:40:07.327099+00:00,2026-10-03T19:40:07.327099+01:00,2af9d1ce2cc79e9caa358954abd751cf,soccer_argentina_primera_division,Primera División - Argentina,2026-10-03T20:00:00+00:00,2026-10-03T21:00:00+01:00,Newells Old Boys,Lanus,skybet,Sky Bet,2026-10-03T18:39:26Z,h2h,Lanus,2.6,,0.3846153846153846,0.3414634146341463,0.2
2026-10-03T18:40:07.327099+00:00,2026-10-03T19:40:07.327099+01:00,2af9d1ce2cc79e9caa358954abd751cf,soccer_argentina_primera_division,Primera División - Argentina,2026-10-03T20:00:00+00:00,2026-10-03T21:00:00+01:00,Newells Old Boys,Lanus,skybet,Sky Bet,2026-10-03T18:39:26Z,h2h,Newells Old Boys,2.6,,0.3846153846153846,0.3414634146341463,0.2
2026-10-03T18:40:07.327099+00:00,2026-10-03T19:40:07.327099+01:00,2af9d1ce2cc79e9caa358954abd751cf,soccer_argentina_primera_division,Primera División - Argentina,2026-10-03T20:00:00+00:00,2026-10-03T21:00:00+01:00,Newells Old Boys,Lanus,skybet,Sky Bet,2026-10-03T18:39:26Z,h2h,Draw,2.8,,0.35714285714285715,0.3170731707317073,0.2
2026-10-03T18:40:07.327099+00:00,2026-10-03T19:40:07.327099+01:00,2af9d1ce2cc79e9caa358954abd751cf,soccer_argentina_primera_division,Primera División - Argentina,2026-10-03T20:00:00+00:00,2026-10-03T21:00:00+01:00,Newells Old Boys,Lanus,boylesports,BoyleSports,2026-10-03T18:39:11Z,h2h,Lanus,2.7,,0.37037037037037035,0.33943134229667177,0.2
2026-10-03T18:40:07.327099+00:00,2026-10-03T19:40:07.327099+01:00,2af9d1ce2cc79e9caa358954abd751cf,soccer_argentina_primera_division,Primera División - Argentina,2026-10-03T20:00:00+00:00,2026-10-03T21:00:00+01:00,Newells Old Boys,Lanus,boylesports,BoyleSports,2026-10-03T18:39:11Z,h2h,Newells Old Boys,2.75,,0.36363636363636365,0.33325986334582325,0.2
2026-10-03T18:40:07.327099+00:00,2026-10-03T19:40:07.327099+01:00,2af9d1ce2cc79e9caa358954abd751cf,soccer_argentina_primera_division,Primera División - Argentina,2026-10-03T20:00:00+00:00,2026-10-03T21:00:00+01:00,Newells Old Boys,Lanus,boylesports,BoyleSports,2026-10-03T18:39:11Z,h2h,Draw,2.8,,0.35714285714285715,0.32730879435750493,0.2
2026-10-03T18:40:07.327099+00:00,2026-10-03T19:40:07.327099+01:00,2af9d1ce2cc79e9caa358954abd751cf,soccer_argentina_primera_division,Primera División - Argentina,2026-10-03T20:00:00+00:00,2026-10-03T21:00:00+01:00,Newells Old Boys,Lanus,livescorebet,LiveScore Bet,2026-10-03T18:39:57Z,h2h,Lanus,2.48,,0.40322580645161293,0.36285922153510375,0.2
2026-10-03T18:40:07.327099+00:00,2026-10-03T19:40:07.327099+01:00,2af9d1ce2cc79e9caa358954abd751cf,soccer_argentina_primera_division,Primera División - Argentina,2026-10-03T20:00:00+00:00,2026-10-03T21:00:00+01:00,Newells Old Boys,Lanus,livescorebet,LiveScore Bet,2026-10-03T18:39:57Z,h2h,Newells Old Boys,2.85,,0.3508771929824561,0.31575118224809023,0.2
2026-10-03T18:40:07.327099+00:00,2026-10-03T19:40:07.327099+01:00,2af9d1ce2cc79e9caa358954abd751cf,soccer_argentina_primera_division,Primera División - Argentina,2026-10-03T20:00:00+00:00,2026-10-03T21:00:00+01:00,Newells Old Boys,Lanus,livescorebet,LiveScore Bet,2026-10-03T18:39:57Z,h2h,Draw,2.8,,0.35714285714285715,0.32138959621680613,0.2
2026-10-03T18:40:07.327099+00:00,2026-10-03T19:40:07.327099+01:00,2af9d1ce2cc79e9caa358954abd751cf,soccer_argentina_primera_division,Primera División - Argentina,2026-10-03T20:00:00+00:00,2026-10-03T21:00:00+01:00,Newells Old Boys,Lanus,virginbet,Virgin Bet,2026-10-03T18:39:57Z,h2h,Lanus,2.48,,0.40322580645161293,0.36285922153510375,0.2
2026-10-03T18:40:07.327099+00:00,2026-10-03T19:40:07.327099+01:00,2af9d1ce2cc79e9caa358954abd751cf,soccer_argentina_primera_division,Primera División - Argentina,2026-10-03T20:00:00+00:00,2026-10-03T21:00:00+01:00,Newells Old Boys,Lanus,virginbet,Virgin Bet,2026-10-03T18:39:57Z,h2h,Newells Old Boys,2.85,,0.3508771929824561,0.31575118224809023,0.2
2026-10-03T18:40:07.327099+00:00,2026-10-03T19:40:07.327099+01:00,2af9d1ce2cc79e9caa358954abd751cf,soccer_argentina_primera_division,Primera División - Argentina,2026-10-03T20:00:00+00:00,2026-10-03T21:00:00+01:00,Newells Old Boys,Lanus,virginbet,Virgin Bet,2026-10-03T18:39:57Z,h2h,Draw,2.8,,0.35714285714285715,0.32138959621680613,0.2
2026-10-03T18:40:07.327099+00:00,2026-10-03T19:40:07.327099+01:00,2af9d1ce2cc79e9caa358954abd751cf,soccer_argentina_primera_division,Primera División - Argentina,2026-10-03T20:00:00+00:00,2026-10-03T21:00:00+01:00,Newells Old Boys,Lanus,ladbrokes_uk,Ladbrokes,2026-10-03T18:39:58Z,h2h,Lanus,2.7,,0.37037037037037035,0.35053453947368424,0.2
2026-10-03T18:40:07.327099+00:00,2026-10-03T19:40:07.327099+01:00,2af9d1ce2cc79e9caa358954abd751cf,soccer_argentina_primera_division,Primera División - Argentina,2026-10-03T20:00:00+00:00,2026-10-03T21:00:00+01:00,Newells Old Boys,Lanus,ladbrokes_uk,Ladbrokes,2026-10-03T18:39:58Z,h2h,Newells Old Boys,2.75,,0.36363636363636365,0.3441611842105263,0.2
2026-10-03T18:40:07.327099+00:00,2026-10-03T19:40:07.327099+01:00,2af9d1ce2cc79e9caa358954abd751cf,soccer_argentina_primera_division,Primera División - Argentina,2026-10-03T20:00:00+00:00,2026-10-03T21:00:00+01:00,Newells Old Boys,Lanus,ladbrokes_uk,Ladbrokes,2026-10-03T18:39:58Z,h2h,Draw,3.1,,0.3225806451612903,0.3053042763157895,0.2
2026-10-03T18:40:07.327099+00:00,2026-10-03T19:40:07.327099+01:00,2af9d1ce2cc79e9caa358954abd751cf,soccer_argentina_primera_division,Primera División - Argentina,2026-10-03T20:00:00+00:00,2026-10-03T21:00:00+01:00,Newells Old Boys,Lanus,betfair_sb_uk,Betfair Sportsbook,2026-10-03T18:39:24Z,h2h,Lanus,2.7,,0.37037037037037035,0.3448275862068966,0.2
2026-10-03T18:40:07.327099+00:00,2026-10-03T19:40:07.327099+01:00,2af9d1ce2cc79e9caa358954abd751cf,soccer_argentina_primera_division,Primera División - Argentina,2026-10-03T20:00:00+00:00,2026-10-03T21:00:00+01:00,Newells Old Boys,Lanus,betfair_sb_uk,Betfair Sportsbook,2026-10-03T18:39:24Z,h2h,Newells Old Boys,2.7,,0.37037037037037035,0.3448275862068966,0.2
2026-10-03T18:40:07.327099+00:00,2026-10-03T19:40:07.327099+01:00,2af9d1ce2cc79e9caa358954abd751cf,soccer_argentina_primera_division,Primera División - Argentina,2026-10-03T20:00:00+00:00,2026-10-03T21:00:00+01:00,Newells Old Boys,Lanus,betfair_sb_uk,Betfair Sportsbook,2026-10-03T18:39:24Z,h2h,Draw,3.0,,0.3333333333333333,0.3103448275862069,0.2
2026-10-03T18:40:07.327099+00:00,2026-10-03T19:40:07.327099+01:00,2af9d1ce2cc79e9caa358954abd751cf,soccer_argentina_primera_division,Primera División - Argentina,2026-10-03T20:00:00+00:00,2026-10-03T21:00:00+01:00,Newells Old Boys,Lanus,betfred_uk,Betfred (UK),2026-10-03T18:39:58Z,h2h,Lanus,2.62,,0.38167938931297707,0.3480278422273782,0.2
2026-10-03T18:40:07.327099+00:00,2026-10-03T19:40:07.327099+01:00,2af9d1ce2cc79e9caa358954abd751cf,soccer_argentina_primera_division,Primera División - Argentina,2026-10-03T20:00:00+00:00,2026-10-03T21:00:00+01:00,Newells Old Boys,Lanus,betfred_uk,Betfred (UK),2026-10-03T18:39:58Z,h2h,Newells Old Boys,2.62,,0.38167938931297707,0.3480278422273782,0.2
2026-10-03T18:40:07.327099+00:00,2026-10-03T19:40:07.327099+01:00,2af9d1ce2cc79e9caa358954abd751cf,soccer_argentina_primera_division,Primera División - Argentina,2026-10-03T20:00:00+00:00,2026-10-03T21:00:00+01:00,Newells Old Boys,Lanus,betfred_uk,Betfred (UK),2026-10-03T18:39:58Z,h2h,Draw,3.0,,0.3333333333333333,0.30394431554524365,0.2
2026-10-03T18:40:07.327099+00:00,2026-10-03T19:40:07.327099+01:00,2af9d1ce2cc79e9caa358954abd751cf,soccer_argentina_primera_division,Primera División - Argentina,2026-10-03T20:00:00+00:00,2026-10-03T21:00:00+01:00,Newells Old Boys,Lanus,smarkets,Smarkets,2026-10-03T18:39:58Z,h2h,Lanus,2.94,,0.3401360544217687,0.33758918512955316,0.2
2026-10-03T18:40:07.327099+00:00,2026-10-03T19:40:07.327099+01:00,2af9d1ce2cc79e9caa358954abd751cf,soccer_argentina_primera_division,Primera División - Argentina,2026-10-03T20:00:00+00:00,2026-10-03T21:00:00+01:00,Newells Old Boys,Lanus,smarkets,Smarkets,2026-10-03T18:39:58Z,h2h,Newells Old Boys,2.9,,0.3448275862068966,0.3422455876830643,0.2
2026-10-03T18:40:07.327099+00:00,2026-10-03T19:40:07.327099+01:00,2af9d1ce2cc79e9caa358954abd751cf,soccer_argentina_primera_division,Primera División - Argentina,2026-10-03T20:00:00+00:00,2026-10-03T21:00:00+01:00,Newells Old Boys,Lanus,smarkets,Smarkets,2026-10-03T18:39:58Z,h2h,Draw,3.1,,0.3225806451612903,0.32016522718738266,0.2
2026-10-03T18:40:07.327099+00:00,2026-10-03T19:40:07.327099+01:00,2af9d1ce2cc79e9caa358954abd751cf,soccer_argentina_primera_division,Primera División - Argentina,2026-10-03T20:00:00+00:00,2026-10-03T21:00:00+01:00,Newells Old Boys,Lanus,smarkets,Smarkets,2026-10-03T18:39:58Z,h2h_lay,Lanus,3.05,,0.3278688524590164,1.0,0.2
2026-10-03T18:40:07.327099+00:00,2026-10-03T19:40:07.327099+01:00,2af9d1ce2cc79e9caa358954abd751cf,soccer_argentina_primera_division,Primera División - Argentina,2026-10-03T20:00:00+00:00,2026-10-03T21:00:00+01:00,Newells Old Boys,Lanus,smarkets,Smarkets,2026-10-03T18:39:58Z,h2h_lay,Newells Old Boys,3.0,,0.3333333333333333,1.0,0.2
2026-10-03T18:40:07.327099+00:00,2026-10-03T19:40:07.327099+01:00,2af9d1ce2cc79e9caa358954abd751cf,soccer_argentina_primera_division,Primera División - Argentina,2026-10-03T20:00:00+00:00,2026-10-03T21:00:00+01:00,Newells Old Boys,Lanus,smarkets,Smarkets,2026-10-03T18:39:58Z,h2h_lay,Draw,3.15,,0.31746031746031744,1.0,0.2
2026-10-03T18:40:07.327099+00:00,2026-10-03T19:40:07.327099+01:00,2af9d1ce2cc79e9caa358954abd751cf,soccer_argentina_primera_division,Primera División - Argentina,2026-10-03T20:00:00+00:00,2026-10-03T21:00:00+01:00,Newells Old Boys,Lanus,betway,Betway,2026-10-03T18:39:57Z,h2h,Lanus,2.8,,0.35714285714285715,0.3344029724708664,0.2
2026-10-03T18:40:07.327099+00:00,2026-10-03T19:40:07.327099+01:00,2af9d1ce2cc79e9caa358954abd751cf,soccer_argentina_primera_division,Primera División - Argentina,2026-10-03T20:00:00+00:00,2026-10-03T21:00:00+01:00,Newells Old Boys,Lanus,betway,Betway,2026-10-03T18:39:57Z,h2h,Newells Old Boys,2.75,,0.36363636363636365,0.34048302651579126,0.2
2026-10-03T18:40:07.327099+00:00,2026-10-03T19:40:07.327099+01:00,2af9d1ce2cc79e9caa358954abd751cf,soccer_argentina_primera_division,Primera División - Argentina,2026-10-03T20:00:00+00:00,2026-10-03T21:00:00+01:00,Newells Old Boys,Lanus,betway,Betway,2026-10-03T18:39:57Z,h2h,Draw,2.88,,0.3472222222222222,0.3251140010133423,0.2
2026-10-03T18:40:07.327099+00:00,2026-10-03T19:40:07.327099+01:00,2af9d1ce2cc79e9caa358954abd751cf,soccer_argentina_primera_division,Primera División - Argentina,2026-10-03T20:00:00+00:00,2026-10-03T21:00:00+01:00,Newells Old Boys,Lanus,betfair_ex_uk,Betfair,2026-10-03T18:39:59Z,h2h,Lanus,2.96,,0.33783783783783783,0.3325179636141263,0.2
2026-10-03T18:40:07.327099+00:00,2026-10-03T19:40:07.327099+01:00,2af9d1ce2cc79e9caa358954abd751cf,soccer_argentina_primera_division,Primera División - Argentina,2026-10-03T20:00:00+00:00,2026-10-03T21:00:00+01:00,Newells Old Boys,Lanus,betfair_ex_uk,Betfair,2026-10-03T18:39:59Z,h2h,Newells Old Boys,2.9,,0.3448275862068966,0.3393976456199358,0.2
2026-10-03T18:40:07.327099+00:00,2026-10-03T19:40:07.327099+01:00,2af9d1ce2cc79e9caa358954abd751cf,soccer_argentina_primera_division,Primera División - Argentina,2026-10-03T20:00:00+00:00,2026-10-03T21:00:00+01:00,Newells Old Boys,Lanus,betfair_ex_uk,Betfair,2026-10-03T18:39:59Z,h2h,Draw,3.0,,0.3333333333333333,0.32808439076593787,0.2
2026-10-03T18:40:07.327099+00:00,2026-10-03T19:40:07.327099+01:00,2af9d1ce2cc79e9caa358954abd751cf,soccer_argentina_primera_division,Primera División - Argentina,2026-10-03T20:00:00+00:00,2026-10-03T21:00:00+01:00,Newells Old Boys,Lanus,betfair_ex_uk,Betfair,2026-10-03T18:39:59Z,h2h_lay,Lanus,3.05,,0.3278688524590164,1.0,0.2
2026-10-03T18:40:07.327099+00:00,2026-10-03T19:40:07.327099+01:00,2af9d1ce2cc79e9caa358954abd751cf,soccer_argentina_primera_division,Primera División - Argentina,2026-10-03T20:00:00+00:00,2026-10-03T21:00:00+01:00,Newells Old Boys,Lanus,betfair_ex_uk,Betfair,2026-10-03T18:39:59Z,h2h_lay,Newells Old Boys,3.0,,0.3333333333333333,1.0,0.2
2026-10-03T18:40:07.327099+00:00,2026-10-03T19:40:07.327099+01:00,2af9d1ce2cc79e9caa358954abd751cf,soccer_argentina_primera_division,Primera División - Argentina,2026-10-03T20:00:00+00:00,2026-10-03T21:00:00+01:00,Newells Old Boys,Lanus,betfair_ex_uk,Betfair,2026-10-03T18:39:59Z,h2h_lay,Draw,3.05,,0.3278688524590164,1.0,0.2
2026-10-03T18:40:07.327099+00:00,2026-10-03T19:40:07.327099+01:00,86d5be8c100a0589e1b1b737111770ae,tennis_wta_china_open,WTA China Open,2026-10-04T03:00:00+00:00,2026-10-04T04:00:00+01:00,Nikola Bartunkova,Aryna Sabalenka,grosvenor,Grosvenor,2026-10-03T18:39:27Z,h2h,Aryna Sabalenka,1.13,,0.8849557522123894,0.8415147265077139,0.2
2026-10-03T18:40:07.327099+00:00,2026-10-03T19:40:07.327099+01:00,86d5be8c100a0589e1b1b737111770ae,tennis_wta_china_open,WTA China Open,2026-10-04T03:00:00+00:00,2026-10-04T04:00:00+01:00,Nikola Bartunkova,Aryna Sabalenka,grosvenor,Grosvenor,2026-10-03T18:39:27Z,h2h,Nikola Bartunkova,6.0,,0.16666666666666666,0.15848527349228608,0.2
2026-10-03T18:40:07.327099+00:00,2026-10-03T19:40:07.327099+01:00,86d5be8c100a0589e1b1b737111770ae,tennis_wta_china_open,WTA China Open,2026-10-04T03:00:00+00:00,2026-10-04T04:00:00+01:00,Nikola Bartunkova,Aryna Sabalenka,virginbet,Virgin Bet,2026-10-03T18:39:24Z,h2h,Aryna Sabalenka,1.13,,0.8849557522123894,0.8415147265077139,0.2
2026-10-03T18:40:07.327099+00:00,2026-10-03T19:40:07.327099+01:00,86d5be8c100a0589e1b1b737111770ae,tennis_wta_china_open,WTA China Open,2026-10-04T03:00:00+00:00,2026-10-04T04:00:00+01:00,Nikola Bartunkova,Aryna Sabalenka,virginbet,Virgin Bet,2026-10-03T18:39:24Z,h2h,Nikola Bartunkova,6.0,,0.16666666666666666,0.15848527349228608,0.2
2026-10-03T18:40:07.327099+00:00,2026-10-03T19:40:07.327099+01:00,86d5be8c100a0589e1b1b737111770ae,tennis_wta_china_open,WTA China Open,2026-10-04T03:00:00+00:00,2026-10-04T04:00:00+01:00,Nikola Bartunkova,Aryna Sabalenka,betfair_ex_uk,Betfair,2026-10-03T18:40:00Z,h2h,Aryna Sabalenka,1.17,,0.8547008547008548,0.8494208494208494,0.2
2026-10-03T18:40:07.327099+00:00,2026-10-03T19:40:07.327099+01:00,86d5be8c100a0589e1b1b737111770ae,tennis_wta_china_open,WTA China Open,2026-10-04T03:00:00+00:00,2026-10-04T04:00:00+01:00,Nikola Bartunkova,Aryna Sabalenka,betfair_ex_uk,Betfair,2026-10-03T18:40:00Z,h2h,Nikola Bartunkova,6.6,,0.15151515151515152,0.15057915057915056,0.2
2026-10-03T18:40:07.327099+00:00,2026-10-03T19:40:07.327099+01:00,86d5be8c100a0589e1b1b737111770ae,tennis_wta_china_open,WTA China Open,2026-10-04T03:00:00+00:00,2026-10-04T04:00:00+01:00,Nikola Bartunkova,Aryna Sabalenka,betfair_ex_uk,Betfair,2026-10-03T18:40:00Z,h2h_lay,Aryna Sabalenka,1.18,,0.8474576271186441,1.0,0.2
2026-10-03T18:40:07.327099+00:00,2026-10-03T19:40:07.327099+01:00,86d5be8c100a0589e1b1b737111770ae,tennis_wta_china_open,WTA China Open,2026-10-04T03:00:00+00:00,2026-10-04T04:00:00+01:00,Nikola Bartunkova,Aryna Sabalenka,betfair_ex_uk,Betfair,2026-10-03T18:40:00Z,h2h_lay,Nikola Bartunkova,7.0,,0.14285714285714285,1.0,0.2
2026-10-03T18:40:07.327099+00:00,2026-10-03T19:40:07.327099+01:00,86d5be8c100a0589e1b1b737111770ae,tennis_wta_china_open,WTA China Open,2026-10-04T03:00:00+00:00,2026-10-04T04:00:00+01:00,Nikola Bartunkova,Aryna Sabalenka,livescorebet,LiveScore Bet,2026-10-03T18:39:25Z,h2h,Aryna Sabalenka,1.13,,0.8849557522123894,0.8415147265077139,0.2
2026-10-03T18:40:07.327099+00:00,2026-10-03T19:40:07.327099+01:00,86d5be8c100a0589e1b1b737111770ae,tennis_wta_china_open,WTA China Open,2026-10-04T03:00:00+00:00,2026-10-04T04:00:00+01:00,Nikola Bartunkova,Aryna Sabalenka,livescorebet,LiveScore Bet,2026-10-03T18:39:25Z,h2h,Nikola Bartunkova,6.0,,0.16666666666666666,0.15848527349228608,0.2
2026-10-03T18:40:07.327099+00:00,2026-10-03T19:40:07.327099+01:00,86d5be8c100a0589e1b1b737111770ae,tennis_wta_china_open,WTA China Open,2026-10-04T03:00:00+00:00,2026-10-04T04:00:00+01:00,Nikola Bartunkova,Aryna Sabalenka,casumo,Casumo,2026-10-03T18:40:00Z,h2h,Aryna Sabalenka,1.13,,0.8849557522123894,0.8415147265077139,0.2
2026-10-03T18:40:07.327099+00:00,2026-10-03T19:40:07.327099+01:00,86d5be8c100a0589e1b1b737111770ae,tennis_wta_china_open,WTA China Open,2026-10-04T03:00:00+00:00,2026-10-04T04:00:00+01:00,Nikola Bartunkova,Aryna Sabalenka,casumo,Casumo,2026-10-03T18:40:00Z,h2h,Nikola Bartunkova,6.0,,0.16666666666666666,0.15848527349228608,0.2
2026-10-03T18:40:07.327099+00:00,2026-10-03T19:40:07.327099+01:00,86d5be8c100a0589e1b1b737111770ae,tennis_wta_china_open,WTA China Open,2026-10-04T03:00:00+00:00,2026-10-04T04:00:00+01:00,Nikola Bartunkova,Aryna Sabalenka,williamhill,William Hill,2026-10-03T18:39:10Z,h2h,Aryna Sabalenka,1.14,,0.8771929824561404,0.8283132530120482,0.2
2026-10-03T18:40:07.327099+00:00,2026-10-03T19:40:07.327099+01:00,86d5be8c100a0589e1b1b737111770ae,tennis_wta_china_open,WTA China Open,2026-10-04T03:00:00+00:00,2026-10-04T04:00:00+01:00,Nikola Bartunkova,Aryna Sabalenka,williamhill,William Hill,2026-10-03T18:39:10Z,h2h,Nikola Bartunkova,5.5,,0.18181818181818182,0.1716867469879518,0.2
2026-10-03T18:40:07.327099+00:00,2026-10-03T19:40:07.327099+01:00,86d5be8c100a0589e1b1b737111770ae,tennis_wta_china_open,WTA China Open,2026-10-04T03:00:00+00:00,2026-10-04T04:00:00+01:00,Nikola Bartunkova,Aryna Sabalenka,sport888,888sport,2026-10-03T18:39:27Z,h2h,Aryna Sabalenka,1.14,,0.8771929824561404,0.8283132530120482,0.2
2026-10-03T18:40:07.327099+00:00,2026-10-03T19:40:07.327099+01:00,86d5be8c100a0589e1b1b737111770ae,tennis_wta_china_open,WTA China Open,2026-10-04T03:00:00+00:00,2026-10-04T04:00:00+01:00,Nikola Bartunkova,Aryna Sabalenka,sport888,888sport,2026-10-03T18:39:27Z,h2h,Nikola Bartunkova,5.5,,0.18181818181818182,0.1716867469879518,0.2
2026-10-03T18:40:07.327099+00:00,2026-10-03T19:40:07.327099+01:00,86d5be8c100a0589e1b1b737111770ae,tennis_wta_china_open,WTA China Open,2026-10-04T03:00:00+00:00,2026-10-04T04:00:00+01:00,Nikola Bartunkova,Aryna Sabalenka,leovegas,LeoVegas,2026-10-03T18:39:25Z,h2h,Aryna Sabalenka,1.14,,0.8771929824561404,0.8283132530120482,0.2
2026-10-03T18:40:07.327099+00:00,2026-10-03T19:40:07.327099+01:00,86d5be8c100a0589e1b1b737111770ae,tennis_wta_china_open,WTA China Open,2026-10-04T03:00:00+00:00,2026-10-04T04:00:00+01:00,Nikola Bartunkova,Aryna Sabalenka,leovegas,LeoVegas,2026-10-03T18:39:25Z,h2h,Nikola Bartunkova,5.5,,0.18181818181818182,0.1716867469879518,0.2
2026-10-03T18:40:07.327099+00:00,2026-10-03T19:40:07.327099+01:00,86d5be8c100a0589e1b1b737111770ae,tennis_wta_china_open,WTA China Open,2026-10-04T03:00:00+00:00,2026-10-04T04:00:00+01:00,Nikola Bartunkova,Aryna Sabalenka,paddypower,Paddy Power,2026-10-03T18:38:50Z,h2h,Aryna Sabalenka,1.12,,0.8928571428571428,0.8426966292134831,0.2
2026-10-03T18:40:07.327099+00:00,2026-10-03T19:40:07.327099+01:00,86d5be8c100a0589e1b1b737111770ae,tennis_wta_china_open,WTA China Open,2026-10-04T03:00:00+00:00,2026-10-04T04:00:00+01:00,Nikola Bartunkova,Aryna Sabalenka,paddypower,Paddy Power,2026-10-03T18:38:50Z,h2h,Nikola Bartunkova,6.0,,0.16666666666666666,0.15730337078651685,0.2
2026-10-03T18:40:07.327099+00:00,2026-10-03T19:40:07.327099+01:00,86d5be8c100a0589e1b1b737111770ae,tennis_wta_china_open,WTA China Open,2026-10-04T03:00:00+00:00,2026-10-04T04:00:00+01:00,Nikola Bartunkova,Aryna Sabalenka,unibet_uk,Unibet (UK),2026-10-03T18:39:59Z,h2h,Aryna Sabalenka,1.14,,0.8771929824561404,0.8345428156748913,0.2
2026-10-03T18:40:07.327099+00:00,2026-10-03T19:40:07.327099+01:00,86d5be8c100a0589e1b1b737111770ae,tennis_wta_china_open,WTA China Open,2026-10-04T03:00:00+00:00,2026-10-04T04:00:00+01:00,Nikola Bartunkova,Aryna Sabalenka,unibet_uk,Unibet (UK),2026-10-03T18:39:59Z,h2h,Nikola Bartunkova,5.75,,0.17391304347826086,0.16545718432510886,0.2
2026-10-03T18:40:07.327099+00:00,2026-10-03T19:40:07.327099+01:00,86d5be8c100a0589e1b1b737111770ae,tennis_wta_china_open,WTA China Open,2026-10-04T03:00:00+00:00,2026-10-04T04:00:00+01:00,Nikola Bartunkova,Aryna Sabalenka,skybet,Sky Bet,2026-10-03T18:39:41Z,h2h,Aryna Sabalenka,1.13,,0.8849557522123894,0.8415147265077139,0.2
2026-10-03T18:40:07.327099+00:00,2026-10-03T19:40:07.327099+01:00,86d5be8c100a0589e1b1b737111770ae,tennis_wta_china_open,WTA China Open,2026-10-04T03:00:00+00:00,2026-10-04T04:00:00+01:00,Nikola Bartunkova,Aryna Sabalenka,skybet,Sky Bet,2026-10-03T18:39:41Z,h2h,Nikola Bartunkova,6.0,,0.16666666666666666,0.15848527349228608,0.2
2026-10-03T18:40:07.327099+00:00,2026-10-03T19:40:07.327099+01:00,86d5be8c100a0589e1b1b737111770ae,tennis_wta_china_open,WTA China Open,2026-10-04T03:00:00+00:00,2026-10-04T04:00:00+01:00,Nikola Bartunkova,Aryna Sabalenka,boylesports,BoyleSports,2026-10-03T18:39:25Z,h2h,Aryna Sabalenka,1.14,,0.8771929824561404,0.8283132530120482,0.2
2026-10-03T18:40:07.327099+00:00,2026-10-03T19:40:07.327099+01:00,86d5be8c100a0589e1b1b737111770ae,tennis_wta_china_open,WTA China Open,2026-10-04T03:00:00+00:00,2026-10-04T04:00:00+01:00,Nikola Bartunkova,Aryna Sabalenka,boylesports,BoyleSports,2026-10-03T18:39:25Z,h2h,Nikola Bartunkova,5.5,,0.18181818181818182,0.1716867469879518,0.2
2026-10-03T18:40:07.327099+00:00,2026-10-03T19:40:07.327099+01:00,86d5be8c100a0589e1b1b737111770ae,tennis_wta_china_open,WTA China Open,2026-10-04T03:00:00+00:00,2026-10-04T04:00:00+01:00,Nikola Bartunkova,Aryna Sabalenka,coral,Coral,2026-10-03T18:39:58Z,h2h,Aryna Sabalenka,1.13,,0.8849557522123894,0.8295625942684766,0.2
2026-10-03T18:40:07.327099+00:00,2026-10-03T19:40:07.327099+01:00,86d5be8c100a0589e1b1b737111770ae,tennis_wta_china_open,WTA China Open,2026-10-04T03:00:00+00:00,2026-10-04T04:00:00+01:00,Nikola Bartunkova,Aryna Sabalenka,coral,Coral,2026-10-03T18:39:58Z,h2h,Nikola Bartunkova,5.5,,0.18181818181818182,0.17043740573152336,0.2
2026-10-03T18:40:07.327099+00:00,2026-10-03T19:40:07.327099+01:00,86d5be8c100a0589e1b1b737111770ae,tennis_wta_china_open,WTA China Open,2026-10-04T03:00:00+00:00,2026-10-04T04:00:00+01:00,Nikola Bartunkova,Aryna Sabalenka,ladbrokes_uk,Ladbrokes,2026-10-03T18:39:26Z,h2h,Aryna Sabalenka,1.13,,0.8849557522123894,0.8295625942684766,0.2
2026-10-03T18:40:07.327099+00:00,2026-10-03T19:40:07.327099+01:00,86d5be8c100a0589e1b1b737111770ae,tennis_wta_china_open,WTA China Open,2026-10-04T03:00:00+00:00,2026-10-04T04:00:00+01:00,Nikola Bartunkova,Aryna Sabalenka,ladbrokes_uk,Ladbrokes,2026-10-03T18:39:26Z,h2h,Nikola Bartunkova,5.5,,0.18181818181818182,0.17043740573152336,0.2
2026-10-03T18:40:07.327099+00:00,2026-10-03T19:40:07.327099+01:00,86d5be8c100a0589e1b1b737111770ae,tennis_wta_china_open,WTA China Open,2026-10-04T03:00:00+00:00,2026-10-04T04:00:00+01:00,Nikola Bartunkova,Aryna Sabalenka,betvictor,Bet Victor,2026-10-03T18:33:09Z,h2h,Aryna Sabalenka,1.13,,0.8849557522123894,0.8156606851549756,0.2
2026-10-03T18:40:07.327099+00:00,2026-10-03T19:40:07.327099+01:00,86d5be8c100a0589e1b1b737111770ae,tennis_wta_china_open,WTA China Open,2026-10-04T03:00:00+00:00,2026-10-04T04:00:00+01:00,Nikola Bartunkova,Aryna Sabalenka,betvictor,Bet Victor,2026-10-03T18:33:09Z,h2h,Nikola Bartunkova,5.0,,0.2,0.18433931484502447,0.2
2026-10-03T18:40:07.327099+00:00,2026-10-03T19:40:07.327099+01:00,86d5be8c100a0589e1b1b737111770ae,tennis_wta_china_open,WTA China Open,2026-10-04T03:00:00+00:00,2026-10-04T04:00:00+01:00,Nikola Bartunkova,Aryna Sabalenka,betano_uk,Betano (UK),2026-10-03T18:38:45Z,h2h,Aryna Sabalenka,1.13,,0.8849557522123894,0.8156606851549756,0.2
2026-10-03T18:40:07.327099+00:00,2026-10-03T19:40:07.327099+01:00,86d5be8c100a0589e1b1b737111770ae,tennis_wta_china_open,WTA China Open,2026-10-04T03:00:00+00:00,2026-10-04T04:00:00+01:00,Nikola Bartunkova,Aryna Sabalenka,betano_uk,Betano (UK),2026-10-03T18:38:45Z,h2h,Nikola Bartunkova,5.0,,0.2,0.18433931484502447,0.2
2026-10-03T18:40:07.327099+00:00,2026-10-03T19:40:07.327099+01:00,86d5be8c100a0589e1b1b737111770ae,tennis_wta_china_open,WTA China Open,2026-10-04T03:00:00+00:00,2026-10-04T04:00:00+01:00,Nikola Bartunkova,Aryna Sabalenka,betway,Betway,2026-10-03T18:39:25Z,h2h,Aryna Sabalenka,1.15,,0.8695652173913044,0.8270676691729323,0.2
2026-10-03T18:40:07.327099+00:00,2026-10-03T19:40:07.327099+01:00,86d5be8c100a0589e1b1b737111770ae,tennis_wta_china_open,WTA China Open,2026-10-04T03:00:00+00:00,2026-10-04T04:00:00+01:00,Nikola Bartunkova,Aryna Sabalenka,betway,Betway,2026-10-03T18:39:25Z,h2h,Nikola Bartunkova,5.5,,0.18181818181818182,0.17293233082706766,0.2
2026-10-03T18:40:07.327099+00:00,2026-10-03T19:40:07.327099+01:00,86d5be8c100a0589e1b1b737111770ae,tennis_wta_china_open,WTA China Open,2026-10-04T03:00:00+00:00,2026-10-04T04:00:00+01:00,Nikola Bartunkova,Aryna Sabalenka,smarkets,Smarkets,2026-10-03T18:39:41Z,h2h,Aryna Sabalenka,1.16,,0.8620689655172414,0.8465608465608465,0.2
2026-10-03T18:40:07.327099+00:00,2026-10-03T19:40:07.327099+01:00,86d5be8c100a0589e1b1b737111770ae,tennis_wta_china_open,WTA China Open,2026-10-04T03:00:00+00:00,2026-10-04T04:00:00+01:00,Nikola Bartunkova,Aryna Sabalenka,smarkets,Smarkets,2026-10-03T18:39:41Z,h2h,Nikola Bartunkova,6.4,,0.15625,0.1534391534391534,0.2
2026-10-03T18:40:07.327099+00:00,2026-10-03T19:40:07.327099+01:00,86d5be8c100a0589e1b1b737111770ae,tennis_wta_china_open,WTA China Open,2026-10-04T03:00:00+00:00,2026-10-04T04:00:00+01:00,Nikola Bartunkova,Aryna Sabalenka,smarkets,Smarkets,2026-10-03T18:39:41Z,h2h_lay,Aryna Sabalenka,1.19,,0.8403361344537815,1.0,0.2
2026-10-03T18:40:07.327099+00:00,2026-10-03T19:40:07.327099+01:00,86d5be8c100a0589e1b1b737111770ae,tennis_wta_china_open,WTA China Open,2026-10-04T03:00:00+00:00,2026-10-04T04:00:00+01:00,Nikola Bartunkova,Aryna Sabalenka,smarkets,Smarkets,2026-10-03T18:39:41Z,h2h_lay,Nikola Bartunkova,7.0,,0.14285714285714285,1.0,0.2
2026-10-03T18:40:07.327099+00:00,2026-10-03T19:40:07.327099+01:00,86d5be8c100a0589e1b1b737111770ae,tennis_wta_china_open,WTA China Open,2026-10-04T03:00:00+00:00,2026-10-04T04:00:00+01:00,Nikola Bartunkova,Aryna Sabalenka,matchbook,Matchbook,2026-10-03T18:39:58Z,h2h,Aryna Sabalenka,1.17,,0.8547008547008548,0.845442536327609,0.2
2026-10-03T18:40:07.327099+00:00,2026-10-03T19:40:07.327099+01:00,86d5be8c100a0589e1b1b737111770ae,tennis_wta_china_open,WTA China Open,2026-10-04T03:00:00+00:00,2026-10-04T04:00:00+01:00,Nikola Bartunkova,Aryna Sabalenka,matchbook,Matchbook,2026-10-03T18:39:58Z,h2h,Nikola Bartunkova,6.4,,0.15625,0.154557463672391,0.2
2026-10-03T18:40:07.327099+00:00,2026-10-03T19:40:07.327099+01:00,86d5be8c100a0589e1b1b737111770ae,tennis_wta_china_open,WTA China Open,2026-10-04T03:00:00+00:00,2026-10-04T04:00:00+01:00,Nikola Bartunkova,Aryna Sabalenka,matchbook,Matchbook,2026-10-03T18:39:58Z,h2h_lay,Aryna Sabalenka,1.18,,0.8474576271186441,1.0,0.2
2026-10-03T18:40:07.327099+00:00,2026-10-03T19:40:07.327099+01:00,86d5be8c100a0589e1b1b737111770ae,tennis_wta_china_open,WTA China Open,2026-10-04T03:00:00+00:00,2026-10-04T04:00:00+01:00,Nikola Bartunkova,Aryna Sabalenka,matchbook,Matchbook,2026-10-03T18:39:58Z,h2h_lay,Nikola Bartunkova,6.8,,0.14705882352941177,1.0,0.2
2026-10-03T18:40:07.327099+00:00,2026-10-03T19:40:07.327099+01:00,86d5be8c100a0589e1b1b737111770ae,tennis_wta_china_open,WTA China Open,2026-10-04T03:00:00+00:00,2026-10-04T04:00:00+01:00,Nikola Bartunkova,Aryna Sabalenka,betfair_sb_uk,Betfair Sportsbook,2026-10-03T18:40:01Z,h2h,Aryna Sabalenka,1.14,,0.8771929824561404,0.8283132530120482,0.2
2026-10-03T18:40:07.327099+00:00,2026-10-03T19:40:07.327099+01:00,86d5be8c100a0589e1b1b737111770ae,tennis_wta_china_open,WTA China Open,2026-10-04T03:00:00+00:00,2026-10-04T04:00:00+01:00,Nikola Bartunkova,Aryna Sabalenka,betfair_sb_uk,Betfair Sportsbook,2026-10-03T18:40:01Z,h2h,Nikola Bartunkova,5.5,,0.18181818181818182,0.1716867469879518,0.2
2026-10-03T18:40:07.327099+00:00,2026-10-03T19:40:07.327099+01:00,984b276e5c976125c744389eaaadece8,tennis_wta_china_open,WTA China Open,2026-10-04T03:00:00+00:00,2026-10-04T04:00:00+01:00,Sinja Kraus,Dayana Yastremska,sport888,888sport,2026-10-03T18:39:27Z,h2h,Dayana Yastremska,1.36,,0.7352941176470588,0.695067264573991,0.2
2026-10-03T18:40:07.327099+00:00,2026-10-03T19:40:07.327099+01:00,984b276e5c976125c744389eaaadece8,tennis_wta_china_open,WTA China Open,2026-10-04T03:00:00+00:00,2026-10-04T04:00:00+01:00,Sinja Kraus,Dayana Yastremska,sport888,888sport,2026-10-03T18:39:27Z,h2h,Sinja Kraus,3.1,,0.3225806451612903,0.30493273542600896,0.2
2026-10-03T18:40:07.327099+00:00,2026-10-03T19:40:07.327099+01:00,984b276e5c976125c744389eaaadece8,tennis_wta_china_open,WTA China Open,2026-10-04T03:00:00+00:00,2026-10-04T04:00:00+01:00,Sinja Kraus,Dayana Yastremska,unibet_uk,Unibet (UK),2026-10-03T18:39:59Z,h2h,Dayana Yastremska,1.35,,0.7407407407407407,0.7032967032967032,0.2
2026-10-03T18:40:07.327099+00:00,2026-10-03T19:40:07.327099+01:00,984b276e5c976125c744389eaaadece8,tennis_wta_china_open,WTA China Open,2026-10-04T03:00:00+00:00,2026-10-04T04:00:00+01:00,Sinja Kraus,Dayana Yastremska,unibet_uk,Unibet (UK),2026-10-03T18:39:59Z,h2h,Sinja Kraus,3.2,,0.3125,0.2967032967032967,0.2
2026-10-03T18:40:07.327099+00:00,2026-10-03T19:40:07.327099+01:00,984b276e5c976125c744389eaaadece8,tennis_wta_china_open,WTA China Open,2026-10-04T03:00:00+00:00,2026-10-04T04:00:00+01:00,Sinja Kraus,Dayana Yastremska,betfair_ex_uk,Betfair,2026-10-03T18:40:00Z,h2h,Dayana Yastremska,1.39,,0.7194244604316548,0.7128099173553719,0.2
2026-10-03T18:40:07.327099+00:00,2026-10-03T19:40:07.327099+01:00,984b276e5c976125c744389eaaadece8,tennis_wta_china_open,WTA China Open,2026-10-04T03:00:00+00:00,2026-10-04T04:00:00+01:00,Sinja Kraus,Dayana Yastremska,betfair_ex_uk,Betfair,2026-10-03T18:40:00Z,h2h,Sinja Kraus,3.45,,0.2898550724637681,0.2871900826446281,0.2
2026-10-03T18:40:07.327099+00:00,2026-10-03T19:40:07.327099+01:00,984b276e5c976125c744389eaaadece8,tennis_wta_china_open,WTA China Open,2026-10-04T03:00:00+00:00,2026-10-04T04:00:00+01:00,Sinja Kraus,Dayana Yastremska,betfair_ex_uk,Betfair,2026-10-03T18:40:00Z,h2h_lay,Dayana Yastremska,1.41,,0.7092198581560284,1.0,0.2
2026-10-03T18:40:07.327099+00:00,2026-10-03T19:40:07.327099+01:00,984b276e5c976125c744389eaaadece8,tennis_wta_china_open,WTA China Open,2026-10-04T03:00:00+00:00,2026-10-04T04:00:00+01:00,Sinja Kraus,Dayana Yastremska,betfair_ex_uk,Betfair,2026-10-03T18:40:00Z,h2h_lay,Sinja Kraus,3.55,,0.28169014084507044,1.0,0.2
2026-10-03T18:40:07.327099+00:00,2026-10-03T19:40:07.327099+01:00,984b276e5c976125c744389eaaadece8,tennis_wta_china_open,WTA China Open,2026-10-04T03:00:00+00:00,2026-10-04T04:00:00+01:00,Sinja Kraus,Dayana Yastremska,smarkets,Smarkets,2026-10-03T18:39:41Z,h2h,Dayana Yastremska,1.36,,0.7352941176470588,0.7142857142857143,0.2
2026-10-03T18:40:07.327099+00:00,2026-10-03T19:40:07.327099+01:00,984b276e5c976125c744389eaaadece8,tennis_wta_china_open,WTA China Open,2026-10-04T03:00:00+00:00,2026-10-04T04:00:00+01:00,Sinja Kraus,Dayana Yastremska,smarkets,Smarkets,2026-10-03T18:39:41Z,h2h,Sinja Kraus,3.4,,0.29411764705882354,0.28571428571428575,0.2
2026-10-03T18:40:07.327099+00:00,2026-10-03T19:40:07.327099+01:00,984b276e5c976125c744389eaaadece8,tennis_wta_china_open,WTA China Open,2026-10-04T03:00:00+00:00,2026-10-04T04:00:00+01:00,Sinja Kraus,Dayana Yastremska,smarkets,Smarkets,2026-10-03T18:39:41Z,h2h_lay,Dayana Yastremska,1.42,,0.7042253521126761,1.0,0.2
2026-10-03T18:40:07.327099+00:00,2026-10-03T19:40:07.327099+01:00,984b276e5c976125c744389eaaadece8,tennis_wta_china_open,WTA China Open,2026-10-04T03:00:00+00:00,2026-10-04T04:00:00+01:00,Sinja Kraus,Dayana Yastremska,smarkets,Smarkets,2026-10-03T18:39:41Z,h2h_lay,Sinja Kraus,3.6,,0.2777777777777778,1.0,0.2
2026-10-03T18:40:07.327099+00:00,2026-10-03T19:40:07.327099+01:00,984b276e5c976125c744389eaaadece8,tennis_wta_china_open,WTA China Open,2026-10-04T03:00:00+00:00,2026-10-04T04:00:00+01:00,Sinja Kraus,Dayana Yastremska,leovegas,LeoVegas,2026-10-03T18:39:25Z,h2h,Dayana Yastremska,1.35,,0.7407407407407407,0.7032967032967032,0.2
2026-10-03T18:40:07.327099+00:00,2026-10-03T19:40:07.327099+01:00,984b276e5c976125c744389eaaadece8,tennis_wta_china_open,WTA China Open,2026-10-04T03:00:00+00:00,2026-10-04T04:00:00+01:00,Sinja Kraus,Dayana Yastremska,leovegas,LeoVegas,2026-10-03T18:39:25Z,h2h,Sinja Kraus,3.2,,0.3125,0.2967032967032967,0.2
2026-10-03T18:40:07.327099+00:00,2026-10-03T19:40:07.327099+01:00,984b276e5c976125c744389eaaadece8,tennis_wta_china_open,WTA China Open,2026-10-04T03:00:00+00:00,2026-10-04T04:00:00+01:00,Sinja Kraus,Dayana Yastremska,paddypower,Paddy Power,2026-10-03T18:38:50Z,h2h,Dayana Yastremska,1.33,,0.7518796992481203,0.7096069868995633,0.2
2026-10-03T18:40:07.327099+00:00,2026-10-03T19:40:07.327099+01:00,984b276e5c976125c744389eaaadece8,tennis_wta_china_open,WTA China Open,2026-10-04T03:00:00+00:00,2026-10-04T04:00:00+01:00,Sinja Kraus,Dayana Yastremska,paddypower,Paddy Power,2026-10-03T18:38:50Z,h2h,Sinja Kraus,3.25,,0.3076923076923077,0.2903930131004367,0.2
2026-10-03T18:40:07.327099+00:00,2026-10-03T19:40:07.327099+01:00,984b276e5c976125c744389eaaadece8,tennis_wta_china_open,WTA China Open,2026-10-04T03:00:00+00:00,2026-10-04T04:00:00+01:00,Sinja Kraus,Dayana Yastremska,casumo,Casumo,2026-10-03T18:40:00Z,h2h,Dayana Yastremska,1.32,,0.7575757575757576,0.7203389830508474,0.2
2026-10-03T18:40:07.327099+00:00,2026-10-03T19:40:07.327099+01:00,984b276e5c976125c744389eaaadece8,tennis_wta_china_open,WTA China Open,2026-10-04T03:00:00+00:00,2026-10-04T04:00:00+01:00,Sinja Kraus,Dayana Yastremska,casumo,Casumo,2026-10-03T18:40:00Z,h2h,Sinja Kraus,3.4,,0.29411764705882354,0.2796610169491525,0.2
2026-10-03T18:40:07.327099+00:00,2026-10-03T19:40:07.327099+01:00,984b276e5c976125c744389eaaadece8,tennis_wta_china_open,WTA China Open,2026-10-04T03:00:00+00:00,2026-10-04T04:00:00+01:00,Sinja Kraus,Dayana Yastremska,virginbet,Virgin Bet,2026-10-03T18:39:24Z,h2h,Dayana Yastremska,1.32,,0.7575757575757576,0.7203389830508474,0.2
2026-10-03T18:40:07.327099+00:00,2026-10-03T19:40:07.327099+01:00,984b276e5c976125c744389eaaadece8,tennis_wta_china_open,WTA China Open,2026-10-04T03:00:00+00:00,2026-10-04T04:00:00+01:00,Sinja Kraus,Dayana Yastremska,virginbet,Virgin Bet,2026-10-03T18:39:24Z,h2h,Sinja Kraus,3.4,,0.29411764705882354,0.2796610169491525,0.2
2026-10-03T18:40:07.327099+00:00,2026-10-03T19:40:07.327099+01:00,984b276e5c976125c744389eaaadece8,tennis_wta_china_open,WTA China Open,2026-10-04T03:00:00+00:00,2026-10-04T04:00:00+01:00,Sinja Kraus,Dayana Yastremska,livescorebet,LiveScore Bet,2026-10-03T18:39:25Z,h2h,Dayana Yastremska,1.32,,0.7575757575757576,0.7203389830508474,0.2
2026-10-03T18:40:07.327099+00:00,2026-10-03T19:40:07.327099+01:00,984b276e5c976125c744389eaaadece8,tennis_wta_china_open,WTA China Open,2026-10-04T03:00:00+00:00,2026-10-04T04:00:00+01:00,Sinja Kraus,Dayana Yastremska,livescorebet,LiveScore Bet,2026-10-03T18:39:25Z,h2h,Sinja Kraus,3.4,,0.29411764705882354,0.2796610169491525,0.2
2026-10-03T18:40:07.327099+00:00,2026-10-03T19:40:07.327099+01:00,984b276e5c976125c744389eaaadece8,tennis_wta_china_open,WTA China Open,2026-10-04T03:00:00+00:00,2026-10-04T04:00:00+01:00,Sinja Kraus,Dayana Yastremska,grosvenor,Grosvenor,2026-10-03T18:39:27Z,h2h,Dayana Yastremska,1.32,,0.7575757575757576,0.7203389830508474,0.2
2026-10-03T18:40:07.327099+00:00,2026-10-03T19:40:07.327099+01:00,984b276e5c976125c744389eaaadece8,tennis_wta_china_open,WTA China Open,2026-10-04T03:00:00+00:00,2026-10-04T04:00:00+01:00,Sinja Kraus,Dayana Yastremska,grosvenor,Grosvenor,2026-10-03T18:39:27Z,h2h,Sinja Kraus,3.4,,0.29411764705882354,0.2796610169491525,0.2
2026-10-03T18:40:07.327099+00:00,2026-10-03T19:40:07.327099+01:00,984b276e5c976125c744389eaaadece8,tennis_wta_china_open,WTA China Open,2026-10-04T03:00:00+00:00,2026-10-04T04:00:00+01:00,Sinja Kraus,Dayana Yastremska,skybet,Sky Bet,2026-10-03T18:39:41Z,h2h,Dayana Yastremska,1.33,,0.7518796992481203,0.7096069868995633,0.2
2026-10-03T18:40:07.327099+00:00,2026-10-03T19:40:07.327099+01:00,984b276e5c976125c744389eaaadece8,tennis_wta_china_open,WTA China Open,2026-10-04T03:00:00+00:00,2026-10-04T04:00:00+01:00,Sinja Kraus,Dayana Yastremska,skybet,Sky Bet,2026-10-03T18:39:41Z,h2h,Sinja Kraus,3.25,,0.3076923076923077,0.2903930131004367,0.2
2026-10-03T18:40:07.327099+00:00,2026-10-03T19:40:07.327099+01:00,984b276e5c976125c744389eaaadece8,tennis_wta_china_open,WTA China Open,2026-10-04T03:00:00+00:00,2026-10-04T04:00:00+01:00,Sinja Kraus,Dayana Yastremska,coral,Coral,2026-10-03T18:39:58Z,h2h,Dayana Yastremska,1.33,,0.7518796992481203,0.6997742663656885,0.2
2026-10-03T18:40:07.327099+00:00,2026-10-03T19:40:07.327099+01:00,984b276e5c976125c744389eaaadece8,tennis_wta_china_open,WTA China Open,2026-10-04T03:00:00+00:00,2026-10-04T04:00:00+01:00,Sinja Kraus,Dayana Yastremska,coral,Coral,2026-10-03T18:39:58Z,h2h,Sinja Kraus,3.1,,0.3225806451612903,0.30022573363431154,0.2
2026-10-03T18:40:07.327099+00:00,2026-10-03T19:40:07.327099+01:00,984b276e5c976125c744389eaaadece8,tennis_wta_china_open,WTA China Open,2026-10-04T03:00:00+00:00,2026-10-04T04:00:00+01:00,Sinja Kraus,Dayana Yastremska,ladbrokes_uk,Ladbrokes,2026-10-03T18:39:26Z,h2h,Dayana Yastremska,1.33,,0.7518796992481203,0.6997742663656885,0.2
2026-10-03T18:40:07.327099+00:00,2026-10-03T19:40:07.327099+01:00,984b276e5c976125c744389eaaadece8,tennis_wta_china_open,WTA China Open,2026-10-04T03:00:00+00:00,2026-10-04T04:00:00+01:00,Sinja Kraus,Dayana Yastremska,ladbrokes_uk,Ladbrokes,2026-10-03T18:39:26Z,h2h,Sinja Kraus,3.1,,0.3225806451612903,0.30022573363431154,0.2
2026-10-03T18:40:07.327099+00:00,2026-10-03T19:40:07.327099+01:00,984b276e5c976125c744389eaaadece8,tennis_wta_china_open,WTA China Open,2026-10-04T03:00:00+00:00,2026-10-04T04:00:00+01:00,Sinja Kraus,Dayana Yastremska,boylesports,BoyleSports,2026-10-03T18:39:25Z,h2h,Dayana Yastremska,1.36,,0.7352941176470588,0.7017543859649122,0.2
2026-10-03T18:40:07.327099+00:00,2026-10-03T19:40:07.327099+01:00,984b276e5c976125c744389eaaadece8,tennis_wta_china_open,WTA China Open,2026-10-04T03:00:00+00:00,2026-10-04T04:00:00+01:00,Sinja Kraus,Dayana Yastremska,boylesports,BoyleSports,2026-10-03T18:39:25Z,h2h,Sinja Kraus,3.2,,0.3125,0.2982456140350877,0.2
2026-10-03T18:40:07.327099+00:00,2026-10-03T19:40:07.327099+01:00,984b276e5c976125c744389eaaadece8,tennis_wta_china_open,WTA China Open,2026-10-04T03:00:00+00:00,2026-10-04T04:00:00+01:00,Sinja Kraus,Dayana Yastremska,betvictor,Bet Victor,2026-10-03T18:33:09Z,h2h,Dayana Yastremska,1.33,,0.7518796992481203,0.6928406466512702,0.2
2026-10-03T18:40:07.327099+00:00,2026-10-03T19:40:07.327099+01:00,984b276e5c976125c744389eaaadece8,tennis_wta_china_open,WTA China Open,2026-10-04T03:00:00+00:00,2026-10-04T04:00:00+01:00,Sinja Kraus,Dayana Yastremska,betvictor,Bet Victor,2026-10-03T18:33:09Z,h2h,Sinja Kraus,3.0,,0.3333333333333333,0.3071593533487298,0.2
2026-10-03T18:40:07.327099+00:00,2026-10-03T19:40:07.327099+01:00,984b276e5c976125c744389eaaadece8,tennis_wta_china_open,WTA China Open,2026-10-04T03:00:00+00:00,2026-10-04T04:00:00+01:00,Sinja Kraus,Dayana Yastremska,betano_uk,Betano (UK),2026-10-03T18:38:45Z,h2h,Dayana Yastremska,1.33,,0.7518796992481203,0.6928406466512702,0.2
2026-10-03T18:40:07.327099+00:00,2026-10-03T19:40:07.327099+01:00,984b276e5c976125c744389eaaadece8,tennis_wta_china_open,WTA China Open,2026-10-04T03:00:00+00:00,2026-10-04T04:00:00+01:00,Sinja Kraus,Dayana Yastremska,betano_uk,Betano (UK),2026-10-03T18:38:45Z,h2h,Sinja Kraus,3.0,,0.3333333333333333,0.3071593533487298,0.2
2026-10-03T18:40:07.327099+00:00,2026-10-03T19:40:07.327099+01:00,984b276e5c976125c744389eaaadece8,tennis_wta_china_open,WTA China Open,2026-10-04T03:00:00+00:00,2026-10-04T04:00:00+01:00,Sinja Kraus,Dayana Yastremska,williamhill,William Hill,2026-10-03T18:39:10Z,h2h,Dayana Yastremska,1.36,,0.7352941176470588,0.695067264573991,0.2
2026-10-03T18:40:07.327099+00:00,2026-10-03T19:40:07.327099+01:00,984b276e5c976125c744389eaaadece8,tennis_wta_china_open,WTA China Open,2026-10-04T03:00:00+00:00,2026-10-04T04:00:00+01:00,Sinja Kraus,Dayana Yastremska,williamhill,William Hill,2026-10-03T18:39:10Z,h2h,Sinja Kraus,3.1,,0.3225806451612903,0.30493273542600896,0.2
2026-10-03T18:40:07.327099+00:00,2026-10-03T19:40:07.327099+01:00,984b276e5c976125c744389eaaadece8,tennis_wta_china_open,WTA China Open,2026-10-04T03:00:00+00:00,2026-10-04T04:00:00+01:00,Sinja Kraus,Dayana Yastremska,betway,Betway,2026-10-03T18:39:25Z,h2h,Dayana Yastremska,1.33,,0.7518796992481203,0.712742980561555,0.2
2026-10-03T18:40:07.327099+00:00,2026-10-03T19:40:07.327099+01:00,984b276e5c976125c744389eaaadece8,tennis_wta_china_open,WTA China Open,2026-10-04T03:00:00+00:00,2026-10-04T04:00:00+01:00,Sinja Kraus,Dayana Yastremska,betway,Betway,2026-10-03T18:39:25Z,h2h,Sinja Kraus,3.3,,0.30303030303030304,0.28725701943844495,0.2
2026-10-03T18:40:07.327099+00:00,2026-10-03T19:40:07.327099+01:00,984b276e5c976125c744389eaaadece8,tennis_wta_china_open,WTA China Open,2026-10-04T03:00:00+00:00,2026-10-04T04:00:00+01:00,Sinja Kraus,Dayana Yastremska,betfair_sb_uk,Betfair Sportsbook,2026-10-03T18:40:01Z,h2h,Dayana Yastremska,1.33,,0.7518796992481203,0.7096069868995633,0.2
2026-10-03T18:40:07.327099+00:00,2026-10-03T19:40:07.327099+01:00,984b276e5c976125c744389eaaadece8,tennis_wta_china_open,WTA China Open,2026-10-04T03:00:00+00:00,2026-10-04T04:00:00+01:00,Sinja Kraus,Dayana Yastremska,betfair_sb_uk,Betfair Sportsbook,2026-10-03T18:40:01Z,h2h,Sinja Kraus,3.25,,0.3076923076923077,0.2903930131004367,0.2
2026-10-03T18:40:07.327099+00:00,2026-10-03T19:40:07.327099+01:00,984b276e5c976125c744389eaaadece8,tennis_wta_china_open,WTA China Open,2026-10-04T03:00:00+00:00,2026-10-04T04:00:00+01:00,Sinja Kraus,Dayana Yastremska,matchbook,Matchbook,2026-10-03T18:39:58Z,h2h,Dayana Yastremska,1.39,,0.7194244604316548,0.7128099173553719,0.2
2026-10-03T18:40:07.327099+00:00,2026-10-03T19:40:07.327099+01:00,984b276e5c976125c744389eaaadece8,tennis_wta_china_open,WTA China Open,2026-10-04T03:00:00+00:00,2026-10-04T04:00:00+01:00,Sinja Kraus,Dayana Yastremska,matchbook,Matchbook,2026-10-03T18:39:58Z,h2h,Sinja Kraus,3.45,,0.2898550724637681,0.2871900826446281,0.2
2026-10-03T18:40:07.327099+00:00,2026-10-03T19:40:07.327099+01:00,984b276e5c976125c744389eaaadece8,tennis_wta_china_open,WTA China Open,2026-10-04T03:00:00+00:00,2026-10-04T04:00:00+01:00,Sinja Kraus,Dayana Yastremska,matchbook,Matchbook,2026-10-03T18:39:58Z,h2h_lay,Dayana Yastremska,1.41,,0.7092198581560284,1.0,0.2
2026-10-03T18:40:07.327099+00:00,2026-10-03T19:40:07.327099+01:00,984b276e5c976125c744389eaaadece8,tennis_wta_china_open,WTA China Open,2026-10-04T03:00:00+00:00,2026-10-04T04:00:00+01:00,Sinja Kraus,Dayana Yastremska,matchbook,Matchbook,2026-10-03T18:39:58Z,h2h_lay,Sinja Kraus,3.55,,0.28169014084507044,1.0,0.2
2026-10-03T18:40:07.327099+00:00,2026-10-03T19:40:07.327099+01:00,3df5911c366dc0b476572540e9a85b6d,tennis_wta_china_open,WTA China Open,2026-10-04T04:10:00+00:00,2026-10-04T05:10:00+01:00,Ekaterina Alexandrova,Diana Shnaider,virginbet,Virgin Bet,2026-10-03T18:39:24Z,h2h,Diana Shnaider,1.44,,0.6944444444444444,0.660377358490566,0.2
2026-10-03T18:40:07.327099+00:00,2026-10-03T19:40:07.327099+01:00,3df5911c366dc0b476572540e9a85b6d,tennis_wta_china_open,WTA China Open,2026-10-04T04:10:00+00:00,2026-10-04T05:10:00+01:00,Ekaterina Alexandrova,Diana Shnaider,virginbet,Virgin Bet,2026-10-03T18:39:24Z,h2h,Ekaterina Alexandrova,2.8,,0.35714285714285715,0.33962264150943394,0.2
2026-10-03T18:40:07.327099+00:00,2026-10-03T19:40:07.327099+01:00,3df5911c366dc0b476572540e9a85b6d,tennis_wta_china_open,WTA China Open,2026-10-04T04:10:00+00:00,2026-10-04T05:10:00+01:00,Ekaterina Alexandrova,Diana Shnaider,grosvenor,Grosvenor,2026-10-03T18:39:27Z,h2h,Diana Shnaider,1.43,,0.6993006993006994,0.6619385342789598,0.2
2026-10-03T18:40:07.327099+00:00,2026-10-03T19:40:07.327099+01:00,3df5911c366dc0b476572540e9a85b6d,tennis_wta_china_open,WTA China Open,2026-10-04T04:10:00+00:00,2026-10-04T05:10:00+01:00,Ekaterina Alexandrova,Diana Shnaider,grosvenor,Grosvenor,2026-10-03T18:39:27Z,h2h,Ekaterina Alexandrova,2.8,,0.35714285714285715,0.3380614657210402,0.2
2026-10-03T18:40:07.327099+00:00,2026-10-03T19:40:07.327099+01:00,3df5911c366dc0b476572540e9a85b6d,tennis_wta_china_open,WTA China Open,2026-10-04T04:10:00+00:00,2026-10-04T05:10:00+01:00,Ekaterina Alexandrova,Diana Shnaider,betfair_ex_uk,Betfair,2026-10-03T18:40:00Z,h2h,Diana Shnaider,1.5,,0.6666666666666666,0.6636771300448431,0.2
2026-10-03T18:40:07.327099+00:00,2026-10-03T19:40:07.327099+01:00,3df5911c366dc0b476572540e9a85b6d,tennis_wta_china_open,WTA China Open,2026-10-04T04:10:00+00:00,2026-10-04T05:10:00+01:00,Ekaterina Alexandrova,Diana Shnaider,betfair_ex_uk,Betfair,2026-10-03T18:40:00Z,h2h,Ekaterina Alexandrova,2.96,,0.33783783783783783,0.336322869955157,0.2
2026-10-03T18:40:07.327099+00:00,2026-10-03T19:40:07.327099+01:00,3df5911c366dc0b476572540e9a85b6d,tennis_wta_china_open,WTA China Open,2026-10-04T04:10:00+00:00,2026-10-04T05:10:00+01:00,Ekaterina Alexandrova,Diana Shnaider,betfair_ex_uk,Betfair,2026-10-03T18:40:00Z,h2h_lay,Diana Shnaider,1.52,,0.6578947368421053,1.0,0.2
2026-10-03T18:40:07.327099+00:00,2026-10-03T19:40:07.327099+01:00,3df5911c366dc0b476572540e9a85b6d,tennis_wta_china_open,WTA China Open,2026-10-04T04:10:00+00:00,2026-10-04T05:10:00+01:00,Ekaterina Alexandrova,Diana Shnaider,betfair_ex_uk,Betfair,2026-10-03T18:40:00Z,h2h_lay,Ekaterina Alexandrova,3.0,,0.3333333333333333,1.0,0.2
2026-10-03T18:40:07.327099+00:00,2026-10-03T19:40:07.327099+01:00,3df5911c366dc0b476572540e9a85b6d,tennis_wta_china_open,WTA China Open,2026-10-04T04:10:00+00:00,2026-10-04T05:10:00+01:00,Ekaterina Alexandrova,Diana Shnaider,livescorebet,LiveScore Bet,2026-10-03T18:39:25Z,h2h,Diana Shnaider,1.44,,0.6944444444444444,0.660377358490566,0.2
2026-10-03T18:40:07.327099+00:00,2026-10-03T19:40:07.327099+01:00,3df5911c366dc0b476572540e9a85b6d,tennis_wta_china_open,WTA China Open,2026-10-04T04:10:00+00:00,2026-10-04T05:10:00+01:00,Ekaterina Alexandrova,Diana Shnaider,livescorebet,LiveScore Bet,2026-10-03T18:39:25Z,h2h,Ekaterina Alexandrova,2.8,,0.35714285714285715,0.33962264150943394,0.2
2026-10-03T18:40:07.327099+00:00,2026-10-03T19:40:07.327099+01:00,3df5911c366dc0b476572540e9a85b6d,tennis_wta_china_open,WTA China Open,2026-10-04T04:10:00+00:00,2026-10-04T05:10:00+01:00,Ekaterina Alexandrova,Diana Shnaider,sport888,888sport,2026-10-03T18:39:27Z,h2h,Diana Shnaider,1.44,,0.6944444444444444,0.6563245823389022,0.2
2026-10-03T18:40:07.327099+00:00,2026-10-03T19:40:07.327099+01:00,3df5911c366dc0b476572540e9a85b6d,tennis_wta_china_open,WTA China Open,2026-10-04T04:10:00+00:00,2026-10-04T05:10:00+01:00,Ekaterina Alexandrova,Diana Shnaider,sport888,888sport,2026-10-03T18:39:27Z,h2h,Ekaterina Alexandrova,2.75,,0.36363636363636365,0.3436754176610979,0.2
2026-10-03T18:40:07.327099+00:00,2026-10-03T19:40:07.327099+01:00,3df5911c366dc0b476572540e9a85b6d,tennis_wta_china_open,WTA China Open,2026-10-04T04:10:00+00:00,2026-10-04T05:10:00+01:00,Ekaterina Alexandrova,Diana Shnaider,williamhill,William Hill,2026-10-03T18:39:10Z,h2h,Diana Shnaider,1.44,,0.6944444444444444,0.6563245823389022,0.2
2026-10-03T18:40:07.327099+00:00,2026-10-03T19:40:07.327099+01:00,3df5911c366dc0b476572540e9a85b6d,tennis_wta_china_open,WTA China Open,2026-10-04T04:10:00+00:00,2026-10-04T05:10:00+01:00,Ekaterina Alexandrova,Diana Shnaider,williamhill,William Hill,2026-10-03T18:39:10Z,h2h,Ekaterina Alexandrova,2.75,,0.36363636363636365,0.3436754176610979,0.2
2026-10-03T18:40:07.327099+00:00,2026-10-03T19:40:07.327099+01:00,3df5911c366dc0b476572540e9a85b6d,tennis_wta_china_open,WTA China Open,2026-10-04T04:10:00+00:00,2026-10-04T05:10:00+01:00,Ekaterina Alexandrova,Diana Shnaider,casumo,Casumo,2026-10-03T18:40:00Z,h2h,Diana Shnaider,1.43,,0.6993006993006994,0.6619385342789598,0.2
2026-10-03T18:40:07.327099+00:00,2026-10-03T19:40:07.327099+01:00,3df5911c366dc0b476572540e9a85b6d,tennis_wta_china_open,WTA China Open,2026-10-04T04:10:00+00:00,2026-10-04T05:10:00+01:00,Ekaterina Alexandrova,Diana Shnaider,casumo,Casumo,2026-10-03T18:40:00Z,h2h,Ekaterina Alexandrova,2.8,,0.35714285714285715,0.3380614657210402,0.2
2026-10-03T18:40:07.327099+00:00,2026-10-03T19:40:07.327099+01:00,3df5911c366dc0b476572540e9a85b6d,tennis_wta_china_open,WTA China Open,2026-10-04T04:10:00+00:00,2026-10-04T05:10:00+01:00,Ekaterina Alexandrova,Diana Shnaider,leovegas,LeoVegas,2026-10-03T18:39:25Z,h2h,Diana Shnaider,1.42,,0.7042253521126761,0.667447306791569,0.2
2026-10-03T18:40:07.327099+00:00,2026-10-03T19:40:07.327099+01:00,3df5911c366dc0b476572540e9a85b6d,tennis_wta_china_open,WTA China Open,2026-10-04T04:10:00+00:00,2026-10-04T05:10:00+01:00,Ekaterina Alexandrova,Diana Shnaider,leovegas,LeoVegas,2026-10-03T18:39:25Z,h2h,Ekaterina Alexandrova,2.85,,0.3508771929824561,0.33255269320843084,0.2
2026-10-03T18:40:07.327099+00:00,2026-10-03T19:40:07.327099+01:00,3df5911c366dc0b476572540e9a85b6d,tennis_wta_china_open,WTA China Open,2026-10-04T04:10:00+00:00,2026-10-04T05:10:00+01:00,Ekaterina Alexandrova,Diana Shnaider,unibet_uk,Unibet (UK),2026-10-03T18:39:59Z,h2h,Diana Shnaider,1.4,,0.7142857142857143,0.6744186046511629,0.2
2026-10-03T18:40:07.327099+00:00,2026-10-03T19:40:07.327099+01:00,3df5911c366dc0b476572540e9a85b6d,tennis_wta_china_open,WTA China Open,2026-10-04T04:10:00+00:00,2026-10-04T05:10:00+01:00,Ekaterina Alexandrova,Diana Shnaider,unibet_uk,Unibet (UK),2026-10-03T18:39:59Z,h2h,Ekaterina Alexandrova,2.9,,0.3448275862068966,0.32558139534883723,0.2
2026-10-03T18:40:07.327099+00:00,2026-10-03T19:40:07.327099+01:00,3df5911c366dc0b476572540e9a85b6d,tennis_wta_china_open,WTA China Open,2026-10-04T04:10:00+00:00,2026-10-04T05:10:00+01:00,Ekaterina Alexandrova,Diana Shnaider,smarkets,Smarkets,2026-10-03T18:39:41Z,h2h,Diana Shnaider,1.46,,0.684931506849315,0.6666666666666667,0.2
2026-10-03T18:40:07.327099+00:00,2026-10-03T19:40:07.327099+01:00,3df5911c366dc0b476572540e9a85b6d,tennis_wta_china_open,WTA China Open,2026-10-04T04:10:00+00:00,2026-10-04T05:10:00+01:00,Ekaterina Alexandrova,Diana Shnaider,smarkets,Smarkets,2026-10-03T18:39:41Z,h2h,Ekaterina Alexandrova,2.92,,0.3424657534246575,0.33333333333333337,0.2
2026-10-03T18:40:07.327099+00:00,2026-10-03T19:40:07.327099+01:00,3df5911c366dc0b476572540e9a85b6d,tennis_wta_china_open,WTA China Open,2026-10-04T04:10:00+00:00,2026-10-04T05:10:00+01:00,Ekaterina Alexandrova,Diana Shnaider,smarkets,Smarkets,2026-10-03T18:39:41Z,h2h_lay,Diana Shnaider,1.53,,0.6535947712418301,1.0,0.2
2026-10-03T18:40:07.327099+00:00,2026-10-03T19:40:07.327099+01:00,3df5911c366dc0b476572540e9a85b6d,tennis_wta_china_open,WTA China Open,2026-10-04T04:10:00+00:00,2026-10-04T05:10:00+01:00,Ekaterina Alexandrova,Diana Shnaider,smarkets,Smarkets,2026-10-03T18:39:41Z,h2h_lay,Ekaterina Alexandrova,3.05,,0.3278688524590164,1.0,0.2
2026-10-03T18:40:07.327099+00:00,2026-10-03T19:40:07.327099+01:00,3df5911c366dc0b476572540e9a85b6d,tennis_wta_china_open,WTA China Open,2026-10-04T04:10:00+00:00,2026-10-04T05:10:00+01:00,Ekaterina Alexandrova,Diana Shnaider,paddypower,Paddy Power,2026-10-03T18:38:50Z,h2h,Diana Shnaider,1.4,,0.7142857142857143,0.6666666666666667,0.2
2026-10-03T18:40:07.327099+00:00,2026-10-03T19:40:07.327099+01:00,3df5911c366dc0b476572540e9a85b6d,tennis_wta_china_open,WTA China Open,2026-10-04T04:10:00+00:00,2026-10-04T05:10:00+01:00,Ekaterina Alexandrova,Diana Shnaider,paddypower,Paddy Power,2026-10-03T18:38:50Z,h2h,Ekaterina Alexandrova,2.8,,0.35714285714285715,0.33333333333333337,0.2
2026-10-03T18:40:07.327099+00:00,2026-10-03T19:40:07.327099+01:00,3df5911c366dc0b476572540e9a85b6d,tennis_wta_china_open,WTA China Open,2026-10-04T04:10:00+00:00,2026-10-04T05:10:00+01:00,Ekaterina Alexandrova,Diana Shnaider,skybet,Sky Bet,2026-10-03T18:39:41Z,h2h,Diana Shnaider,1.44,,0.6944444444444444,0.6666666666666667,0.2
2026-10-03T18:40:07.327099+00:00,2026-10-03T19:40:07.327099+01:00,3df5911c366dc0b476572540e9a85b6d,tennis_wta_china_open,WTA China Open,2026-10-04T04:10:00+00:00,2026-10-04T05:10:00+01:00,Ekaterina Alexandrova,Diana Shnaider,skybet,Sky Bet,2026-10-03T18:39:41Z,h2h,Ekaterina Alexandrova,2.88,,0.3472222222222222,0.33333333333333337,0.2
2026-10-03T18:40:07.327099+00:00,2026-10-03T19:40:07.327099+01:00,3df5911c366dc0b476572540e9a85b6d,tennis_wta_china_open,WTA China Open,2026-10-04T04:10:00+00:00,2026-10-04T05:10:00+01:00,Ekaterina Alexandrova,Diana Shnaider,ladbrokes_uk,Ladbrokes,2026-10-03T18:39:26Z,h2h,Diana Shnaider,1.44,,0.6944444444444444,0.6521739130434782,0.2
2026-10-03T18:40:07.327099+00:00,2026-10-03T19:40:07.327099+01:00,3df5911c366dc0b476572540e9a85b6d,tennis_wta_china_open,WTA China Open,2026-10-04T04:10:00+00:00,2026-10-04T05:10:00+01:00,Ekaterina Alexandrova,Diana Shnaider,ladbrokes_uk,Ladbrokes,2026-10-03T18:39:26Z,h2h,Ekaterina Alexandrova,2.7,,0.37037037037037035,0.3478260869565217,0.2
2026-10-03T18:40:07.327099+00:00,2026-10-03T19:40:07.327099+01:00,3df5911c366dc0b476572540e9a85b6d,tennis_wta_china_open,WTA China Open,2026-10-04T04:10:00+00:00,2026-10-04T05:10:00+01:00,Ekaterina Alexandrova,Diana Shnaider,coral,Coral,2026-10-03T18:39:58Z,h2h,Diana Shnaider,1.44,,0.6944444444444444,0.6521739130434782,0.2
2026-10-03T18:40:07.327099+00:00,2026-10-03T19:40:07.327099+01:00,3df5911c366dc0b476572540e9a85b6d,tennis_wta_china_open,WTA China Open,2026-10-04T04:10:00+00:00,2026-10-04T05:10:00+01:00,Ekaterina Alexandrova,Diana Shnaider,coral,Coral,2026-10-03T18:39:58Z,h2h,Ekaterina Alexandrova,2.7,,0.37037037037037035,0.3478260869565217,0.2
2026-10-03T18:40:07.327099+00:00,2026-10-03T19:40:07.327099+01:00,3df5911c366dc0b476572540e9a85b6d,tennis_wta_china_open,WTA China Open,2026-10-04T04:10:00+00:00,2026-10-04T05:10:00+01:00,Ekaterina Alexandrova,Diana Shnaider,boylesports,BoyleSports,2026-10-03T18:39:25Z,h2h,Diana Shnaider,1.44,,0.6944444444444444,0.6666666666666667,0.2
2026-10-03T18:40:07.327099+00:00,2026-10-03T19:40:07.327099+01:00,3df5911c366dc0b476572540e9a85b6d,tennis_wta_china_open,WTA China Open,2026-10-04T04:10:00+00:00,2026-10-04T05:10:00+01:00,Ekaterina Alexandrova,Diana Shnaider,boylesports,BoyleSports,2026-10-03T18:39:25Z,h2h,Ekaterina Alexandrova,2.88,,0.3472222222222222,0.33333333333333337,0.2
2026-10-03T18:40:07.327099+00:00,2026-10-03T19:40:07.327099+01:00,3df5911c366dc0b476572540e9a85b6d,tennis_wta_china_open,WTA China Open,2026-10-04T04:10:00+00:00,2026-10-04T05:10:00+01:00,Ekaterina Alexandrova,Diana Shnaider,betvictor,Bet Victor,2026-10-03T18:33:09Z,h2h,Diana Shnaider,1.4,,0.7142857142857143,0.6626506024096386,0.2
2026-10-03T18:40:07.327099+00:00,2026-10-03T19:40:07.327099+01:00,3df5911c366dc0b476572540e9a85b6d,tennis_wta_china_open,WTA China Open,2026-10-04T04:10:00+00:00,2026-10-04T05:10:00+01:00,Ekaterina Alexandrova,Diana Shnaider,betvictor,Bet Victor,2026-10-03T18:33:09Z,h2h,Ekaterina Alexandrova,2.75,,0.36363636363636365,0.3373493975903614,0.2
2026-10-03T18:40:07.327099+00:00,2026-10-03T19:40:07.327099+01:00,3df5911c366dc0b476572540e9a85b6d,tennis_wta_china_open,WTA China Open,2026-10-04T04:10:00+00:00,2026-10-04T05:10:00+01:00,Ekaterina Alexandrova,Diana Shnaider,betano_uk,Betano (UK),2026-10-03T18:38:45Z,h2h,Diana Shnaider,1.4,,0.7142857142857143,0.6626506024096386,0.2
2026-10-03T18:40:07.327099+00:00,2026-10-03T19:40:07.327099+01:00,3df5911c366dc0b476572540e9a85b6d,tennis_wta_china_open,WTA China Open,2026-10-04T04:10:00+00:00,2026-10-04T05:10:00+01:00,Ekaterina Alexandrova,Diana Shnaider,betano_uk,Betano (UK),2026-10-03T18:38:45Z,h2h,Ekaterina Alexandrova,2.75,,0.36363636363636365,0.3373493975903614,0.2
2026-10-03T18:40:07.327099+00:00,2026-10-03T19:40:07.327099+01:00,3df5911c366dc0b476572540e9a85b6d,tennis_wta_china_open,WTA China Open,2026-10-04T04:10:00+00:00,2026-10-04T05:10:00+01:00,Ekaterina Alexandrova,Diana Shnaider,betway,Betway,2026-10-03T18:39:25Z,h2h,Diana Shnaider,1.45,,0.6896551724137931,0.6547619047619047,0.2
2026-10-03T18:40:07.327099+00:00,2026-10-03T19:40:07.327099+01:00,3df5911c366dc0b476572540e9a85b6d,tennis_wta_china_open,WTA China Open,2026-10-04T04:10:00+00:00,2026-10-04T05:10:00+01:00,Ekaterina Alexandrova,Diana Shnaider,betway,Betway,2026-10-03T18:39:25Z,h2h,Ekaterina Alexandrova,2.75,,0.36363636363636365,0.3452380952380952,0.2
2026-10-03T18:40:07.327099+00:00,2026-10-03T19:40:07.327099+01:00,3df5911c366dc0b476572540e9a85b6d,tennis_wta_china_open,WTA China Open,2026-10-04T04:10:00+00:00,2026-10-04T05:10:00+01:00,Ekaterina Alexandrova,Diana Shnaider,matchbook,Matchbook,2026-10-03T18:39:58Z,h2h,Diana Shnaider,1.5,,0.6666666666666666,0.6636771300448431,0.2
2026-10-03T18:40:07.327099+00:00,2026-10-03T19:40:07.327099+01:00,3df5911c366dc0b476572540e9a85b6d,tennis_wta_china_open,WTA China Open,2026-10-04T04:10:00+00:00,2026-10-04T05:10:00+01:00,Ekaterina Alexandrova,Diana Shnaider,matchbook,Matchbook,2026-10-03T18:39:58Z,h2h,Ekaterina Alexandrova,2.96,,0.33783783783783783,0.336322869955157,0.2
2026-10-03T18:40:07.327099+00:00,2026-10-03T19:40:07.327099+01:00,3df5911c366dc0b476572540e9a85b6d,tennis_wta_china_open,WTA China Open,2026-10-04T04:10:00+00:00,2026-10-04T05:10:00+01:00,Ekaterina Alexandrova,Diana Shnaider,matchbook,Matchbook,2026-10-03T18:39:58Z,h2h_lay,Diana Shnaider,1.52,,0.6578947368421053,1.0,0.2
2026-10-03T18:40:07.327099+00:00,2026-10-03T19:40:07.327099+01:00,3df5911c366dc0b476572540e9a85b6d,tennis_wta_china_open,WTA China Open,2026-10-04T04:10:00+00:00,2026-10-04T05:10:00+01:00,Ekaterina Alexandrova,Diana Shnaider,matchbook,Matchbook,2026-10-03T18:39:58Z,h2h_lay,Ekaterina Alexandrova,3.0,,0.3333333333333333,1.0,0.2
2026-10-03T18:40:07.327099+00:00,2026-10-03T19:40:07.327099+01:00,3df5911c366dc0b476572540e9a85b6d,tennis_wta_china_open,WTA China Open,2026-10-04T04:10:00+00:00,2026-10-04T05:10:00+01:00,Ekaterina Alexandrova,Diana Shnaider,betfair_sb_uk,Betfair Sportsbook,2026-10-03T18:40:01Z,h2h,Diana Shnaider,1.44,,0.6944444444444444,0.6563245823389022,0.2
2026-10-03T18:40:07.327099+00:00,2026-10-03T19:40:07.327099+01:00,3df5911c366dc0b476572540e9a85b6d,tennis_wta_china_open,WTA China Open,2026-10-04T04:10:00+00:00,2026-10-04T05:10:00+01:00,Ekaterina Alexandrova,Diana Shnaider,betfair_sb_uk,Betfair Sportsbook,2026-10-03T18:40:01Z,h2h,Ekaterina Alexandrova,2.75,,0.36363636363636365,0.3436754176610979,0.2
2026-10-03T18:40:07.327099+00:00,2026-10-03T19:40:07.327099+01:00,914790a88c70778d0830ef9368dd70f6,tennis_wta_china_open,WTA China Open,2026-10-04T05:00:00+00:00,2026-10-04T06:00:00+01:00,Polina Kudermetova,Mirra Andreeva,betfair_ex_uk,Betfair,2026-10-03T18:40:00Z,h2h,Mirra Andreeva,1.08,,0.9259259259259258,0.9141494435612083,0.2
2026-10-03T18:40:07.327099+00:00,2026-10-03T19:40:07.327099+01:00,914790a88c70778d0830ef9368dd70f6,tennis_wta_china_open,WTA China Open,2026-10-04T05:00:00+00:00,2026-10-04T06:00:00+01:00,Polina Kudermetova,Mirra Andreeva,betfair_ex_uk,Betfair,2026-10-03T18:40:00Z,h2h,Polina Kudermetova,11.5,,0.08695652173913043,0.08585055643879175,0.2
2026-10-03T18:40:07.327099+00:00,2026-10-03T19:40:07.327099+01:00,914790a88c70778d0830ef9368dd70f6,tennis_wta_china_open,WTA China Open,2026-10-04T05:00:00+00:00,2026-10-04T06:00:00+01:00,Polina Kudermetova,Mirra Andreeva,betfair_ex_uk,Betfair,2026-10-03T18:40:00Z,h2h_lay,Mirra Andreeva,1.1,,0.9090909090909091,1.0,0.2
2026-10-03T18:40:07.327099+00:00,2026-10-03T19:40:07.327099+01:00,914790a88c70778d0830ef9368dd70f6,tennis_wta_china_open,WTA China Open,2026-10-04T05:00:00+00:00,2026-10-04T06:00:00+01:00,Polina Kudermetova,Mirra Andreeva,betfair_ex_uk,Betfair,2026-10-03T18:40:00Z,h2h_lay,Polina Kudermetova,13.0,,0.07692307692307693,1.0,0.2
2026-10-03T18:40:07.327099+00:00,2026-10-03T19:40:07.327099+01:00,914790a88c70778d0830ef9368dd70f6,tennis_wta_china_open,WTA China Open,2026-10-04T05:00:00+00:00,2026-10-04T06:00:00+01:00,Polina Kudermetova,Mirra Andreeva,casumo,Casumo,2026-10-03T18:40:00Z,h2h,Mirra Andreeva,1.07,,0.9345794392523364,0.8820286659316426,0.2
2026-10-03T18:40:07.327099+00:00,2026-10-03T19:40:07.327099+01:00,914790a88c70778d0830ef9368dd70f6,tennis_wta_china_open,WTA China Open,2026-10-04T05:00:00+00:00,2026-10-04T06:00:00+01:00,Polina Kudermetova,Mirra Andreeva,casumo,Casumo,2026-10-03T18:40:00Z,h2h,Polina Kudermetova,8.0,,0.125,0.1179713340683572,0.2
2026-10-03T18:40:07.327099+00:00,2026-10-03T19:40:07.327099+01:00,914790a88c70778d0830ef9368dd70f6,tennis_wta_china_open,WTA China Open,2026-10-04T05:00:00+00:00,2026-10-04T06:00:00+01:00,Polina Kudermetova,Mirra Andreeva,livescorebet,LiveScore Bet,2026-10-03T18:39:25Z,h2h,Mirra Andreeva,1.07,,0.9345794392523364,0.8820286659316426,0.2
2026-10-03T18:40:07.327099+00:00,2026-10-03T19:40:07.327099+01:00,914790a88c70778d0830ef9368dd70f6,tennis_wta_china_open,WTA China Open,2026-10-04T05:00:00+00:00,2026-10-04T06:00:00+01:00,Polina Kudermetova,Mirra Andreeva,livescorebet,LiveScore Bet,2026-10-03T18:39:25Z,h2h,Polina Kudermetova,8.0,,0.125,0.1179713340683572,0.2
2026-10-03T18:40:07.327099+00:00,2026-10-03T19:40:07.327099+01:00,914790a88c70778d0830ef9368dd70f6,tennis_wta_china_open,WTA China Open,2026-10-04T05:00:00+00:00,2026-10-04T06:00:00+01:00,Polina Kudermetova,Mirra Andreeva,grosvenor,Grosvenor,2026-10-03T18:39:27Z,h2h,Mirra Andreeva,1.07,,0.9345794392523364,0.8820286659316426,0.2
2026-10-03T18:40:07.327099+00:00,2026-10-03T19:40:07.327099+01:00,914790a88c70778d0830ef9368dd70f6,tennis_wta_china_open,WTA China Open,2026-10-04T05:00:00+00:00,2026-10-04T06:00:00+01:00,Polina Kudermetova,Mirra Andreeva,grosvenor,Grosvenor,2026-10-03T18:39:27Z,h2h,Polina Kudermetova,8.0,,0.125,0.1179713340683572,0.2
2026-10-03T18:40:07.327099+00:00,2026-10-03T19:40:07.327099+01:00,914790a88c70778d0830ef9368dd70f6,tennis_wta_china_open,WTA China Open,2026-10-04T05:00:00+00:00,2026-10-04T06:00:00+01:00,Polina Kudermetova,Mirra Andreeva,sport888,888sport,2026-10-03T18:39:27Z,h2h,Mirra Andreeva,1.06,,0.9433962264150942,0.8946322067594434,0.2
2026-10-03T18:40:07.327099+00:00,2026-10-03T19:40:07.327099+01:00,914790a88c70778d0830ef9368dd70f6,tennis_wta_china_open,WTA China Open,2026-10-04T05:00:00+00:00,2026-10-04T06:00:00+01:00,Polina Kudermetova,Mirra Andreeva,sport888,888sport,2026-10-03T18:39:27Z,h2h,Polina Kudermetova,9.0,,0.1111111111111111,0.10536779324055667,0.2
2026-10-03T18:40:07.327099+00:00,2026-10-03T19:40:07.327099+01:00,914790a88c70778d0830ef9368dd70f6,tennis_wta_china_open,WTA China Open,2026-10-04T05:00:00+00:00,2026-10-04T06:00:00+01:00,Polina Kudermetova,Mirra Andreeva,virginbet,Virgin Bet,2026-10-03T18:39:24Z,h2h,Mirra Andreeva,1.07,,0.9345794392523364,0.8820286659316426,0.2
2026-10-03T18:40:07.327099+00:00,2026-10-03T19:40:07.327099+01:00,914790a88c70778d0830ef9368dd70f6,tennis_wta_china_open,WTA China Open,2026-10-04T05:00:00+00:00,2026-10-04T06:00:00+01:00,Polina Kudermetova,Mirra Andreeva,virginbet,Virgin Bet,2026-10-03T18:39:24Z,h2h,Polina Kudermetova,8.0,,0.125,0.1179713340683572,0.2
2026-10-03T18:40:07.327099+00:00,2026-10-03T19:40:07.327099+01:00,914790a88c70778d0830ef9368dd70f6,tennis_wta_china_open,WTA China Open,2026-10-04T05:00:00+00:00,2026-10-04T06:00:00+01:00,Polina Kudermetova,Mirra Andreeva,leovegas,LeoVegas,2026-10-03T18:39:25Z,h2h,Mirra Andreeva,1.06,,0.9433962264150942,0.889121338912134,0.2
2026-10-03T18:40:07.327099+00:00,2026-10-03T19:40:07.327099+01:00,914790a88c70778d0830ef9368dd70f6,tennis_wta_china_open,WTA China Open,2026-10-04T05:00:00+00:00,2026-10-04T06:00:00+01:00,Polina Kudermetova,Mirra Andreeva,leovegas,LeoVegas,2026-10-03T18:39:25Z,h2h,Polina Kudermetova,8.5,,0.11764705882352941,0.11087866108786612,0.2
2026-10-03T18:40:07.327099+00:00,2026-10-03T19:40:07.327099+01:00,914790a88c70778d0830ef9368dd70f6,tennis_wta_china_open,WTA China Open,2026-10-04T05:00:00+00:00,2026-10-04T06:00:00+01:00,Polina Kudermetova,Mirra Andreeva,unibet_uk,Unibet (UK),2026-10-03T18:39:59Z,h2h,Mirra Andreeva,1.06,,0.9433962264150942,0.889121338912134,0.2
2026-10-03T18:40:07.327099+00:00,2026-10-03T19:40:07.327099+01:00,914790a88c70778d0830ef9368dd70f6,tennis_wta_china_open,WTA China Open,2026-10-04T05:00:00+00:00,2026-10-04T06:00:00+01:00,Polina Kudermetova,Mirra Andreeva,unibet_uk,Unibet (UK),2026-10-03T18:39:59Z,h2h,Polina Kudermetova,8.5,,0.11764705882352941,0.11087866108786612,0.2
2026-10-03T18:40:07.327099+00:00,2026-10-03T19:40:07.327099+01:00,914790a88c70778d0830ef9368dd70f6,tennis_wta_china_open,WTA China Open,2026-10-04T05:00:00+00:00,2026-10-04T06:00:00+01:00,Polina Kudermetova,Mirra Andreeva,smarkets,Smarkets,2026-10-03T18:39:41Z,h2h,Mirra Andreeva,1.06,,0.9433962264150942,0.912106135986733,0.2
2026-10-03T18:40:07.327099+00:00,2026-10-03T19:40:07.327099+01:00,914790a88c70778d0830ef9368dd70f6,tennis_wta_china_open,WTA China Open,2026-10-04T05:00:00+00:00,2026-10-04T06:00:00+01:00,Polina Kudermetova,Mirra Andreeva,smarkets,Smarkets,2026-10-03T18:39:41Z,h2h,Polina Kudermetova,11.0,,0.09090909090909091,0.087893864013267,0.2
2026-10-03T18:40:07.327099+00:00,2026-10-03T19:40:07.327099+01:00,914790a88c70778d0830ef9368dd70f6,tennis_wta_china_open,WTA China Open,2026-10-04T05:00:00+00:00,2026-10-04T06:00:00+01:00,Polina Kudermetova,Mirra Andreeva,smarkets,Smarkets,2026-10-03T18:39:41Z,h2h_lay,Mirra Andreeva,1.12,,0.8928571428571428,1.0,0.2
2026-10-03T18:40:07.327099+00:00,2026-10-03T19:40:07.327099+01:00,914790a88c70778d0830ef9368dd70f6,tennis_wta_china_open,WTA China Open,2026-10-04T05:00:00+00:00,2026-10-04T06:00:00+01:00,Polina Kudermetova,Mirra Andreeva,smarkets,Smarkets,2026-10-03T18:39:41Z,h2h_lay,Polina Kudermetova,13.0,,0.07692307692307693,1.0,0.2
2026-10-03T18:40:07.327099+00:00,2026-10-03T19:40:07.327099+01:00,914790a88c70778d0830ef9368dd70f6,tennis_wta_china_open,WTA China Open,2026-10-04T05:00:00+00:00,2026-10-04T06:00:00+01:00,Polina Kudermetova,Mirra Andreeva,paddypower,Paddy Power,2026-10-03T18:38:50Z,h2h,Mirra Andreeva,1.06,,0.9433962264150942,0.9041591320072333,0.2
2026-10-03T18:40:07.327099+00:00,2026-10-03T19:40:07.327099+01:00,914790a88c70778d0830ef9368dd70f6,tennis_wta_china_open,WTA China Open,2026-10-04T05:00:00+00:00,2026-10-04T06:00:00+01:00,Polina Kudermetova,Mirra Andreeva,paddypower,Paddy Power,2026-10-03T18:38:50Z,h2h,Polina Kudermetova,10.0,,0.1,0.09584086799276674,0.2
2026-10-03T18:40:07.327099+00:00,2026-10-03T19:40:07.327099+01:00,914790a88c70778d0830ef9368dd70f6,tennis_wta_china_open,WTA China Open,2026-10-04T05:00:00+00:00,2026-10-04T06:00:00+01:00,Polina Kudermetova,Mirra Andreeva,skybet,Sky Bet,2026-10-03T18:39:41Z,h2h,Mirra Andreeva,1.06,,0.9433962264150942,0.9041591320072333,0.2
2026-10-03T18:40:07.327099+00:00,2026-10-03T19:40:07.327099+01:00,914790a88c70778d0830ef9368dd70f6,tennis_wta_china_open,WTA China Open,2026-10-04T05:00:00+00:00,2026-10-04T06:00:00+01:00,Polina Kudermetova,Mirra Andreeva,skybet,Sky Bet,2026-10-03T18:39:41Z,h2h,Polina Kudermetova,10.0,,0.1,0.09584086799276674,0.2
2026-10-03T18:40:07.327099+00:00,2026-10-03T19:40:07.327099+01:00,914790a88c70778d0830ef9368dd70f6,tennis_wta_china_open,WTA China Open,2026-10-04T05:00:00+00:00,2026-10-04T06:00:00+01:00,Polina Kudermetova,Mirra Andreeva,williamhill,William Hill,2026-10-03T18:39:10Z,h2h,Mirra Andreeva,1.06,,0.9433962264150942,0.8946322067594434,0.2
2026-10-03T18:40:07.327099+00:00,2026-10-03T19:40:07.327099+01:00,914790a88c70778d0830ef9368dd70f6,tennis_wta_china_open,WTA China Open,2026-10-04T05:00:00+00:00,2026-10-04T06:00:00+01:00,Polina Kudermetova,Mirra Andreeva,williamhill,William Hill,2026-10-03T18:39:10Z,h2h,Polina Kudermetova,9.0,,0.1111111111111111,0.10536779324055667,0.2
2026-10-03T18:40:07.327099+00:00,2026-10-03T19:40:07.327099+01:00,914790a88c70778d0830ef9368dd70f6,tennis_wta_china_open,WTA China Open,2026-10-04T05:00:00+00:00,2026-10-04T06:00:00+01:00,Polina Kudermetova,Mirra Andreeva,boylesports,BoyleSports,2026-10-03T18:39:25Z,h2h,Mirra Andreeva,1.06,,0.9433962264150942,0.912106135986733,0.2
2026-10-03T18:40:07.327099+00:00,2026-10-03T19:40:07.327099+01:00,914790a88c70778d0830ef9368dd70f6,tennis_wta_china_open,WTA China Open,2026-10-04T05:00:00+00:00,2026-10-04T06:00:00+01:00,Polina Kudermetova,Mirra Andreeva,boylesports,BoyleSports,2026-10-03T18:39:25Z,h2h,Polina Kudermetova,11.0,,0.09090909090909091,0.087893864013267,0.2
2026-10-03T18:40:07.327099+00:00,2026-10-03T19:40:07.327099+01:00,914790a88c70778d0830ef9368dd70f6,tennis_wta_china_open,WTA China Open,2026-10-04T05:00:00+00:00,2026-10-04T06:00:00+01:00,Polina Kudermetova,Mirra Andreeva,coral,Coral,2026-10-03T18:39:58Z,h2h,Mirra Andreeva,1.06,,0.9433962264150942,0.9041591320072333,0.2
2026-10-03T18:40:07.327099+00:00,2026-10-03T19:40:07.327099+01:00,914790a88c70778d0830ef9368dd70f6,tennis_wta_china_open,WTA China Open,2026-10-04T05:00:00+00:00,2026-10-04T06:00:00+01:00,Polina Kudermetova,Mirra Andreeva,coral,Coral,2026-10-03T18:39:58Z,h2h,Polina Kudermetova,10.0,,0.1,0.09584086799276674,0.2
2026-10-03T18:40:07.327099+00:00,2026-10-03T19:40:07.327099+01:00,914790a88c70778d0830ef9368dd70f6,tennis_wta_china_open,WTA China Open,2026-10-04T05:00:00+00:00,2026-10-04T06:00:00+01:00,Polina Kudermetova,Mirra Andreeva,ladbrokes_uk,Ladbrokes,2026-10-03T18:39:26Z,h2h,Mirra Andreeva,1.06,,0.9433962264150942,0.9041591320072333,0.2
2026-10-03T18:40:07.327099+00:00,2026-10-03T19:40:07.327099+01:00,914790a88c70778d0830ef9368dd70f6,tennis_wta_china_open,WTA China Open,2026-10-04T05:00:00+00:00,2026-10-04T06:00:00+01:00,Polina Kudermetova,Mirra Andreeva,ladbrokes_uk,Ladbrokes,2026-10-03T18:39:26Z,h2h,Polina Kudermetova,10.0,,0.1,0.09584086799276674,0.2
2026-10-03T18:40:07.327099+00:00,2026-10-03T19:40:07.327099+01:00,914790a88c70778d0830ef9368dd70f6,tennis_wta_china_open,WTA China Open,2026-10-04T05:00:00+00:00,2026-10-04T06:00:00+01:00,Polina Kudermetova,Mirra Andreeva,betvictor,Bet Victor,2026-10-03T18:33:09Z,h2h,Mirra Andreeva,1.06,,0.9433962264150942,0.8684863523573201,0.2
2026-10-03T18:40:07.327099+00:00,2026-10-03T19:40:07.327099+01:00,914790a88c70778d0830ef9368dd70f6,tennis_wta_china_open,WTA China Open,2026-10-04T05:00:00+00:00,2026-10-04T06:00:00+01:00,Polina Kudermetova,Mirra Andreeva,betvictor,Bet Victor,2026-10-03T18:33:09Z,h2h,Polina Kudermetova,7.0,,0.14285714285714285,0.1315136476426799,0.2
2026-10-03T18:40:07.327099+00:00,2026-10-03T19:40:07.327099+01:00,914790a88c70778d0830ef9368dd70f6,tennis_wta_china_open,WTA China Open,2026-10-04T05:00:00+00:00,2026-10-04T06:00:00+01:00,Polina Kudermetova,Mirra Andreeva,betano_uk,Betano (UK),2026-10-03T18:38:45Z,h2h,Mirra Andreeva,1.06,,0.9433962264150942,0.8684863523573201,0.2
2026-10-03T18:40:07.327099+00:00,2026-10-03T19:40:07.327099+01:00,914790a88c70778d0830ef9368dd70f6,tennis_wta_china_open,WTA China Open,2026-10-04T05:00:00+00:00,2026-10-04T06:00:00+01:00,Polina Kudermetova,Mirra Andreeva,betano_uk,Betano (UK),2026-10-03T18:38:45Z,h2h,Polina Kudermetova,7.0,,0.14285714285714285,0.1315136476426799,0.2
2026-10-03T18:40:07.327099+00:00,2026-10-03T19:40:07.327099+01:00,914790a88c70778d0830ef9368dd70f6,tennis_wta_china_open,WTA China Open,2026-10-04T05:00:00+00:00,2026-10-04T06:00:00+01:00,Polina Kudermetova,Mirra Andreeva,betway,Betway,2026-10-03T18:39:25Z,h2h,Mirra Andreeva,1.05,,0.9523809523809523,0.9049773755656108,0.2
2026-10-03T18:40:07.327099+00:00,2026-10-03T19:40:07.327099+01:00,914790a88c70778d0830ef9368dd70f6,tennis_wta_china_open,WTA China Open,2026-10-04T05:00:00+00:00,2026-10-04T06:00:00+01:00,Polina Kudermetova,Mirra Andreeva,betway,Betway,2026-10-03T18:39:25Z,h2h,Polina Kudermetova,10.0,,0.1,0.09502262443438914,0.2
2026-10-03T18:40:07.327099+00:00,2026-10-03T19:40:07.327099+01:00,914790a88c70778d0830ef9368dd70f6,tennis_wta_china_open,WTA China Open,2026-10-04T05:00:00+00:00,2026-10-04T06:00:00+01:00,Polina Kudermetova,Mirra Andreeva,matchbook,Matchbook,2026-10-03T18:39:58Z,h2h,Mirra Andreeva,1.08,,0.9259259259259258,0.9141494435612083,0.2
2026-10-03T18:40:07.327099+00:00,2026-10-03T19:40:07.327099+01:00,914790a88c70778d0830ef9368dd70f6,tennis_wta_china_open,WTA China Open,2026-10-04T05:00:00+00:00,2026-10-04T06:00:00+01:00,Polina Kudermetova,Mirra Andreeva,matchbook,Matchbook,2026-10-03T18:39:58Z,h2h,Polina Kudermetova,11.5,,0.08695652173913043,0.08585055643879175,0.2
2026-10-03T18:40:07.327099+00:00,2026-10-03T19:40:07.327099+01:00,914790a88c70778d0830ef9368dd70f6,tennis_wta_china_open,WTA China Open,2026-10-04T05:00:00+00:00,2026-10-04T06:00:00+01:00,Polina Kudermetova,Mirra Andreeva,matchbook,Matchbook,2026-10-03T18:39:58Z,h2h_lay,Mirra Andreeva,1.1,,0.9090909090909091,1.0,0.2
2026-10-03T18:40:07.327099+00:00,2026-10-03T19:40:07.327099+01:00,914790a88c70778d0830ef9368dd70f6,tennis_wta_china_open,WTA China Open,2026-10-04T05:00:00+00:00,2026-10-04T06:00:00+01:00,Polina Kudermetova,Mirra Andreeva,matchbook,Matchbook,2026-10-03T18:39:58Z,h2h_lay,Polina Kudermetova,13.0,,0.07692307692307693,1.0,0.2
2026-10-03T18:40:07.327099+00:00,2026-10-03T19:40:07.327099+01:00,914790a88c70778d0830ef9368dd70f6,tennis_wta_china_open,WTA China Open,2026-10-04T05:00:00+00:00,2026-10-04T06:00:00+01:00,Polina Kudermetova,Mirra Andreeva,betfair_sb_uk,Betfair Sportsbook,2026-10-03T18:40:01Z,h2h,Mirra Andreeva,1.06,,0.9433962264150942,0.8946322067594434,0.2
2026-10-03T18:40:07.327099+00:00,2026-10-03T19:40:07.327099+01:00,914790a88c70778d0830ef9368dd70f6,tennis_wta_china_open,WTA China Open,2026-10-04T05:00:00+00:00,2026-10-04T06:00:00+01:00,Polina Kudermetova,Mirra Andreeva,betfair_sb_uk,Betfair Sportsbook,2026-10-03T18:40:01Z,h2h,Polina Kudermetova,9.0,,0.1111111111111111,0.10536779324055667,0.2
2026-10-03T18:40:07.327099+00:00,2026-10-03T19:40:07.327099+01:00,e2954e055ea3f8716333b8ff13e39708,tennis_wta_china_open,WTA China Open,2026-10-04T05:20:00+00:00,2026-10-04T06:20:00+01:00,Daria Snigur,Taylah Preston,virginbet,Virgin Bet,2026-10-03T18:39:24Z,h2h,Daria Snigur,1.58,,0.6329113924050632,0.601010101010101,0.2
2026-10-03T18:40:07.327099+00:00,2026-10-03T19:40:07.327099+01:00,e2954e055ea3f8716333b8ff13e39708,tennis_wta_china_open,WTA China Open,2026-10-04T05:20:00+00:00,2026-10-04T06:20:00+01:00,Daria Snigur,Taylah Preston,virginbet,Virgin Bet,2026-10-03T18:39:24Z,h2h,Taylah Preston,2.38,,0.42016806722689076,0.39898989898989906,0.2
2026-10-03T18:40:07.327099+00:00,2026-10-03T19:40:07.327099+01:00,e2954e055ea3f8716333b8ff13e39708,tennis_wta_china_open,WTA China Open,2026-10-04T05:20:00+00:00,2026-10-04T06:20:00+01:00,Daria Snigur,Taylah Preston,grosvenor,Grosvenor,2026-10-03T18:39:27Z,h2h,Daria Snigur,1.57,,0.6369426751592356,0.6025316455696202,0.2
2026-10-03T18:40:07.327099+00:00,2026-10-03T19:40:07.327099+01:00,e2954e055ea3f8716333b8ff13e39708,tennis_wta_china_open,WTA China Open,2026-10-04T05:20:00+00:00,2026-10-04T06:20:00+01:00,Daria Snigur,Taylah Preston,grosvenor,Grosvenor,2026-10-03T18:39:27Z,h2h,Taylah Preston,2.38,,0.42016806722689076,0.39746835443037976,0.2
2026-10-03T18:40:07.327099+00:00,2026-10-03T19:40:07.327099+01:00,e2954e055ea3f8716333b8ff13e39708,tennis_wta_china_open,WTA China Open,2026-10-04T05:20:00+00:00,2026-10-04T06:20:00+01:00,Daria Snigur,Taylah Preston,livescorebet,LiveScore Bet,2026-10-03T18:39:25Z,h2h,Daria Snigur,1.58,,0.6329113924050632,0.601010101010101,0.2
2026-10-03T18:40:07.327099+00:00,2026-10-03T19:40:07.327099+01:00,e2954e055ea3f8716333b8ff13e39708,tennis_wta_china_open,WTA China Open,2026-10-04T05:20:00+00:00,2026-10-04T06:20:00+01:00,Daria Snigur,Taylah Preston,livescorebet,LiveScore Bet,2026-10-03T18:39:25Z,h2h,Taylah Preston,2.38,,0.42016806722689076,0.39898989898989906,0.2
2026-10-03T18:40:07.327099+00:00,2026-10-03T19:40:07.327099+01:00,e2954e055ea3f8716333b8ff13e39708,tennis_wta_china_open,WTA China Open,2026-10-04T05:20:00+00:00,2026-10-04T06:20:00+01:00,Daria Snigur,Taylah Preston,betfair_ex_uk,Betfair,2026-10-03T18:40:00Z,h2h,Daria Snigur,1.67,,0.5988023952095809,0.5956416464891041,0.2
2026-10-03T18:40:07.327099+00:00,2026-10-03T19:40:07.327099+01:00,e2954e055ea3f8716333b8ff13e39708,tennis_wta_china_open,WTA China Open,2026-10-04T05:20:00+00:00,2026-10-04T06:20:00+01:00,Daria Snigur,Taylah Preston,betfair_ex_uk,Betfair,2026-10-03T18:40:00Z,h2h,Taylah Preston,2.46,,0.4065040650406504,0.40435835351089583,0.2
2026-10-03T18:40:07.327099+00:00,2026-10-03T19:40:07.327099+01:00,e2954e055ea3f8716333b8ff13e39708,tennis_wta_china_open,WTA China Open,2026-10-04T05:20:00+00:00,2026-10-04T06:20:00+01:00,Daria Snigur,Taylah Preston,betfair_ex_uk,Betfair,2026-10-03T18:40:00Z,h2h_lay,Daria Snigur,1.69,,0.591715976331361,1.0,0.2
2026-10-03T18:40:07.327099+00:00,2026-10-03T19:40:07.327099+01:00,e2954e055ea3f8716333b8ff13e39708,tennis_wta_china_open,WTA China Open,2026-10-04T05:20:00+00:00,2026-10-04T06:20:00+01:00,Daria Snigur,Taylah Preston,betfair_ex_uk,Betfair,2026-10-03T18:40:00Z,h2h_lay,Taylah Preston,2.48,,0.40322580645161293,1.0,0.2
2026-10-03T18:40:07.327099+00:00,2026-10-03T19:40:07.327099+01:00,e2954e055ea3f8716333b8ff13e39708,tennis_wta_china_open,WTA China Open,2026-10-04T05:20:00+00:00,2026-10-04T06:20:00+01:00,Daria Snigur,Taylah Preston,williamhill,William Hill,2026-10-03T18:39:10Z,h2h,Daria Snigur,1.57,,0.6369426751592356,0.6025316455696202,0.2
2026-10-03T18:40:07.327099+00:00,2026-10-03T19:40:07.327099+01:00,e2954e055ea3f8716333b8ff13e39708,tennis_wta_china_open,WTA China Open,2026-10-04T05:20:00+00:00,2026-10-04T06:20:00+01:00,Daria Snigur,Taylah Preston,williamhill,William Hill,2026-10-03T18:39:10Z,h2h,Taylah Preston,2.38,,0.42016806722689076,0.39746835443037976,0.2
2026-10-03T18:40:07.327099+00:00,2026-10-03T19:40:07.327099+01:00,e2954e055ea3f8716333b8ff13e39708,tennis_wta_china_open,WTA China Open,2026-10-04T05:20:00+00:00,2026-10-04T06:20:00+01:00,Daria Snigur,Taylah Preston,sport888,888sport,2026-10-03T18:39:27Z,h2h,Daria Snigur,1.57,,0.6369426751592356,0.6025316455696202,0.2
2026-10-03T18:40:07.327099+00:00,2026-10-03T19:40:07.327099+01:00,e2954e055ea3f8716333b8ff13e39708,tennis_wta_china_open,WTA China Open,2026-10-04T05:20:00+00:00,2026-10-04T06:20:00+01:00,Daria Snigur,Taylah Preston,sport888,888sport,2026-10-03T18:39:27Z,h2h,Taylah Preston,2.38,,0.42016806722689076,0.39746835443037976,0.2
2026-10-03T18:40:07.327099+00:00,2026-10-03T19:40:07.327099+01:00,e2954e055ea3f8716333b8ff13e39708,tennis_wta_china_open,WTA China Open,2026-10-04T05:20:00+00:00,2026-10-04T06:20:00+01:00,Daria Snigur,Taylah Preston,casumo,Casumo,2026-10-03T18:40:00Z,h2h,Daria Snigur,1.57,,0.6369426751592356,0.6025316455696202,0.2
2026-10-03T18:40:07.327099+00:00,2026-10-03T19:40:07.327099+01:00,e2954e055ea3f8716333b8ff13e39708,tennis_wta_china_open,WTA China Open,2026-10-04T05:20:00+00:00,2026-10-04T06:20:00+01:00,Daria Snigur,Taylah Preston,casumo,Casumo,2026-10-03T18:40:00Z,h2h,Taylah Preston,2.38,,0.42016806722689076,0.39746835443037976,0.2
2026-10-03T18:40:07.327099+00:00,2026-10-03T19:40:07.327099+01:00,e2954e055ea3f8716333b8ff13e39708,tennis_wta_china_open,WTA China Open,2026-10-04T05:20:00+00:00,2026-10-04T06:20:00+01:00,Daria Snigur,Taylah Preston,leovegas,LeoVegas,2026-10-03T18:39:25Z,h2h,Daria Snigur,1.57,,0.6369426751592356,0.6045340050377834,0.2
2026-10-03T18:40:07.327099+00:00,2026-10-03T19:40:07.327099+01:00,e2954e055ea3f8716333b8ff13e39708,tennis_wta_china_open,WTA China Open,2026-10-04T05:20:00+00:00,2026-10-04T06:20:00+01:00,Daria Snigur,Taylah Preston,leovegas,LeoVegas,2026-10-03T18:39:25Z,h2h,Taylah Preston,2.4,,0.4166666666666667,0.3954659949622167,0.2
2026-10-03T18:40:07.327099+00:00,2026-10-03T19:40:07.327099+01:00,e2954e055ea3f8716333b8ff13e39708,tennis_wta_china_open,WTA China Open,2026-10-04T05:20:00+00:00,2026-10-04T06:20:00+01:00,Daria Snigur,Taylah Preston,smarkets,Smarkets,2026-10-03T18:39:41Z,h2h,Daria Snigur,1.64,,0.6097560975609756,0.5980392156862746,0.2
2026-10-03T18:40:07.327099+00:00,2026-10-03T19:40:07.327099+01:00,e2954e055ea3f8716333b8ff13e39708,tennis_wta_china_open,WTA China Open,2026-10-04T05:20:00+00:00,2026-10-04T06:20:00+01:00,Daria Snigur,Taylah Preston,smarkets,Smarkets,2026-10-03T18:39:41Z,h2h,Taylah Preston,2.44,,0.4098360655737705,0.40196078431372556,0.2
2026-10-03T18:40:07.327099+00:00,2026-10-03T19:40:07.327099+01:00,e2954e055ea3f8716333b8ff13e39708,tennis_wta_china_open,WTA China Open,2026-10-04T05:20:00+00:00,2026-10-04T06:20:00+01:00,Daria Snigur,Taylah Preston,smarkets,Smarkets,2026-10-03T18:39:41Z,h2h_lay,Daria Snigur,1.69,,0.591715976331361,1.0,0.2
2026-10-03T18:40:07.327099+00:00,2026-10-03T19:40:07.327099+01:00,e2954e055ea3f8716333b8ff13e39708,tennis_wta_china_open,WTA China Open,2026-10-04T05:20:00+00:00,2026-10-04T06:20:00+01:00,Daria Snigur,Taylah Preston,smarkets,Smarkets,2026-10-03T18:39:41Z,h2h_lay,Taylah Preston,2.52,,0.3968253968253968,1.0,0.2
2026-10-03T18:40:07.327099+00:00,2026-10-03T19:40:07.327099+01:00,e2954e055ea3f8716333b8ff13e39708,tennis_wta_china_open,WTA China Open,2026-10-04T05:20:00+00:00,2026-10-04T06:20:00+01:00,Daria Snigur,Taylah Preston,unibet_uk,Unibet (UK),2026-10-03T18:39:59Z,h2h,Daria Snigur,1.56,,0.641025641025641,0.606060606060606,0.2
2026-10-03T18:40:07.327099+00:00,2026-10-03T19:40:07.327099+01:00,e2954e055ea3f8716333b8ff13e39708,tennis_wta_china_open,WTA China Open,2026-10-04T05:20:00+00:00,2026-10-04T06:20:00+01:00,Daria Snigur,Taylah Preston,unibet_uk,Unibet (UK),2026-10-03T18:39:59Z,h2h,Taylah Preston,2.4,,0.4166666666666667,0.393939393939394,0.2
2026-10-03T18:40:07.327099+00:00,2026-10-03T19:40:07.327099+01:00,e2954e055ea3f8716333b8ff13e39708,tennis_wta_china_open,WTA China Open,2026-10-04T05:20:00+00:00,2026-10-04T06:20:00+01:00,Daria Snigur,Taylah Preston,paddypower,Paddy Power,2026-10-03T18:38:50Z,h2h,Daria Snigur,1.53,,0.6535947712418301,0.6106870229007634,0.2
2026-10-03T18:40:07.327099+00:00,2026-10-03T19:40:07.327099+01:00,e2954e055ea3f8716333b8ff13e39708,tennis_wta_china_open,WTA China Open,2026-10-04T05:20:00+00:00,2026-10-04T06:20:00+01:00,Daria Snigur,Taylah Preston,paddypower,Paddy Power,2026-10-03T18:38:50Z,h2h,Taylah Preston,2.4,,0.4166666666666667,0.3893129770992367,0.2
2026-10-03T18:40:07.327099+00:00,2026-10-03T19:40:07.327099+01:00,e2954e055ea3f8716333b8ff13e39708,tennis_wta_china_open,WTA China Open,2026-10-04T05:20:00+00:00,2026-10-04T06:20:00+01:00,Daria Snigur,Taylah Preston,skybet,Sky Bet,2026-10-03T18:39:41Z,h2h,Daria Snigur,1.53,,0.6535947712418301,0.6203473945409429,0.2
2026-10-03T18:40:07.327099+00:00,2026-10-03T19:40:07.327099+01:00,e2954e055ea3f8716333b8ff13e39708,tennis_wta_china_open,WTA China Open,2026-10-04T05:20:00+00:00,2026-10-04T06:20:00+01:00,Daria Snigur,Taylah Preston,skybet,Sky Bet,2026-10-03T18:39:41Z,h2h,Taylah Preston,2.5,,0.4,0.3796526054590571,0.2
2026-10-03T18:40:07.327099+00:00,2026-10-03T19:40:07.327099+01:00,e2954e055ea3f8716333b8ff13e39708,tennis_wta_china_open,WTA China Open,2026-10-04T05:20:00+00:00,2026-10-04T06:20:00+01:00,Daria Snigur,Taylah Preston,ladbrokes_uk,Ladbrokes,2026-10-03T18:39:26Z,h2h,Daria Snigur,1.55,,0.6451612903225806,0.5974025974025974,0.2
2026-10-03T18:40:07.327099+00:00,2026-10-03T19:40:07.327099+01:00,e2954e055ea3f8716333b8ff13e39708,tennis_wta_china_open,WTA China Open,2026-10-04T05:20:00+00:00,2026-10-04T06:20:00+01:00,Daria Snigur,Taylah Preston,ladbrokes_uk,Ladbrokes,2026-10-03T18:39:26Z,h2h,Taylah Preston,2.3,,0.4347826086956522,0.4025974025974026,0.2
2026-10-03T18:40:07.327099+00:00,2026-10-03T19:40:07.327099+01:00,e2954e055ea3f8716333b8ff13e39708,tennis_wta_china_open,WTA China Open,2026-10-04T05:20:00+00:00,2026-10-04T06:20:00+01:00,Daria Snigur,Taylah Preston,coral,Coral,2026-10-03T18:39:58Z,h2h,Daria Snigur,1.55,,0.6451612903225806,0.5974025974025974,0.2
2026-10-03T18:40:07.327099+00:00,2026-10-03T19:40:07.327099+01:00,e2954e055ea3f8716333b8ff13e39708,tennis_wta_china_open,WTA China Open,2026-10-04T05:20:00+00:00,2026-10-04T06:20:00+01:00,Daria Snigur,Taylah Preston,coral,Coral,2026-10-03T18:39:58Z,h2h,Taylah Preston,2.3,,0.4347826086956522,0.4025974025974026,0.2
2026-10-03T18:40:07.327099+00:00,2026-10-03T19:40:07.327099+01:00,e2954e055ea3f8716333b8ff13e39708,tennis_wta_china_open,WTA China Open,2026-10-04T05:20:00+00:00,2026-10-04T06:20:00+01:00,Daria Snigur,Taylah Preston,boylesports,BoyleSports,2026-10-03T18:39:25Z,h2h,Daria Snigur,1.57,,0.6369426751592356,0.6025316455696202,0.2
2026-10-03T18:40:07.327099+00:00,2026-10-03T19:40:07.327099+01:00,e2954e055ea3f8716333b8ff13e39708,tennis_wta_china_open,WTA China Open,2026-10-04T05:20:00+00:00,2026-10-04T06:20:00+01:00,Daria Snigur,Taylah Preston,boylesports,BoyleSports,2026-10-03T18:39:25Z,h2h,Taylah Preston,2.38,,0.42016806722689076,0.39746835443037976,0.2
2026-10-03T18:40:07.327099+00:00,2026-10-03T19:40:07.327099+01:00,e2954e055ea3f8716333b8ff13e39708,tennis_wta_china_open,WTA China Open,2026-10-04T05:20:00+00:00,2026-10-04T06:20:00+01:00,Daria Snigur,Taylah Preston,betano_uk,Betano (UK),2026-10-03T18:38:45Z,h2h,Daria Snigur,1.53,,0.6535947712418301,0.6005221932114883,0.2
2026-10-03T18:40:07.327099+00:00,2026-10-03T19:40:07.327099+01:00,e2954e055ea3f8716333b8ff13e39708,tennis_wta_china_open,WTA China Open,2026-10-04T05:20:00+00:00,2026-10-04T06:20:00+01:00,Daria Snigur,Taylah Preston,betano_uk,Betano (UK),2026-10-03T18:38:45Z,h2h,Taylah Preston,2.3,,0.4347826086956522,0.39947780678851175,0.2
2026-10-03T18:40:07.327099+00:00,2026-10-03T19:40:07.327099+01:00,e2954e055ea3f8716333b8ff13e39708,tennis_wta_china_open,WTA China Open,2026-10-04T05:20:00+00:00,2026-10-04T06:20:00+01:00,Daria Snigur,Taylah Preston,betvictor,Bet Victor,2026-10-03T18:33:09Z,h2h,Daria Snigur,1.53,,0.6535947712418301,0.6005221932114883,0.2
2026-10-03T18:40:07.327099+00:00,2026-10-03T19:40:07.327099+01:00,e2954e055ea3f8716333b8ff13e39708,tennis_wta_china_open,WTA China Open,2026-10-04T05:20:00+00:00,2026-10-04T06:20:00+01:00,Daria Snigur,Taylah Preston,betvictor,Bet Victor,2026-10-03T18:33:09Z,h2h,Taylah Preston,2.3,,0.4347826086956522,0.39947780678851175,0.2
2026-10-03T18:40:07.327099+00:00,2026-10-03T19:40:07.327099+01:00,e2954e055ea3f8716333b8ff13e39708,tennis_wta_china_open,WTA China Open,2026-10-04T05:20:00+00:00,2026-10-04T06:20:00+01:00,Daria Snigur,Taylah Preston,betway,Betway,2026-10-03T18:39:25Z,h2h,Daria Snigur,1.55,,0.6451612903225806,0.6075949367088608,0.2
2026-10-03T18:40:07.327099+00:00,2026-10-03T19:40:07.327099+01:00,e2954e055ea3f8716333b8ff13e39708,tennis_wta_china_open,WTA China Open,2026-10-04T05:20:00+00:00,2026-10-04T06:20:00+01:00,Daria Snigur,Taylah Preston,betway,Betway,2026-10-03T18:39:25Z,h2h,Taylah Preston,2.4,,0.4166666666666667,0.3924050632911393,0.2
2026-10-03T18:40:07.327099+00:00,2026-10-03T19:40:07.327099+01:00,e2954e055ea3f8716333b8ff13e39708,tennis_wta_china_open,WTA China Open,2026-10-04T05:20:00+00:00,2026-10-04T06:20:00+01:00,Daria Snigur,Taylah Preston,matchbook,Matchbook,2026-10-03T18:39:58Z,h2h,Daria Snigur,1.67,,0.5988023952095809,0.5956416464891041,0.2
2026-10-03T18:40:07.327099+00:00,2026-10-03T19:40:07.327099+01:00,e2954e055ea3f8716333b8ff13e39708,tennis_wta_china_open,WTA China Open,2026-10-04T05:20:00+00:00,2026-10-04T06:20:00+01:00,Daria Snigur,Taylah Preston,matchbook,Matchbook,2026-10-03T18:39:58Z,h2h,Taylah Preston,2.46,,0.4065040650406504,0.40435835351089583,0.2
2026-10-03T18:40:07.327099+00:00,2026-10-03T19:40:07.327099+01:00,e2954e055ea3f8716333b8ff13e39708,tennis_wta_china_open,WTA China Open,2026-10-04T05:20:00+00:00,2026-10-04T06:20:00+01:00,Daria Snigur,Taylah Preston,matchbook,Matchbook,2026-10-03T18:39:58Z,h2h_lay,Daria Snigur,1.69,,0.591715976331361,1.0,0.2
2026-10-03T18:40:07.327099+00:00,2026-10-03T19:40:07.327099+01:00,e2954e055ea3f8716333b8ff13e39708,tennis_wta_china_open,WTA China Open,2026-10-04T05:20:00+00:00,2026-10-04T06:20:00+01:00,Daria Snigur,Taylah Preston,matchbook,Matchbook,2026-10-03T18:39:58Z,h2h_lay,Taylah Preston,2.48,,0.40322580645161293,1.0,0.2
2026-10-03T18:40:07.327099+00:00,2026-10-03T19:40:07.327099+01:00,e2954e055ea3f8716333b8ff13e39708,tennis_wta_china_open,WTA China Open,2026-10-04T05:20:00+00:00,2026-10-04T06:20:00+01:00,Daria Snigur,Taylah Preston,betfair_sb_uk,Betfair Sportsbook,2026-10-03T18:40:01Z,h2h,Daria Snigur,1.57,,0.6369426751592356,0.6025316455696202,0.2
2026-10-03T18:40:07.327099+00:00,2026-10-03T19:40:07.327099+01:00,e2954e055ea3f8716333b8ff13e39708,tennis_wta_china_open,WTA China Open,2026-10-04T05:20:00+00:00,2026-10-04T06:20:00+01:00,Daria Snigur,Taylah Preston,betfair_sb_uk,Betfair Sportsbook,2026-10-03T18:40:01Z,h2h,Taylah Preston,2.38,,0.42016806722689076,0.39746835443037976,0.2
2026-10-03T18:40:07.327099+00:00,2026-10-03T19:40:07.327099+01:00,7079fae92b1e1fbd3acdd13e50cd0e8a,tennis_wta_china_open,WTA China Open,2026-10-04T06:30:00+00:00,2026-10-04T07:30:00+01:00,Linda Noskova,Viktorija Golubic,sport888,888sport,2026-10-03T18:39:27Z,h2h,Linda Noskova,1.12,,0.8928571428571428,0.8426966292134831,0.2
2026-10-03T18:40:07.327099+00:00,2026-10-03T19:40:07.327099+01:00,7079fae92b1e1fbd3acdd13e50cd0e8a,tennis_wta_china_open,WTA China Open,2026-10-04T06:30:00+00:00,2026-10-04T07:30:00+01:00,Linda Noskova,Viktorija Golubic,sport888,888sport,2026-10-03T18:39:27Z,h2h,Viktorija Golubic,6.0,,0.16666666666666666,0.15730337078651685,0.2
2026-10-03T18:40:07.327099+00:00,2026-10-03T19:40:07.327099+01:00,7079fae92b1e1fbd3acdd13e50cd0e8a,tennis_wta_china_open,WTA China Open,2026-10-04T06:30:00+00:00,2026-10-04T07:30:00+01:00,Linda Noskova,Viktorija Golubic,unibet_uk,Unibet (UK),2026-10-03T18:39:59Z,h2h,Linda Noskova,1.12,,0.8928571428571428,0.8426966292134831,0.2
2026-10-03T18:40:07.327099+00:00,2026-10-03T19:40:07.327099+01:00,7079fae92b1e1fbd3acdd13e50cd0e8a,tennis_wta_china_open,WTA China Open,2026-10-04T06:30:00+00:00,2026-10-04T07:30:00+01:00,Linda Noskova,Viktorija Golubic,unibet_uk,Unibet (UK),2026-10-03T18:39:59Z,h2h,Viktorija Golubic,6.0,,0.16666666666666666,0.15730337078651685,0.2
2026-10-03T18:40:07.327099+00:00,2026-10-03T19:40:07.327099+01:00,7079fae92b1e1fbd3acdd13e50cd0e8a,tennis_wta_china_open,WTA China Open,2026-10-04T06:30:00+00:00,2026-10-04T07:30:00+01:00,Linda Noskova,Viktorija Golubic,betfair_ex_uk,Betfair,2026-10-03T18:40:00Z,h2h,Linda Noskova,1.14,,0.8771929824561404,0.8724832214765101,0.2
2026-10-03T18:40:07.327099+00:00,2026-10-03T19:40:07.327099+01:00,7079fae92b1e1fbd3acdd13e50cd0e8a,tennis_wta_china_open,WTA China Open,2026-10-04T06:30:00+00:00,2026-10-04T07:30:00+01:00,Linda Noskova,Viktorija Golubic,betfair_ex_uk,Betfair,2026-10-03T18:40:00Z,h2h,Viktorija Golubic,7.8,,0.12820512820512822,0.12751677852348994,0.2
2026-10-03T18:40:07.327099+00:00,2026-10-03T19:40:07.327099+01:00,7079fae92b1e1fbd3acdd13e50cd0e8a,tennis_wta_china_open,WTA China Open,2026-10-04T06:30:00+00:00,2026-10-04T07:30:00+01:00,Linda Noskova,Viktorija Golubic,betfair_ex_uk,Betfair,2026-10-03T18:40:00Z,h2h_lay,Linda Noskova,1.15,,0.8695652173913044,1.0,0.2
2026-10-03T18:40:07.327099+00:00,2026-10-03T19:40:07.327099+01:00,7079fae92b1e1fbd3acdd13e50cd0e8a,tennis_wta_china_open,WTA China Open,2026-10-04T06:30:00+00:00,2026-10-04T07:30:00+01:00,Linda Noskova,Viktorija Golubic,betfair_ex_uk,Betfair,2026-10-03T18:40:00Z,h2h_lay,Viktorija Golubic,8.2,,0.12195121951219513,1.0,0.2
2026-10-03T18:40:07.327099+00:00,2026-10-03T19:40:07.327099+01:00,7079fae92b1e1fbd3acdd13e50cd0e8a,tennis_wta_china_open,WTA China Open,2026-10-04T06:30:00+00:00,2026-10-04T07:30:00+01:00,Linda Noskova,Viktorija Golubic,smarkets,Smarkets,2026-10-03T18:39:41Z,h2h,Linda Noskova,1.12,,0.8928571428571428,0.8685446009389671,0.2
2026-10-03T18:40:07.327099+00:00,2026-10-03T19:40:07.327099+01:00,7079fae92b1e1fbd3acdd13e50cd0e8a,tennis_wta_china_open,WTA China Open,2026-10-04T06:30:00+00:00,2026-10-04T07:30:00+01:00,Linda Noskova,Viktorija Golubic,smarkets,Smarkets,2026-10-03T18:39:41Z,h2h,Viktorija Golubic,7.4,,0.13513513513513511,0.13145539906103285,0.2
2026-10-03T18:40:07.327099+00:00,2026-10-03T19:40:07.327099+01:00,7079fae92b1e1fbd3acdd13e50cd0e8a,tennis_wta_china_open,WTA China Open,2026-10-04T06:30:00+00:00,2026-10-04T07:30:00+01:00,Linda Noskova,Viktorija Golubic,smarkets,Smarkets,2026-10-03T18:39:41Z,h2h_lay,Linda Noskova,1.17,,0.8547008547008548,1.0,0.2
2026-10-03T18:40:07.327099+00:00,2026-10-03T19:40:07.327099+01:00,7079fae92b1e1fbd3acdd13e50cd0e8a,tennis_wta_china_open,WTA China Open,2026-10-04T06:30:00+00:00,2026-10-04T07:30:00+01:00,Linda Noskova,Viktorija Golubic,smarkets,Smarkets,2026-10-03T18:39:41Z,h2h_lay,Viktorija Golubic,8.2,,0.12195121951219513,1.0,0.2
2026-10-03T18:40:07.327099+00:00,2026-10-03T19:40:07.327099+01:00,7079fae92b1e1fbd3acdd13e50cd0e8a,tennis_wta_china_open,WTA China Open,2026-10-04T06:30:00+00:00,2026-10-04T07:30:00+01:00,Linda Noskova,Viktorija Golubic,leovegas,LeoVegas,2026-10-03T18:39:25Z,h2h,Linda Noskova,1.12,,0.8928571428571428,0.8404558404558404,0.2
2026-10-03T18:40:07.327099+00:00,2026-10-03T19:40:07.327099+01:00,7079fae92b1e1fbd3acdd13e50cd0e8a,tennis_wta_china_open,WTA China Open,2026-10-04T06:30:00+00:00,2026-10-04T07:30:00+01:00,Linda Noskova,Viktorija Golubic,leovegas,LeoVegas,2026-10-03T18:39:25Z,h2h,Viktorija Golubic,5.9,,0.1694915254237288,0.15954415954415954,0.2
2026-10-03T18:40:07.327099+00:00,2026-10-03T19:40:07.327099+01:00,7079fae92b1e1fbd3acdd13e50cd0e8a,tennis_wta_china_open,WTA China Open,2026-10-04T06:30:00+00:00,2026-10-04T07:30:00+01:00,Linda Noskova,Viktorija Golubic,paddypower,Paddy Power,2026-10-03T18:38:50Z,h2h,Linda Noskova,1.12,,0.8928571428571428,0.8426966292134831,0.2
2026-10-03T18:40:07.327099+00:00,2026-10-03T19:40:07.327099+01:00,7079fae92b1e1fbd3acdd13e50cd0e8a,tennis_wta_china_open,WTA China Open,2026-10-04T06:30:00+00:00,2026-10-04T07:30:00+01:00,Linda Noskova,Viktorija Golubic,paddypower,Paddy Power,2026-10-03T18:38:50Z,h2h,Viktorija Golubic,6.0,,0.16666666666666666,0.15730337078651685,0.2
2026-10-03T18:40:07.327099+00:00,2026-10-03T19:40:07.327099+01:00,7079fae92b1e1fbd3acdd13e50cd0e8a,tennis_wta_china_open,WTA China Open,2026-10-04T06:30:00+00:00,2026-10-04T07:30:00+01:00,Linda Noskova,Viktorija Golubic,livescorebet,LiveScore Bet,2026-10-03T18:39:25Z,h2h,Linda Noskova,1.14,,0.8771929824561404,0.8345428156748913,0.2
2026-10-03T18:40:07.327099+00:00,2026-10-03T19:40:07.327099+01:00,7079fae92b1e1fbd3acdd13e50cd0e8a,tennis_wta_china_open,WTA China Open,2026-10-04T06:30:00+00:00,2026-10-04T07:30:00+01:00,Linda Noskova,Viktorija Golubic,livescorebet,LiveScore Bet,2026-10-03T18:39:25Z,h2h,Viktorija Golubic,5.75,,0.17391304347826086,0.16545718432510886,0.2
2026-10-03T18:40:07.327099+00:00,2026-10-03T19:40:07.327099+01:00,7079fae92b1e1fbd3acdd13e50cd0e8a,tennis_wta_china_open,WTA China Open,2026-10-04T06:30:00+00:00,2026-10-04T07:30:00+01:00,Linda Noskova,Viktorija Golubic,grosvenor,Grosvenor,2026-10-03T18:39:27Z,h2h,Linda Noskova,1.14,,0.8771929824561404,0.8345428156748913,0.2
2026-10-03T18:40:07.327099+00:00,2026-10-03T19:40:07.327099+01:00,7079fae92b1e1fbd3acdd13e50cd0e8a,tennis_wta_china_open,WTA China Open,2026-10-04T06:30:00+00:00,2026-10-04T07:30:00+01:00,Linda Noskova,Viktorija Golubic,grosvenor,Grosvenor,2026-10-03T18:39:27Z,h2h,Viktorija Golubic,5.75,,0.17391304347826086,0.16545718432510886,0.2
2026-10-03T18:40:07.327099+00:00,2026-10-03T19:40:07.327099+01:00,7079fae92b1e1fbd3acdd13e50cd0e8a,tennis_wta_china_open,WTA China Open,2026-10-04T06:30:00+00:00,2026-10-04T07:30:00+01:00,Linda Noskova,Viktorija Golubic,casumo,Casumo,2026-10-03T18:40:00Z,h2h,Linda Noskova,1.14,,0.8771929824561404,0.8345428156748913,0.2
2026-10-03T18:40:07.327099+00:00,2026-10-03T19:40:07.327099+01:00,7079fae92b1e1fbd3acdd13e50cd0e8a,tennis_wta_china_open,WTA China Open,2026-10-04T06:30:00+00:00,2026-10-04T07:30:00+01:00,Linda Noskova,Viktorija Golubic,casumo,Casumo,2026-10-03T18:40:00Z,h2h,Viktorija Golubic,5.75,,0.17391304347826086,0.16545718432510886,0.2
2026-10-03T18:40:07.327099+00:00,2026-10-03T19:40:07.327099+01:00,7079fae92b1e1fbd3acdd13e50cd0e8a,tennis_wta_china_open,WTA China Open,2026-10-04T06:30:00+00:00,2026-10-04T07:30:00+01:00,Linda Noskova,Viktorija Golubic,virginbet,Virgin Bet,2026-10-03T18:39:24Z,h2h,Linda Noskova,1.14,,0.8771929824561404,0.8345428156748913,0.2
2026-10-03T18:40:07.327099+00:00,2026-10-03T19:40:07.327099+01:00,7079fae92b1e1fbd3acdd13e50cd0e8a,tennis_wta_china_open,WTA China Open,2026-10-04T06:30:00+00:00,2026-10-04T07:30:00+01:00,Linda Noskova,Viktorija Golubic,virginbet,Virgin Bet,2026-10-03T18:39:24Z,h2h,Viktorija Golubic,5.75,,0.17391304347826086,0.16545718432510886,0.2
2026-10-03T18:40:07.327099+00:00,2026-10-03T19:40:07.327099+01:00,7079fae92b1e1fbd3acdd13e50cd0e8a,tennis_wta_china_open,WTA China Open,2026-10-04T06:30:00+00:00,2026-10-04T07:30:00+01:00,Linda Noskova,Viktorija Golubic,skybet,Sky Bet,2026-10-03T18:39:41Z,h2h,Linda Noskova,1.13,,0.8849557522123894,0.8415147265077139,0.2
2026-10-03T18:40:07.327099+00:00,2026-10-03T19:40:07.327099+01:00,7079fae92b1e1fbd3acdd13e50cd0e8a,tennis_wta_china_open,WTA China Open,2026-10-04T06:30:00+00:00,2026-10-04T07:30:00+01:00,Linda Noskova,Viktorija Golubic,skybet,Sky Bet,2026-10-03T18:39:41Z,h2h,Viktorija Golubic,6.0,,0.16666666666666666,0.15848527349228608,0.2
2026-10-03T18:40:07.327099+00:00,2026-10-03T19:40:07.327099+01:00,7079fae92b1e1fbd3acdd13e50cd0e8a,tennis_wta_china_open,WTA China Open,2026-10-04T06:30:00+00:00,2026-10-04T07:30:00+01:00,Linda Noskova,Viktorija Golubic,williamhill,William Hill,2026-10-03T18:39:10Z,h2h,Linda Noskova,1.12,,0.8928571428571428,0.8426966292134831,0.2
2026-10-03T18:40:07.327099+00:00,2026-10-03T19:40:07.327099+01:00,7079fae92b1e1fbd3acdd13e50cd0e8a,tennis_wta_china_open,WTA China Open,2026-10-04T06:30:00+00:00,2026-10-04T07:30:00+01:00,Linda Noskova,Viktorija Golubic,williamhill,William Hill,2026-10-03T18:39:10Z,h2h,Viktorija Golubic,6.0,,0.16666666666666666,0.15730337078651685,0.2
2026-10-03T18:40:07.327099+00:00,2026-10-03T19:40:07.327099+01:00,7079fae92b1e1fbd3acdd13e50cd0e8a,tennis_wta_china_open,WTA China Open,2026-10-04T06:30:00+00:00,2026-10-04T07:30:00+01:00,Linda Noskova,Viktorija Golubic,coral,Coral,2026-10-03T18:39:58Z,h2h,Linda Noskova,1.12,,0.8928571428571428,0.8426966292134831,0.2
2026-10-03T18:40:07.327099+00:00,2026-10-03T19:40:07.327099+01:00,7079fae92b1e1fbd3acdd13e50cd0e8a,tennis_wta_china_open,WTA China Open,2026-10-04T06:30:00+00:00,2026-10-04T07:30:00+01:00,Linda Noskova,Viktorija Golubic,coral,Coral,2026-10-03T18:39:58Z,h2h,Viktorija Golubic,6.0,,0.16666666666666666,0.15730337078651685,0.2
2026-10-03T18:40:07.327099+00:00,2026-10-03T19:40:07.327099+01:00,7079fae92b1e1fbd3acdd13e50cd0e8a,tennis_wta_china_open,WTA China Open,2026-10-04T06:30:00+00:00,2026-10-04T07:30:00+01:00,Linda Noskova,Viktorija Golubic,ladbrokes_uk,Ladbrokes,2026-10-03T18:39:26Z,h2h,Linda Noskova,1.12,,0.8928571428571428,0.8426966292134831,0.2
2026-10-03T18:40:07.327099+00:00,2026-10-03T19:40:07.327099+01:00,7079fae92b1e1fbd3acdd13e50cd0e8a,tennis_wta_china_open,WTA China Open,2026-10-04T06:30:00+00:00,2026-10-04T07:30:00+01:00,Linda Noskova,Viktorija Golubic,ladbrokes_uk,Ladbrokes,2026-10-03T18:39:26Z,h2h,Viktorija Golubic,6.0,,0.16666666666666666,0.15730337078651685,0.2
2026-10-03T18:40:07.327099+00:00,2026-10-03T19:40:07.327099+01:00,7079fae92b1e1fbd3acdd13e50cd0e8a,tennis_wta_china_open,WTA China Open,2026-10-04T06:30:00+00:00,2026-10-04T07:30:00+01:00,Linda Noskova,Viktorija Golubic,boylesports,BoyleSports,2026-10-03T18:39:25Z,h2h,Linda Noskova,1.1,,0.9090909090909091,0.8641975308641975,0.2
2026-10-03T18:40:07.327099+00:00,2026-10-03T19:40:07.327099+01:00,7079fae92b1e1fbd3acdd13e50cd0e8a,tennis_wta_china_open,WTA China Open,2026-10-04T06:30:00+00:00,2026-10-04T07:30:00+01:00,Linda Noskova,Viktorija Golubic,boylesports,BoyleSports,2026-10-03T18:39:25Z,h2h,Viktorija Golubic,7.0,,0.14285714285714285,0.13580246913580246,0.2
2026-10-03T18:40:07.327099+00:00,2026-10-03T19:40:07.327099+01:00,7079fae92b1e1fbd3acdd13e50cd0e8a,tennis_wta_china_open,WTA China Open,2026-10-04T06:30:00+00:00,2026-10-04T07:30:00+01:00,Linda Noskova,Viktorija Golubic,betano_uk,Betano (UK),2026-10-03T18:38:45Z,h2h,Linda Noskova,1.12,,0.8928571428571428,0.8169934640522876,0.2
2026-10-03T18:40:07.327099+00:00,2026-10-03T19:40:07.327099+01:00,7079fae92b1e1fbd3acdd13e50cd0e8a,tennis_wta_china_open,WTA China Open,2026-10-04T06:30:00+00:00,2026-10-04T07:30:00+01:00,Linda Noskova,Viktorija Golubic,betano_uk,Betano (UK),2026-10-03T18:38:45Z,h2h,Viktorija Golubic,5.0,,0.2,0.18300653594771243,0.2
2026-10-03T18:40:07.327099+00:00,2026-10-03T19:40:07.327099+01:00,7079fae92b1e1fbd3acdd13e50cd0e8a,tennis_wta_china_open,WTA China Open,2026-10-04T06:30:00+00:00,2026-10-04T07:30:00+01:00,Linda Noskova,Viktorija Golubic,betvictor,Bet Victor,2026-10-03T18:33:09Z,h2h,Linda Noskova,1.12,,0.8928571428571428,0.8169934640522876,0.2
2026-10-03T18:40:07.327099+00:00,2026-10-03T19:40:07.327099+01:00,7079fae92b1e1fbd3acdd13e50cd0e8a,tennis_wta_china_open,WTA China Open,2026-10-04T06:30:00+00:00,2026-10-04T07:30:00+01:00,Linda Noskova,Viktorija Golubic,betvictor,Bet Victor,2026-10-03T18:33:09Z,h2h,Viktorija Golubic,5.0,,0.2,0.18300653594771243,0.2
2026-10-03T18:40:07.327099+00:00,2026-10-03T19:40:07.327099+01:00,7079fae92b1e1fbd3acdd13e50cd0e8a,tennis_wta_china_open,WTA China Open,2026-10-04T06:30:00+00:00,2026-10-04T07:30:00+01:00,Linda Noskova,Viktorija Golubic,betway,Betway,2026-10-03T18:39:25Z,h2h,Linda Noskova,1.12,,0.8928571428571428,0.8426966292134831,0.2
2026-10-03T18:40:07.327099+00:00,2026-10-03T19:40:07.327099+01:00,7079fae92b1e1fbd3acdd13e50cd0e8a,tennis_wta_china_open,WTA China Open,2026-10-04T06:30:00+00:00,2026-10-04T07:30:00+01:00,Linda Noskova,Viktorija Golubic,betway,Betway,2026-10-03T18:39:25Z,h2h,Viktorija Golubic,6.0,,0.16666666666666666,0.15730337078651685,0.2
2026-10-03T18:40:07.327099+00:00,2026-10-03T19:40:07.327099+01:00,7079fae92b1e1fbd3acdd13e50cd0e8a,tennis_wta_china_open,WTA China Open,2026-10-04T06:30:00+00:00,2026-10-04T07:30:00+01:00,Linda Noskova,Viktorija Golubic,matchbook,Matchbook,2026-10-03T18:39:58Z,h2h,Linda Noskova,1.14,,0.8771929824561404,0.8724832214765101,0.2
2026-10-03T18:40:07.327099+00:00,2026-10-03T19:40:07.327099+01:00,7079fae92b1e1fbd3acdd13e50cd0e8a,tennis_wta_china_open,WTA China Open,2026-10-04T06:30:00+00:00,2026-10-04T07:30:00+01:00,Linda Noskova,Viktorija Golubic,matchbook,Matchbook,2026-10-03T18:39:58Z,h2h,Viktorija Golubic,7.8,,0.12820512820512822,0.12751677852348994,0.2
2026-10-03T18:40:07.327099+00:00,2026-10-03T19:40:07.327099+01:00,7079fae92b1e1fbd3acdd13e50cd0e8a,tennis_wta_china_open,WTA China Open,2026-10-04T06:30:00+00:00,2026-10-04T07:30:00+01:00,Linda Noskova,Viktorija Golubic,matchbook,Matchbook,2026-10-03T18:39:58Z,h2h_lay,Linda Noskova,1.15,,0.8695652173913044,1.0,0.2
2026-10-03T18:40:07.327099+00:00,2026-10-03T19:40:07.327099+01:00,7079fae92b1e1fbd3acdd13e50cd0e8a,tennis_wta_china_open,WTA China Open,2026-10-04T06:30:00+00:00,2026-10-04T07:30:00+01:00,Linda Noskova,Viktorija Golubic,matchbook,Matchbook,2026-10-03T18:39:58Z,h2h_lay,Viktorija Golubic,8.2,,0.12195121951219513,1.0,0.2
2026-10-03T18:40:07.327099+00:00,2026-10-03T19:40:07.327099+01:00,7079fae92b1e1fbd3acdd13e50cd0e8a,tennis_wta_china_open,WTA China Open,2026-10-04T06:30:00+00:00,2026-10-04T07:30:00+01:00,Linda Noskova,Viktorija Golubic,betfair_sb_uk,Betfair Sportsbook,2026-10-03T18:40:01Z,h2h,Linda Noskova,1.13,,0.8849557522123894,0.8415147265077139,0.2
2026-10-03T18:40:07.327099+00:00,2026-10-03T19:40:07.327099+01:00,7079fae92b1e1fbd3acdd13e50cd0e8a,tennis_wta_china_open,WTA China Open,2026-10-04T06:30:00+00:00,2026-10-04T07:30:00+01:00,Linda Noskova,Viktorija Golubic,betfair_sb_uk,Betfair Sportsbook,2026-10-03T18:40:01Z,h2h,Viktorija Golubic,6.0,,0.16666666666666666,0.15848527349228608,0.2
2026-10-03T18:40:07.327099+00:00,2026-10-03T19:40:07.327099+01:00,afbc95d529430ef9797b428b2a9db1ab,americanfootball_ncaaf,NCAAF,2026-10-03T19:30:00+00:00,2026-10-03T20:30:00+01:00,Central Michigan Chippewas,Akron Zips,leovegas,LeoVegas,2026-10-03T18:39:24Z,h2h,Akron Zips,3.3,,0.30303030303030304,0.28725701943844495,0.2
2026-10-03T18:40:07.327099+00:00,2026-10-03T19:40:07.327099+01:00,afbc95d529430ef9797b428b2a9db1ab,americanfootball_ncaaf,NCAAF,2026-10-03T19:30:00+00:00,2026-10-03T20:30:00+01:00,Central Michigan Chippewas,Akron Zips,leovegas,LeoVegas,2026-10-03T18:39:24Z,h2h,Central Michigan Chippewas,1.33,,0.7518796992481203,0.712742980561555,0.2
2026-10-03T18:40:07.327099+00:00,2026-10-03T19:40:07.327099+01:00,afbc95d529430ef9797b428b2a9db1ab,americanfootball_ncaaf,NCAAF,2026-10-03T19:30:00+00:00,2026-10-03T20:30:00+01:00,Central Michigan Chippewas,Akron Zips,unibet_uk,Unibet (UK),2026-10-03T18:39:26Z,h2h,Akron Zips,3.4,,0.29411764705882354,0.2796610169491525,0.2
2026-10-03T18:40:07.327099+00:00,2026-10-03T19:40:07.327099+01:00,afbc95d529430ef9797b428b2a9db1ab,americanfootball_ncaaf,NCAAF,2026-10-03T19:30:00+00:00,2026-10-03T20:30:00+01:00,Central Michigan Chippewas,Akron Zips,unibet_uk,Unibet (UK),2026-10-03T18:39:26Z,h2h,Central Michigan Chippewas,1.32,,0.7575757575757576,0.7203389830508474,0.2
2026-10-03T18:40:07.327099+00:00,2026-10-03T19:40:07.327099+01:00,afbc95d529430ef9797b428b2a9db1ab,americanfootball_ncaaf,NCAAF,2026-10-03T19:30:00+00:00,2026-10-03T20:30:00+01:00,Central Michigan Chippewas,Akron Zips,ladbrokes_uk,Ladbrokes,2026-10-03T18:39:58Z,h2h,Akron Zips,3.1,,0.3225806451612903,0.29545454545454547,0.2
2026-10-03T18:40:07.327099+00:00,2026-10-03T19:40:07.327099+01:00,afbc95d529430ef9797b428b2a9db1ab,americanfootball_ncaaf,NCAAF,2026-10-03T19:30:00+00:00,2026-10-03T20:30:00+01:00,Central Michigan Chippewas,Akron Zips,ladbrokes_uk,Ladbrokes,2026-10-03T18:39:58Z,h2h,Central Michigan Chippewas,1.3,,0.7692307692307692,0.7045454545454546,0.2
2026-10-03T18:40:07.327099+00:00,2026-10-03T19:40:07.327099+01:00,afbc95d529430ef9797b428b2a9db1ab,americanfootball_ncaaf,NCAAF,2026-10-03T19:30:00+00:00,2026-10-03T20:30:00+01:00,Central Michigan Chippewas,Akron Zips,coral,Coral,2026-10-03T18:39:58Z,h2h,Akron Zips,3.1,,0.3225806451612903,0.29545454545454547,0.2
2026-10-03T18:40:07.327099+00:00,2026-10-03T19:40:07.327099+01:00,afbc95d529430ef9797b428b2a9db1ab,americanfootball_ncaaf,NCAAF,2026-10-03T19:30:00+00:00,2026-10-03T20:30:00+01:00,Central Michigan Chippewas,Akron Zips,coral,Coral,2026-10-03T18:39:58Z,h2h,Central Michigan Chippewas,1.3,,0.7692307692307692,0.7045454545454546,0.2
2026-10-03T18:40:07.327099+00:00,2026-10-03T19:40:07.327099+01:00,afbc95d529430ef9797b428b2a9db1ab,americanfootball_ncaaf,NCAAF,2026-10-03T19:30:00+00:00,2026-10-03T20:30:00+01:00,Central Michigan Chippewas,Akron Zips,betway,Betway,2026-10-03T18:39:23Z,h2h,Akron Zips,3.25,,0.3076923076923077,0.29501084598698485,0.2
2026-10-03T18:40:07.327099+00:00,2026-10-03T19:40:07.327099+01:00,afbc95d529430ef9797b428b2a9db1ab,americanfootball_ncaaf,NCAAF,2026-10-03T19:30:00+00:00,2026-10-03T20:30:00+01:00,Central Michigan Chippewas,Akron Zips,betway,Betway,2026-10-03T18:39:23Z,h2h,Central Michigan Chippewas,1.36,,0.7352941176470588,0.7049891540130152,0.2
2026-10-03T18:40:07.327099+00:00,2026-10-03T19:40:07.327099+01:00,afbc95d529430ef9797b428b2a9db1ab,americanfootball_ncaaf,NCAAF,2026-10-03T19:30:00+00:00,2026-10-03T20:30:00+01:00,Central Michigan Chippewas,Akron Zips,betfair_ex_uk,Betfair,2026-10-03T18:39:58Z,h2h,Akron Zips,3.3,,0.30303030303030304,0.29936305732484075,0.2
2026-10-03T18:40:07.327099+00:00,2026-10-03T19:40:07.327099+01:00,afbc95d529430ef9797b428b2a9db1ab,americanfootball_ncaaf,NCAAF,2026-10-03T19:30:00+00:00,2026-10-03T20:30:00+01:00,Central Michigan Chippewas,Akron Zips,betfair_ex_uk,Betfair,2026-10-03T18:39:58Z,h2h,Central Michigan Chippewas,1.41,,0.7092198581560284,0.7006369426751592,0.2
2026-10-03T18:40:07.327099+00:00,2026-10-03T19:40:07.327099+01:00,afbc95d529430ef9797b428b2a9db1ab,americanfootball_ncaaf,NCAAF,2026-10-03T19:30:00+00:00,2026-10-03T20:30:00+01:00,Central Michigan Chippewas,Akron Zips,betfair_ex_uk,Betfair,2026-10-03T18:39:58Z,h2h_lay,Akron Zips,3.45,,0.2898550724637681,1.0,0.2
2026-10-03T18:40:07.327099+00:00,2026-10-03T19:40:07.327099+01:00,afbc95d529430ef9797b428b2a9db1ab,americanfootball_ncaaf,NCAAF,2026-10-03T19:30:00+00:00,2026-10-03T20:30:00+01:00,Central Michigan Chippewas,Akron Zips,betfair_ex_uk,Betfair,2026-10-03T18:39:58Z,h2h_lay,Central Michigan Chippewas,1.43,,0.6993006993006994,1.0,0.2
2026-10-03T18:40:07.327099+00:00,2026-10-03T19:40:07.327099+01:00,f2defdeeb6cb3aa4a86b01a7a5b1ece4,americanfootball_ncaaf,NCAAF,2026-10-03T19:30:00+00:00,2026-10-03T20:30:00+01:00,Tennessee Volunteers,Auburn Tigers,unibet_uk,Unibet (UK),2026-10-03T18:39:26Z,h2h,Auburn Tigers,3.0,,0.3333333333333333,0.3181818181818181,0.2
2026-10-03T18:40:07.327099+00:00,2026-10-03T19:40:07.327099+01:00,f2defdeeb6cb3aa4a86b01a7a5b1ece4,americanfootball_ncaaf,NCAAF,2026-10-03T19:30:00+00:00,2026-10-03T20:30:00+01:00,Tennessee Volunteers,Auburn Tigers,unibet_uk,Unibet (UK),2026-10-03T18:39:26Z,h2h,Tennessee Volunteers,1.4,,0.7142857142857143,0.6818181818181818,0.2
2026-10-03T18:40:07.327099+00:00,2026-10-03T19:40:07.327099+01:00,f2defdeeb6cb3aa4a86b01a7a5b1ece4,americanfootball_ncaaf,NCAAF,2026-10-03T19:30:00+00:00,2026-10-03T20:30:00+01:00,Tennessee Volunteers,Auburn Tigers,leovegas,LeoVegas,2026-10-03T18:39:24Z,h2h,Auburn Tigers,2.95,,0.3389830508474576,0.31870669745958424,0.2
2026-10-03T18:40:07.327099+00:00,2026-10-03T19:40:07.327099+01:00,f2defdeeb6cb3aa4a86b01a7a5b1ece4,americanfootball_ncaaf,NCAAF,2026-10-03T19:30:00+00:00,2026-10-03T20:30:00+01:00,Tennessee Volunteers,Auburn Tigers,leovegas,LeoVegas,2026-10-03T18:39:24Z,h2h,Tennessee Volunteers,1.38,,0.7246376811594204,0.6812933025404158,0.2
2026-10-03T18:40:07.327099+00:00,2026-10-03T19:40:07.327099+01:00,f2defdeeb6cb3aa4a86b01a7a5b1ece4,americanfootball_ncaaf,NCAAF,2026-10-03T19:30:00+00:00,2026-10-03T20:30:00+01:00,Tennessee Volunteers,Auburn Tigers,ladbrokes_uk,Ladbrokes,2026-10-03T18:39:58Z,h2h,Auburn Tigers,2.87,,0.3484320557491289,0.3215130023640662,0.2
2026-10-03T18:40:07.327099+00:00,2026-10-03T19:40:07.327099+01:00,f2defdeeb6cb3aa4a86b01a7a5b1ece4,americanfootball_ncaaf,NCAAF,2026-10-03T19:30:00+00:00,2026-10-03T20:30:00+01:00,Tennessee Volunteers,Auburn Tigers,ladbrokes_uk,Ladbrokes,2026-10-03T18:39:58Z,h2h,Tennessee Volunteers,1.36,,0.7352941176470588,0.6784869976359339,0.2
2026-10-03T18:40:07.327099+00:00,2026-10-03T19:40:07.327099+01:00,f2defdeeb6cb3aa4a86b01a7a5b1ece4,americanfootball_ncaaf,NCAAF,2026-10-03T19:30:00+00:00,2026-10-03T20:30:00+01:00,Tennessee Volunteers,Auburn Tigers,coral,Coral,2026-10-03T18:39:58Z,h2h,Auburn Tigers,2.87,,0.3484320557491289,0.3215130023640662,0.2
2026-10-03T18:40:07.327099+00:00,2026-10-03T19:40:07.327099+01:00,f2defdeeb6cb3aa4a86b01a7a5b1ece4,americanfootball_ncaaf,NCAAF,2026-10-03T19:30:00+00:00,2026-10-03T20:30:00+01:00,Tennessee Volunteers,Auburn Tigers,coral,Coral,2026-10-03T18:39:58Z,h2h,Tennessee Volunteers,1.36,,0.7352941176470588,0.6784869976359339,0.2
2026-10-03T18:40:07.327099+00:00,2026-10-03T19:40:07.327099+01:00,f2defdeeb6cb3aa4a86b01a7a5b1ece4,americanfootball_ncaaf,NCAAF,2026-10-03T19:30:00+00:00,2026-10-03T20:30:00+01:00,Tennessee Volunteers,Auburn Tigers,betway,Betway,2026-10-03T18:39:23Z,h2h,Auburn Tigers,2.85,,0.3508771929824561,0.3356643356643357,0.2
2026-10-03T18:40:07.327099+00:00,2026-10-03T19:40:07.327099+01:00,f2defdeeb6cb3aa4a86b01a7a5b1ece4,americanfootball_ncaaf,NCAAF,2026-10-03T19:30:00+00:00,2026-10-03T20:30:00+01:00,Tennessee Volunteers,Auburn Tigers,betway,Betway,2026-10-03T18:39:23Z,h2h,Tennessee Volunteers,1.44,,0.6944444444444444,0.6643356643356644,0.2
2026-10-03T18:40:07.327099+00:00,2026-10-03T19:40:07.327099+01:00,f2defdeeb6cb3aa4a86b01a7a5b1ece4,americanfootball_ncaaf,NCAAF,2026-10-03T19:30:00+00:00,2026-10-03T20:30:00+01:00,Tennessee Volunteers,Auburn Tigers,betfair_ex_uk,Betfair,2026-10-03T18:39:58Z,h2h,Auburn Tigers,3.2,,0.3125,0.30885529157667385,0.2
2026-10-03T18:40:07.327099+00:00,2026-10-03T19:40:07.327099+01:00,f2defdeeb6cb3aa4a86b01a7a5b1ece4,americanfootball_ncaaf,NCAAF,2026-10-03T19:30:00+00:00,2026-10-03T20:30:00+01:00,Tennessee Volunteers,Auburn Tigers,betfair_ex_uk,Betfair,2026-10-03T18:39:58Z,h2h,Tennessee Volunteers,1.43,,0.6993006993006994,0.6911447084233262,0.2
2026-10-03T18:40:07.327099+00:00,2026-10-03T19:40:07.327099+01:00,f2defdeeb6cb3aa4a86b01a7a5b1ece4,americanfootball_ncaaf,NCAAF,2026-10-03T19:30:00+00:00,2026-10-03T20:30:00+01:00,Tennessee Volunteers,Auburn Tigers,betfair_ex_uk,Betfair,2026-10-03T18:39:58Z,h2h_lay,Auburn Tigers,3.35,,0.29850746268656714,1.0,0.2
2026-10-03T18:40:07.327099+00:00,2026-10-03T19:40:07.327099+01:00,f2defdeeb6cb3aa4a86b01a7a5b1ece4,americanfootball_ncaaf,NCAAF,2026-10-03T19:30:00+00:00,2026-10-03T20:30:00+01:00,Tennessee Volunteers,Auburn Tigers,betfair_ex_uk,Betfair,2026-10-03T18:39:58Z,h2h_lay,Tennessee Volunteers,1.45,,0.6896551724137931,1.0,0.2
2026-10-03T18:40:07.327099+00:00,2026-10-03T19:40:07.327099+01:00,f2defdeeb6cb3aa4a86b01a7a5b1ece4,americanfootball_ncaaf,NCAAF,2026-10-03T19:30:00+00:00,2026-10-03T20:30:00+01:00,Tennessee Volunteers,Auburn Tigers,matchbook,Matchbook,2026-10-03T18:39:58Z,h2h,Auburn Tigers,3.2,,0.3125,0.3103448275862069,0.2
2026-10-03T18:40:07.327099+00:00,2026-10-03T19:40:07.327099+01:00,f2defdeeb6cb3aa4a86b01a7a5b1ece4,americanfootball_ncaaf,NCAAF,2026-10-03T19:30:00+00:00,2026-10-03T20:30:00+01:00,Tennessee Volunteers,Auburn Tigers,matchbook,Matchbook,2026-10-03T18:39:58Z,h2h,Tennessee Volunteers,1.44,,0.6944444444444444,0.6896551724137931,0.2
2026-10-03T18:40:07.327099+00:00,2026-10-03T19:40:07.327099+01:00,f2defdeeb6cb3aa4a86b01a7a5b1ece4,americanfootball_ncaaf,NCAAF,2026-10-03T19:30:00+00:00,2026-10-03T20:30:00+01:00,Tennessee Volunteers,Auburn Tigers,matchbook,Matchbook,2026-10-03T18:39:58Z,h2h_lay,Auburn Tigers,3.3,,0.30303030303030304,1.0,0.2
2026-10-03T18:40:07.327099+00:00,2026-10-03T19:40:07.327099+01:00,f2defdeeb6cb3aa4a86b01a7a5b1ece4,americanfootball_ncaaf,NCAAF,2026-10-03T19:30:00+00:00,2026-10-03T20:30:00+01:00,Tennessee Volunteers,Auburn Tigers,matchbook,Matchbook,2026-10-03T18:39:58Z,h2h_lay,Tennessee Volunteers,1.45,,0.6896551724137931,1.0,0.2
2026-10-03T18:40:07.327099+00:00,2026-10-03T19:40:07.327099+01:00,766a0470521ac4a0fad476df45c1438b,americanfootball_ncaaf,NCAAF,2026-10-03T19:30:00+00:00,2026-10-03T20:30:00+01:00,Miami (OH) RedHawks,Bowling Green Falcons,leovegas,LeoVegas,2026-10-03T18:39:24Z,h2h,Bowling Green Falcons,4.65,,0.2150537634408602,0.20240137221269294,0.2
2026-10-03T18:40:07.327099+00:00,2026-10-03T19:40:07.327099+01:00,766a0470521ac4a0fad476df45c1438b,americanfootball_ncaaf,NCAAF,2026-10-03T19:30:00+00:00,2026-10-03T20:30:00+01:00,Miami (OH) RedHawks,Bowling Green Falcons,leovegas,LeoVegas,2026-10-03T18:39:24Z,h2h,Miami (OH) RedHawks,1.18,,0.8474576271186441,0.7975986277873071,0.2
2026-10-03T18:40:07.327099+00:00,2026-10-03T19:40:07.327099+01:00,766a0470521ac4a0fad476df45c1438b,americanfootball_ncaaf,NCAAF,2026-10-03T19:30:00+00:00,2026-10-03T20:30:00+01:00,Miami (OH) RedHawks,Bowling Green Falcons,unibet_uk,Unibet (UK),2026-10-03T18:39:26Z,h2h,Bowling Green Falcons,4.75,,0.21052631578947367,0.20033670033670034,0.2
2026-10-03T18:40:07.327099+00:00,2026-10-03T19:40:07.327099+01:00,766a0470521ac4a0fad476df45c1438b,americanfootball_ncaaf,NCAAF,2026-10-03T19:30:00+00:00,2026-10-03T20:30:00+01:00,Miami (OH) RedHawks,Bowling Green Falcons,unibet_uk,Unibet (UK),2026-10-03T18:39:26Z,h2h,Miami (OH) RedHawks,1.19,,0.8403361344537815,0.7996632996632997,0.2
2026-10-03T18:40:07.327099+00:00,2026-10-03T19:40:07.327099+01:00,766a0470521ac4a0fad476df45c1438b,americanfootball_ncaaf,NCAAF,2026-10-03T19:30:00+00:00,2026-10-03T20:30:00+01:00,Miami (OH) RedHawks,Bowling Green Falcons,coral,Coral,2026-10-03T18:39:58Z,h2h,Bowling Green Falcons,4.2,,0.23809523809523808,0.21933085501858735,0.2
2026-10-03T18:40:07.327099+00:00,2026-10-03T19:40:07.327099+01:00,766a0470521ac4a0fad476df45c1438b,americanfootball_ncaaf,NCAAF,2026-10-03T19:30:00+00:00,2026-10-03T20:30:00+01:00,Miami (OH) RedHawks,Bowling Green Falcons,coral,Coral,2026-10-03T18:39:58Z,h2h,Miami (OH) RedHawks,1.18,,0.8474576271186441,0.7806691449814127,0.2
2026-10-03T18:40:07.327099+00:00,2026-10-03T19:40:07.327099+01:00,766a0470521ac4a0fad476df45c1438b,americanfootball_ncaaf,NCAAF,2026-10-03T19:30:00+00:00,2026-10-03T20:30:00+01:00,Miami (OH) RedHawks,Bowling Green Falcons,ladbrokes_uk,Ladbrokes,2026-10-03T18:39:58Z,h2h,Bowling Green Falcons,4.2,,0.23809523809523808,0.21933085501858735,0.2
2026-10-03T18:40:07.327099+00:00,2026-10-03T19:40:07.327099+01:00,766a0470521ac4a0fad476df45c1438b,americanfootball_ncaaf,NCAAF,2026-10-03T19:30:00+00:00,2026-10-03T20:30:00+01:00,Miami (OH) RedHawks,Bowling Green Falcons,ladbrokes_uk,Ladbrokes,2026-10-03T18:39:58Z,h2h,Miami (OH) RedHawks,1.18,,0.8474576271186441,0.7806691449814127,0.2
2026-10-03T18:40:07.327099+00:00,2026-10-03T19:40:07.327099+01:00,766a0470521ac4a0fad476df45c1438b,americanfootball_ncaaf,NCAAF,2026-10-03T19:30:00+00:00,2026-10-03T20:30:00+01:00,Miami (OH) RedHawks,Bowling Green Falcons,betway,Betway,2026-10-03T18:39:23Z,h2h,Bowling Green Falcons,4.5,,0.2222222222222222,0.21328671328671325,0.2
2026-10-03T18:40:07.327099+00:00,2026-10-03T19:40:07.327099+01:00,766a0470521ac4a0fad476df45c1438b,americanfootball_ncaaf,NCAAF,2026-10-03T19:30:00+00:00,2026-10-03T20:30:00+01:00,Miami (OH) RedHawks,Bowling Green Falcons,betway,Betway,2026-10-03T18:39:23Z,h2h,Miami (OH) RedHawks,1.22,,0.819672131147541,0.7867132867132867,0.2
2026-10-03T18:40:07.327099+00:00,2026-10-03T19:40:07.327099+01:00,766a0470521ac4a0fad476df45c1438b,americanfootball_ncaaf,NCAAF,2026-10-03T19:30:00+00:00,2026-10-03T20:30:00+01:00,Miami (OH) RedHawks,Bowling Green Falcons,betfair_ex_uk,Betfair,2026-10-03T18:39:58Z,h2h,Bowling Green Falcons,4.9,,0.2040816326530612,0.2019543973941368,0.2
2026-10-03T18:40:07.327099+00:00,2026-10-03T19:40:07.327099+01:00,766a0470521ac4a0fad476df45c1438b,americanfootball_ncaaf,NCAAF,2026-10-03T19:30:00+00:00,2026-10-03T20:30:00+01:00,Miami (OH) RedHawks,Bowling Green Falcons,betfair_ex_uk,Betfair,2026-10-03T18:39:58Z,h2h,Miami (OH) RedHawks,1.24,,0.8064516129032259,0.7980456026058633,0.2
2026-10-03T18:40:07.327099+00:00,2026-10-03T19:40:07.327099+01:00,766a0470521ac4a0fad476df45c1438b,americanfootball_ncaaf,NCAAF,2026-10-03T19:30:00+00:00,2026-10-03T20:30:00+01:00,Miami (OH) RedHawks,Bowling Green Falcons,betfair_ex_uk,Betfair,2026-10-03T18:39:58Z,h2h_lay,Bowling Green Falcons,5.2,,0.1923076923076923,1.0,0.2
2026-10-03T18:40:07.327099+00:00,2026-10-03T19:40:07.327099+01:00,766a0470521ac4a0fad476df45c1438b,americanfootball_ncaaf,NCAAF,2026-10-03T19:30:00+00:00,2026-10-03T20:30:00+01:00,Miami (OH) RedHawks,Bowling Green Falcons,betfair_ex_uk,Betfair,2026-10-03T18:39:58Z,h2h_lay,Miami (OH) RedHawks,1.25,,0.8,1.0,0.2
2026-10-03T18:40:07.327099+00:00,2026-10-03T19:40:07.327099+01:00,f28938b05f7d4b4187e879917f6e583a,americanfootball_ncaaf,NCAAF,2026-10-03T19:30:00+00:00,2026-10-03T20:30:00+01:00,UNLV Rebels,California Golden Bears,leovegas,LeoVegas,2026-10-03T18:39:24Z,h2h,California Golden Bears,1.98,,0.5050505050505051,0.48031496062992135,0.2
2026-10-03T18:40:07.327099+00:00,2026-10-03T19:40:07.327099+01:00,f28938b05f7d4b4187e879917f6e583a,americanfootball_ncaaf,NCAAF,2026-10-03T19:30:00+00:00,2026-10-03T20:30:00+01:00,UNLV Rebels,California Golden Bears,leovegas,LeoVegas,2026-10-03T18:39:24Z,h2h,UNLV Rebels,1.83,,0.5464480874316939,0.5196850393700787,0.2
2026-10-03T18:40:07.327099+00:00,2026-10-03T19:40:07.327099+01:00,f28938b05f7d4b4187e879917f6e583a,americanfootball_ncaaf,NCAAF,2026-10-03T19:30:00+00:00,2026-10-03T20:30:00+01:00,UNLV Rebels,California Golden Bears,unibet_uk,Unibet (UK),2026-10-03T18:39:26Z,h2h,California Golden Bears,2.0,,0.5,0.47780678851174935,0.2
2026-10-03T18:40:07.327099+00:00,2026-10-03T19:40:07.327099+01:00,f28938b05f7d4b4187e879917f6e583a,americanfootball_ncaaf,NCAAF,2026-10-03T19:30:00+00:00,2026-10-03T20:30:00+01:00,UNLV Rebels,California Golden Bears,unibet_uk,Unibet (UK),2026-10-03T18:39:26Z,h2h,UNLV Rebels,1.83,,0.5464480874316939,0.5221932114882506,0.2
2026-10-03T18:40:07.327099+00:00,2026-10-03T19:40:07.327099+01:00,f28938b05f7d4b4187e879917f6e583a,americanfootball_ncaaf,NCAAF,2026-10-03T19:30:00+00:00,2026-10-03T20:30:00+01:00,UNLV Rebels,California Golden Bears,coral,Coral,2026-10-03T18:39:58Z,h2h,California Golden Bears,1.91,,0.5235602094240838,0.4851752021563342,0.2
2026-10-03T18:40:07.327099+00:00,2026-10-03T19:40:07.327099+01:00,f28938b05f7d4b4187e879917f6e583a,americanfootball_ncaaf,NCAAF,2026-10-03T19:30:00+00:00,2026-10-03T20:30:00+01:00,UNLV Rebels,California Golden Bears,coral,Coral,2026-10-03T18:39:58Z,h2h,UNLV Rebels,1.8,,0.5555555555555556,0.5148247978436657,0.2
2026-10-03T18:40:07.327099+00:00,2026-10-03T19:40:07.327099+01:00,f28938b05f7d4b4187e879917f6e583a,americanfootball_ncaaf,NCAAF,2026-10-03T19:30:00+00:00,2026-10-03T20:30:00+01:00,UNLV Rebels,California Golden Bears,ladbrokes_uk,Ladbrokes,2026-10-03T18:39:58Z,h2h,California Golden Bears,1.91,,0.5235602094240838,0.4851752021563342,0.2
2026-10-03T18:40:07.327099+00:00,2026-10-03T19:40:07.327099+01:00,f28938b05f7d4b4187e879917f6e583a,americanfootball_ncaaf,NCAAF,2026-10-03T19:30:00+00:00,2026-10-03T20:30:00+01:00,UNLV Rebels,California Golden Bears,ladbrokes_uk,Ladbrokes,2026-10-03T18:39:58Z,h2h,UNLV Rebels,1.8,,0.5555555555555556,0.5148247978436657,0.2
2026-10-03T18:40:07.327099+00:00,2026-10-03T19:40:07.327099+01:00,f28938b05f7d4b4187e879917f6e583a,americanfootball_ncaaf,NCAAF,2026-10-03T19:30:00+00:00,2026-10-03T20:30:00+01:00,UNLV Rebels,California Golden Bears,betway,Betway,2026-10-03T18:39:23Z,h2h,California Golden Bears,1.91,,0.5235602094240838,0.5,0.2
2026-10-03T18:40:07.327099+00:00,2026-10-03T19:40:07.327099+01:00,f28938b05f7d4b4187e879917f6e583a,americanfootball_ncaaf,NCAAF,2026-10-03T19:30:00+00:00,2026-10-03T20:30:00+01:00,UNLV Rebels,California Golden Bears,betway,Betway,2026-10-03T18:39:23Z,h2h,UNLV Rebels,1.91,,0.5235602094240838,0.5,0.2
2026-10-03T18:40:07.327099+00:00,2026-10-03T19:40:07.327099+01:00,f28938b05f7d4b4187e879917f6e583a,americanfootball_ncaaf,NCAAF,2026-10-03T19:30:00+00:00,2026-10-03T20:30:00+01:00,UNLV Rebels,California Golden Bears,matchbook,Matchbook,2026-10-03T18:39:58Z,h2h,California Golden Bears,2.0,,0.5,0.48849104859335046,0.2
2026-10-03T18:40:07.327099+00:00,2026-10-03T19:40:07.327099+01:00,f28938b05f7d4b4187e879917f6e583a,americanfootball_ncaaf,NCAAF,2026-10-03T19:30:00+00:00,2026-10-03T20:30:00+01:00,UNLV Rebels,California Golden Bears,matchbook,Matchbook,2026-10-03T18:39:58Z,h2h,UNLV Rebels,1.91,,0.5235602094240838,0.5115089514066496,0.2
2026-10-03T18:40:07.327099+00:00,2026-10-03T19:40:07.327099+01:00,f28938b05f7d4b4187e879917f6e583a,americanfootball_ncaaf,NCAAF,2026-10-03T19:30:00+00:00,2026-10-03T20:30:00+01:00,UNLV Rebels,California Golden Bears,matchbook,Matchbook,2026-10-03T18:39:58Z,h2h_lay,California Golden Bears,2.1,,0.47619047619047616,1.0,0.2
2026-10-03T18:40:07.327099+00:00,2026-10-03T19:40:07.327099+01:00,f28938b05f7d4b4187e879917f6e583a,americanfootball_ncaaf,NCAAF,2026-10-03T19:30:00+00:00,2026-10-03T20:30:00+01:00,UNLV Rebels,California Golden Bears,matchbook,Matchbook,2026-10-03T18:39:58Z,h2h_lay,UNLV Rebels,2.0,,0.5,1.0,0.2
2026-10-03T18:40:07.327099+00:00,2026-10-03T19:40:07.327099+01:00,f28938b05f7d4b4187e879917f6e583a,americanfootball_ncaaf,NCAAF,2026-10-03T19:30:00+00:00,2026-10-03T20:30:00+01:00,UNLV Rebels,California Golden Bears,betfair_ex_uk,Betfair,2026-10-03T18:39:58Z,h2h,California Golden Bears,2.02,,0.49504950495049505,0.48730964467005067,0.2
2026-10-03T18:40:07.327099+00:00,2026-10-03T19:40:07.327099+01:00,f28938b05f7d4b4187e879917f6e583a,americanfootball_ncaaf,NCAAF,2026-10-03T19:30:00+00:00,2026-10-03T20:30:00+01:00,UNLV Rebels,California Golden Bears,betfair_ex_uk,Betfair,2026-10-03T18:39:58Z,h2h,UNLV Rebels,1.92,,0.5208333333333334,0.5126903553299492,0.2
2026-10-03T18:40:07.327099+00:00,2026-10-03T19:40:07.327099+01:00,f28938b05f7d4b4187e879917f6e583a,americanfootball_ncaaf,NCAAF,2026-10-03T19:30:00+00:00,2026-10-03T20:30:00+01:00,UNLV Rebels,California Golden Bears,betfair_ex_uk,Betfair,2026-10-03T18:39:58Z,h2h_lay,California Golden Bears,2.1,,0.47619047619047616,1.0,0.2
2026-10-03T18:40:07.327099+00:00,2026-10-03T19:40:07.327099+01:00,f28938b05f7d4b4187e879917f6e583a,americanfootball_ncaaf,NCAAF,2026-10-03T19:30:00+00:00,2026-10-03T20:30:00+01:00,UNLV Rebels,California Golden Bears,betfair_ex_uk,Betfair,2026-10-03T18:39:58Z,h2h_lay,UNLV Rebels,1.97,,0.5076142131979695,1.0,0.2
2026-10-03T18:40:07.327099+00:00,2026-10-03T19:40:07.327099+01:00,7e0abfe1077b7d41d61b918ef53d247b,americanfootball_ncaaf,NCAAF,2026-10-03T19:30:00+00:00,2026-10-03T20:30:00+01:00,UMass Minutemen,Eastern Michigan Eagles,unibet_uk,Unibet (UK),2026-10-03T18:39:26Z,h2h,Eastern Michigan Eagles,2.9,,0.3448275862068966,0.32870370370370366,0.2
2026-10-03T18:40:07.327099+00:00,2026-10-03T19:40:07.327099+01:00,7e0abfe1077b7d41d61b918ef53d247b,americanfootball_ncaaf,NCAAF,2026-10-03T19:30:00+00:00,2026-10-03T20:30:00+01:00,UMass Minutemen,Eastern Michigan Eagles,unibet_uk,Unibet (UK),2026-10-03T18:39:26Z,h2h,UMass Minutemen,1.42,,0.7042253521126761,0.6712962962962963,0.2
2026-10-03T18:40:07.327099+00:00,2026-10-03T19:40:07.327099+01:00,7e0abfe1077b7d41d61b918ef53d247b,americanfootball_ncaaf,NCAAF,2026-10-03T19:30:00+00:00,2026-10-03T20:30:00+01:00,UMass Minutemen,Eastern Michigan Eagles,leovegas,LeoVegas,2026-10-03T18:39:24Z,h2h,Eastern Michigan Eagles,2.85,,0.3508771929824561,0.33255269320843084,0.2
2026-10-03T18:40:07.327099+00:00,2026-10-03T19:40:07.327099+01:00,7e0abfe1077b7d41d61b918ef53d247b,americanfootball_ncaaf,NCAAF,2026-10-03T19:30:00+00:00,2026-10-03T20:30:00+01:00,UMass Minutemen,Eastern Michigan Eagles,leovegas,LeoVegas,2026-10-03T18:39:24Z,h2h,UMass Minutemen,1.42,,0.7042253521126761,0.667447306791569,0.2
2026-10-03T18:40:07.327099+00:00,2026-10-03T19:40:07.327099+01:00,7e0abfe1077b7d41d61b918ef53d247b,americanfootball_ncaaf,NCAAF,2026-10-03T19:30:00+00:00,2026-10-03T20:30:00+01:00,UMass Minutemen,Eastern Michigan Eagles,ladbrokes_uk,Ladbrokes,2026-10-03T18:39:58Z,h2h,Eastern Michigan Eagles,2.7,,0.37037037037037035,0.3414634146341463,0.2
2026-10-03T18:40:07.327099+00:00,2026-10-03T19:40:07.327099+01:00,7e0abfe1077b7d41d61b918ef53d247b,americanfootball_ncaaf,NCAAF,2026-10-03T19:30:00+00:00,2026-10-03T20:30:00+01:00,UMass Minutemen,Eastern Michigan Eagles,ladbrokes_uk,Ladbrokes,2026-10-03T18:39:58Z,h2h,UMass Minutemen,1.4,,0.7142857142857143,0.6585365853658537,0.2
2026-10-03T18:40:07.327099+00:00,2026-10-03T19:40:07.327099+01:00,7e0abfe1077b7d41d61b918ef53d247b,americanfootball_ncaaf,NCAAF,2026-10-03T19:30:00+00:00,2026-10-03T20:30:00+01:00,UMass Minutemen,Eastern Michigan Eagles,coral,Coral,2026-10-03T18:39:58Z,h2h,Eastern Michigan Eagles,2.7,,0.37037037037037035,0.3414634146341463,0.2
2026-10-03T18:40:07.327099+00:00,2026-10-03T19:40:07.327099+01:00,7e0abfe1077b7d41d61b918ef53d247b,americanfootball_ncaaf,NCAAF,2026-10-03T19:30:00+00:00,2026-10-03T20:30:00+01:00,UMass Minutemen,Eastern Michigan Eagles,coral,Coral,2026-10-03T18:39:58Z,h2h,UMass Minutemen,1.4,,0.7142857142857143,0.6585365853658537,0.2
2026-10-03T18:40:07.327099+00:00,2026-10-03T19:40:07.327099+01:00,7e0abfe1077b7d41d61b918ef53d247b,americanfootball_ncaaf,NCAAF,2026-10-03T19:30:00+00:00,2026-10-03T20:30:00+01:00,UMass Minutemen,Eastern Michigan Eagles,betway,Betway,2026-10-03T18:39:23Z,h2h,Eastern Michigan Eagles,2.75,,0.36363636363636365,0.3498817966903074,0.2
2026-10-03T18:40:07.327099+00:00,2026-10-03T19:40:07.327099+01:00,7e0abfe1077b7d41d61b918ef53d247b,americanfootball_ncaaf,NCAAF,2026-10-03T19:30:00+00:00,2026-10-03T20:30:00+01:00,UMass Minutemen,Eastern Michigan Eagles,betway,Betway,2026-10-03T18:39:23Z,h2h,UMass Minutemen,1.48,,0.6756756756756757,0.6501182033096927,0.2
2026-10-03T18:40:07.327099+00:00,2026-10-03T19:40:07.327099+01:00,7e0abfe1077b7d41d61b918ef53d247b,americanfootball_ncaaf,NCAAF,2026-10-03T19:30:00+00:00,2026-10-03T20:30:00+01:00,UMass Minutemen,Eastern Michigan Eagles,betfair_ex_uk,Betfair,2026-10-03T18:39:58Z,h2h,Eastern Michigan Eagles,2.9,,0.3448275862068966,0.3424036281179138,0.2
2026-10-03T18:40:07.327099+00:00,2026-10-03T19:40:07.327099+01:00,7e0abfe1077b7d41d61b918ef53d247b,americanfootball_ncaaf,NCAAF,2026-10-03T19:30:00+00:00,2026-10-03T20:30:00+01:00,UMass Minutemen,Eastern Michigan Eagles,betfair_ex_uk,Betfair,2026-10-03T18:39:58Z,h2h,UMass Minutemen,1.51,,0.6622516556291391,0.6575963718820862,0.2
2026-10-03T18:40:07.327099+00:00,2026-10-03T19:40:07.327099+01:00,7e0abfe1077b7d41d61b918ef53d247b,americanfootball_ncaaf,NCAAF,2026-10-03T19:30:00+00:00,2026-10-03T20:30:00+01:00,UMass Minutemen,Eastern Michigan Eagles,betfair_ex_uk,Betfair,2026-10-03T18:39:58Z,h2h_lay,Eastern Michigan Eagles,2.96,,0.33783783783783783,1.0,0.2
2026-10-03T18:40:07.327099+00:00,2026-10-03T19:40:07.327099+01:00,7e0abfe1077b7d41d61b918ef53d247b,americanfootball_ncaaf,NCAAF,2026-10-03T19:30:00+00:00,2026-10-03T20:30:00+01:00,UMass Minutemen,Eastern Michigan Eagles,betfair_ex_uk,Betfair,2026-10-03T18:39:58Z,h2h_lay,UMass Minutemen,1.53,,0.6535947712418301,1.0,0.2
2026-10-03T18:40:07.327099+00:00,2026-10-03T19:40:07.327099+01:00,6d39ea01c532535edf756b8086656518,americanfootball_ncaaf,NCAAF,2026-10-03T19:30:00+00:00,2026-10-03T20:30:00+01:00,Missouri Tigers,Florida Gators,unibet_uk,Unibet (UK),2026-10-03T18:39:26Z,h2h,Florida Gators,1.44,,0.6944444444444444,0.660377358490566,0.2
2026-10-03T18:40:07.327099+00:00,2026-10-03T19:40:07.327099+01:00,6d39ea01c532535edf756b8086656518,americanfootball_ncaaf,NCAAF,2026-10-03T19:30:00+00:00,2026-10-03T20:30:00+01:00,Missouri Tigers,Florida Gators,unibet_uk,Unibet (UK),2026-10-03T18:39:26Z,h2h,Missouri Tigers,2.8,,0.35714285714285715,0.33962264150943394,0.2
2026-10-03T18:40:07.327099+00:00,2026-10-03T19:40:07.327099+01:00,6d39ea01c532535edf756b8086656518,americanfootball_ncaaf,NCAAF,2026-10-03T19:30:00+00:00,2026-10-03T20:30:00+01:00,Missouri Tigers,Florida Gators,leovegas,LeoVegas,2026-10-03T18:39:24Z,h2h,Florida Gators,1.42,,0.7042253521126761,0.6594724220623501,0.2
2026-10-03T18:40:07.327099+00:00,2026-10-03T19:40:07.327099+01:00,6d39ea01c532535edf756b8086656518,americanfootball_ncaaf,NCAAF,2026-10-03T19:30:00+00:00,2026-10-03T20:30:00+01:00,Missouri Tigers,Florida Gators,leovegas,LeoVegas,2026-10-03T18:39:24Z,h2h,Missouri Tigers,2.75,,0.36363636363636365,0.3405275779376499,0.2
2026-10-03T18:40:07.327099+00:00,2026-10-03T19:40:07.327099+01:00,6d39ea01c532535edf756b8086656518,americanfootball_ncaaf,NCAAF,2026-10-03T19:30:00+00:00,2026-10-03T20:30:00+01:00,Missouri Tigers,Florida Gators,coral,Coral,2026-10-03T18:39:58Z,h2h,Florida Gators,1.4,,0.7142857142857143,0.6585365853658537,0.2
2026-10-03T18:40:07.327099+00:00,2026-10-03T19:40:07.327099+01:00,6d39ea01c532535edf756b8086656518,americanfootball_ncaaf,NCAAF,2026-10-03T19:30:00+00:00,2026-10-03T20:30:00+01:00,Missouri Tigers,Florida Gators,coral,Coral,2026-10-03T18:39:58Z,h2h,Missouri Tigers,2.7,,0.37037037037037035,0.3414634146341463,0.2
2026-10-03T18:40:07.327099+00:00,2026-10-03T19:40:07.327099+01:00,6d39ea01c532535edf756b8086656518,americanfootball_ncaaf,NCAAF,2026-10-03T19:30:00+00:00,2026-10-03T20:30:00+01:00,Missouri Tigers,Florida Gators,ladbrokes_uk,Ladbrokes,2026-10-03T18:39:58Z,h2h,Florida Gators,1.4,,0.7142857142857143,0.6585365853658537,0.2
2026-10-03T18:40:07.327099+00:00,2026-10-03T19:40:07.327099+01:00,6d39ea01c532535edf756b8086656518,americanfootball_ncaaf,NCAAF,2026-10-03T19:30:00+00:00,2026-10-03T20:30:00+01:00,Missouri Tigers,Florida Gators,ladbrokes_uk,Ladbrokes,2026-10-03T18:39:58Z,h2h,Missouri Tigers,2.7,,0.37037037037037035,0.3414634146341463,0.2
2026-10-03T18:40:07.327099+00:00,2026-10-03T19:40:07.327099+01:00,6d39ea01c532535edf756b8086656518,americanfootball_ncaaf,NCAAF,2026-10-03T19:30:00+00:00,2026-10-03T20:30:00+01:00,Missouri Tigers,Florida Gators,betway,Betway,2026-10-03T18:39:23Z,h2h,Florida Gators,1.44,,0.6944444444444444,0.6563245823389022,0.2
2026-10-03T18:40:07.327099+00:00,2026-10-03T19:40:07.327099+01:00,6d39ea01c532535edf756b8086656518,americanfootball_ncaaf,NCAAF,2026-10-03T19:30:00+00:00,2026-10-03T20:30:00+01:00,Missouri Tigers,Florida Gators,betway,Betway,2026-10-03T18:39:23Z,h2h,Missouri Tigers,2.75,,0.36363636363636365,0.3436754176610979,0.2
2026-10-03T18:40:07.327099+00:00,2026-10-03T19:40:07.327099+01:00,6d39ea01c532535edf756b8086656518,americanfootball_ncaaf,NCAAF,2026-10-03T19:30:00+00:00,2026-10-03T20:30:00+01:00,Missouri Tigers,Florida Gators,betfair_ex_uk,Betfair,2026-10-03T18:39:58Z,h2h,Florida Gators,1.48,,0.6756756756756757,0.6681614349775785,0.2
2026-10-03T18:40:07.327099+00:00,2026-10-03T19:40:07.327099+01:00,6d39ea01c532535edf756b8086656518,americanfootball_ncaaf,NCAAF,2026-10-03T19:30:00+00:00,2026-10-03T20:30:00+01:00,Missouri Tigers,Florida Gators,betfair_ex_uk,Betfair,2026-10-03T18:39:58Z,h2h,Missouri Tigers,2.98,,0.33557046979865773,0.33183856502242154,0.2
2026-10-03T18:40:07.327099+00:00,2026-10-03T19:40:07.327099+01:00,6d39ea01c532535edf756b8086656518,americanfootball_ncaaf,NCAAF,2026-10-03T19:30:00+00:00,2026-10-03T20:30:00+01:00,Missouri Tigers,Florida Gators,betfair_ex_uk,Betfair,2026-10-03T18:39:58Z,h2h_lay,Florida Gators,1.51,,0.6622516556291391,1.0,0.2
2026-10-03T18:40:07.327099+00:00,2026-10-03T19:40:07.327099+01:00,6d39ea01c532535edf756b8086656518,americanfootball_ncaaf,NCAAF,2026-10-03T19:30:00+00:00,2026-10-03T20:30:00+01:00,Missouri Tigers,Florida Gators,betfair_ex_uk,Betfair,2026-10-03T18:39:58Z,h2h_lay,Missouri Tigers,3.1,,0.3225806451612903,1.0,0.2
2026-10-03T18:40:07.327099+00:00,2026-10-03T19:40:07.327099+01:00,6d39ea01c532535edf756b8086656518,americanfootball_ncaaf,NCAAF,2026-10-03T19:30:00+00:00,2026-10-03T20:30:00+01:00,Missouri Tigers,Florida Gators,matchbook,Matchbook,2026-10-03T18:39:58Z,h2h,Florida Gators,1.48,,0.6756756756756757,0.6696428571428572,0.2
2026-10-03T18:40:07.327099+00:00,2026-10-03T19:40:07.327099+01:00,6d39ea01c532535edf756b8086656518,americanfootball_ncaaf,NCAAF,2026-10-03T19:30:00+00:00,2026-10-03T20:30:00+01:00,Missouri Tigers,Florida Gators,matchbook,Matchbook,2026-10-03T18:39:58Z,h2h,Missouri Tigers,3.0,,0.3333333333333333,0.33035714285714285,0.2
2026-10-03T18:40:07.327099+00:00,2026-10-03T19:40:07.327099+01:00,6d39ea01c532535edf756b8086656518,americanfootball_ncaaf,NCAAF,2026-10-03T19:30:00+00:00,2026-10-03T20:30:00+01:00,Missouri Tigers,Florida Gators,matchbook,Matchbook,2026-10-03T18:39:58Z,h2h_lay,Florida Gators,1.5,,0.6666666666666666,1.0,0.2
2026-10-03T18:40:07.327099+00:00,2026-10-03T19:40:07.327099+01:00,6d39ea01c532535edf756b8086656518,americanfootball_ncaaf,NCAAF,2026-10-03T19:30:00+00:00,2026-10-03T20:30:00+01:00,Missouri Tigers,Florida Gators,matchbook,Matchbook,2026-10-03T18:39:58Z,h2h_lay,Missouri Tigers,3.1,,0.3225806451612903,1.0,0.2
2026-10-03T18:40:07.327099+00:00,2026-10-03T19:40:07.327099+01:00,296c3e1c69d11f640690b6f9bd37d424,americanfootball_ncaaf,NCAAF,2026-10-03T19:30:00+00:00,2026-10-03T20:30:00+01:00,Florida State Seminoles,Virginia Cavaliers,leovegas,LeoVegas,2026-10-03T18:39:24Z,h2h,Florida State Seminoles,1.98,,0.5050505050505051,0.48031496062992135,0.2
2026-10-03T18:40:07.327099+00:00,2026-10-03T19:40:07.327099+01:00,296c3e1c69d11f640690b6f9bd37d424,americanfootball_ncaaf,NCAAF,2026-10-03T19:30:00+00:00,2026-10-03T20:30:00+01:00,Florida State Seminoles,Virginia Cavaliers,leovegas,LeoVegas,2026-10-03T18:39:24Z,h2h,Virginia Cavaliers,1.83,,0.5464480874316939,0.5196850393700787,0.2
2026-10-03T18:40:07.327099+00:00,2026-10-03T19:40:07.327099+01:00,296c3e1c69d11f640690b6f9bd37d424,americanfootball_ncaaf,NCAAF,2026-10-03T19:30:00+00:00,2026-10-03T20:30:00+01:00,Florida State Seminoles,Virginia Cavaliers,unibet_uk,Unibet (UK),2026-10-03T18:39:26Z,h2h,Florida State Seminoles,2.0,,0.5,0.47780678851174935,0.2
2026-10-03T18:40:07.327099+00:00,2026-10-03T19:40:07.327099+01:00,296c3e1c69d11f640690b6f9bd37d424,americanfootball_ncaaf,NCAAF,2026-10-03T19:30:00+00:00,2026-10-03T20:30:00+01:00,Florida State Seminoles,Virginia Cavaliers,unibet_uk,Unibet (UK),2026-10-03T18:39:26Z,h2h,Virginia Cavaliers,1.83,,0.5464480874316939,0.5221932114882506,0.2
2026-10-03T18:40:07.327099+00:00,2026-10-03T19:40:07.327099+01:00,296c3e1c69d11f640690b6f9bd37d424,americanfootball_ncaaf,NCAAF,2026-10-03T19:30:00+00:00,2026-10-03T20:30:00+01:00,Florida State Seminoles,Virginia Cavaliers,ladbrokes_uk,Ladbrokes,2026-10-03T18:39:58Z,h2h,Florida State Seminoles,1.91,,0.5235602094240838,0.4851752021563342,0.2
2026-10-03T18:40:07.327099+00:00,2026-10-03T19:40:07.327099+01:00,296c3e1c69d11f640690b6f9bd37d424,americanfootball_ncaaf,NCAAF,2026-10-03T19:30:00+00:00,2026-10-03T20:30:00+01:00,Florida State Seminoles,Virginia Cavaliers,ladbrokes_uk,Ladbrokes,2026-10-03T18:39:58Z,h2h,Virginia Cavaliers,1.8,,0.5555555555555556,0.5148247978436657,0.2
2026-10-03T18:40:07.327099+00:00,2026-10-03T19:40:07.327099+01:00,296c3e1c69d11f640690b6f9bd37d424,americanfootball_ncaaf,NCAAF,2026-10-03T19:30:00+00:00,2026-10-03T20:30:00+01:00,Florida State Seminoles,Virginia Cavaliers,coral,Coral,2026-10-03T18:39:58Z,h2h,Florida State Seminoles,1.91,,0.5235602094240838,0.4851752021563342,0.2
2026-10-03T18:40:07.327099+00:00,2026-10-03T19:40:07.327099+01:00,296c3e1c69d11f640690b6f9bd37d424,americanfootball_ncaaf,NCAAF,2026-10-03T19:30:00+00:00,2026-10-03T20:30:00+01:00,Florida State Seminoles,Virginia Cavaliers,coral,Coral,2026-10-03T18:39:58Z,h2h,Virginia Cavaliers,1.8,,0.5555555555555556,0.5148247978436657,0.2
2026-10-03T18:40:07.327099+00:00,2026-10-03T19:40:07.327099+01:00,296c3e1c69d11f640690b6f9bd37d424,americanfootball_ncaaf,NCAAF,2026-10-03T19:30:00+00:00,2026-10-03T20:30:00+01:00,Florida State Seminoles,Virginia Cavaliers,betway,Betway,2026-10-03T18:39:23Z,h2h,Florida State Seminoles,1.95,,0.5128205128205129,0.4895287958115184,0.2
2026-10-03T18:40:07.327099+00:00,2026-10-03T19:40:07.327099+01:00,296c3e1c69d11f640690b6f9bd37d424,americanfootball_ncaaf,NCAAF,2026-10-03T19:30:00+00:00,2026-10-03T20:30:00+01:00,Florida State Seminoles,Virginia Cavaliers,betway,Betway,2026-10-03T18:39:23Z,h2h,Virginia Cavaliers,1.87,,0.53475935828877,0.5104712041884817,0.2
2026-10-03T18:40:07.327099+00:00,2026-10-03T19:40:07.327099+01:00,296c3e1c69d11f640690b6f9bd37d424,americanfootball_ncaaf,NCAAF,2026-10-03T19:30:00+00:00,2026-10-03T20:30:00+01:00,Florida State Seminoles,Virginia Cavaliers,betfair_ex_uk,Betfair,2026-10-03T18:39:58Z,h2h,Florida State Seminoles,2.02,,0.49504950495049505,0.493734335839599,0.2
2026-10-03T18:40:07.327099+00:00,2026-10-03T19:40:07.327099+01:00,296c3e1c69d11f640690b6f9bd37d424,americanfootball_ncaaf,NCAAF,2026-10-03T19:30:00+00:00,2026-10-03T20:30:00+01:00,Florida State Seminoles,Virginia Cavaliers,betfair_ex_uk,Betfair,2026-10-03T18:39:58Z,h2h,Virginia Cavaliers,1.97,,0.5076142131979695,0.506265664160401,0.2
2026-10-03T18:40:07.327099+00:00,2026-10-03T19:40:07.327099+01:00,296c3e1c69d11f640690b6f9bd37d424,americanfootball_ncaaf,NCAAF,2026-10-03T19:30:00+00:00,2026-10-03T20:30:00+01:00,Florida State Seminoles,Virginia Cavaliers,betfair_ex_uk,Betfair,2026-10-03T18:39:58Z,h2h_lay,Florida State Seminoles,2.04,,0.49019607843137253,1.0,0.2
2026-10-03T18:40:07.327099+00:00,2026-10-03T19:40:07.327099+01:00,296c3e1c69d11f640690b6f9bd37d424,americanfootball_ncaaf,NCAAF,2026-10-03T19:30:00+00:00,2026-10-03T20:30:00+01:00,Florida State Seminoles,Virginia Cavaliers,betfair_ex_uk,Betfair,2026-10-03T18:39:58Z,h2h_lay,Virginia Cavaliers,1.99,,0.5025125628140703,1.0,0.2
2026-10-03T18:40:07.327099+00:00,2026-10-03T19:40:07.327099+01:00,296c3e1c69d11f640690b6f9bd37d424,americanfootball_ncaaf,NCAAF,2026-10-03T19:30:00+00:00,2026-10-03T20:30:00+01:00,Florida State Seminoles,Virginia Cavaliers,matchbook,Matchbook,2026-10-03T18:39:58Z,h2h,Florida State Seminoles,2.02,,0.49504950495049505,0.493734335839599,0.2
2026-10-03T18:40:07.327099+00:00,2026-10-03T19:40:07.327099+01:00,296c3e1c69d11f640690b6f9bd37d424,americanfootball_ncaaf,NCAAF,2026-10-03T19:30:00+00:00,2026-10-03T20:30:00+01:00,Florida State Seminoles,Virginia Cavaliers,matchbook,Matchbook,2026-10-03T18:39:58Z,h2h,Virginia Cavaliers,1.97,,0.5076142131979695,0.506265664160401,0.2
2026-10-03T18:40:07.327099+00:00,2026-10-03T19:40:07.327099+01:00,296c3e1c69d11f640690b6f9bd37d424,americanfootball_ncaaf,NCAAF,2026-10-03T19:30:00+00:00,2026-10-03T20:30:00+01:00,Florida State Seminoles,Virginia Cavaliers,matchbook,Matchbook,2026-10-03T18:39:58Z,h2h_lay,Florida State Seminoles,2.04,,0.49019607843137253,1.0,0.2
2026-10-03T18:40:07.327099+00:00,2026-10-03T19:40:07.327099+01:00,296c3e1c69d11f640690b6f9bd37d424,americanfootball_ncaaf,NCAAF,2026-10-03T19:30:00+00:00,2026-10-03T20:30:00+01:00,Florida State Seminoles,Virginia Cavaliers,matchbook,Matchbook,2026-10-03T18:39:58Z,h2h_lay,Virginia Cavaliers,1.98,,0.5050505050505051,1.0,0.2
2026-10-03T18:40:07.327099+00:00,2026-10-03T19:40:07.327099+01:00,e4f058459f5ee64f3cff3ac1aed79e64,americanfootball_ncaaf,NCAAF,2026-10-03T19:30:00+00:00,2026-10-03T20:30:00+01:00,Georgia State Panthers,Old Dominion Monarchs,unibet_uk,Unibet (UK),2026-10-03T18:39:26Z,h2h,Georgia State Panthers,1.73,,0.5780346820809249,0.5483028720626633,0.2
2026-10-03T18:40:07.327099+00:00,2026-10-03T19:40:07.327099+01:00,e4f058459f5ee64f3cff3ac1aed79e64,americanfootball_ncaaf,NCAAF,2026-10-03T19:30:00+00:00,2026-10-03T20:30:00+01:00,Georgia State Panthers,Old Dominion Monarchs,unibet_uk,Unibet (UK),2026-10-03T18:39:26Z,h2h,Old Dominion Monarchs,2.1,,0.47619047619047616,0.4516971279373368,0.2
2026-10-03T18:40:07.327099+00:00,2026-10-03T19:40:07.327099+01:00,e4f058459f5ee64f3cff3ac1aed79e64,americanfootball_ncaaf,NCAAF,2026-10-03T19:30:00+00:00,2026-10-03T20:30:00+01:00,Georgia State Panthers,Old Dominion Monarchs,leovegas,LeoVegas,2026-10-03T18:39:24Z,h2h,Georgia State Panthers,1.72,,0.5813953488372093,0.5473684210526316,0.2
2026-10-03T18:40:07.327099+00:00,2026-10-03T19:40:07.327099+01:00,e4f058459f5ee64f3cff3ac1aed79e64,americanfootball_ncaaf,NCAAF,2026-10-03T19:30:00+00:00,2026-10-03T20:30:00+01:00,Georgia State Panthers,Old Dominion Monarchs,leovegas,LeoVegas,2026-10-03T18:39:24Z,h2h,Old Dominion Monarchs,2.08,,0.4807692307692307,0.4526315789473684,0.2
2026-10-03T18:40:07.327099+00:00,2026-10-03T19:40:07.327099+01:00,e4f058459f5ee64f3cff3ac1aed79e64,americanfootball_ncaaf,NCAAF,2026-10-03T19:30:00+00:00,2026-10-03T20:30:00+01:00,Georgia State Panthers,Old Dominion Monarchs,ladbrokes_uk,Ladbrokes,2026-10-03T18:39:58Z,h2h,Georgia State Panthers,1.7,,0.5882352941176471,0.5466666666666666,0.2
2026-10-03T18:40:07.327099+00:00,2026-10-03T19:40:07.327099+01:00,e4f058459f5ee64f3cff3ac1aed79e64,americanfootball_ncaaf,NCAAF,2026-10-03T19:30:00+00:00,2026-10-03T20:30:00+01:00,Georgia State Panthers,Old Dominion Monarchs,ladbrokes_uk,Ladbrokes,2026-10-03T18:39:58Z,h2h,Old Dominion Monarchs,2.05,,0.48780487804878053,0.4533333333333333,0.2
2026-10-03T18:40:07.327099+00:00,2026-10-03T19:40:07.327099+01:00,e4f058459f5ee64f3cff3ac1aed79e64,americanfootball_ncaaf,NCAAF,2026-10-03T19:30:00+00:00,2026-10-03T20:30:00+01:00,Georgia State Panthers,Old Dominion Monarchs,betway,Betway,2026-10-03T18:39:23Z,h2h,Georgia State Panthers,1.77,,0.5649717514124294,0.5426356589147286,0.2
2026-10-03T18:40:07.327099+00:00,2026-10-03T19:40:07.327099+01:00,e4f058459f5ee64f3cff3ac1aed79e64,americanfootball_ncaaf,NCAAF,2026-10-03T19:30:00+00:00,2026-10-03T20:30:00+01:00,Georgia State Panthers,Old Dominion Monarchs,betway,Betway,2026-10-03T18:39:23Z,h2h,Old Dominion Monarchs,2.1,,0.47619047619047616,0.4573643410852713,0.2
2026-10-03T18:40:07.327099+00:00,2026-10-03T19:40:07.327099+01:00,e4f058459f5ee64f3cff3ac1aed79e64,americanfootball_ncaaf,NCAAF,2026-10-03T19:30:00+00:00,2026-10-03T20:30:00+01:00,Georgia State Panthers,Old Dominion Monarchs,betfair_ex_uk,Betfair,2026-10-03T18:39:58Z,h2h,Georgia State Panthers,1.8,,0.5555555555555556,0.5544554455445545,0.2
2026-10-03T18:40:07.327099+00:00,2026-10-03T19:40:07.327099+01:00,e4f058459f5ee64f3cff3ac1aed79e64,americanfootball_ncaaf,NCAAF,2026-10-03T19:30:00+00:00,2026-10-03T20:30:00+01:00,Georgia State Panthers,Old Dominion Monarchs,betfair_ex_uk,Betfair,2026-10-03T18:39:58Z,h2h,Old Dominion Monarchs,2.24,,0.4464285714285714,0.4455445544554455,0.2
2026-10-03T18:40:07.327099+00:00,2026-10-03T19:40:07.327099+01:00,e4f058459f5ee64f3cff3ac1aed79e64,americanfootball_ncaaf,NCAAF,2026-10-03T19:30:00+00:00,2026-10-03T20:30:00+01:00,Georgia State Panthers,Old Dominion Monarchs,betfair_ex_uk,Betfair,2026-10-03T18:39:58Z,h2h_lay,Georgia State Panthers,1.81,,0.5524861878453039,1.0,0.2
2026-10-03T18:40:07.327099+00:00,2026-10-03T19:40:07.327099+01:00,e4f058459f5ee64f3cff3ac1aed79e64,americanfootball_ncaaf,NCAAF,2026-10-03T19:30:00+00:00,2026-10-03T20:30:00+01:00,Georgia State Panthers,Old Dominion Monarchs,betfair_ex_uk,Betfair,2026-10-03T18:39:58Z,h2h_lay,Old Dominion Monarchs,2.26,,0.4424778761061947,1.0,0.2
2026-10-03T18:40:07.327099+00:00,2026-10-03T19:40:07.327099+01:00,e4f058459f5ee64f3cff3ac1aed79e64,americanfootball_ncaaf,NCAAF,2026-10-03T19:30:00+00:00,2026-10-03T20:30:00+01:00,Georgia State Panthers,Old Dominion Monarchs,coral,Coral,2026-10-03T18:39:58Z,h2h,Georgia State Panthers,1.7,,0.5882352941176471,0.5466666666666666,0.2
2026-10-03T18:40:07.327099+00:00,2026-10-03T19:40:07.327099+01:00,e4f058459f5ee64f3cff3ac1aed79e64,americanfootball_ncaaf,NCAAF,2026-10-03T19:30:00+00:00,2026-10-03T20:30:00+01:00,Georgia State Panthers,Old Dominion Monarchs,coral,Coral,2026-10-03T18:39:58Z,h2h,Old Dominion Monarchs,2.05,,0.48780487804878053,0.4533333333333333,0.2
2026-10-03T18:40:07.327099+00:00,2026-10-03T19:40:07.327099+01:00,e4f058459f5ee64f3cff3ac1aed79e64,americanfootball_ncaaf,NCAAF,2026-10-03T19:30:00+00:00,2026-10-03T20:30:00+01:00,Georgia State Panthers,Old Dominion Monarchs,matchbook,Matchbook,2026-10-03T18:39:58Z,h2h,Georgia State Panthers,1.8,,0.5555555555555556,0.5544554455445545,0.2
2026-10-03T18:40:07.327099+00:00,2026-10-03T19:40:07.327099+01:00,e4f058459f5ee64f3cff3ac1aed79e64,americanfootball_ncaaf,NCAAF,2026-10-03T19:30:00+00:00,2026-10-03T20:30:00+01:00,Georgia State Panthers,Old Dominion Monarchs,matchbook,Matchbook,2026-10-03T18:39:58Z,h2h,Old Dominion Monarchs,2.24,,0.4464285714285714,0.4455445544554455,0.2
2026-10-03T18:40:07.327099+00:00,2026-10-03T19:40:07.327099+01:00,e4f058459f5ee64f3cff3ac1aed79e64,americanfootball_ncaaf,NCAAF,2026-10-03T19:30:00+00:00,2026-10-03T20:30:00+01:00,Georgia State Panthers,Old Dominion Monarchs,matchbook,Matchbook,2026-10-03T18:39:58Z,h2h_lay,Georgia State Panthers,1.81,,0.5524861878453039,1.0,0.2
2026-10-03T18:40:07.327099+00:00,2026-10-03T19:40:07.327099+01:00,e4f058459f5ee64f3cff3ac1aed79e64,americanfootball_ncaaf,NCAAF,2026-10-03T19:30:00+00:00,2026-10-03T20:30:00+01:00,Georgia State Panthers,Old Dominion Monarchs,matchbook,Matchbook,2026-10-03T18:39:58Z,h2h_lay,Old Dominion Monarchs,2.26,,0.4424778761061947,1.0,0.2
2026-10-03T18:40:07.327099+00:00,2026-10-03T19:40:07.327099+01:00,b163da8a283ade5bd6428a3ca01da8b8,americanfootball_ncaaf,NCAAF,2026-10-03T19:30:00+00:00,2026-10-03T20:30:00+01:00,Iowa Hawkeyes,Ohio State Buckeyes,unibet_uk,Unibet (UK),2026-10-03T18:39:26Z,h2h,Iowa Hawkeyes,6.0,,0.16666666666666666,0.15966386554621845,0.2
2026-10-03T18:40:07.327099+00:00,2026-10-03T19:40:07.327099+01:00,b163da8a283ade5bd6428a3ca01da8b8,americanfootball_ncaaf,NCAAF,2026-10-03T19:30:00+00:00,2026-10-03T20:30:00+01:00,Iowa Hawkeyes,Ohio State Buckeyes,unibet_uk,Unibet (UK),2026-10-03T18:39:26Z,h2h,Ohio State Buckeyes,1.14,,0.8771929824561404,0.8403361344537814,0.2
2026-10-03T18:40:07.327099+00:00,2026-10-03T19:40:07.327099+01:00,b163da8a283ade5bd6428a3ca01da8b8,americanfootball_ncaaf,NCAAF,2026-10-03T19:30:00+00:00,2026-10-03T20:30:00+01:00,Iowa Hawkeyes,Ohio State Buckeyes,coral,Coral,2026-10-03T18:39:58Z,h2h,Iowa Hawkeyes,5.25,,0.19047619047619047,0.17582417582417584,0.2
2026-10-03T18:40:07.327099+00:00,2026-10-03T19:40:07.327099+01:00,b163da8a283ade5bd6428a3ca01da8b8,americanfootball_ncaaf,NCAAF,2026-10-03T19:30:00+00:00,2026-10-03T20:30:00+01:00,Iowa Hawkeyes,Ohio State Buckeyes,coral,Coral,2026-10-03T18:39:58Z,h2h,Ohio State Buckeyes,1.12,,0.8928571428571428,0.8241758241758241,0.2
2026-10-03T18:40:07.327099+00:00,2026-10-03T19:40:07.327099+01:00,b163da8a283ade5bd6428a3ca01da8b8,americanfootball_ncaaf,NCAAF,2026-10-03T19:30:00+00:00,2026-10-03T20:30:00+01:00,Iowa Hawkeyes,Ohio State Buckeyes,ladbrokes_uk,Ladbrokes,2026-10-03T18:39:58Z,h2h,Iowa Hawkeyes,5.25,,0.19047619047619047,0.17582417582417584,0.2
2026-10-03T18:40:07.327099+00:00,2026-10-03T19:40:07.327099+01:00,b163da8a283ade5bd6428a3ca01da8b8,americanfootball_ncaaf,NCAAF,2026-10-03T19:30:00+00:00,2026-10-03T20:30:00+01:00,Iowa Hawkeyes,Ohio State Buckeyes,ladbrokes_uk,Ladbrokes,2026-10-03T18:39:58Z,h2h,Ohio State Buckeyes,1.12,,0.8928571428571428,0.8241758241758241,0.2
2026-10-03T18:40:07.327099+00:00,2026-10-03T19:40:07.327099+01:00,b163da8a283ade5bd6428a3ca01da8b8,americanfootball_ncaaf,NCAAF,2026-10-03T19:30:00+00:00,2026-10-03T20:30:00+01:00,Iowa Hawkeyes,Ohio State Buckeyes,leovegas,LeoVegas,2026-10-03T18:39:24Z,h2h,Iowa Hawkeyes,5.7,,0.17543859649122806,0.16666666666666663,0.2
2026-10-03T18:40:07.327099+00:00,2026-10-03T19:40:07.327099+01:00,b163da8a283ade5bd6428a3ca01da8b8,americanfootball_ncaaf,NCAAF,2026-10-03T19:30:00+00:00,2026-10-03T20:30:00+01:00,Iowa Hawkeyes,Ohio State Buckeyes,leovegas,LeoVegas,2026-10-03T18:39:24Z,h2h,Ohio State Buckeyes,1.14,,0.8771929824561404,0.8333333333333333,0.2
2026-10-03T18:40:07.327099+00:00,2026-10-03T19:40:07.327099+01:00,b163da8a283ade5bd6428a3ca01da8b8,americanfootball_ncaaf,NCAAF,2026-10-03T19:30:00+00:00,2026-10-03T20:30:00+01:00,Iowa Hawkeyes,Ohio State Buckeyes,betway,Betway,2026-10-03T18:39:23Z,h2h,Iowa Hawkeyes,5.5,,0.18181818181818182,0.17541229385307344,0.2
2026-10-03T18:40:07.327099+00:00,2026-10-03T19:40:07.327099+01:00,b163da8a283ade5bd6428a3ca01da8b8,americanfootball_ncaaf,NCAAF,2026-10-03T19:30:00+00:00,2026-10-03T20:30:00+01:00,Iowa Hawkeyes,Ohio State Buckeyes,betway,Betway,2026-10-03T18:39:23Z,h2h,Ohio State Buckeyes,1.17,,0.8547008547008548,0.8245877061469264,0.2
2026-10-03T18:40:07.327099+00:00,2026-10-03T19:40:07.327099+01:00,b163da8a283ade5bd6428a3ca01da8b8,americanfootball_ncaaf,NCAAF,2026-10-03T19:30:00+00:00,2026-10-03T20:30:00+01:00,Iowa Hawkeyes,Ohio State Buckeyes,betfair_ex_uk,Betfair,2026-10-03T18:39:58Z,h2h,Iowa Hawkeyes,6.4,,0.15625,0.154557463672391,0.2
2026-10-03T18:40:07.327099+00:00,2026-10-03T19:40:07.327099+01:00,b163da8a283ade5bd6428a3ca01da8b8,americanfootball_ncaaf,NCAAF,2026-10-03T19:30:00+00:00,2026-10-03T20:30:00+01:00,Iowa Hawkeyes,Ohio State Buckeyes,betfair_ex_uk,Betfair,2026-10-03T18:39:58Z,h2h,Ohio State Buckeyes,1.17,,0.8547008547008548,0.845442536327609,0.2
2026-10-03T18:40:07.327099+00:00,2026-10-03T19:40:07.327099+01:00,b163da8a283ade5bd6428a3ca01da8b8,americanfootball_ncaaf,NCAAF,2026-10-03T19:30:00+00:00,2026-10-03T20:30:00+01:00,Iowa Hawkeyes,Ohio State Buckeyes,betfair_ex_uk,Betfair,2026-10-03T18:39:58Z,h2h_lay,Iowa Hawkeyes,7.0,,0.14285714285714285,1.0,0.2
2026-10-03T18:40:07.327099+00:00,2026-10-03T19:40:07.327099+01:00,b163da8a283ade5bd6428a3ca01da8b8,americanfootball_ncaaf,NCAAF,2026-10-03T19:30:00+00:00,2026-10-03T20:30:00+01:00,Iowa Hawkeyes,Ohio State Buckeyes,betfair_ex_uk,Betfair,2026-10-03T18:39:58Z,h2h_lay,Ohio State Buckeyes,1.19,,0.8403361344537815,1.0,0.2
2026-10-03T18:40:07.327099+00:00,2026-10-03T19:40:07.327099+01:00,b163da8a283ade5bd6428a3ca01da8b8,americanfootball_ncaaf,NCAAF,2026-10-03T19:30:00+00:00,2026-10-03T20:30:00+01:00,Iowa Hawkeyes,Ohio State Buckeyes,matchbook,Matchbook,2026-10-03T18:39:58Z,h2h,Iowa Hawkeyes,6.4,,0.15625,0.154557463672391,0.2
2026-10-03T18:40:07.327099+00:00,2026-10-03T19:40:07.327099+01:00,b163da8a283ade5bd6428a3ca01da8b8,americanfootball_ncaaf,NCAAF,2026-10-03T19:30:00+00:00,2026-10-03T20:30:00+01:00,Iowa Hawkeyes,Ohio State Buckeyes,matchbook,Matchbook,2026-10-03T18:39:58Z,h2h,Ohio State Buckeyes,1.17,,0.8547008547008548,0.845442536327609,0.2
2026-10-03T18:40:07.327099+00:00,2026-10-03T19:40:07.327099+01:00,b163da8a283ade5bd6428a3ca01da8b8,americanfootball_ncaaf,NCAAF,2026-10-03T19:30:00+00:00,2026-10-03T20:30:00+01:00,Iowa Hawkeyes,Ohio State Buckeyes,matchbook,Matchbook,2026-10-03T18:39:58Z,h2h_lay,Iowa Hawkeyes,7.0,,0.14285714285714285,1.0,0.2
2026-10-03T18:40:07.327099+00:00,2026-10-03T19:40:07.327099+01:00,b163da8a283ade5bd6428a3ca01da8b8,americanfootball_ncaaf,NCAAF,2026-10-03T19:30:00+00:00,2026-10-03T20:30:00+01:00,Iowa Hawkeyes,Ohio State Buckeyes,matchbook,Matchbook,2026-10-03T18:39:58Z,h2h_lay,Ohio State Buckeyes,1.19,,0.8403361344537815,1.0,0.2
2026-10-03T18:40:07.327099+00:00,2026-10-03T19:40:07.327099+01:00,c1c548c80e674e3a37dcc2551beba599,americanfootball_ncaaf,NCAAF,2026-10-03T19:30:00+00:00,2026-10-03T20:30:00+01:00,Kent State Golden Flashes,Ohio Bobcats,unibet_uk,Unibet (UK),2026-10-03T18:39:26Z,h2h,Kent State Golden Flashes,2.5,,0.4,0.38118811881188125,0.2
2026-10-03T18:40:07.327099+00:00,2026-10-03T19:40:07.327099+01:00,c1c548c80e674e3a37dcc2551beba599,americanfootball_ncaaf,NCAAF,2026-10-03T19:30:00+00:00,2026-10-03T20:30:00+01:00,Kent State Golden Flashes,Ohio Bobcats,unibet_uk,Unibet (UK),2026-10-03T18:39:26Z,h2h,Ohio Bobcats,1.54,,0.6493506493506493,0.6188118811881189,0.2
2026-10-03T18:40:07.327099+00:00,2026-10-03T19:40:07.327099+01:00,c1c548c80e674e3a37dcc2551beba599,americanfootball_ncaaf,NCAAF,2026-10-03T19:30:00+00:00,2026-10-03T20:30:00+01:00,Kent State Golden Flashes,Ohio Bobcats,leovegas,LeoVegas,2026-10-03T18:39:24Z,h2h,Kent State Golden Flashes,2.45,,0.4081632653061224,0.3844221105527638,0.2
2026-10-03T18:40:07.327099+00:00,2026-10-03T19:40:07.327099+01:00,c1c548c80e674e3a37dcc2551beba599,americanfootball_ncaaf,NCAAF,2026-10-03T19:30:00+00:00,2026-10-03T20:30:00+01:00,Kent State Golden Flashes,Ohio Bobcats,leovegas,LeoVegas,2026-10-03T18:39:24Z,h2h,Ohio Bobcats,1.53,,0.6535947712418301,0.6155778894472362,0.2
2026-10-03T18:40:07.327099+00:00,2026-10-03T19:40:07.327099+01:00,c1c548c80e674e3a37dcc2551beba599,americanfootball_ncaaf,NCAAF,2026-10-03T19:30:00+00:00,2026-10-03T20:30:00+01:00,Kent State Golden Flashes,Ohio Bobcats,ladbrokes_uk,Ladbrokes,2026-10-03T18:39:58Z,h2h,Kent State Golden Flashes,2.3,,0.4347826086956522,0.39947780678851175,0.2
2026-10-03T18:40:07.327099+00:00,2026-10-03T19:40:07.327099+01:00,c1c548c80e674e3a37dcc2551beba599,americanfootball_ncaaf,NCAAF,2026-10-03T19:30:00+00:00,2026-10-03T20:30:00+01:00,Kent State Golden Flashes,Ohio Bobcats,ladbrokes_uk,Ladbrokes,2026-10-03T18:39:58Z,h2h,Ohio Bobcats,1.53,,0.6535947712418301,0.6005221932114883,0.2
2026-10-03T18:40:07.327099+00:00,2026-10-03T19:40:07.327099+01:00,c1c548c80e674e3a37dcc2551beba599,americanfootball_ncaaf,NCAAF,2026-10-03T19:30:00+00:00,2026-10-03T20:30:00+01:00,Kent State Golden Flashes,Ohio Bobcats,coral,Coral,2026-10-03T18:39:58Z,h2h,Kent State Golden Flashes,2.3,,0.4347826086956522,0.39947780678851175,0.2
2026-10-03T18:40:07.327099+00:00,2026-10-03T19:40:07.327099+01:00,c1c548c80e674e3a37dcc2551beba599,americanfootball_ncaaf,NCAAF,2026-10-03T19:30:00+00:00,2026-10-03T20:30:00+01:00,Kent State Golden Flashes,Ohio Bobcats,coral,Coral,2026-10-03T18:39:58Z,h2h,Ohio Bobcats,1.53,,0.6535947712418301,0.6005221932114883,0.2
2026-10-03T18:40:07.327099+00:00,2026-10-03T19:40:07.327099+01:00,c1c548c80e674e3a37dcc2551beba599,americanfootball_ncaaf,NCAAF,2026-10-03T19:30:00+00:00,2026-10-03T20:30:00+01:00,Kent State Golden Flashes,Ohio Bobcats,betway,Betway,2026-10-03T18:39:23Z,h2h,Kent State Golden Flashes,2.35,,0.425531914893617,0.4065656565656566,0.2
2026-10-03T18:40:07.327099+00:00,2026-10-03T19:40:07.327099+01:00,c1c548c80e674e3a37dcc2551beba599,americanfootball_ncaaf,NCAAF,2026-10-03T19:30:00+00:00,2026-10-03T20:30:00+01:00,Kent State Golden Flashes,Ohio Bobcats,betway,Betway,2026-10-03T18:39:23Z,h2h,Ohio Bobcats,1.61,,0.6211180124223602,0.5934343434343434,0.2
2026-10-03T18:40:07.327099+00:00,2026-10-03T19:40:07.327099+01:00,c1c548c80e674e3a37dcc2551beba599,americanfootball_ncaaf,NCAAF,2026-10-03T19:30:00+00:00,2026-10-03T20:30:00+01:00,Kent State Golden Flashes,Ohio Bobcats,betfair_ex_uk,Betfair,2026-10-03T18:39:58Z,h2h,Kent State Golden Flashes,2.62,,0.38167938931297707,0.38061465721040194,0.2
2026-10-03T18:40:07.327099+00:00,2026-10-03T19:40:07.327099+01:00,c1c548c80e674e3a37dcc2551beba599,americanfootball_ncaaf,NCAAF,2026-10-03T19:30:00+00:00,2026-10-03T20:30:00+01:00,Kent State Golden Flashes,Ohio Bobcats,betfair_ex_uk,Betfair,2026-10-03T18:39:58Z,h2h,Ohio Bobcats,1.61,,0.6211180124223602,0.6193853427895982,0.2
2026-10-03T18:40:07.327099+00:00,2026-10-03T19:40:07.327099+01:00,c1c548c80e674e3a37dcc2551beba599,americanfootball_ncaaf,NCAAF,2026-10-03T19:30:00+00:00,2026-10-03T20:30:00+01:00,Kent State Golden Flashes,Ohio Bobcats,betfair_ex_uk,Betfair,2026-10-03T18:39:58Z,h2h_lay,Kent State Golden Flashes,2.64,,0.3787878787878788,1.0,0.2
2026-10-03T18:40:07.327099+00:00,2026-10-03T19:40:07.327099+01:00,c1c548c80e674e3a37dcc2551beba599,americanfootball_ncaaf,NCAAF,2026-10-03T19:30:00+00:00,2026-10-03T20:30:00+01:00,Kent State Golden Flashes,Ohio Bobcats,betfair_ex_uk,Betfair,2026-10-03T18:39:58Z,h2h_lay,Ohio Bobcats,1.62,,0.6172839506172839,1.0,0.2
2026-10-03T18:40:07.327099+00:00,2026-10-03T19:40:07.327099+01:00,a77fd3143159a9d16a75685528d9960b,americanfootball_ncaaf,NCAAF,2026-10-03T19:30:00+00:00,2026-10-03T20:30:00+01:00,NC State Wolfpack,Louisville Cardinals,unibet_uk,Unibet (UK),2026-10-03T18:39:26Z,h2h,Louisville Cardinals,1.48,,0.6756756756756757,0.6459330143540669,0.2
2026-10-03T18:40:07.327099+00:00,2026-10-03T19:40:07.327099+01:00,a77fd3143159a9d16a75685528d9960b,americanfootball_ncaaf,NCAAF,2026-10-03T19:30:00+00:00,2026-10-03T20:30:00+01:00,NC State Wolfpack,Louisville Cardinals,unibet_uk,Unibet (UK),2026-10-03T18:39:26Z,h2h,NC State Wolfpack,2.7,,0.37037037037037035,0.354066985645933,0.2
2026-10-03T18:40:07.327099+00:00,2026-10-03T19:40:07.327099+01:00,a77fd3143159a9d16a75685528d9960b,americanfootball_ncaaf,NCAAF,2026-10-03T19:30:00+00:00,2026-10-03T20:30:00+01:00,NC State Wolfpack,Louisville Cardinals,leovegas,LeoVegas,2026-10-03T18:39:24Z,h2h,Louisville Cardinals,1.45,,0.6896551724137931,0.6506024096385543,0.2
2026-10-03T18:40:07.327099+00:00,2026-10-03T19:40:07.327099+01:00,a77fd3143159a9d16a75685528d9960b,americanfootball_ncaaf,NCAAF,2026-10-03T19:30:00+00:00,2026-10-03T20:30:00+01:00,NC State Wolfpack,Louisville Cardinals,leovegas,LeoVegas,2026-10-03T18:39:24Z,h2h,NC State Wolfpack,2.7,,0.37037037037037035,0.3493975903614458,0.2
2026-10-03T18:40:07.327099+00:00,2026-10-03T19:40:07.327099+01:00,a77fd3143159a9d16a75685528d9960b,americanfootball_ncaaf,NCAAF,2026-10-03T19:30:00+00:00,2026-10-03T20:30:00+01:00,NC State Wolfpack,Louisville Cardinals,ladbrokes_uk,Ladbrokes,2026-10-03T18:39:58Z,h2h,Louisville Cardinals,1.44,,0.6944444444444444,0.645320197044335,0.2
2026-10-03T18:40:07.327099+00:00,2026-10-03T19:40:07.327099+01:00,a77fd3143159a9d16a75685528d9960b,americanfootball_ncaaf,NCAAF,2026-10-03T19:30:00+00:00,2026-10-03T20:30:00+01:00,NC State Wolfpack,Louisville Cardinals,ladbrokes_uk,Ladbrokes,2026-10-03T18:39:58Z,h2h,NC State Wolfpack,2.62,,0.38167938931297707,0.35467980295566504,0.2
2026-10-03T18:40:07.327099+00:00,2026-10-03T19:40:07.327099+01:00,a77fd3143159a9d16a75685528d9960b,americanfootball_ncaaf,NCAAF,2026-10-03T19:30:00+00:00,2026-10-03T20:30:00+01:00,NC State Wolfpack,Louisville Cardinals,betway,Betway,2026-10-03T18:39:23Z,h2h,Louisville Cardinals,1.48,,0.6756756756756757,0.6501182033096927,0.2
2026-10-03T18:40:07.327099+00:00,2026-10-03T19:40:07.327099+01:00,a77fd3143159a9d16a75685528d9960b,americanfootball_ncaaf,NCAAF,2026-10-03T19:30:00+00:00,2026-10-03T20:30:00+01:00,NC State Wolfpack,Louisville Cardinals,betway,Betway,2026-10-03T18:39:23Z,h2h,NC State Wolfpack,2.75,,0.36363636363636365,0.3498817966903074,0.2
2026-10-03T18:40:07.327099+00:00,2026-10-03T19:40:07.327099+01:00,a77fd3143159a9d16a75685528d9960b,americanfootball_ncaaf,NCAAF,2026-10-03T19:30:00+00:00,2026-10-03T20:30:00+01:00,NC State Wolfpack,Louisville Cardinals,betfair_ex_uk,Betfair,2026-10-03T18:39:58Z,h2h,Louisville Cardinals,1.53,,0.6535947712418301,0.6450116009280742,0.2
2026-10-03T18:40:07.327099+00:00,2026-10-03T19:40:07.327099+01:00,a77fd3143159a9d16a75685528d9960b,americanfootball_ncaaf,NCAAF,2026-10-03T19:30:00+00:00,2026-10-03T20:30:00+01:00,NC State Wolfpack,Louisville Cardinals,betfair_ex_uk,Betfair,2026-10-03T18:39:58Z,h2h,NC State Wolfpack,2.78,,0.3597122302158274,0.35498839907192575,0.2
2026-10-03T18:40:07.327099+00:00,2026-10-03T19:40:07.327099+01:00,a77fd3143159a9d16a75685528d9960b,americanfootball_ncaaf,NCAAF,2026-10-03T19:30:00+00:00,2026-10-03T20:30:00+01:00,NC State Wolfpack,Louisville Cardinals,betfair_ex_uk,Betfair,2026-10-03T18:39:58Z,h2h_lay,Louisville Cardinals,1.55,,0.6451612903225806,1.0,0.2
2026-10-03T18:40:07.327099+00:00,2026-10-03T19:40:07.327099+01:00,a77fd3143159a9d16a75685528d9960b,americanfootball_ncaaf,NCAAF,2026-10-03T19:30:00+00:00,2026-10-03T20:30:00+01:00,NC State Wolfpack,Louisville Cardinals,betfair_ex_uk,Betfair,2026-10-03T18:39:58Z,h2h_lay,NC State Wolfpack,2.9,,0.3448275862068966,1.0,0.2
2026-10-03T18:40:07.327099+00:00,2026-10-03T19:40:07.327099+01:00,a77fd3143159a9d16a75685528d9960b,americanfootball_ncaaf,NCAAF,2026-10-03T19:30:00+00:00,2026-10-03T20:30:00+01:00,NC State Wolfpack,Louisville Cardinals,matchbook,Matchbook,2026-10-03T18:39:58Z,h2h,Louisville Cardinals,1.54,,0.6493506493506493,0.6467889908256881,0.2
2026-10-03T18:40:07.327099+00:00,2026-10-03T19:40:07.327099+01:00,a77fd3143159a9d16a75685528d9960b,americanfootball_ncaaf,NCAAF,2026-10-03T19:30:00+00:00,2026-10-03T20:30:00+01:00,NC State Wolfpack,Louisville Cardinals,matchbook,Matchbook,2026-10-03T18:39:58Z,h2h,NC State Wolfpack,2.82,,0.3546099290780142,0.3532110091743119,0.2
2026-10-03T18:40:07.327099+00:00,2026-10-03T19:40:07.327099+01:00,a77fd3143159a9d16a75685528d9960b,americanfootball_ncaaf,NCAAF,2026-10-03T19:30:00+00:00,2026-10-03T20:30:00+01:00,NC State Wolfpack,Louisville Cardinals,matchbook,Matchbook,2026-10-03T18:39:58Z,h2h_lay,Louisville Cardinals,1.55,,0.6451612903225806,1.0,0.2
2026-10-03T18:40:07.327099+00:00,2026-10-03T19:40:07.327099+01:00,a77fd3143159a9d16a75685528d9960b,americanfootball_ncaaf,NCAAF,2026-10-03T19:30:00+00:00,2026-10-03T20:30:00+01:00,NC State Wolfpack,Louisville Cardinals,matchbook,Matchbook,2026-10-03T18:39:58Z,h2h_lay,NC State Wolfpack,2.86,,0.3496503496503497,1.0,0.2
2026-10-03T18:40:07.327099+00:00,2026-10-03T19:40:07.327099+01:00,a77fd3143159a9d16a75685528d9960b,americanfootball_ncaaf,NCAAF,2026-10-03T19:30:00+00:00,2026-10-03T20:30:00+01:00,NC State Wolfpack,Louisville Cardinals,coral,Coral,2026-10-03T18:39:58Z,h2h,Louisville Cardinals,1.44,,0.6944444444444444,0.645320197044335,0.2
2026-10-03T18:40:07.327099+00:00,2026-10-03T19:40:07.327099+01:00,a77fd3143159a9d16a75685528d9960b,americanfootball_ncaaf,NCAAF,2026-10-03T19:30:00+00:00,2026-10-03T20:30:00+01:00,NC State Wolfpack,Louisville Cardinals,coral,Coral,2026-10-03T18:39:58Z,h2h,NC State Wolfpack,2.62,,0.38167938931297707,0.35467980295566504,0.2
2026-10-03T18:40:07.327099+00:00,2026-10-03T19:40:07.327099+01:00,b36c1d83299d019b7833660a29e9da9c,americanfootball_ncaaf,NCAAF,2026-10-03T19:30:00+00:00,2026-10-03T20:30:00+01:00,North Dakota State Bison,Wyoming Cowboys,unibet_uk,Unibet (UK),2026-10-03T18:39:26Z,h2h,North Dakota State Bison,1.1,,0.9090909090909091,0.8641975308641975,0.2
2026-10-03T18:40:07.327099+00:00,2026-10-03T19:40:07.327099+01:00,b36c1d83299d019b7833660a29e9da9c,americanfootball_ncaaf,NCAAF,2026-10-03T19:30:00+00:00,2026-10-03T20:30:00+01:00,North Dakota State Bison,Wyoming Cowboys,unibet_uk,Unibet (UK),2026-10-03T18:39:26Z,h2h,Wyoming Cowboys,7.0,,0.14285714285714285,0.13580246913580246,0.2
2026-10-03T18:40:07.327099+00:00,2026-10-03T19:40:07.327099+01:00,b36c1d83299d019b7833660a29e9da9c,americanfootball_ncaaf,NCAAF,2026-10-03T19:30:00+00:00,2026-10-03T20:30:00+01:00,North Dakota State Bison,Wyoming Cowboys,leovegas,LeoVegas,2026-10-03T18:39:24Z,h2h,North Dakota State Bison,1.09,,0.9174311926605504,0.861850443599493,0.2
2026-10-03T18:40:07.327099+00:00,2026-10-03T19:40:07.327099+01:00,b36c1d83299d019b7833660a29e9da9c,americanfootball_ncaaf,NCAAF,2026-10-03T19:30:00+00:00,2026-10-03T20:30:00+01:00,North Dakota State Bison,Wyoming Cowboys,leovegas,LeoVegas,2026-10-03T18:39:24Z,h2h,Wyoming Cowboys,6.8,,0.14705882352941177,0.13814955640050697,0.2
2026-10-03T18:40:07.327099+00:00,2026-10-03T19:40:07.327099+01:00,b36c1d83299d019b7833660a29e9da9c,americanfootball_ncaaf,NCAAF,2026-10-03T19:30:00+00:00,2026-10-03T20:30:00+01:00,North Dakota State Bison,Wyoming Cowboys,ladbrokes_uk,Ladbrokes,2026-10-03T18:39:58Z,h2h,North Dakota State Bison,1.09,,0.9174311926605504,0.8563899868247694,0.2
2026-10-03T18:40:07.327099+00:00,2026-10-03T19:40:07.327099+01:00,b36c1d83299d019b7833660a29e9da9c,americanfootball_ncaaf,NCAAF,2026-10-03T19:30:00+00:00,2026-10-03T20:30:00+01:00,North Dakota State Bison,Wyoming Cowboys,ladbrokes_uk,Ladbrokes,2026-10-03T18:39:58Z,h2h,Wyoming Cowboys,6.5,,0.15384615384615385,0.1436100131752306,0.2
2026-10-03T18:40:07.327099+00:00,2026-10-03T19:40:07.327099+01:00,b36c1d83299d019b7833660a29e9da9c,americanfootball_ncaaf,NCAAF,2026-10-03T19:30:00+00:00,2026-10-03T20:30:00+01:00,North Dakota State Bison,Wyoming Cowboys,betway,Betway,2026-10-03T18:39:23Z,h2h,North Dakota State Bison,1.11,,0.9009009009009008,0.8710801393728224,0.2
2026-10-03T18:40:07.327099+00:00,2026-10-03T19:40:07.327099+01:00,b36c1d83299d019b7833660a29e9da9c,americanfootball_ncaaf,NCAAF,2026-10-03T19:30:00+00:00,2026-10-03T20:30:00+01:00,North Dakota State Bison,Wyoming Cowboys,betway,Betway,2026-10-03T18:39:23Z,h2h,Wyoming Cowboys,7.5,,0.13333333333333333,0.12891986062717772,0.2
2026-10-03T18:40:07.327099+00:00,2026-10-03T19:40:07.327099+01:00,b36c1d83299d019b7833660a29e9da9c,americanfootball_ncaaf,NCAAF,2026-10-03T19:30:00+00:00,2026-10-03T20:30:00+01:00,North Dakota State Bison,Wyoming Cowboys,betfair_ex_uk,Betfair,2026-10-03T18:39:58Z,h2h,North Dakota State Bison,1.12,,0.8928571428571428,0.8870967741935485,0.2
2026-10-03T18:40:07.327099+00:00,2026-10-03T19:40:07.327099+01:00,b36c1d83299d019b7833660a29e9da9c,americanfootball_ncaaf,NCAAF,2026-10-03T19:30:00+00:00,2026-10-03T20:30:00+01:00,North Dakota State Bison,Wyoming Cowboys,betfair_ex_uk,Betfair,2026-10-03T18:39:58Z,h2h,Wyoming Cowboys,8.8,,0.11363636363636363,0.11290322580645162,0.2
2026-10-03T18:40:07.327099+00:00,2026-10-03T19:40:07.327099+01:00,b36c1d83299d019b7833660a29e9da9c,americanfootball_ncaaf,NCAAF,2026-10-03T19:30:00+00:00,2026-10-03T20:30:00+01:00,North Dakota State Bison,Wyoming Cowboys,betfair_ex_uk,Betfair,2026-10-03T18:39:58Z,h2h_lay,North Dakota State Bison,1.13,,0.8849557522123894,1.0,0.2
2026-10-03T18:40:07.327099+00:00,2026-10-03T19:40:07.327099+01:00,b36c1d83299d019b7833660a29e9da9c,americanfootball_ncaaf,NCAAF,2026-10-03T19:30:00+00:00,2026-10-03T20:30:00+01:00,North Dakota State Bison,Wyoming Cowboys,betfair_ex_uk,Betfair,2026-10-03T18:39:58Z,h2h_lay,Wyoming Cowboys,9.4,,0.10638297872340426,1.0,0.2
2026-10-03T18:40:07.327099+00:00,2026-10-03T19:40:07.327099+01:00,b36c1d83299d019b7833660a29e9da9c,americanfootball_ncaaf,NCAAF,2026-10-03T19:30:00+00:00,2026-10-03T20:30:00+01:00,North Dakota State Bison,Wyoming Cowboys,matchbook,Matchbook,2026-10-03T18:39:58Z,h2h,North Dakota State Bison,1.12,,0.8928571428571428,0.8870967741935485,0.2
2026-10-03T18:40:07.327099+00:00,2026-10-03T19:40:07.327099+01:00,b36c1d83299d019b7833660a29e9da9c,americanfootball_ncaaf,NCAAF,2026-10-03T19:30:00+00:00,2026-10-03T20:30:00+01:00,North Dakota State Bison,Wyoming Cowboys,matchbook,Matchbook,2026-10-03T18:39:58Z,h2h,Wyoming Cowboys,8.8,,0.11363636363636363,0.11290322580645162,0.2
2026-10-03T18:40:07.327099+00:00,2026-10-03T19:40:07.327099+01:00,b36c1d83299d019b7833660a29e9da9c,americanfootball_ncaaf,NCAAF,2026-10-03T19:30:00+00:00,2026-10-03T20:30:00+01:00,North Dakota State Bison,Wyoming Cowboys,matchbook,Matchbook,2026-10-03T18:39:58Z,h2h_lay,North Dakota State Bison,1.13,,0.8849557522123894,1.0,0.2
2026-10-03T18:40:07.327099+00:00,2026-10-03T19:40:07.327099+01:00,b36c1d83299d019b7833660a29e9da9c,americanfootball_ncaaf,NCAAF,2026-10-03T19:30:00+00:00,2026-10-03T20:30:00+01:00,North Dakota State Bison,Wyoming Cowboys,matchbook,Matchbook,2026-10-03T18:39:58Z,h2h_lay,Wyoming Cowboys,9.4,,0.10638297872340426,1.0,0.2
2026-10-03T18:40:07.327099+00:00,2026-10-03T19:40:07.327099+01:00,b36c1d83299d019b7833660a29e9da9c,americanfootball_ncaaf,NCAAF,2026-10-03T19:30:00+00:00,2026-10-03T20:30:00+01:00,North Dakota State Bison,Wyoming Cowboys,coral,Coral,2026-10-03T18:39:58Z,h2h,North Dakota State Bison,1.09,,0.9174311926605504,0.8563899868247694,0.2
2026-10-03T18:40:07.327099+00:00,2026-10-03T19:40:07.327099+01:00,b36c1d83299d019b7833660a29e9da9c,americanfootball_ncaaf,NCAAF,2026-10-03T19:30:00+00:00,2026-10-03T20:30:00+01:00,North Dakota State Bison,Wyoming Cowboys,coral,Coral,2026-10-03T18:39:58Z,h2h,Wyoming Cowboys,6.5,,0.15384615384615385,0.1436100131752306,0.2
2026-10-03T18:40:07.327099+00:00,2026-10-03T19:40:07.327099+01:00,3086203ed472e204ff7f3ba6241bb43c,americanfootball_ncaaf,NCAAF,2026-10-03T19:30:00+00:00,2026-10-03T20:30:00+01:00,UAB Blazers,Samford Bulldogs,betfair_ex_uk,Betfair,2026-10-03T18:39:58Z,h2h,Samford Bulldogs,36.0,,0.027777777777777776,0.027289921642799246,0.2
2026-10-03T18:40:07.327099+00:00,2026-10-03T19:40:07.327099+01:00,3086203ed472e204ff7f3ba6241bb43c,americanfootball_ncaaf,NCAAF,2026-10-03T19:30:00+00:00,2026-10-03T20:30:00+01:00,UAB Blazers,Samford Bulldogs,betfair_ex_uk,Betfair,2026-10-03T18:39:58Z,h2h,UAB Blazers,1.01,,0.9900990099009901,0.9727100783572008,0.2
2026-10-03T18:40:07.327099+00:00,2026-10-03T19:40:07.327099+01:00,3086203ed472e204ff7f3ba6241bb43c,americanfootball_ncaaf,NCAAF,2026-10-03T19:30:00+00:00,2026-10-03T20:30:00+01:00,UAB Blazers,Samford Bulldogs,betfair_ex_uk,Betfair,2026-10-03T18:39:58Z,h2h_lay,Samford Bulldogs,110.0,,0.00909090909090909,1.0,0.2
2026-10-03T18:40:07.327099+00:00,2026-10-03T19:40:07.327099+01:00,3086203ed472e204ff7f3ba6241bb43c,americanfootball_ncaaf,NCAAF,2026-10-03T19:30:00+00:00,2026-10-03T20:30:00+01:00,UAB Blazers,Samford Bulldogs,betfair_ex_uk,Betfair,2026-10-03T18:39:58Z,h2h_lay,UAB Blazers,1.03,,0.970873786407767,1.0,0.2
2026-10-03T18:40:07.327099+00:00,2026-10-03T19:40:07.327099+01:00,3086203ed472e204ff7f3ba6241bb43c,americanfootball_ncaaf,NCAAF,2026-10-03T19:30:00+00:00,2026-10-03T20:30:00+01:00,UAB Blazers,Samford Bulldogs,leovegas,LeoVegas,2026-10-03T18:39:24Z,h2h,Samford Bulldogs,14.0,,0.07142857142857142,0.06728847435043304,0.2
2026-10-03T18:40:07.327099+00:00,2026-10-03T19:40:07.327099+01:00,3086203ed472e204ff7f3ba6241bb43c,americanfootball_ncaaf,NCAAF,2026-10-03T19:30:00+00:00,2026-10-03T20:30:00+01:00,UAB Blazers,Samford Bulldogs,leovegas,LeoVegas,2026-10-03T18:39:24Z,h2h,UAB Blazers,1.01,,0.9900990099009901,0.9327115256495669,0.2
2026-10-03T18:40:07.327099+00:00,2026-10-03T19:40:07.327099+01:00,3086203ed472e204ff7f3ba6241bb43c,americanfootball_ncaaf,NCAAF,2026-10-03T19:30:00+00:00,2026-10-03T20:30:00+01:00,UAB Blazers,Samford Bulldogs,unibet_uk,Unibet (UK),2026-10-03T18:39:26Z,h2h,Samford Bulldogs,18.0,,0.05555555555555555,0.0531299316149395,0.2
2026-10-03T18:40:07.327099+00:00,2026-10-03T19:40:07.327099+01:00,3086203ed472e204ff7f3ba6241bb43c,americanfootball_ncaaf,NCAAF,2026-10-03T19:30:00+00:00,2026-10-03T20:30:00+01:00,UAB Blazers,Samford Bulldogs,unibet_uk,Unibet (UK),2026-10-03T18:39:26Z,h2h,UAB Blazers,1.01,,0.9900990099009901,0.9468700683850605,0.2
2026-10-03T18:40:07.327099+00:00,2026-10-03T19:40:07.327099+01:00,3086203ed472e204ff7f3ba6241bb43c,americanfootball_ncaaf,NCAAF,2026-10-03T19:30:00+00:00,2026-10-03T20:30:00+01:00,UAB Blazers,Samford Bulldogs,betway,Betway,2026-10-03T18:39:23Z,h2h,Samford Bulldogs,26.0,,0.038461538461538464,0.03739355794150315,0.2
2026-10-03T18:40:07.327099+00:00,2026-10-03T19:40:07.327099+01:00,3086203ed472e204ff7f3ba6241bb43c,americanfootball_ncaaf,NCAAF,2026-10-03T19:30:00+00:00,2026-10-03T20:30:00+01:00,UAB Blazers,Samford Bulldogs,betway,Betway,2026-10-03T18:39:23Z,h2h,UAB Blazers,1.01,,0.9900990099009901,0.9626064420584968,0.2
2026-10-03T18:40:07.327099+00:00,2026-10-03T19:40:07.327099+01:00,3086203ed472e204ff7f3ba6241bb43c,americanfootball_ncaaf,NCAAF,2026-10-03T19:30:00+00:00,2026-10-03T20:30:00+01:00,UAB Blazers,Samford Bulldogs,coral,Coral,2026-10-03T18:39:58Z,h2h,Samford Bulldogs,19.0,,0.05263157894736842,0.05,0.2
2026-10-03T18:40:07.327099+00:00,2026-10-03T19:40:07.327099+01:00,3086203ed472e204ff7f3ba6241bb43c,americanfootball_ncaaf,NCAAF,2026-10-03T19:30:00+00:00,2026-10-03T20:30:00+01:00,UAB Blazers,Samford Bulldogs,coral,Coral,2026-10-03T18:39:58Z,h2h,UAB Blazers,1.0,,1.0,0.9500000000000001,0.2
2026-10-03T18:40:07.327099+00:00,2026-10-03T19:40:07.327099+01:00,3086203ed472e204ff7f3ba6241bb43c,americanfootball_ncaaf,NCAAF,2026-10-03T19:30:00+00:00,2026-10-03T20:30:00+01:00,UAB Blazers,Samford Bulldogs,ladbrokes_uk,Ladbrokes,2026-10-03T18:39:58Z,h2h,Samford Bulldogs,19.0,,0.05263157894736842,0.05,0.2
2026-10-03T18:40:07.327099+00:00,2026-10-03T19:40:07.327099+01:00,3086203ed472e204ff7f3ba6241bb43c,americanfootball_ncaaf,NCAAF,2026-10-03T19:30:00+00:00,2026-10-03T20:30:00+01:00,UAB Blazers,Samford Bulldogs,ladbrokes_uk,Ladbrokes,2026-10-03T18:39:58Z,h2h,UAB Blazers,1.0,,1.0,0.9500000000000001,0.2
2026-10-03T18:40:07.327099+00:00,2026-10-03T19:40:07.327099+01:00,7e365956ef23823565a044a5af18736a,americanfootball_ncaaf,NCAAF,2026-10-03T19:45:00+00:00,2026-10-03T20:45:00+01:00,James Madison Dukes,Marshall Thundering Herd,unibet_uk,Unibet (UK),2026-10-03T18:39:26Z,h2h,James Madison Dukes,1.13,,0.8849557522123894,0.8415147265077139,0.2
2026-10-03T18:40:07.327099+00:00,2026-10-03T19:40:07.327099+01:00,7e365956ef23823565a044a5af18736a,americanfootball_ncaaf,NCAAF,2026-10-03T19:45:00+00:00,2026-10-03T20:45:00+01:00,James Madison Dukes,Marshall Thundering Herd,unibet_uk,Unibet (UK),2026-10-03T18:39:26Z,h2h,Marshall Thundering Herd,6.0,,0.16666666666666666,0.15848527349228608,0.2
2026-10-03T18:40:07.327099+00:00,2026-10-03T19:40:07.327099+01:00,7e365956ef23823565a044a5af18736a,americanfootball_ncaaf,NCAAF,2026-10-03T19:45:00+00:00,2026-10-03T20:45:00+01:00,James Madison Dukes,Marshall Thundering Herd,coral,Coral,2026-10-03T18:39:58Z,h2h,James Madison Dukes,1.11,,0.9009009009009008,0.8381924198250728,0.2
2026-10-03T18:40:07.327099+00:00,2026-10-03T19:40:07.327099+01:00,7e365956ef23823565a044a5af18736a,americanfootball_ncaaf,NCAAF,2026-10-03T19:45:00+00:00,2026-10-03T20:45:00+01:00,James Madison Dukes,Marshall Thundering Herd,coral,Coral,2026-10-03T18:39:58Z,h2h,Marshall Thundering Herd,5.75,,0.17391304347826086,0.1618075801749271,0.2
2026-10-03T18:40:07.327099+00:00,2026-10-03T19:40:07.327099+01:00,7e365956ef23823565a044a5af18736a,americanfootball_ncaaf,NCAAF,2026-10-03T19:45:00+00:00,2026-10-03T20:45:00+01:00,James Madison Dukes,Marshall Thundering Herd,ladbrokes_uk,Ladbrokes,2026-10-03T18:39:58Z,h2h,James Madison Dukes,1.11,,0.9009009009009008,0.8381924198250728,0.2
2026-10-03T18:40:07.327099+00:00,2026-10-03T19:40:07.327099+01:00,7e365956ef23823565a044a5af18736a,americanfootball_ncaaf,NCAAF,2026-10-03T19:45:00+00:00,2026-10-03T20:45:00+01:00,James Madison Dukes,Marshall Thundering Herd,ladbrokes_uk,Ladbrokes,2026-10-03T18:39:58Z,h2h,Marshall Thundering Herd,5.75,,0.17391304347826086,0.1618075801749271,0.2
2026-10-03T18:40:07.327099+00:00,2026-10-03T19:40:07.327099+01:00,7e365956ef23823565a044a5af18736a,americanfootball_ncaaf,NCAAF,2026-10-03T19:45:00+00:00,2026-10-03T20:45:00+01:00,James Madison Dukes,Marshall Thundering Herd,betway,Betway,2026-10-03T18:39:23Z,h2h,James Madison Dukes,1.17,,0.8547008547008548,0.8245877061469264,0.2
2026-10-03T18:40:07.327099+00:00,2026-10-03T19:40:07.327099+01:00,7e365956ef23823565a044a5af18736a,americanfootball_ncaaf,NCAAF,2026-10-03T19:45:00+00:00,2026-10-03T20:45:00+01:00,James Madison Dukes,Marshall Thundering Herd,betway,Betway,2026-10-03T18:39:23Z,h2h,Marshall Thundering Herd,5.5,,0.18181818181818182,0.17541229385307344,0.2
2026-10-03T18:40:07.327099+00:00,2026-10-03T19:40:07.327099+01:00,7e365956ef23823565a044a5af18736a,americanfootball_ncaaf,NCAAF,2026-10-03T19:45:00+00:00,2026-10-03T20:45:00+01:00,James Madison Dukes,Marshall Thundering Herd,betfair_ex_uk,Betfair,2026-10-03T18:39:58Z,h2h,James Madison Dukes,1.14,,0.8771929824561404,0.8665105386416863,0.2
2026-10-03T18:40:07.327099+00:00,2026-10-03T19:40:07.327099+01:00,7e365956ef23823565a044a5af18736a,americanfootball_ncaaf,NCAAF,2026-10-03T19:45:00+00:00,2026-10-03T20:45:00+01:00,James Madison Dukes,Marshall Thundering Herd,betfair_ex_uk,Betfair,2026-10-03T18:39:58Z,h2h,Marshall Thundering Herd,7.4,,0.13513513513513511,0.1334894613583138,0.2
2026-10-03T18:40:07.327099+00:00,2026-10-03T19:40:07.327099+01:00,7e365956ef23823565a044a5af18736a,americanfootball_ncaaf,NCAAF,2026-10-03T19:45:00+00:00,2026-10-03T20:45:00+01:00,James Madison Dukes,Marshall Thundering Herd,betfair_ex_uk,Betfair,2026-10-03T18:39:58Z,h2h_lay,James Madison Dukes,1.16,,0.8620689655172414,1.0,0.2
2026-10-03T18:40:07.327099+00:00,2026-10-03T19:40:07.327099+01:00,7e365956ef23823565a044a5af18736a,americanfootball_ncaaf,NCAAF,2026-10-03T19:45:00+00:00,2026-10-03T20:45:00+01:00,James Madison Dukes,Marshall Thundering Herd,betfair_ex_uk,Betfair,2026-10-03T18:39:58Z,h2h_lay,Marshall Thundering Herd,8.2,,0.12195121951219513,1.0,0.2
2026-10-03T18:40:07.327099+00:00,2026-10-03T19:40:07.327099+01:00,7e365956ef23823565a044a5af18736a,americanfootball_ncaaf,NCAAF,2026-10-03T19:45:00+00:00,2026-10-03T20:45:00+01:00,James Madison Dukes,Marshall Thundering Herd,matchbook,Matchbook,2026-10-03T18:39:58Z,h2h,James Madison Dukes,1.14,,0.8771929824561404,0.8665105386416863,0.2
2026-10-03T18:40:07.327099+00:00,2026-10-03T19:40:07.327099+01:00,7e365956ef23823565a044a5af18736a,americanfootball_ncaaf,NCAAF,2026-10-03T19:45:00+00:00,2026-10-03T20:45:00+01:00,James Madison Dukes,Marshall Thundering Herd,matchbook,Matchbook,2026-10-03T18:39:58Z,h2h,Marshall Thundering Herd,7.4,,0.13513513513513511,0.1334894613583138,0.2
2026-10-03T18:40:07.327099+00:00,2026-10-03T19:40:07.327099+01:00,7e365956ef23823565a044a5af18736a,americanfootball_ncaaf,NCAAF,2026-10-03T19:45:00+00:00,2026-10-03T20:45:00+01:00,James Madison Dukes,Marshall Thundering Herd,matchbook,Matchbook,2026-10-03T18:39:58Z,h2h_lay,James Madison Dukes,1.16,,0.8620689655172414,1.0,0.2
2026-10-03T18:40:07.327099+00:00,2026-10-03T19:40:07.327099+01:00,7e365956ef23823565a044a5af18736a,americanfootball_ncaaf,NCAAF,2026-10-03T19:45:00+00:00,2026-10-03T20:45:00+01:00,James Madison Dukes,Marshall Thundering Herd,matchbook,Matchbook,2026-10-03T18:39:58Z,h2h_lay,Marshall Thundering Herd,7.8,,0.12820512820512822,1.0,0.2
2026-10-03T18:40:07.327099+00:00,2026-10-03T19:40:07.327099+01:00,0e62429ed73f84f87f603d376477749c,americanfootball_ncaaf,NCAAF,2026-10-03T20:00:00+00:00,2026-10-03T21:00:00+01:00,Nebraska Cornhuskers,Maryland Terrapins,unibet_uk,Unibet (UK),2026-10-03T18:39:26Z,h2h,Maryland Terrapins,6.0,,0.16666666666666666,0.15848527349228608,0.2
2026-10-03T18:40:07.327099+00:00,2026-10-03T19:40:07.327099+01:00,0e62429ed73f84f87f603d376477749c,americanfootball_ncaaf,NCAAF,2026-10-03T20:00:00+00:00,2026-10-03T21:00:00+01:00,Nebraska Cornhuskers,Maryland Terrapins,unibet_uk,Unibet (UK),2026-10-03T18:39:26Z,h2h,Nebraska Cornhuskers,1.13,,0.8849557522123894,0.8415147265077139,0.2
2026-10-03T18:40:07.327099+00:00,2026-10-03T19:40:07.327099+01:00,0e62429ed73f84f87f603d376477749c,americanfootball_ncaaf,NCAAF,2026-10-03T20:00:00+00:00,2026-10-03T21:00:00+01:00,Nebraska Cornhuskers,Maryland Terrapins,ladbrokes_uk,Ladbrokes,2026-10-03T18:39:58Z,h2h,Maryland Terrapins,5.25,,0.19047619047619047,0.17582417582417584,0.2
2026-10-03T18:40:07.327099+00:00,2026-10-03T19:40:07.327099+01:00,0e62429ed73f84f87f603d376477749c,americanfootball_ncaaf,NCAAF,2026-10-03T20:00:00+00:00,2026-10-03T21:00:00+01:00,Nebraska Cornhuskers,Maryland Terrapins,ladbrokes_uk,Ladbrokes,2026-10-03T18:39:58Z,h2h,Nebraska Cornhuskers,1.12,,0.8928571428571428,0.8241758241758241,0.2
2026-10-03T18:40:07.327099+00:00,2026-10-03T19:40:07.327099+01:00,0e62429ed73f84f87f603d376477749c,americanfootball_ncaaf,NCAAF,2026-10-03T20:00:00+00:00,2026-10-03T21:00:00+01:00,Nebraska Cornhuskers,Maryland Terrapins,coral,Coral,2026-10-03T18:39:58Z,h2h,Maryland Terrapins,5.25,,0.19047619047619047,0.17582417582417584,0.2
2026-10-03T18:40:07.327099+00:00,2026-10-03T19:40:07.327099+01:00,0e62429ed73f84f87f603d376477749c,americanfootball_ncaaf,NCAAF,2026-10-03T20:00:00+00:00,2026-10-03T21:00:00+01:00,Nebraska Cornhuskers,Maryland Terrapins,coral,Coral,2026-10-03T18:39:58Z,h2h,Nebraska Cornhuskers,1.12,,0.8928571428571428,0.8241758241758241,0.2
2026-10-03T18:40:07.327099+00:00,2026-10-03T19:40:07.327099+01:00,0e62429ed73f84f87f603d376477749c,americanfootball_ncaaf,NCAAF,2026-10-03T20:00:00+00:00,2026-10-03T21:00:00+01:00,Nebraska Cornhuskers,Maryland Terrapins,betway,Betway,2026-10-03T18:39:23Z,h2h,Maryland Terrapins,6.0,,0.16666666666666666,0.15966386554621845,0.2
2026-10-03T18:40:07.327099+00:00,2026-10-03T19:40:07.327099+01:00,0e62429ed73f84f87f603d376477749c,americanfootball_ncaaf,NCAAF,2026-10-03T20:00:00+00:00,2026-10-03T21:00:00+01:00,Nebraska Cornhuskers,Maryland Terrapins,betway,Betway,2026-10-03T18:39:23Z,h2h,Nebraska Cornhuskers,1.14,,0.8771929824561404,0.8403361344537814,0.2
2026-10-03T18:40:07.327099+00:00,2026-10-03T19:40:07.327099+01:00,0e62429ed73f84f87f603d376477749c,americanfootball_ncaaf,NCAAF,2026-10-03T20:00:00+00:00,2026-10-03T21:00:00+01:00,Nebraska Cornhuskers,Maryland Terrapins,betfair_ex_uk,Betfair,2026-10-03T18:39:58Z,h2h,Maryland Terrapins,6.8,,0.14705882352941177,0.1457286432160804,0.2
2026-10-03T18:40:07.327099+00:00,2026-10-03T19:40:07.327099+01:00,0e62429ed73f84f87f603d376477749c,americanfootball_ncaaf,NCAAF,2026-10-03T20:00:00+00:00,2026-10-03T21:00:00+01:00,Nebraska Cornhuskers,Maryland Terrapins,betfair_ex_uk,Betfair,2026-10-03T18:39:58Z,h2h,Nebraska Cornhuskers,1.16,,0.8620689655172414,0.8542713567839196,0.2
2026-10-03T18:40:07.327099+00:00,2026-10-03T19:40:07.327099+01:00,0e62429ed73f84f87f603d376477749c,americanfootball_ncaaf,NCAAF,2026-10-03T20:00:00+00:00,2026-10-03T21:00:00+01:00,Nebraska Cornhuskers,Maryland Terrapins,betfair_ex_uk,Betfair,2026-10-03T18:39:58Z,h2h_lay,Maryland Terrapins,7.2,,0.1388888888888889,1.0,0.2
2026-10-03T18:40:07.327099+00:00,2026-10-03T19:40:07.327099+01:00,0e62429ed73f84f87f603d376477749c,americanfootball_ncaaf,NCAAF,2026-10-03T20:00:00+00:00,2026-10-03T21:00:00+01:00,Nebraska Cornhuskers,Maryland Terrapins,betfair_ex_uk,Betfair,2026-10-03T18:39:58Z,h2h_lay,Nebraska Cornhuskers,1.18,,0.8474576271186441,1.0,0.2
2026-10-03T18:40:07.327099+00:00,2026-10-03T19:40:07.327099+01:00,0e62429ed73f84f87f603d376477749c,americanfootball_ncaaf,NCAAF,2026-10-03T20:00:00+00:00,2026-10-03T21:00:00+01:00,Nebraska Cornhuskers,Maryland Terrapins,matchbook,Matchbook,2026-10-03T18:39:58Z,h2h,Maryland Terrapins,6.8,,0.14705882352941177,0.1457286432160804,0.2
2026-10-03T18:40:07.327099+00:00,2026-10-03T19:40:07.327099+01:00,0e62429ed73f84f87f603d376477749c,americanfootball_ncaaf,NCAAF,2026-10-03T20:00:00+00:00,2026-10-03T21:00:00+01:00,Nebraska Cornhuskers,Maryland Terrapins,matchbook,Matchbook,2026-10-03T18:39:58Z,h2h,Nebraska Cornhuskers,1.16,,0.8620689655172414,0.8542713567839196,0.2
2026-10-03T18:40:07.327099+00:00,2026-10-03T19:40:07.327099+01:00,0e62429ed73f84f87f603d376477749c,americanfootball_ncaaf,NCAAF,2026-10-03T20:00:00+00:00,2026-10-03T21:00:00+01:00,Nebraska Cornhuskers,Maryland Terrapins,matchbook,Matchbook,2026-10-03T18:39:58Z,h2h_lay,Maryland Terrapins,7.2,,0.1388888888888889,1.0,0.2
2026-10-03T18:40:07.327099+00:00,2026-10-03T19:40:07.327099+01:00,0e62429ed73f84f87f603d376477749c,americanfootball_ncaaf,NCAAF,2026-10-03T20:00:00+00:00,2026-10-03T21:00:00+01:00,Nebraska Cornhuskers,Maryland Terrapins,matchbook,Matchbook,2026-10-03T18:39:58Z,h2h_lay,Nebraska Cornhuskers,1.18,,0.8474576271186441,1.0,0.2
2026-10-03T18:40:07.327099+00:00,2026-10-03T19:40:07.327099+01:00,e7e3e3bfc3fd7fca7550ecf48cb78666,americanfootball_ncaaf,NCAAF,2026-10-03T20:00:00+00:00,2026-10-03T21:00:00+01:00,New Mexico Lobos,UTEP Miners,unibet_uk,Unibet (UK),2026-10-03T18:39:26Z,h2h,New Mexico Lobos,1.04,,0.9615384615384615,0.9170653907496014,0.2
2026-10-03T18:40:07.327099+00:00,2026-10-03T19:40:07.327099+01:00,e7e3e3bfc3fd7fca7550ecf48cb78666,americanfootball_ncaaf,NCAAF,2026-10-03T20:00:00+00:00,2026-10-03T21:00:00+01:00,New Mexico Lobos,UTEP Miners,unibet_uk,Unibet (UK),2026-10-03T18:39:26Z,h2h,UTEP Miners,11.5,,0.08695652173913043,0.08293460925039874,0.2
2026-10-03T18:40:07.327099+00:00,2026-10-03T19:40:07.327099+01:00,e7e3e3bfc3fd7fca7550ecf48cb78666,americanfootball_ncaaf,NCAAF,2026-10-03T20:00:00+00:00,2026-10-03T21:00:00+01:00,New Mexico Lobos,UTEP Miners,ladbrokes_uk,Ladbrokes,2026-10-03T18:39:58Z,h2h,New Mexico Lobos,1.03,,0.970873786407767,0.914380714879468,0.2
2026-10-03T18:40:07.327099+00:00,2026-10-03T19:40:07.327099+01:00,e7e3e3bfc3fd7fca7550ecf48cb78666,americanfootball_ncaaf,NCAAF,2026-10-03T20:00:00+00:00,2026-10-03T21:00:00+01:00,New Mexico Lobos,UTEP Miners,ladbrokes_uk,Ladbrokes,2026-10-03T18:39:58Z,h2h,UTEP Miners,11.0,,0.09090909090909091,0.085619285120532,0.2
2026-10-03T18:40:07.327099+00:00,2026-10-03T19:40:07.327099+01:00,e7e3e3bfc3fd7fca7550ecf48cb78666,americanfootball_ncaaf,NCAAF,2026-10-03T20:00:00+00:00,2026-10-03T21:00:00+01:00,New Mexico Lobos,UTEP Miners,coral,Coral,2026-10-03T18:39:58Z,h2h,New Mexico Lobos,1.03,,0.970873786407767,0.914380714879468,0.2
2026-10-03T18:40:07.327099+00:00,2026-10-03T19:40:07.327099+01:00,e7e3e3bfc3fd7fca7550ecf48cb78666,americanfootball_ncaaf,NCAAF,2026-10-03T20:00:00+00:00,2026-10-03T21:00:00+01:00,New Mexico Lobos,UTEP Miners,coral,Coral,2026-10-03T18:39:58Z,h2h,UTEP Miners,11.0,,0.09090909090909091,0.085619285120532,0.2
2026-10-03T18:40:07.327099+00:00,2026-10-03T19:40:07.327099+01:00,e7e3e3bfc3fd7fca7550ecf48cb78666,americanfootball_ncaaf,NCAAF,2026-10-03T20:00:00+00:00,2026-10-03T21:00:00+01:00,New Mexico Lobos,UTEP Miners,betfair_ex_uk,Betfair,2026-10-03T18:39:58Z,h2h,New Mexico Lobos,1.06,,0.9433962264150942,0.939635535307517,0.2
2026-10-03T18:40:07.327099+00:00,2026-10-03T19:40:07.327099+01:00,e7e3e3bfc3fd7fca7550ecf48cb78666,americanfootball_ncaaf,NCAAF,2026-10-03T20:00:00+00:00,2026-10-03T21:00:00+01:00,New Mexico Lobos,UTEP Miners,betfair_ex_uk,Betfair,2026-10-03T18:39:58Z,h2h,UTEP Miners,16.5,,0.06060606060606061,0.06036446469248292,0.2
2026-10-03T18:40:07.327099+00:00,2026-10-03T19:40:07.327099+01:00,e7e3e3bfc3fd7fca7550ecf48cb78666,americanfootball_ncaaf,NCAAF,2026-10-03T20:00:00+00:00,2026-10-03T21:00:00+01:00,New Mexico Lobos,UTEP Miners,betfair_ex_uk,Betfair,2026-10-03T18:39:58Z,h2h_lay,New Mexico Lobos,1.07,,0.9345794392523364,1.0,0.2
2026-10-03T18:40:07.327099+00:00,2026-10-03T19:40:07.327099+01:00,e7e3e3bfc3fd7fca7550ecf48cb78666,americanfootball_ncaaf,NCAAF,2026-10-03T20:00:00+00:00,2026-10-03T21:00:00+01:00,New Mexico Lobos,UTEP Miners,betfair_ex_uk,Betfair,2026-10-03T18:39:58Z,h2h_lay,UTEP Miners,18.0,,0.05555555555555555,1.0,0.2
2026-10-03T18:40:07.327099+00:00,2026-10-03T19:40:07.327099+01:00,e7e3e3bfc3fd7fca7550ecf48cb78666,americanfootball_ncaaf,NCAAF,2026-10-03T20:00:00+00:00,2026-10-03T21:00:00+01:00,New Mexico Lobos,UTEP Miners,matchbook,Matchbook,2026-10-03T18:39:58Z,h2h,New Mexico Lobos,1.06,,0.9433962264150942,0.939635535307517,0.2
2026-10-03T18:40:07.327099+00:00,2026-10-03T19:40:07.327099+01:00,e7e3e3bfc3fd7fca7550ecf48cb78666,americanfootball_ncaaf,NCAAF,2026-10-03T20:00:00+00:00,2026-10-03T21:00:00+01:00,New Mexico Lobos,UTEP Miners,matchbook,Matchbook,2026-10-03T18:39:58Z,h2h,UTEP Miners,16.5,,0.06060606060606061,0.06036446469248292,0.2
2026-10-03T18:40:07.327099+00:00,2026-10-03T19:40:07.327099+01:00,e7e3e3bfc3fd7fca7550ecf48cb78666,americanfootball_ncaaf,NCAAF,2026-10-03T20:00:00+00:00,2026-10-03T21:00:00+01:00,New Mexico Lobos,UTEP Miners,matchbook,Matchbook,2026-10-03T18:39:58Z,h2h_lay,New Mexico Lobos,1.07,,0.9345794392523364,1.0,0.2
2026-10-03T18:40:07.327099+00:00,2026-10-03T19:40:07.327099+01:00,e7e3e3bfc3fd7fca7550ecf48cb78666,americanfootball_ncaaf,NCAAF,2026-10-03T20:00:00+00:00,2026-10-03T21:00:00+01:00,New Mexico Lobos,UTEP Miners,matchbook,Matchbook,2026-10-03T18:39:58Z,h2h_lay,UTEP Miners,17.5,,0.05714285714285714,1.0,0.2
2026-10-03T18:40:07.327099+00:00,2026-10-03T19:40:07.327099+01:00,e7e3e3bfc3fd7fca7550ecf48cb78666,americanfootball_ncaaf,NCAAF,2026-10-03T20:00:00+00:00,2026-10-03T21:00:00+01:00,New Mexico Lobos,UTEP Miners,betway,Betway,2026-10-03T18:39:23Z,h2h,New Mexico Lobos,1.04,,0.9615384615384615,0.9259259259259259,0.2
2026-10-03T18:40:07.327099+00:00,2026-10-03T19:40:07.327099+01:00,e7e3e3bfc3fd7fca7550ecf48cb78666,americanfootball_ncaaf,NCAAF,2026-10-03T20:00:00+00:00,2026-10-03T21:00:00+01:00,New Mexico Lobos,UTEP Miners,betway,Betway,2026-10-03T18:39:23Z,h2h,UTEP Miners,13.0,,0.07692307692307693,0.07407407407407408,0.2
2026-10-03T18:40:07.327099+00:00,2026-10-03T19:40:07.327099+01:00,0cdf52fe0d6bfe0664b76a2102f8b605,americanfootball_ncaaf,NCAAF,2026-10-03T20:15:00+00:00,2026-10-03T21:15:00+01:00,Illinois Fighting Illini,Purdue Boilermakers,unibet_uk,Unibet (UK),2026-10-03T18:39:26Z,h2h,Illinois Fighting Illini,1.27,,0.7874015748031495,0.7495069033530573,0.2
2026-10-03T18:40:07.327099+00:00,2026-10-03T19:40:07.327099+01:00,0cdf52fe0d6bfe0664b76a2102f8b605,americanfootball_ncaaf,NCAAF,2026-10-03T20:15:00+00:00,2026-10-03T21:15:00+01:00,Illinois Fighting Illini,Purdue Boilermakers,unibet_uk,Unibet (UK),2026-10-03T18:39:26Z,h2h,Purdue Boilermakers,3.8,,0.2631578947368421,0.2504930966469428,0.2
2026-10-03T18:40:07.327099+00:00,2026-10-03T19:40:07.327099+01:00,0cdf52fe0d6bfe0664b76a2102f8b605,americanfootball_ncaaf,NCAAF,2026-10-03T20:15:00+00:00,2026-10-03T21:15:00+01:00,Illinois Fighting Illini,Purdue Boilermakers,ladbrokes_uk,Ladbrokes,2026-10-03T18:39:58Z,h2h,Illinois Fighting Illini,1.25,,0.8,0.7422680412371133,0.2
2026-10-03T18:40:07.327099+00:00,2026-10-03T19:40:07.327099+01:00,0cdf52fe0d6bfe0664b76a2102f8b605,americanfootball_ncaaf,NCAAF,2026-10-03T20:15:00+00:00,2026-10-03T21:15:00+01:00,Illinois Fighting Illini,Purdue Boilermakers,ladbrokes_uk,Ladbrokes,2026-10-03T18:39:58Z,h2h,Purdue Boilermakers,3.6,,0.2777777777777778,0.25773195876288657,0.2
2026-10-03T18:40:07.327099+00:00,2026-10-03T19:40:07.327099+01:00,0cdf52fe0d6bfe0664b76a2102f8b605,americanfootball_ncaaf,NCAAF,2026-10-03T20:15:00+00:00,2026-10-03T21:15:00+01:00,Illinois Fighting Illini,Purdue Boilermakers,coral,Coral,2026-10-03T18:39:58Z,h2h,Illinois Fighting Illini,1.25,,0.8,0.7422680412371133,0.2
2026-10-03T18:40:07.327099+00:00,2026-10-03T19:40:07.327099+01:00,0cdf52fe0d6bfe0664b76a2102f8b605,americanfootball_ncaaf,NCAAF,2026-10-03T20:15:00+00:00,2026-10-03T21:15:00+01:00,Illinois Fighting Illini,Purdue Boilermakers,coral,Coral,2026-10-03T18:39:58Z,h2h,Purdue Boilermakers,3.6,,0.2777777777777778,0.25773195876288657,0.2
2026-10-03T18:40:07.327099+00:00,2026-10-03T19:40:07.327099+01:00,0cdf52fe0d6bfe0664b76a2102f8b605,americanfootball_ncaaf,NCAAF,2026-10-03T20:15:00+00:00,2026-10-03T21:15:00+01:00,Illinois Fighting Illini,Purdue Boilermakers,betway,Betway,2026-10-03T18:39:23Z,h2h,Illinois Fighting Illini,1.29,,0.7751937984496123,0.744047619047619,0.2
2026-10-03T18:40:07.327099+00:00,2026-10-03T19:40:07.327099+01:00,0cdf52fe0d6bfe0664b76a2102f8b605,americanfootball_ncaaf,NCAAF,2026-10-03T20:15:00+00:00,2026-10-03T21:15:00+01:00,Illinois Fighting Illini,Purdue Boilermakers,betway,Betway,2026-10-03T18:39:23Z,h2h,Purdue Boilermakers,3.75,,0.26666666666666666,0.25595238095238093,0.2
2026-10-03T18:40:07.327099+00:00,2026-10-03T19:40:07.327099+01:00,0cdf52fe0d6bfe0664b76a2102f8b605,americanfootball_ncaaf,NCAAF,2026-10-03T20:15:00+00:00,2026-10-03T21:15:00+01:00,Illinois Fighting Illini,Purdue Boilermakers,betfair_ex_uk,Betfair,2026-10-03T18:39:58Z,h2h,Illinois Fighting Illini,1.3,,0.7692307692307692,0.7636363636363636,0.2
2026-10-03T18:40:07.327099+00:00,2026-10-03T19:40:07.327099+01:00,0cdf52fe0d6bfe0664b76a2102f8b605,americanfootball_ncaaf,NCAAF,2026-10-03T20:15:00+00:00,2026-10-03T21:15:00+01:00,Illinois Fighting Illini,Purdue Boilermakers,betfair_ex_uk,Betfair,2026-10-03T18:39:58Z,h2h,Purdue Boilermakers,4.2,,0.23809523809523808,0.23636363636363636,0.2
2026-10-03T18:40:07.327099+00:00,2026-10-03T19:40:07.327099+01:00,0cdf52fe0d6bfe0664b76a2102f8b605,americanfootball_ncaaf,NCAAF,2026-10-03T20:15:00+00:00,2026-10-03T21:15:00+01:00,Illinois Fighting Illini,Purdue Boilermakers,betfair_ex_uk,Betfair,2026-10-03T18:39:58Z,h2h_lay,Illinois Fighting Illini,1.31,,0.7633587786259541,1.0,0.2
2026-10-03T18:40:07.327099+00:00,2026-10-03T19:40:07.327099+01:00,0cdf52fe0d6bfe0664b76a2102f8b605,americanfootball_ncaaf,NCAAF,2026-10-03T20:15:00+00:00,2026-10-03T21:15:00+01:00,Illinois Fighting Illini,Purdue Boilermakers,betfair_ex_uk,Betfair,2026-10-03T18:39:58Z,h2h_lay,Purdue Boilermakers,4.3,,0.23255813953488372,1.0,0.2
2026-10-03T18:40:07.327099+00:00,2026-10-03T19:40:07.327099+01:00,0cdf52fe0d6bfe0664b76a2102f8b605,americanfootball_ncaaf,NCAAF,2026-10-03T20:15:00+00:00,2026-10-03T21:15:00+01:00,Illinois Fighting Illini,Purdue Boilermakers,matchbook,Matchbook,2026-10-03T18:39:58Z,h2h,Illinois Fighting Illini,1.3,,0.7692307692307692,0.7636363636363636,0.2
2026-10-03T18:40:07.327099+00:00,2026-10-03T19:40:07.327099+01:00,0cdf52fe0d6bfe0664b76a2102f8b605,americanfootball_ncaaf,NCAAF,2026-10-03T20:15:00+00:00,2026-10-03T21:15:00+01:00,Illinois Fighting Illini,Purdue Boilermakers,matchbook,Matchbook,2026-10-03T18:39:58Z,h2h,Purdue Boilermakers,4.2,,0.23809523809523808,0.23636363636363636,0.2
2026-10-03T18:40:07.327099+00:00,2026-10-03T19:40:07.327099+01:00,0cdf52fe0d6bfe0664b76a2102f8b605,americanfootball_ncaaf,NCAAF,2026-10-03T20:15:00+00:00,2026-10-03T21:15:00+01:00,Illinois Fighting Illini,Purdue Boilermakers,matchbook,Matchbook,2026-10-03T18:39:58Z,h2h_lay,Illinois Fighting Illini,1.31,,0.7633587786259541,1.0,0.2
2026-10-03T18:40:07.327099+00:00,2026-10-03T19:40:07.327099+01:00,0cdf52fe0d6bfe0664b76a2102f8b605,americanfootball_ncaaf,NCAAF,2026-10-03T20:15:00+00:00,2026-10-03T21:15:00+01:00,Illinois Fighting Illini,Purdue Boilermakers,matchbook,Matchbook,2026-10-03T18:39:58Z,h2h_lay,Purdue Boilermakers,4.3,,0.23255813953488372,1.0,0.2
2026-10-03T18:40:07.327099+00:00,2026-10-03T19:40:07.327099+01:00,59abc1d6262d2ea6a72c4daad4c83af2,americanfootball_ncaaf,NCAAF,2026-10-03T20:15:00+00:00,2026-10-03T21:15:00+01:00,South Carolina Gamecocks,Kentucky Wildcats,unibet_uk,Unibet (UK),2026-10-03T18:39:26Z,h2h,Kentucky Wildcats,2.14,,0.4672897196261682,0.4470284237726098,0.2
2026-10-03T18:40:07.327099+00:00,2026-10-03T19:40:07.327099+01:00,59abc1d6262d2ea6a72c4daad4c83af2,americanfootball_ncaaf,NCAAF,2026-10-03T20:15:00+00:00,2026-10-03T21:15:00+01:00,South Carolina Gamecocks,Kentucky Wildcats,unibet_uk,Unibet (UK),2026-10-03T18:39:26Z,h2h,South Carolina Gamecocks,1.73,,0.5780346820809249,0.5529715762273902,0.2
2026-10-03T18:40:07.327099+00:00,2026-10-03T19:40:07.327099+01:00,59abc1d6262d2ea6a72c4daad4c83af2,americanfootball_ncaaf,NCAAF,2026-10-03T20:15:00+00:00,2026-10-03T21:15:00+01:00,South Carolina Gamecocks,Kentucky Wildcats,coral,Coral,2026-10-03T18:39:58Z,h2h,Kentucky Wildcats,2.05,,0.48780487804878053,0.44892473118279574,0.2
2026-10-03T18:40:07.327099+00:00,2026-10-03T19:40:07.327099+01:00,59abc1d6262d2ea6a72c4daad4c83af2,americanfootball_ncaaf,NCAAF,2026-10-03T20:15:00+00:00,2026-10-03T21:15:00+01:00,South Carolina Gamecocks,Kentucky Wildcats,coral,Coral,2026-10-03T18:39:58Z,h2h,South Carolina Gamecocks,1.67,,0.5988023952095809,0.5510752688172044,0.2
2026-10-03T18:40:07.327099+00:00,2026-10-03T19:40:07.327099+01:00,59abc1d6262d2ea6a72c4daad4c83af2,americanfootball_ncaaf,NCAAF,2026-10-03T20:15:00+00:00,2026-10-03T21:15:00+01:00,South Carolina Gamecocks,Kentucky Wildcats,ladbrokes_uk,Ladbrokes,2026-10-03T18:39:58Z,h2h,Kentucky Wildcats,2.05,,0.48780487804878053,0.44892473118279574,0.2
2026-10-03T18:40:07.327099+00:00,2026-10-03T19:40:07.327099+01:00,59abc1d6262d2ea6a72c4daad4c83af2,americanfootball_ncaaf,NCAAF,2026-10-03T20:15:00+00:00,2026-10-03T21:15:00+01:00,South Carolina Gamecocks,Kentucky Wildcats,ladbrokes_uk,Ladbrokes,2026-10-03T18:39:58Z,h2h,South Carolina Gamecocks,1.67,,0.5988023952095809,0.5510752688172044,0.2
2026-10-03T18:40:07.327099+00:00,2026-10-03T19:40:07.327099+01:00,59abc1d6262d2ea6a72c4daad4c83af2,americanfootball_ncaaf,NCAAF,2026-10-03T20:15:00+00:00,2026-10-03T21:15:00+01:00,South Carolina Gamecocks,Kentucky Wildcats,betway,Betway,2026-10-03T18:39:23Z,h2h,Kentucky Wildcats,2.05,,0.48780487804878053,0.4675324675324676,0.2
2026-10-03T18:40:07.327099+00:00,2026-10-03T19:40:07.327099+01:00,59abc1d6262d2ea6a72c4daad4c83af2,americanfootball_ncaaf,NCAAF,2026-10-03T20:15:00+00:00,2026-10-03T21:15:00+01:00,South Carolina Gamecocks,Kentucky Wildcats,betway,Betway,2026-10-03T18:39:23Z,h2h,South Carolina Gamecocks,1.8,,0.5555555555555556,0.5324675324675325,0.2
2026-10-03T18:40:07.327099+00:00,2026-10-03T19:40:07.327099+01:00,59abc1d6262d2ea6a72c4daad4c83af2,americanfootball_ncaaf,NCAAF,2026-10-03T20:15:00+00:00,2026-10-03T21:15:00+01:00,South Carolina Gamecocks,Kentucky Wildcats,betfair_ex_uk,Betfair,2026-10-03T18:39:58Z,h2h,Kentucky Wildcats,2.2,,0.45454545454545453,0.4513715710723192,0.2
2026-10-03T18:40:07.327099+00:00,2026-10-03T19:40:07.327099+01:00,59abc1d6262d2ea6a72c4daad4c83af2,americanfootball_ncaaf,NCAAF,2026-10-03T20:15:00+00:00,2026-10-03T21:15:00+01:00,South Carolina Gamecocks,Kentucky Wildcats,betfair_ex_uk,Betfair,2026-10-03T18:39:58Z,h2h,South Carolina Gamecocks,1.81,,0.5524861878453039,0.5486284289276808,0.2
2026-10-03T18:40:07.327099+00:00,2026-10-03T19:40:07.327099+01:00,59abc1d6262d2ea6a72c4daad4c83af2,americanfootball_ncaaf,NCAAF,2026-10-03T20:15:00+00:00,2026-10-03T21:15:00+01:00,South Carolina Gamecocks,Kentucky Wildcats,betfair_ex_uk,Betfair,2026-10-03T18:39:58Z,h2h_lay,Kentucky Wildcats,2.22,,0.4504504504504504,1.0,0.2
2026-10-03T18:40:07.327099+00:00,2026-10-03T19:40:07.327099+01:00,59abc1d6262d2ea6a72c4daad4c83af2,americanfootball_ncaaf,NCAAF,2026-10-03T20:15:00+00:00,2026-10-03T21:15:00+01:00,South Carolina Gamecocks,Kentucky Wildcats,betfair_ex_uk,Betfair,2026-10-03T18:39:58Z,h2h_lay,South Carolina Gamecocks,1.83,,0.5464480874316939,1.0,0.2
2026-10-03T18:40:07.327099+00:00,2026-10-03T19:40:07.327099+01:00,59abc1d6262d2ea6a72c4daad4c83af2,americanfootball_ncaaf,NCAAF,2026-10-03T20:15:00+00:00,2026-10-03T21:15:00+01:00,South Carolina Gamecocks,Kentucky Wildcats,matchbook,Matchbook,2026-10-03T18:39:58Z,h2h,Kentucky Wildcats,2.2,,0.45454545454545453,0.4513715710723192,0.2
2026-10-03T18:40:07.327099+00:00,2026-10-03T19:40:07.327099+01:00,59abc1d6262d2ea6a72c4daad4c83af2,americanfootball_ncaaf,NCAAF,2026-10-03T20:15:00+00:00,2026-10-03T21:15:00+01:00,South Carolina Gamecocks,Kentucky Wildcats,matchbook,Matchbook,2026-10-03T18:39:58Z,h2h,South Carolina Gamecocks,1.81,,0.5524861878453039,0.5486284289276808,0.2
2026-10-03T18:40:07.327099+00:00,2026-10-03T19:40:07.327099+01:00,59abc1d6262d2ea6a72c4daad4c83af2,americanfootball_ncaaf,NCAAF,2026-10-03T20:15:00+00:00,2026-10-03T21:15:00+01:00,South Carolina Gamecocks,Kentucky Wildcats,matchbook,Matchbook,2026-10-03T18:39:58Z,h2h_lay,Kentucky Wildcats,2.22,,0.4504504504504504,1.0,0.2
2026-10-03T18:40:07.327099+00:00,2026-10-03T19:40:07.327099+01:00,59abc1d6262d2ea6a72c4daad4c83af2,americanfootball_ncaaf,NCAAF,2026-10-03T20:15:00+00:00,2026-10-03T21:15:00+01:00,South Carolina Gamecocks,Kentucky Wildcats,matchbook,Matchbook,2026-10-03T18:39:58Z,h2h_lay,South Carolina Gamecocks,1.83,,0.5464480874316939,1.0,0.2
2026-10-03T18:40:07.327099+00:00,2026-10-03T19:40:07.327099+01:00,b30387175520051e2889230030365494,americanfootball_ncaaf,NCAAF,2026-10-03T22:00:00+00:00,2026-10-03T23:00:00+01:00,Colorado State Rams,Oregon State Beavers,unibet_uk,Unibet (UK),2026-10-03T18:39:26Z,h2h,Colorado State Rams,3.0,,0.3333333333333333,0.3181818181818181,0.2
2026-10-03T18:40:07.327099+00:00,2026-10-03T19:40:07.327099+01:00,b30387175520051e2889230030365494,americanfootball_ncaaf,NCAAF,2026-10-03T22:00:00+00:00,2026-10-03T23:00:00+01:00,Colorado State Rams,Oregon State Beavers,unibet_uk,Unibet (UK),2026-10-03T18:39:26Z,h2h,Oregon State Beavers,1.4,,0.7142857142857143,0.6818181818181818,0.2
2026-10-03T18:40:07.327099+00:00,2026-10-03T19:40:07.327099+01:00,b30387175520051e2889230030365494,americanfootball_ncaaf,NCAAF,2026-10-03T22:00:00+00:00,2026-10-03T23:00:00+01:00,Colorado State Rams,Oregon State Beavers,coral,Coral,2026-10-03T18:39:58Z,h2h,Colorado State Rams,2.87,,0.3484320557491289,0.3215130023640662,0.2
2026-10-03T18:40:07.327099+00:00,2026-10-03T19:40:07.327099+01:00,b30387175520051e2889230030365494,americanfootball_ncaaf,NCAAF,2026-10-03T22:00:00+00:00,2026-10-03T23:00:00+01:00,Colorado State Rams,Oregon State Beavers,coral,Coral,2026-10-03T18:39:58Z,h2h,Oregon State Beavers,1.36,,0.7352941176470588,0.6784869976359339,0.2
2026-10-03T18:40:07.327099+00:00,2026-10-03T19:40:07.327099+01:00,b30387175520051e2889230030365494,americanfootball_ncaaf,NCAAF,2026-10-03T22:00:00+00:00,2026-10-03T23:00:00+01:00,Colorado State Rams,Oregon State Beavers,ladbrokes_uk,Ladbrokes,2026-10-03T18:39:58Z,h2h,Colorado State Rams,2.87,,0.3484320557491289,0.3215130023640662,0.2
2026-10-03T18:40:07.327099+00:00,2026-10-03T19:40:07.327099+01:00,b30387175520051e2889230030365494,americanfootball_ncaaf,NCAAF,2026-10-03T22:00:00+00:00,2026-10-03T23:00:00+01:00,Colorado State Rams,Oregon State Beavers,ladbrokes_uk,Ladbrokes,2026-10-03T18:39:58Z,h2h,Oregon State Beavers,1.36,,0.7352941176470588,0.6784869976359339,0.2
2026-10-03T18:40:07.327099+00:00,2026-10-03T19:40:07.327099+01:00,b30387175520051e2889230030365494,americanfootball_ncaaf,NCAAF,2026-10-03T22:00:00+00:00,2026-10-03T23:00:00+01:00,Colorado State Rams,Oregon State Beavers,betway,Betway,2026-10-03T18:39:23Z,h2h,Colorado State Rams,3.0,,0.3333333333333333,0.3181818181818181,0.2
2026-10-03T18:40:07.327099+00:00,2026-10-03T19:40:07.327099+01:00,b30387175520051e2889230030365494,americanfootball_ncaaf,NCAAF,2026-10-03T22:00:00+00:00,2026-10-03T23:00:00+01:00,Colorado State Rams,Oregon State Beavers,betway,Betway,2026-10-03T18:39:23Z,h2h,Oregon State Beavers,1.4,,0.7142857142857143,0.6818181818181818,0.2
2026-10-03T18:40:07.327099+00:00,2026-10-03T19:40:07.327099+01:00,b30387175520051e2889230030365494,americanfootball_ncaaf,NCAAF,2026-10-03T22:00:00+00:00,2026-10-03T23:00:00+01:00,Colorado State Rams,Oregon State Beavers,betfair_ex_uk,Betfair,2026-10-03T18:39:58Z,h2h,Colorado State Rams,3.2,,0.3125,0.30885529157667385,0.2
2026-10-03T18:40:07.327099+00:00,2026-10-03T19:40:07.327099+01:00,b30387175520051e2889230030365494,americanfootball_ncaaf,NCAAF,2026-10-03T22:00:00+00:00,2026-10-03T23:00:00+01:00,Colorado State Rams,Oregon State Beavers,betfair_ex_uk,Betfair,2026-10-03T18:39:58Z,h2h,Oregon State Beavers,1.43,,0.6993006993006994,0.6911447084233262,0.2
2026-10-03T18:40:07.327099+00:00,2026-10-03T19:40:07.327099+01:00,b30387175520051e2889230030365494,americanfootball_ncaaf,NCAAF,2026-10-03T22:00:00+00:00,2026-10-03T23:00:00+01:00,Colorado State Rams,Oregon State Beavers,betfair_ex_uk,Betfair,2026-10-03T18:39:58Z,h2h_lay,Colorado State Rams,3.3,,0.30303030303030304,1.0,0.2
2026-10-03T18:40:07.327099+00:00,2026-10-03T19:40:07.327099+01:00,b30387175520051e2889230030365494,americanfootball_ncaaf,NCAAF,2026-10-03T22:00:00+00:00,2026-10-03T23:00:00+01:00,Colorado State Rams,Oregon State Beavers,betfair_ex_uk,Betfair,2026-10-03T18:39:58Z,h2h_lay,Oregon State Beavers,1.45,,0.6896551724137931,1.0,0.2
2026-10-03T18:40:07.327099+00:00,2026-10-03T19:40:07.327099+01:00,b3c132063b4d14cf750801c633237b9e,americanfootball_ncaaf,NCAAF,2026-10-03T22:00:00+00:00,2026-10-03T23:00:00+01:00,Florida Atlantic Owls,Texas Southern Tigers,ladbrokes_uk,Ladbrokes,2026-10-03T18:39:58Z,h2h,Florida Atlantic Owls,1.0,,1.0,0.9986702127659574,0.2
2026-10-03T18:40:07.327099+00:00,2026-10-03T19:40:07.327099+01:00,b3c132063b4d14cf750801c633237b9e,americanfootball_ncaaf,NCAAF,2026-10-03T22:00:00+00:00,2026-10-03T23:00:00+01:00,Florida Atlantic Owls,Texas Southern Tigers,ladbrokes_uk,Ladbrokes,2026-10-03T18:39:58Z,h2h,Texas Southern Tigers,751.0,,0.0013315579227696406,0.0013297872340425532,0.2
2026-10-03T18:40:07.327099+00:00,2026-10-03T19:40:07.327099+01:00,b3c132063b4d14cf750801c633237b9e,americanfootball_ncaaf,NCAAF,2026-10-03T22:00:00+00:00,2026-10-03T23:00:00+01:00,Florida Atlantic Owls,Texas Southern Tigers,coral,Coral,2026-10-03T18:39:58Z,h2h,Florida Atlantic Owls,1.0,,1.0,0.9986702127659574,0.2
2026-10-03T18:40:07.327099+00:00,2026-10-03T19:40:07.327099+01:00,b3c132063b4d14cf750801c633237b9e,americanfootball_ncaaf,NCAAF,2026-10-03T22:00:00+00:00,2026-10-03T23:00:00+01:00,Florida Atlantic Owls,Texas Southern Tigers,coral,Coral,2026-10-03T18:39:58Z,h2h,Texas Southern Tigers,751.0,,0.0013315579227696406,0.0013297872340425532,0.2
2026-10-03T18:40:07.327099+00:00,2026-10-03T19:40:07.327099+01:00,ff98b80b07e2f42c76c2c255e6611247,americanfootball_ncaaf,NCAAF,2026-10-03T23:00:00+00:00,2026-10-04T00:00:00+01:00,Texas A&M Aggies,Arkansas Razorbacks,unibet_uk,Unibet (UK),2026-10-03T18:39:26Z,h2h,Arkansas Razorbacks,5.5,,0.18181818181818182,0.17293233082706766,0.2
2026-10-03T18:40:07.327099+00:00,2026-10-03T19:40:07.327099+01:00,ff98b80b07e2f42c76c2c255e6611247,americanfootball_ncaaf,NCAAF,2026-10-03T23:00:00+00:00,2026-10-04T00:00:00+01:00,Texas A&M Aggies,Arkansas Razorbacks,unibet_uk,Unibet (UK),2026-10-03T18:39:26Z,h2h,Texas A&M Aggies,1.15,,0.8695652173913044,0.8270676691729323,0.2
2026-10-03T18:40:07.327099+00:00,2026-10-03T19:40:07.327099+01:00,ff98b80b07e2f42c76c2c255e6611247,americanfootball_ncaaf,NCAAF,2026-10-03T23:00:00+00:00,2026-10-04T00:00:00+01:00,Texas A&M Aggies,Arkansas Razorbacks,coral,Coral,2026-10-03T18:39:58Z,h2h,Arkansas Razorbacks,5.0,,0.2,0.18433931484502447,0.2
2026-10-03T18:40:07.327099+00:00,2026-10-03T19:40:07.327099+01:00,ff98b80b07e2f42c76c2c255e6611247,americanfootball_ncaaf,NCAAF,2026-10-03T23:00:00+00:00,2026-10-04T00:00:00+01:00,Texas A&M Aggies,Arkansas Razorbacks,coral,Coral,2026-10-03T18:39:58Z,h2h,Texas A&M Aggies,1.13,,0.8849557522123894,0.8156606851549756,0.2
2026-10-03T18:40:07.327099+00:00,2026-10-03T19:40:07.327099+01:00,ff98b80b07e2f42c76c2c255e6611247,americanfootball_ncaaf,NCAAF,2026-10-03T23:00:00+00:00,2026-10-04T00:00:00+01:00,Texas A&M Aggies,Arkansas Razorbacks,ladbrokes_uk,Ladbrokes,2026-10-03T18:39:58Z,h2h,Arkansas Razorbacks,5.0,,0.2,0.18433931484502447,0.2
2026-10-03T18:40:07.327099+00:00,2026-10-03T19:40:07.327099+01:00,ff98b80b07e2f42c76c2c255e6611247,americanfootball_ncaaf,NCAAF,2026-10-03T23:00:00+00:00,2026-10-04T00:00:00+01:00,Texas A&M Aggies,Arkansas Razorbacks,ladbrokes_uk,Ladbrokes,2026-10-03T18:39:58Z,h2h,Texas A&M Aggies,1.13,,0.8849557522123894,0.8156606851549756,0.2
2026-10-03T18:40:07.327099+00:00,2026-10-03T19:40:07.327099+01:00,ff98b80b07e2f42c76c2c255e6611247,americanfootball_ncaaf,NCAAF,2026-10-03T23:00:00+00:00,2026-10-04T00:00:00+01:00,Texas A&M Aggies,Arkansas Razorbacks,betway,Betway,2026-10-03T18:39:23Z,h2h,Arkansas Razorbacks,5.0,,0.2,0.19093851132686082,0.2
2026-10-03T18:40:07.327099+00:00,2026-10-03T19:40:07.327099+01:00,ff98b80b07e2f42c76c2c255e6611247,americanfootball_ncaaf,NCAAF,2026-10-03T23:00:00+00:00,2026-10-04T00:00:00+01:00,Texas A&M Aggies,Arkansas Razorbacks,betway,Betway,2026-10-03T18:39:23Z,h2h,Texas A&M Aggies,1.18,,0.8474576271186441,0.8090614886731391,0.2
2026-10-03T18:40:07.327099+00:00,2026-10-03T19:40:07.327099+01:00,ff98b80b07e2f42c76c2c255e6611247,americanfootball_ncaaf,NCAAF,2026-10-03T23:00:00+00:00,2026-10-04T00:00:00+01:00,Texas A&M Aggies,Arkansas Razorbacks,betfair_ex_uk,Betfair,2026-10-03T18:39:58Z,h2h,Arkansas Razorbacks,6.0,,0.16666666666666666,0.16434540389972144,0.2
2026-10-03T18:40:07.327099+00:00,2026-10-03T19:40:07.327099+01:00,ff98b80b07e2f42c76c2c255e6611247,americanfootball_ncaaf,NCAAF,2026-10-03T23:00:00+00:00,2026-10-04T00:00:00+01:00,Texas A&M Aggies,Arkansas Razorbacks,betfair_ex_uk,Betfair,2026-10-03T18:39:58Z,h2h,Texas A&M Aggies,1.18,,0.8474576271186441,0.8356545961002786,0.2
2026-10-03T18:40:07.327099+00:00,2026-10-03T19:40:07.327099+01:00,ff98b80b07e2f42c76c2c255e6611247,americanfootball_ncaaf,NCAAF,2026-10-03T23:00:00+00:00,2026-10-04T00:00:00+01:00,Texas A&M Aggies,Arkansas Razorbacks,betfair_ex_uk,Betfair,2026-10-03T18:39:58Z,h2h_lay,Arkansas Razorbacks,6.4,,0.15625,1.0,0.2
2026-10-03T18:40:07.327099+00:00,2026-10-03T19:40:07.327099+01:00,ff98b80b07e2f42c76c2c255e6611247,americanfootball_ncaaf,NCAAF,2026-10-03T23:00:00+00:00,2026-10-04T00:00:00+01:00,Texas A&M Aggies,Arkansas Razorbacks,betfair_ex_uk,Betfair,2026-10-03T18:39:58Z,h2h_lay,Texas A&M Aggies,1.2,,0.8333333333333334,1.0,0.2
2026-10-03T18:40:07.327099+00:00,2026-10-03T19:40:07.327099+01:00,ff98b80b07e2f42c76c2c255e6611247,americanfootball_ncaaf,NCAAF,2026-10-03T23:00:00+00:00,2026-10-04T00:00:00+01:00,Texas A&M Aggies,Arkansas Razorbacks,matchbook,Matchbook,2026-10-03T18:39:58Z,h2h,Arkansas Razorbacks,6.0,,0.16666666666666666,0.16434540389972144,0.2
2026-10-03T18:40:07.327099+00:00,2026-10-03T19:40:07.327099+01:00,ff98b80b07e2f42c76c2c255e6611247,americanfootball_ncaaf,NCAAF,2026-10-03T23:00:00+00:00,2026-10-04T00:00:00+01:00,Texas A&M Aggies,Arkansas Razorbacks,matchbook,Matchbook,2026-10-03T18:39:58Z,h2h,Texas A&M Aggies,1.18,,0.8474576271186441,0.8356545961002786,0.2
2026-10-03T18:40:07.327099+00:00,2026-10-03T19:40:07.327099+01:00,ff98b80b07e2f42c76c2c255e6611247,americanfootball_ncaaf,NCAAF,2026-10-03T23:00:00+00:00,2026-10-04T00:00:00+01:00,Texas A&M Aggies,Arkansas Razorbacks,matchbook,Matchbook,2026-10-03T18:39:58Z,h2h_lay,Arkansas Razorbacks,6.4,,0.15625,1.0,0.2
2026-10-03T18:40:07.327099+00:00,2026-10-03T19:40:07.327099+01:00,ff98b80b07e2f42c76c2c255e6611247,americanfootball_ncaaf,NCAAF,2026-10-03T23:00:00+00:00,2026-10-04T00:00:00+01:00,Texas A&M Aggies,Arkansas Razorbacks,matchbook,Matchbook,2026-10-03T18:39:58Z,h2h_lay,Texas A&M Aggies,1.2,,0.8333333333333334,1.0,0.2
2026-10-03T18:40:07.327099+00:00,2026-10-03T19:40:07.327099+01:00,b58c0d24e66471e6095c0a5f9afb7ce3,americanfootball_ncaaf,NCAAF,2026-10-03T23:00:00+00:00,2026-10-04T00:00:00+01:00,TCU Horned Frogs,BYU Cougars,unibet_uk,Unibet (UK),2026-10-03T18:39:26Z,h2h,BYU Cougars,1.42,,0.7042253521126761,0.6712962962962963,0.2
2026-10-03T18:40:07.327099+00:00,2026-10-03T19:40:07.327099+01:00,b58c0d24e66471e6095c0a5f9afb7ce3,americanfootball_ncaaf,NCAAF,2026-10-03T23:00:00+00:00,2026-10-04T00:00:00+01:00,TCU Horned Frogs,BYU Cougars,unibet_uk,Unibet (UK),2026-10-03T18:39:26Z,h2h,TCU Horned Frogs,2.9,,0.3448275862068966,0.32870370370370366,0.2
2026-10-03T18:40:07.327099+00:00,2026-10-03T19:40:07.327099+01:00,b58c0d24e66471e6095c0a5f9afb7ce3,americanfootball_ncaaf,NCAAF,2026-10-03T23:00:00+00:00,2026-10-04T00:00:00+01:00,TCU Horned Frogs,BYU Cougars,coral,Coral,2026-10-03T18:39:58Z,h2h,BYU Cougars,1.4,,0.7142857142857143,0.6585365853658537,0.2
2026-10-03T18:40:07.327099+00:00,2026-10-03T19:40:07.327099+01:00,b58c0d24e66471e6095c0a5f9afb7ce3,americanfootball_ncaaf,NCAAF,2026-10-03T23:00:00+00:00,2026-10-04T00:00:00+01:00,TCU Horned Frogs,BYU Cougars,coral,Coral,2026-10-03T18:39:58Z,h2h,TCU Horned Frogs,2.7,,0.37037037037037035,0.3414634146341463,0.2
2026-10-03T18:40:07.327099+00:00,2026-10-03T19:40:07.327099+01:00,b58c0d24e66471e6095c0a5f9afb7ce3,americanfootball_ncaaf,NCAAF,2026-10-03T23:00:00+00:00,2026-10-04T00:00:00+01:00,TCU Horned Frogs,BYU Cougars,ladbrokes_uk,Ladbrokes,2026-10-03T18:39:58Z,h2h,BYU Cougars,1.4,,0.7142857142857143,0.6585365853658537,0.2
2026-10-03T18:40:07.327099+00:00,2026-10-03T19:40:07.327099+01:00,b58c0d24e66471e6095c0a5f9afb7ce3,americanfootball_ncaaf,NCAAF,2026-10-03T23:00:00+00:00,2026-10-04T00:00:00+01:00,TCU Horned Frogs,BYU Cougars,ladbrokes_uk,Ladbrokes,2026-10-03T18:39:58Z,h2h,TCU Horned Frogs,2.7,,0.37037037037037035,0.3414634146341463,0.2
2026-10-03T18:40:07.327099+00:00,2026-10-03T19:40:07.327099+01:00,b58c0d24e66471e6095c0a5f9afb7ce3,americanfootball_ncaaf,NCAAF,2026-10-03T23:00:00+00:00,2026-10-04T00:00:00+01:00,TCU Horned Frogs,BYU Cougars,betway,Betway,2026-10-03T18:39:23Z,h2h,BYU Cougars,1.48,,0.6756756756756757,0.6416464891041161,0.2
2026-10-03T18:40:07.327099+00:00,2026-10-03T19:40:07.327099+01:00,b58c0d24e66471e6095c0a5f9afb7ce3,americanfootball_ncaaf,NCAAF,2026-10-03T23:00:00+00:00,2026-10-04T00:00:00+01:00,TCU Horned Frogs,BYU Cougars,betway,Betway,2026-10-03T18:39:23Z,h2h,TCU Horned Frogs,2.65,,0.37735849056603776,0.35835351089588374,0.2
2026-10-03T18:40:07.327099+00:00,2026-10-03T19:40:07.327099+01:00,b58c0d24e66471e6095c0a5f9afb7ce3,americanfootball_ncaaf,NCAAF,2026-10-03T23:00:00+00:00,2026-10-04T00:00:00+01:00,TCU Horned Frogs,BYU Cougars,betfair_ex_uk,Betfair,2026-10-03T18:39:58Z,h2h,BYU Cougars,1.49,,0.6711409395973155,0.6651685393258427,0.2
2026-10-03T18:40:07.327099+00:00,2026-10-03T19:40:07.327099+01:00,b58c0d24e66471e6095c0a5f9afb7ce3,americanfootball_ncaaf,NCAAF,2026-10-03T23:00:00+00:00,2026-10-04T00:00:00+01:00,TCU Horned Frogs,BYU Cougars,betfair_ex_uk,Betfair,2026-10-03T18:39:58Z,h2h,TCU Horned Frogs,2.96,,0.33783783783783783,0.3348314606741573,0.2
2026-10-03T18:40:07.327099+00:00,2026-10-03T19:40:07.327099+01:00,b58c0d24e66471e6095c0a5f9afb7ce3,americanfootball_ncaaf,NCAAF,2026-10-03T23:00:00+00:00,2026-10-04T00:00:00+01:00,TCU Horned Frogs,BYU Cougars,betfair_ex_uk,Betfair,2026-10-03T18:39:58Z,h2h_lay,BYU Cougars,1.51,,0.6622516556291391,1.0,0.2
2026-10-03T18:40:07.327099+00:00,2026-10-03T19:40:07.327099+01:00,b58c0d24e66471e6095c0a5f9afb7ce3,americanfootball_ncaaf,NCAAF,2026-10-03T23:00:00+00:00,2026-10-04T00:00:00+01:00,TCU Horned Frogs,BYU Cougars,betfair_ex_uk,Betfair,2026-10-03T18:39:58Z,h2h_lay,TCU Horned Frogs,3.05,,0.3278688524590164,1.0,0.2
2026-10-03T18:40:07.327099+00:00,2026-10-03T19:40:07.327099+01:00,b58c0d24e66471e6095c0a5f9afb7ce3,americanfootball_ncaaf,NCAAF,2026-10-03T23:00:00+00:00,2026-10-04T00:00:00+01:00,TCU Horned Frogs,BYU Cougars,matchbook,Matchbook,2026-10-03T18:39:58Z,h2h,BYU Cougars,1.49,,0.6711409395973155,0.6651685393258427,0.2
2026-10-03T18:40:07.327099+00:00,2026-10-03T19:40:07.327099+01:00,b58c0d24e66471e6095c0a5f9afb7ce3,americanfootball_ncaaf,NCAAF,2026-10-03T23:00:00+00:00,2026-10-04T00:00:00+01:00,TCU Horned Frogs,BYU Cougars,matchbook,Matchbook,2026-10-03T18:39:58Z,h2h,TCU Horned Frogs,2.96,,0.33783783783783783,0.3348314606741573,0.2
2026-10-03T18:40:07.327099+00:00,2026-10-03T19:40:07.327099+01:00,b58c0d24e66471e6095c0a5f9afb7ce3,americanfootball_ncaaf,NCAAF,2026-10-03T23:00:00+00:00,2026-10-04T00:00:00+01:00,TCU Horned Frogs,BYU Cougars,matchbook,Matchbook,2026-10-03T18:39:58Z,h2h_lay,BYU Cougars,1.51,,0.6622516556291391,1.0,0.2
2026-10-03T18:40:07.327099+00:00,2026-10-03T19:40:07.327099+01:00,b58c0d24e66471e6095c0a5f9afb7ce3,americanfootball_ncaaf,NCAAF,2026-10-03T23:00:00+00:00,2026-10-04T00:00:00+01:00,TCU Horned Frogs,BYU Cougars,matchbook,Matchbook,2026-10-03T18:39:58Z,h2h_lay,TCU Horned Frogs,3.05,,0.3278688524590164,1.0,0.2
2026-10-03T18:40:07.327099+00:00,2026-10-03T19:40:07.327099+01:00,5efdb3515c882453d9abcd27db28f78b,americanfootball_ncaaf,NCAAF,2026-10-03T23:00:00+00:00,2026-10-04T00:00:00+01:00,Coastal Carolina Chanticleers,Georgia Southern Eagles,unibet_uk,Unibet (UK),2026-10-03T18:39:26Z,h2h,Coastal Carolina Chanticleers,2.04,,0.49019607843137253,0.4659685863874345,0.2
2026-10-03T18:40:07.327099+00:00,2026-10-03T19:40:07.327099+01:00,5efdb3515c882453d9abcd27db28f78b,americanfootball_ncaaf,NCAAF,2026-10-03T23:00:00+00:00,2026-10-04T00:00:00+01:00,Coastal Carolina Chanticleers,Georgia Southern Eagles,unibet_uk,Unibet (UK),2026-10-03T18:39:26Z,h2h,Georgia Southern Eagles,1.78,,0.5617977528089888,0.5340314136125655,0.2
2026-10-03T18:40:07.327099+00:00,2026-10-03T19:40:07.327099+01:00,5efdb3515c882453d9abcd27db28f78b,americanfootball_ncaaf,NCAAF,2026-10-03T23:00:00+00:00,2026-10-04T00:00:00+01:00,Coastal Carolina Chanticleers,Georgia Southern Eagles,ladbrokes_uk,Ladbrokes,2026-10-03T18:39:58Z,h2h,Coastal Carolina Chanticleers,1.95,,0.5128205128205129,0.47297297297297297,0.2
2026-10-03T18:40:07.327099+00:00,2026-10-03T19:40:07.327099+01:00,5efdb3515c882453d9abcd27db28f78b,americanfootball_ncaaf,NCAAF,2026-10-03T23:00:00+00:00,2026-10-04T00:00:00+01:00,Coastal Carolina Chanticleers,Georgia Southern Eagles,ladbrokes_uk,Ladbrokes,2026-10-03T18:39:58Z,h2h,Georgia Southern Eagles,1.75,,0.5714285714285714,0.527027027027027,0.2
2026-10-03T18:40:07.327099+00:00,2026-10-03T19:40:07.327099+01:00,5efdb3515c882453d9abcd27db28f78b,americanfootball_ncaaf,NCAAF,2026-10-03T23:00:00+00:00,2026-10-04T00:00:00+01:00,Coastal Carolina Chanticleers,Georgia Southern Eagles,coral,Coral,2026-10-03T18:39:58Z,h2h,Coastal Carolina Chanticleers,1.95,,0.5128205128205129,0.47297297297297297,0.2
2026-10-03T18:40:07.327099+00:00,2026-10-03T19:40:07.327099+01:00,5efdb3515c882453d9abcd27db28f78b,americanfootball_ncaaf,NCAAF,2026-10-03T23:00:00+00:00,2026-10-04T00:00:00+01:00,Coastal Carolina Chanticleers,Georgia Southern Eagles,coral,Coral,2026-10-03T18:39:58Z,h2h,Georgia Southern Eagles,1.75,,0.5714285714285714,0.527027027027027,0.2
2026-10-03T18:40:07.327099+00:00,2026-10-03T19:40:07.327099+01:00,5efdb3515c882453d9abcd27db28f78b,americanfootball_ncaaf,NCAAF,2026-10-03T23:00:00+00:00,2026-10-04T00:00:00+01:00,Coastal Carolina Chanticleers,Georgia Southern Eagles,betway,Betway,2026-10-03T18:39:23Z,h2h,Coastal Carolina Chanticleers,2.0,,0.5,0.47780678851174935,0.2
2026-10-03T18:40:07.327099+00:00,2026-10-03T19:40:07.327099+01:00,5efdb3515c882453d9abcd27db28f78b,americanfootball_ncaaf,NCAAF,2026-10-03T23:00:00+00:00,2026-10-04T00:00:00+01:00,Coastal Carolina Chanticleers,Georgia Southern Eagles,betway,Betway,2026-10-03T18:39:23Z,h2h,Georgia Southern Eagles,1.83,,0.5464480874316939,0.5221932114882506,0.2
2026-10-03T18:40:07.327099+00:00,2026-10-03T19:40:07.327099+01:00,5efdb3515c882453d9abcd27db28f78b,americanfootball_ncaaf,NCAAF,2026-10-03T23:00:00+00:00,2026-10-04T00:00:00+01:00,Coastal Carolina Chanticleers,Georgia Southern Eagles,betfair_ex_uk,Betfair,2026-10-03T18:39:58Z,h2h,Coastal Carolina Chanticleers,2.16,,0.4629629629629629,0.4599999999999999,0.2
2026-10-03T18:40:07.327099+00:00,2026-10-03T19:40:07.327099+01:00,5efdb3515c882453d9abcd27db28f78b,americanfootball_ncaaf,NCAAF,2026-10-03T23:00:00+00:00,2026-10-04T00:00:00+01:00,Coastal Carolina Chanticleers,Georgia Southern Eagles,betfair_ex_uk,Betfair,2026-10-03T18:39:58Z,h2h,Georgia Southern Eagles,1.84,,0.5434782608695652,0.5399999999999999,0.2
2026-10-03T18:40:07.327099+00:00,2026-10-03T19:40:07.327099+01:00,5efdb3515c882453d9abcd27db28f78b,americanfootball_ncaaf,NCAAF,2026-10-03T23:00:00+00:00,2026-10-04T00:00:00+01:00,Coastal Carolina Chanticleers,Georgia Southern Eagles,betfair_ex_uk,Betfair,2026-10-03T18:39:58Z,h2h_lay,Coastal Carolina Chanticleers,2.2,,0.45454545454545453,1.0,0.2
2026-10-03T18:40:07.327099+00:00,2026-10-03T19:40:07.327099+01:00,5efdb3515c882453d9abcd27db28f78b,americanfootball_ncaaf,NCAAF,2026-10-03T23:00:00+00:00,2026-10-04T00:00:00+01:00,Coastal Carolina Chanticleers,Georgia Southern Eagles,betfair_ex_uk,Betfair,2026-10-03T18:39:58Z,h2h_lay,Georgia Southern Eagles,1.86,,0.5376344086021505,1.0,0.2
2026-10-03T18:40:07.327099+00:00,2026-10-03T19:40:07.327099+01:00,5efdb3515c882453d9abcd27db28f78b,americanfootball_ncaaf,NCAAF,2026-10-03T23:00:00+00:00,2026-10-04T00:00:00+01:00,Coastal Carolina Chanticleers,Georgia Southern Eagles,matchbook,Matchbook,2026-10-03T18:39:58Z,h2h,Coastal Carolina Chanticleers,2.16,,0.4629629629629629,0.4599999999999999,0.2
2026-10-03T18:40:07.327099+00:00,2026-10-03T19:40:07.327099+01:00,5efdb3515c882453d9abcd27db28f78b,americanfootball_ncaaf,NCAAF,2026-10-03T23:00:00+00:00,2026-10-04T00:00:00+01:00,Coastal Carolina Chanticleers,Georgia Southern Eagles,matchbook,Matchbook,2026-10-03T18:39:58Z,h2h,Georgia Southern Eagles,1.84,,0.5434782608695652,0.5399999999999999,0.2
2026-10-03T18:40:07.327099+00:00,2026-10-03T19:40:07.327099+01:00,5efdb3515c882453d9abcd27db28f78b,americanfootball_ncaaf,NCAAF,2026-10-03T23:00:00+00:00,2026-10-04T00:00:00+01:00,Coastal Carolina Chanticleers,Georgia Southern Eagles,matchbook,Matchbook,2026-10-03T18:39:58Z,h2h_lay,Coastal Carolina Chanticleers,2.2,,0.45454545454545453,1.0,0.2
2026-10-03T18:40:07.327099+00:00,2026-10-03T19:40:07.327099+01:00,5efdb3515c882453d9abcd27db28f78b,americanfootball_ncaaf,NCAAF,2026-10-03T23:00:00+00:00,2026-10-04T00:00:00+01:00,Coastal Carolina Chanticleers,Georgia Southern Eagles,matchbook,Matchbook,2026-10-03T18:39:58Z,h2h_lay,Georgia Southern Eagles,1.86,,0.5376344086021505,1.0,0.2
2026-10-03T18:40:07.327099+00:00,2026-10-03T19:40:07.327099+01:00,279230b2d38c4e97187c3f065501a4cf,americanfootball_ncaaf,NCAAF,2026-10-03T23:00:00+00:00,2026-10-04T00:00:00+01:00,Rice Owls,UTSA Roadrunners,unibet_uk,Unibet (UK),2026-10-03T18:39:26Z,h2h,Rice Owls,4.75,,0.21052631578947367,0.20033670033670034,0.2
2026-10-03T18:40:07.327099+00:00,2026-10-03T19:40:07.327099+01:00,279230b2d38c4e97187c3f065501a4cf,americanfootball_ncaaf,NCAAF,2026-10-03T23:00:00+00:00,2026-10-04T00:00:00+01:00,Rice Owls,UTSA Roadrunners,unibet_uk,Unibet (UK),2026-10-03T18:39:26Z,h2h,UTSA Roadrunners,1.19,,0.8403361344537815,0.7996632996632997,0.2
2026-10-03T18:40:07.327099+00:00,2026-10-03T19:40:07.327099+01:00,279230b2d38c4e97187c3f065501a4cf,americanfootball_ncaaf,NCAAF,2026-10-03T23:00:00+00:00,2026-10-04T00:00:00+01:00,Rice Owls,UTSA Roadrunners,coral,Coral,2026-10-03T18:39:58Z,h2h,Rice Owls,4.4,,0.22727272727272727,0.21005385996409334,0.2
2026-10-03T18:40:07.327099+00:00,2026-10-03T19:40:07.327099+01:00,279230b2d38c4e97187c3f065501a4cf,americanfootball_ncaaf,NCAAF,2026-10-03T23:00:00+00:00,2026-10-04T00:00:00+01:00,Rice Owls,UTSA Roadrunners,coral,Coral,2026-10-03T18:39:58Z,h2h,UTSA Roadrunners,1.17,,0.8547008547008548,0.7899461400359067,0.2
2026-10-03T18:40:07.327099+00:00,2026-10-03T19:40:07.327099+01:00,279230b2d38c4e97187c3f065501a4cf,americanfootball_ncaaf,NCAAF,2026-10-03T23:00:00+00:00,2026-10-04T00:00:00+01:00,Rice Owls,UTSA Roadrunners,ladbrokes_uk,Ladbrokes,2026-10-03T18:39:58Z,h2h,Rice Owls,4.4,,0.22727272727272727,0.21005385996409334,0.2
2026-10-03T18:40:07.327099+00:00,2026-10-03T19:40:07.327099+01:00,279230b2d38c4e97187c3f065501a4cf,americanfootball_ncaaf,NCAAF,2026-10-03T23:00:00+00:00,2026-10-04T00:00:00+01:00,Rice Owls,UTSA Roadrunners,ladbrokes_uk,Ladbrokes,2026-10-03T18:39:58Z,h2h,UTSA Roadrunners,1.17,,0.8547008547008548,0.7899461400359067,0.2
2026-10-03T18:40:07.327099+00:00,2026-10-03T19:40:07.327099+01:00,279230b2d38c4e97187c3f065501a4cf,americanfootball_ncaaf,NCAAF,2026-10-03T23:00:00+00:00,2026-10-04T00:00:00+01:00,Rice Owls,UTSA Roadrunners,betfair_ex_uk,Betfair,2026-10-03T18:39:58Z,h2h,Rice Owls,5.0,,0.2,0.19743178170144465,0.2
2026-10-03T18:40:07.327099+00:00,2026-10-03T19:40:07.327099+01:00,279230b2d38c4e97187c3f065501a4cf,americanfootball_ncaaf,NCAAF,2026-10-03T23:00:00+00:00,2026-10-04T00:00:00+01:00,Rice Owls,UTSA Roadrunners,betfair_ex_uk,Betfair,2026-10-03T18:39:58Z,h2h,UTSA Roadrunners,1.23,,0.8130081300813008,0.8025682182985554,0.2
2026-10-03T18:40:07.327099+00:00,2026-10-03T19:40:07.327099+01:00,279230b2d38c4e97187c3f065501a4cf,americanfootball_ncaaf,NCAAF,2026-10-03T23:00:00+00:00,2026-10-04T00:00:00+01:00,Rice Owls,UTSA Roadrunners,betfair_ex_uk,Betfair,2026-10-03T18:39:58Z,h2h_lay,Rice Owls,5.5,,0.18181818181818182,1.0,0.2
2026-10-03T18:40:07.327099+00:00,2026-10-03T19:40:07.327099+01:00,279230b2d38c4e97187c3f065501a4cf,americanfootball_ncaaf,NCAAF,2026-10-03T23:00:00+00:00,2026-10-04T00:00:00+01:00,Rice Owls,UTSA Roadrunners,betfair_ex_uk,Betfair,2026-10-03T18:39:58Z,h2h_lay,UTSA Roadrunners,1.25,,0.8,1.0,0.2
2026-10-03T18:40:07.327099+00:00,2026-10-03T19:40:07.327099+01:00,279230b2d38c4e97187c3f065501a4cf,americanfootball_ncaaf,NCAAF,2026-10-03T23:00:00+00:00,2026-10-04T00:00:00+01:00,Rice Owls,UTSA Roadrunners,betway,Betway,2026-10-03T18:39:23Z,h2h,Rice Owls,4.75,,0.21052631578947367,0.20168067226890757,0.2
2026-10-03T18:40:07.327099+00:00,2026-10-03T19:40:07.327099+01:00,279230b2d38c4e97187c3f065501a4cf,americanfootball_ncaaf,NCAAF,2026-10-03T23:00:00+00:00,2026-10-04T00:00:00+01:00,Rice Owls,UTSA Roadrunners,betway,Betway,2026-10-03T18:39:23Z,h2h,UTSA Roadrunners,1.2,,0.8333333333333334,0.7983193277310925,0.2
2026-10-03T18:40:07.327099+00:00,2026-10-03T19:40:07.327099+01:00,279230b2d38c4e97187c3f065501a4cf,americanfootball_ncaaf,NCAAF,2026-10-03T23:00:00+00:00,2026-10-04T00:00:00+01:00,Rice Owls,UTSA Roadrunners,matchbook,Matchbook,2026-10-03T18:39:58Z,h2h,Rice Owls,5.0,,0.2,0.19743178170144465,0.2
2026-10-03T18:40:07.327099+00:00,2026-10-03T19:40:07.327099+01:00,279230b2d38c4e97187c3f065501a4cf,americanfootball_ncaaf,NCAAF,2026-10-03T23:00:00+00:00,2026-10-04T00:00:00+01:00,Rice Owls,UTSA Roadrunners,matchbook,Matchbook,2026-10-03T18:39:58Z,h2h,UTSA Roadrunners,1.23,,0.8130081300813008,0.8025682182985554,0.2
2026-10-03T18:40:07.327099+00:00,2026-10-03T19:40:07.327099+01:00,279230b2d38c4e97187c3f065501a4cf,americanfootball_ncaaf,NCAAF,2026-10-03T23:00:00+00:00,2026-10-04T00:00:00+01:00,Rice Owls,UTSA Roadrunners,matchbook,Matchbook,2026-10-03T18:39:58Z,h2h_lay,Rice Owls,5.4,,0.18518518518518517,1.0,0.2
2026-10-03T18:40:07.327099+00:00,2026-10-03T19:40:07.327099+01:00,279230b2d38c4e97187c3f065501a4cf,americanfootball_ncaaf,NCAAF,2026-10-03T23:00:00+00:00,2026-10-04T00:00:00+01:00,Rice Owls,UTSA Roadrunners,matchbook,Matchbook,2026-10-03T18:39:58Z,h2h_lay,UTSA Roadrunners,1.25,,0.8,1.0,0.2
2026-10-03T18:40:07.327099+00:00,2026-10-03T19:40:07.327099+01:00,4c84a699496b71ee1e626e3c7f5689c9,americanfootball_ncaaf,NCAAF,2026-10-03T23:00:00+00:00,2026-10-04T00:00:00+01:00,South Alabama Jaguars,UL Monroe Warhawks,unibet_uk,Unibet (UK),2026-10-03T18:39:26Z,h2h,South Alabama Jaguars,1.17,,0.8547008547008548,0.8103727714748785,0.2
2026-10-03T18:40:07.327099+00:00,2026-10-03T19:40:07.327099+01:00,4c84a699496b71ee1e626e3c7f5689c9,americanfootball_ncaaf,NCAAF,2026-10-03T23:00:00+00:00,2026-10-04T00:00:00+01:00,South Alabama Jaguars,UL Monroe Warhawks,unibet_uk,Unibet (UK),2026-10-03T18:39:26Z,h2h,UL Monroe Warhawks,5.0,,0.2,0.18962722852512157,0.2
2026-10-03T18:40:07.327099+00:00,2026-10-03T19:40:07.327099+01:00,4c84a699496b71ee1e626e3c7f5689c9,americanfootball_ncaaf,NCAAF,2026-10-03T23:00:00+00:00,2026-10-04T00:00:00+01:00,South Alabama Jaguars,UL Monroe Warhawks,ladbrokes_uk,Ladbrokes,2026-10-03T18:39:58Z,h2h,South Alabama Jaguars,1.15,,0.8695652173913044,0.8067226890756303,0.2
2026-10-03T18:40:07.327099+00:00,2026-10-03T19:40:07.327099+01:00,4c84a699496b71ee1e626e3c7f5689c9,americanfootball_ncaaf,NCAAF,2026-10-03T23:00:00+00:00,2026-10-04T00:00:00+01:00,South Alabama Jaguars,UL Monroe Warhawks,ladbrokes_uk,Ladbrokes,2026-10-03T18:39:58Z,h2h,UL Monroe Warhawks,4.8,,0.20833333333333334,0.19327731092436976,0.2
2026-10-03T18:40:07.327099+00:00,2026-10-03T19:40:07.327099+01:00,4c84a699496b71ee1e626e3c7f5689c9,americanfootball_ncaaf,NCAAF,2026-10-03T23:00:00+00:00,2026-10-04T00:00:00+01:00,South Alabama Jaguars,UL Monroe Warhawks,betway,Betway,2026-10-03T18:39:23Z,h2h,South Alabama Jaguars,1.18,,0.8474576271186441,0.8090614886731391,0.2
2026-10-03T18:40:07.327099+00:00,2026-10-03T19:40:07.327099+01:00,4c84a699496b71ee1e626e3c7f5689c9,americanfootball_ncaaf,NCAAF,2026-10-03T23:00:00+00:00,2026-10-04T00:00:00+01:00,South Alabama Jaguars,UL Monroe Warhawks,betway,Betway,2026-10-03T18:39:23Z,h2h,UL Monroe Warhawks,5.0,,0.2,0.19093851132686082,0.2
2026-10-03T18:40:07.327099+00:00,2026-10-03T19:40:07.327099+01:00,4c84a699496b71ee1e626e3c7f5689c9,americanfootball_ncaaf,NCAAF,2026-10-03T23:00:00+00:00,2026-10-04T00:00:00+01:00,South Alabama Jaguars,UL Monroe Warhawks,betfair_ex_uk,Betfair,2026-10-03T18:39:58Z,h2h,South Alabama Jaguars,1.19,,0.8403361344537815,0.8344923504867873,0.2
2026-10-03T18:40:07.327099+00:00,2026-10-03T19:40:07.327099+01:00,4c84a699496b71ee1e626e3c7f5689c9,americanfootball_ncaaf,NCAAF,2026-10-03T23:00:00+00:00,2026-10-04T00:00:00+01:00,South Alabama Jaguars,UL Monroe Warhawks,betfair_ex_uk,Betfair,2026-10-03T18:39:58Z,h2h,UL Monroe Warhawks,6.0,,0.16666666666666666,0.16550764951321278,0.2
2026-10-03T18:40:07.327099+00:00,2026-10-03T19:40:07.327099+01:00,4c84a699496b71ee1e626e3c7f5689c9,americanfootball_ncaaf,NCAAF,2026-10-03T23:00:00+00:00,2026-10-04T00:00:00+01:00,South Alabama Jaguars,UL Monroe Warhawks,betfair_ex_uk,Betfair,2026-10-03T18:39:58Z,h2h_lay,South Alabama Jaguars,1.2,,0.8333333333333334,1.0,0.2
2026-10-03T18:40:07.327099+00:00,2026-10-03T19:40:07.327099+01:00,4c84a699496b71ee1e626e3c7f5689c9,americanfootball_ncaaf,NCAAF,2026-10-03T23:00:00+00:00,2026-10-04T00:00:00+01:00,South Alabama Jaguars,UL Monroe Warhawks,betfair_ex_uk,Betfair,2026-10-03T18:39:58Z,h2h_lay,UL Monroe Warhawks,6.4,,0.15625,1.0,0.2
2026-10-03T18:40:07.327099+00:00,2026-10-03T19:40:07.327099+01:00,4c84a699496b71ee1e626e3c7f5689c9,americanfootball_ncaaf,NCAAF,2026-10-03T23:00:00+00:00,2026-10-04T00:00:00+01:00,South Alabama Jaguars,UL Monroe Warhawks,coral,Coral,2026-10-03T18:39:58Z,h2h,South Alabama Jaguars,1.15,,0.8695652173913044,0.8067226890756303,0.2
2026-10-03T18:40:07.327099+00:00,2026-10-03T19:40:07.327099+01:00,4c84a699496b71ee1e626e3c7f5689c9,americanfootball_ncaaf,NCAAF,2026-10-03T23:00:00+00:00,2026-10-04T00:00:00+01:00,South Alabama Jaguars,UL Monroe Warhawks,coral,Coral,2026-10-03T18:39:58Z,h2h,UL Monroe Warhawks,4.8,,0.20833333333333334,0.19327731092436976,0.2
2026-10-03T18:40:07.327099+00:00,2026-10-03T19:40:07.327099+01:00,4c84a699496b71ee1e626e3c7f5689c9,americanfootball_ncaaf,NCAAF,2026-10-03T23:00:00+00:00,2026-10-04T00:00:00+01:00,South Alabama Jaguars,UL Monroe Warhawks,matchbook,Matchbook,2026-10-03T18:39:58Z,h2h,South Alabama Jaguars,1.19,,0.8403361344537815,0.8344923504867873,0.2
2026-10-03T18:40:07.327099+00:00,2026-10-03T19:40:07.327099+01:00,4c84a699496b71ee1e626e3c7f5689c9,americanfootball_ncaaf,NCAAF,2026-10-03T23:00:00+00:00,2026-10-04T00:00:00+01:00,South Alabama Jaguars,UL Monroe Warhawks,matchbook,Matchbook,2026-10-03T18:39:58Z,h2h,UL Monroe Warhawks,6.0,,0.16666666666666666,0.16550764951321278,0.2
2026-10-03T18:40:07.327099+00:00,2026-10-03T19:40:07.327099+01:00,4c84a699496b71ee1e626e3c7f5689c9,americanfootball_ncaaf,NCAAF,2026-10-03T23:00:00+00:00,2026-10-04T00:00:00+01:00,South Alabama Jaguars,UL Monroe Warhawks,matchbook,Matchbook,2026-10-03T18:39:58Z,h2h_lay,South Alabama Jaguars,1.2,,0.8333333333333334,1.0,0.2
2026-10-03T18:40:07.327099+00:00,2026-10-03T19:40:07.327099+01:00,4c84a699496b71ee1e626e3c7f5689c9,americanfootball_ncaaf,NCAAF,2026-10-03T23:00:00+00:00,2026-10-04T00:00:00+01:00,South Alabama Jaguars,UL Monroe Warhawks,matchbook,Matchbook,2026-10-03T18:39:58Z,h2h_lay,UL Monroe Warhawks,6.4,,0.15625,1.0,0.2
2026-10-03T18:40:07.327099+00:00,2026-10-03T19:40:07.327099+01:00,6246661a676eeaa850a3e36e311fce63,americanfootball_ncaaf,NCAAF,2026-10-03T23:30:00+00:00,2026-10-04T00:30:00+01:00,Louisiana Tech Bulldogs,Army Black Knights,unibet_uk,Unibet (UK),2026-10-03T18:39:26Z,h2h,Army Black Knights,1.88,,0.5319148936170213,0.5078534031413613,0.2
2026-10-03T18:40:07.327099+00:00,2026-10-03T19:40:07.327099+01:00,6246661a676eeaa850a3e36e311fce63,americanfootball_ncaaf,NCAAF,2026-10-03T23:30:00+00:00,2026-10-04T00:30:00+01:00,Louisiana Tech Bulldogs,Army Black Knights,unibet_uk,Unibet (UK),2026-10-03T18:39:26Z,h2h,Louisiana Tech Bulldogs,1.94,,0.5154639175257733,0.4921465968586388,0.2
2026-10-03T18:40:07.327099+00:00,2026-10-03T19:40:07.327099+01:00,6246661a676eeaa850a3e36e311fce63,americanfootball_ncaaf,NCAAF,2026-10-03T23:30:00+00:00,2026-10-04T00:30:00+01:00,Louisiana Tech Bulldogs,Army Black Knights,ladbrokes_uk,Ladbrokes,2026-10-03T18:39:58Z,h2h,Army Black Knights,1.85,,0.5405405405405405,0.4972826086956521,0.2
2026-10-03T18:40:07.327099+00:00,2026-10-03T19:40:07.327099+01:00,6246661a676eeaa850a3e36e311fce63,americanfootball_ncaaf,NCAAF,2026-10-03T23:30:00+00:00,2026-10-04T00:30:00+01:00,Louisiana Tech Bulldogs,Army Black Knights,ladbrokes_uk,Ladbrokes,2026-10-03T18:39:58Z,h2h,Louisiana Tech Bulldogs,1.83,,0.5464480874316939,0.5027173913043478,0.2
2026-10-03T18:40:07.327099+00:00,2026-10-03T19:40:07.327099+01:00,6246661a676eeaa850a3e36e311fce63,americanfootball_ncaaf,NCAAF,2026-10-03T23:30:00+00:00,2026-10-04T00:30:00+01:00,Louisiana Tech Bulldogs,Army Black Knights,coral,Coral,2026-10-03T18:39:58Z,h2h,Army Black Knights,1.85,,0.5405405405405405,0.4972826086956521,0.2
2026-10-03T18:40:07.327099+00:00,2026-10-03T19:40:07.327099+01:00,6246661a676eeaa850a3e36e311fce63,americanfootball_ncaaf,NCAAF,2026-10-03T23:30:00+00:00,2026-10-04T00:30:00+01:00,Louisiana Tech Bulldogs,Army Black Knights,coral,Coral,2026-10-03T18:39:58Z,h2h,Louisiana Tech Bulldogs,1.83,,0.5464480874316939,0.5027173913043478,0.2
2026-10-03T18:40:07.327099+00:00,2026-10-03T19:40:07.327099+01:00,6246661a676eeaa850a3e36e311fce63,americanfootball_ncaaf,NCAAF,2026-10-03T23:30:00+00:00,2026-10-04T00:30:00+01:00,Louisiana Tech Bulldogs,Army Black Knights,betway,Betway,2026-10-03T18:39:23Z,h2h,Army Black Knights,1.91,,0.5235602094240838,0.5,0.2
2026-10-03T18:40:07.327099+00:00,2026-10-03T19:40:07.327099+01:00,6246661a676eeaa850a3e36e311fce63,americanfootball_ncaaf,NCAAF,2026-10-03T23:30:00+00:00,2026-10-04T00:30:00+01:00,Louisiana Tech Bulldogs,Army Black Knights,betway,Betway,2026-10-03T18:39:23Z,h2h,Louisiana Tech Bulldogs,1.91,,0.5235602094240838,0.5,0.2
2026-10-03T18:40:07.327099+00:00,2026-10-03T19:40:07.327099+01:00,6246661a676eeaa850a3e36e311fce63,americanfootball_ncaaf,NCAAF,2026-10-03T23:30:00+00:00,2026-10-04T00:30:00+01:00,Louisiana Tech Bulldogs,Army Black Knights,betfair_ex_uk,Betfair,2026-10-03T18:39:58Z,h2h,Army Black Knights,2.0,,0.5,0.4987468671679198,0.2
2026-10-03T18:40:07.327099+00:00,2026-10-03T19:40:07.327099+01:00,6246661a676eeaa850a3e36e311fce63,americanfootball_ncaaf,NCAAF,2026-10-03T23:30:00+00:00,2026-10-04T00:30:00+01:00,Louisiana Tech Bulldogs,Army Black Knights,betfair_ex_uk,Betfair,2026-10-03T18:39:58Z,h2h,Louisiana Tech Bulldogs,1.99,,0.5025125628140703,0.5012531328320802,0.2
2026-10-03T18:40:07.327099+00:00,2026-10-03T19:40:07.327099+01:00,6246661a676eeaa850a3e36e311fce63,americanfootball_ncaaf,NCAAF,2026-10-03T23:30:00+00:00,2026-10-04T00:30:00+01:00,Louisiana Tech Bulldogs,Army Black Knights,betfair_ex_uk,Betfair,2026-10-03T18:39:58Z,h2h_lay,Army Black Knights,2.02,,0.49504950495049505,1.0,0.2
2026-10-03T18:40:07.327099+00:00,2026-10-03T19:40:07.327099+01:00,6246661a676eeaa850a3e36e311fce63,americanfootball_ncaaf,NCAAF,2026-10-03T23:30:00+00:00,2026-10-04T00:30:00+01:00,Louisiana Tech Bulldogs,Army Black Knights,betfair_ex_uk,Betfair,2026-10-03T18:39:58Z,h2h_lay,Louisiana Tech Bulldogs,2.0,,0.5,1.0,0.2
2026-10-03T18:40:07.327099+00:00,2026-10-03T19:40:07.327099+01:00,6246661a676eeaa850a3e36e311fce63,americanfootball_ncaaf,NCAAF,2026-10-03T23:30:00+00:00,2026-10-04T00:30:00+01:00,Louisiana Tech Bulldogs,Army Black Knights,matchbook,Matchbook,2026-10-03T18:39:58Z,h2h,Army Black Knights,1.97,,0.5076142131979695,0.49872773536895665,0.2
2026-10-03T18:40:07.327099+00:00,2026-10-03T19:40:07.327099+01:00,6246661a676eeaa850a3e36e311fce63,americanfootball_ncaaf,NCAAF,2026-10-03T23:30:00+00:00,2026-10-04T00:30:00+01:00,Louisiana Tech Bulldogs,Army Black Knights,matchbook,Matchbook,2026-10-03T18:39:58Z,h2h,Louisiana Tech Bulldogs,1.96,,0.5102040816326531,0.5012722646310432,0.2
2026-10-03T18:40:07.327099+00:00,2026-10-03T19:40:07.327099+01:00,6246661a676eeaa850a3e36e311fce63,americanfootball_ncaaf,NCAAF,2026-10-03T23:30:00+00:00,2026-10-04T00:30:00+01:00,Louisiana Tech Bulldogs,Army Black Knights,matchbook,Matchbook,2026-10-03T18:39:58Z,h2h_lay,Army Black Knights,2.04,,0.49019607843137253,1.0,0.2
2026-10-03T18:40:07.327099+00:00,2026-10-03T19:40:07.327099+01:00,6246661a676eeaa850a3e36e311fce63,americanfootball_ncaaf,NCAAF,2026-10-03T23:30:00+00:00,2026-10-04T00:30:00+01:00,Louisiana Tech Bulldogs,Army Black Knights,matchbook,Matchbook,2026-10-03T18:39:58Z,h2h_lay,Louisiana Tech Bulldogs,2.04,,0.49019607843137253,1.0,0.2
2026-10-03T18:40:07.327099+00:00,2026-10-03T19:40:07.327099+01:00,a2f7df0b000c054abd3cbc6f4a4b2432,americanfootball_ncaaf,NCAAF,2026-10-03T23:30:00+00:00,2026-10-04T00:30:00+01:00,Boise State Broncos,Utah State Aggies,unibet_uk,Unibet (UK),2026-10-03T18:39:26Z,h2h,Boise State Broncos,1.08,,0.9259259259259258,0.8810572687224669,0.2
2026-10-03T18:40:07.327099+00:00,2026-10-03T19:40:07.327099+01:00,a2f7df0b000c054abd3cbc6f4a4b2432,americanfootball_ncaaf,NCAAF,2026-10-03T23:30:00+00:00,2026-10-04T00:30:00+01:00,Boise State Broncos,Utah State Aggies,unibet_uk,Unibet (UK),2026-10-03T18:39:26Z,h2h,Utah State Aggies,8.0,,0.125,0.11894273127753305,0.2
2026-10-03T18:40:07.327099+00:00,2026-10-03T19:40:07.327099+01:00,a2f7df0b000c054abd3cbc6f4a4b2432,americanfootball_ncaaf,NCAAF,2026-10-03T23:30:00+00:00,2026-10-04T00:30:00+01:00,Boise State Broncos,Utah State Aggies,ladbrokes_uk,Ladbrokes,2026-10-03T18:39:58Z,h2h,Boise State Broncos,1.05,,0.9523809523809523,0.8955223880597014,0.2
2026-10-03T18:40:07.327099+00:00,2026-10-03T19:40:07.327099+01:00,a2f7df0b000c054abd3cbc6f4a4b2432,americanfootball_ncaaf,NCAAF,2026-10-03T23:30:00+00:00,2026-10-04T00:30:00+01:00,Boise State Broncos,Utah State Aggies,ladbrokes_uk,Ladbrokes,2026-10-03T18:39:58Z,h2h,Utah State Aggies,9.0,,0.1111111111111111,0.1044776119402985,0.2
2026-10-03T18:40:07.327099+00:00,2026-10-03T19:40:07.327099+01:00,a2f7df0b000c054abd3cbc6f4a4b2432,americanfootball_ncaaf,NCAAF,2026-10-03T23:30:00+00:00,2026-10-04T00:30:00+01:00,Boise State Broncos,Utah State Aggies,betway,Betway,2026-10-03T18:39:23Z,h2h,Boise State Broncos,1.1,,0.9090909090909091,0.879120879120879,0.2
2026-10-03T18:40:07.327099+00:00,2026-10-03T19:40:07.327099+01:00,a2f7df0b000c054abd3cbc6f4a4b2432,americanfootball_ncaaf,NCAAF,2026-10-03T23:30:00+00:00,2026-10-04T00:30:00+01:00,Boise State Broncos,Utah State Aggies,betway,Betway,2026-10-03T18:39:23Z,h2h,Utah State Aggies,8.0,,0.125,0.12087912087912087,0.2
2026-10-03T18:40:07.327099+00:00,2026-10-03T19:40:07.327099+01:00,a2f7df0b000c054abd3cbc6f4a4b2432,americanfootball_ncaaf,NCAAF,2026-10-03T23:30:00+00:00,2026-10-04T00:30:00+01:00,Boise State Broncos,Utah State Aggies,betfair_ex_uk,Betfair,2026-10-03T18:39:58Z,h2h,Boise State Broncos,1.09,,0.9174311926605504,0.90595340811044,0.2
2026-10-03T18:40:07.327099+00:00,2026-10-03T19:40:07.327099+01:00,a2f7df0b000c054abd3cbc6f4a4b2432,americanfootball_ncaaf,NCAAF,2026-10-03T23:30:00+00:00,2026-10-04T00:30:00+01:00,Boise State Broncos,Utah State Aggies,betfair_ex_uk,Betfair,2026-10-03T18:39:58Z,h2h,Utah State Aggies,10.5,,0.09523809523809523,0.09404659188955997,0.2
2026-10-03T18:40:07.327099+00:00,2026-10-03T19:40:07.327099+01:00,a2f7df0b000c054abd3cbc6f4a4b2432,americanfootball_ncaaf,NCAAF,2026-10-03T23:30:00+00:00,2026-10-04T00:30:00+01:00,Boise State Broncos,Utah State Aggies,betfair_ex_uk,Betfair,2026-10-03T18:39:58Z,h2h_lay,Boise State Broncos,1.11,,0.9009009009009008,1.0,0.2
2026-10-03T18:40:07.327099+00:00,2026-10-03T19:40:07.327099+01:00,a2f7df0b000c054abd3cbc6f4a4b2432,americanfootball_ncaaf,NCAAF,2026-10-03T23:30:00+00:00,2026-10-04T00:30:00+01:00,Boise State Broncos,Utah State Aggies,betfair_ex_uk,Betfair,2026-10-03T18:39:58Z,h2h_lay,Utah State Aggies,12.0,,0.08333333333333333,1.0,0.2
2026-10-03T18:40:07.327099+00:00,2026-10-03T19:40:07.327099+01:00,a2f7df0b000c054abd3cbc6f4a4b2432,americanfootball_ncaaf,NCAAF,2026-10-03T23:30:00+00:00,2026-10-04T00:30:00+01:00,Boise State Broncos,Utah State Aggies,coral,Coral,2026-10-03T18:39:58Z,h2h,Boise State Broncos,1.05,,0.9523809523809523,0.8955223880597014,0.2
2026-10-03T18:40:07.327099+00:00,2026-10-03T19:40:07.327099+01:00,a2f7df0b000c054abd3cbc6f4a4b2432,americanfootball_ncaaf,NCAAF,2026-10-03T23:30:00+00:00,2026-10-04T00:30:00+01:00,Boise State Broncos,Utah State Aggies,coral,Coral,2026-10-03T18:39:58Z,h2h,Utah State Aggies,9.0,,0.1111111111111111,0.1044776119402985,0.2
2026-10-03T18:40:07.327099+00:00,2026-10-03T19:40:07.327099+01:00,932c7f6dfe06be77192fe000e9f3ac9d,americanfootball_ncaaf,NCAAF,2026-10-03T23:30:00+00:00,2026-10-04T00:30:00+01:00,Clemson Tigers,Miami Hurricanes,ladbrokes_uk,Ladbrokes,2026-10-03T18:39:58Z,h2h,Clemson Tigers,5.75,,0.17391304347826086,0.1618075801749271,0.2
2026-10-03T18:40:07.327099+00:00,2026-10-03T19:40:07.327099+01:00,932c7f6dfe06be77192fe000e9f3ac9d,americanfootball_ncaaf,NCAAF,2026-10-03T23:30:00+00:00,2026-10-04T00:30:00+01:00,Clemson Tigers,Miami Hurricanes,ladbrokes_uk,Ladbrokes,2026-10-03T18:39:58Z,h2h,Miami Hurricanes,1.11,,0.9009009009009008,0.8381924198250728,0.2
2026-10-03T18:40:07.327099+00:00,2026-10-03T19:40:07.327099+01:00,932c7f6dfe06be77192fe000e9f3ac9d,americanfootball_ncaaf,NCAAF,2026-10-03T23:30:00+00:00,2026-10-04T00:30:00+01:00,Clemson Tigers,Miami Hurricanes,coral,Coral,2026-10-03T18:39:58Z,h2h,Clemson Tigers,5.75,,0.17391304347826086,0.1618075801749271,0.2
2026-10-03T18:40:07.327099+00:00,2026-10-03T19:40:07.327099+01:00,932c7f6dfe06be77192fe000e9f3ac9d,americanfootball_ncaaf,NCAAF,2026-10-03T23:30:00+00:00,2026-10-04T00:30:00+01:00,Clemson Tigers,Miami Hurricanes,coral,Coral,2026-10-03T18:39:58Z,h2h,Miami Hurricanes,1.11,,0.9009009009009008,0.8381924198250728,0.2
2026-10-03T18:40:07.327099+00:00,2026-10-03T19:40:07.327099+01:00,932c7f6dfe06be77192fe000e9f3ac9d,americanfootball_ncaaf,NCAAF,2026-10-03T23:30:00+00:00,2026-10-04T00:30:00+01:00,Clemson Tigers,Miami Hurricanes,unibet_uk,Unibet (UK),2026-10-03T18:39:26Z,h2h,Clemson Tigers,6.0,,0.16666666666666666,0.15848527349228608,0.2
2026-10-03T18:40:07.327099+00:00,2026-10-03T19:40:07.327099+01:00,932c7f6dfe06be77192fe000e9f3ac9d,americanfootball_ncaaf,NCAAF,2026-10-03T23:30:00+00:00,2026-10-04T00:30:00+01:00,Clemson Tigers,Miami Hurricanes,unibet_uk,Unibet (UK),2026-10-03T18:39:26Z,h2h,Miami Hurricanes,1.13,,0.8849557522123894,0.8415147265077139,0.2
2026-10-03T18:40:07.327099+00:00,2026-10-03T19:40:07.327099+01:00,932c7f6dfe06be77192fe000e9f3ac9d,americanfootball_ncaaf,NCAAF,2026-10-03T23:30:00+00:00,2026-10-04T00:30:00+01:00,Clemson Tigers,Miami Hurricanes,betway,Betway,2026-10-03T18:39:23Z,h2h,Clemson Tigers,6.5,,0.15384615384615385,0.14698162729658795,0.2
2026-10-03T18:40:07.327099+00:00,2026-10-03T19:40:07.327099+01:00,932c7f6dfe06be77192fe000e9f3ac9d,americanfootball_ncaaf,NCAAF,2026-10-03T23:30:00+00:00,2026-10-04T00:30:00+01:00,Clemson Tigers,Miami Hurricanes,betway,Betway,2026-10-03T18:39:23Z,h2h,Miami Hurricanes,1.12,,0.8928571428571428,0.8530183727034122,0.2
2026-10-03T18:40:07.327099+00:00,2026-10-03T19:40:07.327099+01:00,932c7f6dfe06be77192fe000e9f3ac9d,americanfootball_ncaaf,NCAAF,2026-10-03T23:30:00+00:00,2026-10-04T00:30:00+01:00,Clemson Tigers,Miami Hurricanes,betfair_ex_uk,Betfair,2026-10-03T18:39:58Z,h2h,Clemson Tigers,7.0,,0.14285714285714285,0.1411042944785276,0.2
2026-10-03T18:40:07.327099+00:00,2026-10-03T19:40:07.327099+01:00,932c7f6dfe06be77192fe000e9f3ac9d,americanfootball_ncaaf,NCAAF,2026-10-03T23:30:00+00:00,2026-10-04T00:30:00+01:00,Clemson Tigers,Miami Hurricanes,betfair_ex_uk,Betfair,2026-10-03T18:39:58Z,h2h,Miami Hurricanes,1.15,,0.8695652173913044,0.8588957055214724,0.2
2026-10-03T18:40:07.327099+00:00,2026-10-03T19:40:07.327099+01:00,932c7f6dfe06be77192fe000e9f3ac9d,americanfootball_ncaaf,NCAAF,2026-10-03T23:30:00+00:00,2026-10-04T00:30:00+01:00,Clemson Tigers,Miami Hurricanes,betfair_ex_uk,Betfair,2026-10-03T18:39:58Z,h2h_lay,Clemson Tigers,7.8,,0.12820512820512822,1.0,0.2
2026-10-03T18:40:07.327099+00:00,2026-10-03T19:40:07.327099+01:00,932c7f6dfe06be77192fe000e9f3ac9d,americanfootball_ncaaf,NCAAF,2026-10-03T23:30:00+00:00,2026-10-04T00:30:00+01:00,Clemson Tigers,Miami Hurricanes,betfair_ex_uk,Betfair,2026-10-03T18:39:58Z,h2h_lay,Miami Hurricanes,1.17,,0.8547008547008548,1.0,0.2
2026-10-03T18:40:07.327099+00:00,2026-10-03T19:40:07.327099+01:00,932c7f6dfe06be77192fe000e9f3ac9d,americanfootball_ncaaf,NCAAF,2026-10-03T23:30:00+00:00,2026-10-04T00:30:00+01:00,Clemson Tigers,Miami Hurricanes,matchbook,Matchbook,2026-10-03T18:39:58Z,h2h,Clemson Tigers,7.0,,0.14285714285714285,0.1411042944785276,0.2
2026-10-03T18:40:07.327099+00:00,2026-10-03T19:40:07.327099+01:00,932c7f6dfe06be77192fe000e9f3ac9d,americanfootball_ncaaf,NCAAF,2026-10-03T23:30:00+00:00,2026-10-04T00:30:00+01:00,Clemson Tigers,Miami Hurricanes,matchbook,Matchbook,2026-10-03T18:39:58Z,h2h,Miami Hurricanes,1.15,,0.8695652173913044,0.8588957055214724,0.2
2026-10-03T18:40:07.327099+00:00,2026-10-03T19:40:07.327099+01:00,932c7f6dfe06be77192fe000e9f3ac9d,americanfootball_ncaaf,NCAAF,2026-10-03T23:30:00+00:00,2026-10-04T00:30:00+01:00,Clemson Tigers,Miami Hurricanes,matchbook,Matchbook,2026-10-03T18:39:58Z,h2h_lay,Clemson Tigers,7.6,,0.13157894736842105,1.0,0.2
2026-10-03T18:40:07.327099+00:00,2026-10-03T19:40:07.327099+01:00,932c7f6dfe06be77192fe000e9f3ac9d,americanfootball_ncaaf,NCAAF,2026-10-03T23:30:00+00:00,2026-10-04T00:30:00+01:00,Clemson Tigers,Miami Hurricanes,matchbook,Matchbook,2026-10-03T18:39:58Z,h2h_lay,Miami Hurricanes,1.17,,0.8547008547008548,1.0,0.2
2026-10-03T18:40:07.327099+00:00,2026-10-03T19:40:07.327099+01:00,6338f8a71aba32414791add2d358472d,americanfootball_ncaaf,NCAAF,2026-10-03T23:30:00+00:00,2026-10-04T00:30:00+01:00,South Florida Bulls,Temple Owls,unibet_uk,Unibet (UK),2026-10-03T18:39:26Z,h2h,South Florida Bulls,1.4,,0.7142857142857143,0.6781609195402298,0.2
2026-10-03T18:40:07.327099+00:00,2026-10-03T19:40:07.327099+01:00,6338f8a71aba32414791add2d358472d,americanfootball_ncaaf,NCAAF,2026-10-03T23:30:00+00:00,2026-10-04T00:30:00+01:00,South Florida Bulls,Temple Owls,unibet_uk,Unibet (UK),2026-10-03T18:39:26Z,h2h,Temple Owls,2.95,,0.3389830508474576,0.32183908045977005,0.2
2026-10-03T18:40:07.327099+00:00,2026-10-03T19:40:07.327099+01:00,6338f8a71aba32414791add2d358472d,americanfootball_ncaaf,NCAAF,2026-10-03T23:30:00+00:00,2026-10-04T00:30:00+01:00,South Florida Bulls,Temple Owls,ladbrokes_uk,Ladbrokes,2026-10-03T18:39:58Z,h2h,South Florida Bulls,1.4,,0.7142857142857143,0.6585365853658537,0.2
2026-10-03T18:40:07.327099+00:00,2026-10-03T19:40:07.327099+01:00,6338f8a71aba32414791add2d358472d,americanfootball_ncaaf,NCAAF,2026-10-03T23:30:00+00:00,2026-10-04T00:30:00+01:00,South Florida Bulls,Temple Owls,ladbrokes_uk,Ladbrokes,2026-10-03T18:39:58Z,h2h,Temple Owls,2.7,,0.37037037037037035,0.3414634146341463,0.2
2026-10-03T18:40:07.327099+00:00,2026-10-03T19:40:07.327099+01:00,6338f8a71aba32414791add2d358472d,americanfootball_ncaaf,NCAAF,2026-10-03T23:30:00+00:00,2026-10-04T00:30:00+01:00,South Florida Bulls,Temple Owls,coral,Coral,2026-10-03T18:39:58Z,h2h,South Florida Bulls,1.4,,0.7142857142857143,0.6585365853658537,0.2
2026-10-03T18:40:07.327099+00:00,2026-10-03T19:40:07.327099+01:00,6338f8a71aba32414791add2d358472d,americanfootball_ncaaf,NCAAF,2026-10-03T23:30:00+00:00,2026-10-04T00:30:00+01:00,South Florida Bulls,Temple Owls,coral,Coral,2026-10-03T18:39:58Z,h2h,Temple Owls,2.7,,0.37037037037037035,0.3414634146341463,0.2
2026-10-03T18:40:07.327099+00:00,2026-10-03T19:40:07.327099+01:00,6338f8a71aba32414791add2d358472d,americanfootball_ncaaf,NCAAF,2026-10-03T23:30:00+00:00,2026-10-04T00:30:00+01:00,South Florida Bulls,Temple Owls,betway,Betway,2026-10-03T18:39:23Z,h2h,South Florida Bulls,1.44,,0.6944444444444444,0.6563245823389022,0.2
2026-10-03T18:40:07.327099+00:00,2026-10-03T19:40:07.327099+01:00,6338f8a71aba32414791add2d358472d,americanfootball_ncaaf,NCAAF,2026-10-03T23:30:00+00:00,2026-10-04T00:30:00+01:00,South Florida Bulls,Temple Owls,betway,Betway,2026-10-03T18:39:23Z,h2h,Temple Owls,2.75,,0.36363636363636365,0.3436754176610979,0.2
2026-10-03T18:40:07.327099+00:00,2026-10-03T19:40:07.327099+01:00,6338f8a71aba32414791add2d358472d,americanfootball_ncaaf,NCAAF,2026-10-03T23:30:00+00:00,2026-10-04T00:30:00+01:00,South Florida Bulls,Temple Owls,betfair_ex_uk,Betfair,2026-10-03T18:39:58Z,h2h,South Florida Bulls,1.49,,0.6711409395973155,0.6651685393258427,0.2
2026-10-03T18:40:07.327099+00:00,2026-10-03T19:40:07.327099+01:00,6338f8a71aba32414791add2d358472d,americanfootball_ncaaf,NCAAF,2026-10-03T23:30:00+00:00,2026-10-04T00:30:00+01:00,South Florida Bulls,Temple Owls,betfair_ex_uk,Betfair,2026-10-03T18:39:58Z,h2h,Temple Owls,2.96,,0.33783783783783783,0.3348314606741573,0.2
2026-10-03T18:40:07.327099+00:00,2026-10-03T19:40:07.327099+01:00,6338f8a71aba32414791add2d358472d,americanfootball_ncaaf,NCAAF,2026-10-03T23:30:00+00:00,2026-10-04T00:30:00+01:00,South Florida Bulls,Temple Owls,betfair_ex_uk,Betfair,2026-10-03T18:39:58Z,h2h_lay,South Florida Bulls,1.52,,0.6578947368421053,1.0,0.2
2026-10-03T18:40:07.327099+00:00,2026-10-03T19:40:07.327099+01:00,6338f8a71aba32414791add2d358472d,americanfootball_ncaaf,NCAAF,2026-10-03T23:30:00+00:00,2026-10-04T00:30:00+01:00,South Florida Bulls,Temple Owls,betfair_ex_uk,Betfair,2026-10-03T18:39:58Z,h2h_lay,Temple Owls,3.05,,0.3278688524590164,1.0,0.2
2026-10-03T18:40:07.327099+00:00,2026-10-03T19:40:07.327099+01:00,6338f8a71aba32414791add2d358472d,americanfootball_ncaaf,NCAAF,2026-10-03T23:30:00+00:00,2026-10-04T00:30:00+01:00,South Florida Bulls,Temple Owls,matchbook,Matchbook,2026-10-03T18:39:58Z,h2h,South Florida Bulls,1.49,,0.6711409395973155,0.6651685393258427,0.2
2026-10-03T18:40:07.327099+00:00,2026-10-03T19:40:07.327099+01:00,6338f8a71aba32414791add2d358472d,americanfootball_ncaaf,NCAAF,2026-10-03T23:30:00+00:00,2026-10-04T00:30:00+01:00,South Florida Bulls,Temple Owls,matchbook,Matchbook,2026-10-03T18:39:58Z,h2h,Temple Owls,2.96,,0.33783783783783783,0.3348314606741573,0.2
2026-10-03T18:40:07.327099+00:00,2026-10-03T19:40:07.327099+01:00,6338f8a71aba32414791add2d358472d,americanfootball_ncaaf,NCAAF,2026-10-03T23:30:00+00:00,2026-10-04T00:30:00+01:00,South Florida Bulls,Temple Owls,matchbook,Matchbook,2026-10-03T18:39:58Z,h2h_lay,South Florida Bulls,1.52,,0.6578947368421053,1.0,0.2
2026-10-03T18:40:07.327099+00:00,2026-10-03T19:40:07.327099+01:00,6338f8a71aba32414791add2d358472d,americanfootball_ncaaf,NCAAF,2026-10-03T23:30:00+00:00,2026-10-04T00:30:00+01:00,South Florida Bulls,Temple Owls,matchbook,Matchbook,2026-10-03T18:39:58Z,h2h_lay,Temple Owls,3.05,,0.3278688524590164,1.0,0.2
2026-10-03T18:40:07.327099+00:00,2026-10-03T19:40:07.327099+01:00,f981648dba0e71d8517d47d31aa2633d,americanfootball_ncaaf,NCAAF,2026-10-03T23:30:00+00:00,2026-10-04T00:30:00+01:00,USC Trojans,Washington Huskies,unibet_uk,Unibet (UK),2026-10-03T18:39:26Z,h2h,USC Trojans,1.32,,0.7575757575757576,0.7232704402515724,0.2
2026-10-03T18:40:07.327099+00:00,2026-10-03T19:40:07.327099+01:00,f981648dba0e71d8517d47d31aa2633d,americanfootball_ncaaf,NCAAF,2026-10-03T23:30:00+00:00,2026-10-04T00:30:00+01:00,USC Trojans,Washington Huskies,unibet_uk,Unibet (UK),2026-10-03T18:39:26Z,h2h,Washington Huskies,3.45,,0.2898550724637681,0.2767295597484277,0.2
2026-10-03T18:40:07.327099+00:00,2026-10-03T19:40:07.327099+01:00,f981648dba0e71d8517d47d31aa2633d,americanfootball_ncaaf,NCAAF,2026-10-03T23:30:00+00:00,2026-10-04T00:30:00+01:00,USC Trojans,Washington Huskies,ladbrokes_uk,Ladbrokes,2026-10-03T18:39:58Z,h2h,USC Trojans,1.28,,0.78125,0.7264957264957265,0.2
2026-10-03T18:40:07.327099+00:00,2026-10-03T19:40:07.327099+01:00,f981648dba0e71d8517d47d31aa2633d,americanfootball_ncaaf,NCAAF,2026-10-03T23:30:00+00:00,2026-10-04T00:30:00+01:00,USC Trojans,Washington Huskies,ladbrokes_uk,Ladbrokes,2026-10-03T18:39:58Z,h2h,Washington Huskies,3.4,,0.29411764705882354,0.2735042735042735,0.2
2026-10-03T18:40:07.327099+00:00,2026-10-03T19:40:07.327099+01:00,f981648dba0e71d8517d47d31aa2633d,americanfootball_ncaaf,NCAAF,2026-10-03T23:30:00+00:00,2026-10-04T00:30:00+01:00,USC Trojans,Washington Huskies,coral,Coral,2026-10-03T18:39:58Z,h2h,USC Trojans,1.28,,0.78125,0.7264957264957265,0.2
2026-10-03T18:40:07.327099+00:00,2026-10-03T19:40:07.327099+01:00,f981648dba0e71d8517d47d31aa2633d,americanfootball_ncaaf,NCAAF,2026-10-03T23:30:00+00:00,2026-10-04T00:30:00+01:00,USC Trojans,Washington Huskies,coral,Coral,2026-10-03T18:39:58Z,h2h,Washington Huskies,3.4,,0.29411764705882354,0.2735042735042735,0.2
2026-10-03T18:40:07.327099+00:00,2026-10-03T19:40:07.327099+01:00,f981648dba0e71d8517d47d31aa2633d,americanfootball_ncaaf,NCAAF,2026-10-03T23:30:00+00:00,2026-10-04T00:30:00+01:00,USC Trojans,Washington Huskies,betway,Betway,2026-10-03T18:39:23Z,h2h,USC Trojans,1.36,,0.7352941176470588,0.7049891540130152,0.2
2026-10-03T18:40:07.327099+00:00,2026-10-03T19:40:07.327099+01:00,f981648dba0e71d8517d47d31aa2633d,americanfootball_ncaaf,NCAAF,2026-10-03T23:30:00+00:00,2026-10-04T00:30:00+01:00,USC Trojans,Washington Huskies,betway,Betway,2026-10-03T18:39:23Z,h2h,Washington Huskies,3.25,,0.3076923076923077,0.29501084598698485,0.2
2026-10-03T18:40:07.327099+00:00,2026-10-03T19:40:07.327099+01:00,f981648dba0e71d8517d47d31aa2633d,americanfootball_ncaaf,NCAAF,2026-10-03T23:30:00+00:00,2026-10-04T00:30:00+01:00,USC Trojans,Washington Huskies,betfair_ex_uk,Betfair,2026-10-03T18:39:58Z,h2h,USC Trojans,1.32,,0.7575757575757576,0.7518796992481203,0.2
2026-10-03T18:40:07.327099+00:00,2026-10-03T19:40:07.327099+01:00,f981648dba0e71d8517d47d31aa2633d,americanfootball_ncaaf,NCAAF,2026-10-03T23:30:00+00:00,2026-10-04T00:30:00+01:00,USC Trojans,Washington Huskies,betfair_ex_uk,Betfair,2026-10-03T18:39:58Z,h2h,Washington Huskies,4.0,,0.25,0.2481203007518797,0.2
2026-10-03T18:40:07.327099+00:00,2026-10-03T19:40:07.327099+01:00,f981648dba0e71d8517d47d31aa2633d,americanfootball_ncaaf,NCAAF,2026-10-03T23:30:00+00:00,2026-10-04T00:30:00+01:00,USC Trojans,Washington Huskies,betfair_ex_uk,Betfair,2026-10-03T18:39:58Z,h2h_lay,USC Trojans,1.34,,0.7462686567164178,1.0,0.2
2026-10-03T18:40:07.327099+00:00,2026-10-03T19:40:07.327099+01:00,f981648dba0e71d8517d47d31aa2633d,americanfootball_ncaaf,NCAAF,2026-10-03T23:30:00+00:00,2026-10-04T00:30:00+01:00,USC Trojans,Washington Huskies,betfair_ex_uk,Betfair,2026-10-03T18:39:58Z,h2h_lay,Washington Huskies,4.2,,0.23809523809523808,1.0,0.2
2026-10-03T18:40:07.327099+00:00,2026-10-03T19:40:07.327099+01:00,f981648dba0e71d8517d47d31aa2633d,americanfootball_ncaaf,NCAAF,2026-10-03T23:30:00+00:00,2026-10-04T00:30:00+01:00,USC Trojans,Washington Huskies,matchbook,Matchbook,2026-10-03T18:39:58Z,h2h,USC Trojans,1.32,,0.7575757575757576,0.7495256166982922,0.2
2026-10-03T18:40:07.327099+00:00,2026-10-03T19:40:07.327099+01:00,f981648dba0e71d8517d47d31aa2633d,americanfootball_ncaaf,NCAAF,2026-10-03T23:30:00+00:00,2026-10-04T00:30:00+01:00,USC Trojans,Washington Huskies,matchbook,Matchbook,2026-10-03T18:39:58Z,h2h,Washington Huskies,3.95,,0.2531645569620253,0.25047438330170774,0.2
2026-10-03T18:40:07.327099+00:00,2026-10-03T19:40:07.327099+01:00,f981648dba0e71d8517d47d31aa2633d,americanfootball_ncaaf,NCAAF,2026-10-03T23:30:00+00:00,2026-10-04T00:30:00+01:00,USC Trojans,Washington Huskies,matchbook,Matchbook,2026-10-03T18:39:58Z,h2h_lay,USC Trojans,1.34,,0.7462686567164178,1.0,0.2
2026-10-03T18:40:07.327099+00:00,2026-10-03T19:40:07.327099+01:00,f981648dba0e71d8517d47d31aa2633d,americanfootball_ncaaf,NCAAF,2026-10-03T23:30:00+00:00,2026-10-04T00:30:00+01:00,USC Trojans,Washington Huskies,matchbook,Matchbook,2026-10-03T18:39:58Z,h2h_lay,Washington Huskies,4.1,,0.24390243902439027,1.0,0.2
2026-10-03T18:40:07.327099+00:00,2026-10-03T19:40:07.327099+01:00,253e389201e449a2984a194e3eebf7f8,americanfootball_ncaaf,NCAAF,2026-10-03T23:31:00+00:00,2026-10-04T00:31:00+01:00,Colorado Buffaloes,Texas Tech Red Raiders,unibet_uk,Unibet (UK),2026-10-03T18:39:26Z,h2h,Colorado Buffaloes,5.5,,0.18181818181818182,0.17293233082706766,0.2
2026-10-03T18:40:07.327099+00:00,2026-10-03T19:40:07.327099+01:00,253e389201e449a2984a194e3eebf7f8,americanfootball_ncaaf,NCAAF,2026-10-03T23:31:00+00:00,2026-10-04T00:31:00+01:00,Colorado Buffaloes,Texas Tech Red Raiders,unibet_uk,Unibet (UK),2026-10-03T18:39:26Z,h2h,Texas Tech Red Raiders,1.15,,0.8695652173913044,0.8270676691729323,0.2
2026-10-03T18:40:07.327099+00:00,2026-10-03T19:40:07.327099+01:00,253e389201e449a2984a194e3eebf7f8,americanfootball_ncaaf,NCAAF,2026-10-03T23:31:00+00:00,2026-10-04T00:31:00+01:00,Colorado Buffaloes,Texas Tech Red Raiders,coral,Coral,2026-10-03T18:39:58Z,h2h,Colorado Buffaloes,4.8,,0.20833333333333334,0.19191919191919193,0.2
2026-10-03T18:40:07.327099+00:00,2026-10-03T19:40:07.327099+01:00,253e389201e449a2984a194e3eebf7f8,americanfootball_ncaaf,NCAAF,2026-10-03T23:31:00+00:00,2026-10-04T00:31:00+01:00,Colorado Buffaloes,Texas Tech Red Raiders,coral,Coral,2026-10-03T18:39:58Z,h2h,Texas Tech Red Raiders,1.14,,0.8771929824561404,0.8080808080808082,0.2
2026-10-03T18:40:07.327099+00:00,2026-10-03T19:40:07.327099+01:00,253e389201e449a2984a194e3eebf7f8,americanfootball_ncaaf,NCAAF,2026-10-03T23:31:00+00:00,2026-10-04T00:31:00+01:00,Colorado Buffaloes,Texas Tech Red Raiders,ladbrokes_uk,Ladbrokes,2026-10-03T18:39:58Z,h2h,Colorado Buffaloes,4.8,,0.20833333333333334,0.19191919191919193,0.2
2026-10-03T18:40:07.327099+00:00,2026-10-03T19:40:07.327099+01:00,253e389201e449a2984a194e3eebf7f8,americanfootball_ncaaf,NCAAF,2026-10-03T23:31:00+00:00,2026-10-04T00:31:00+01:00,Colorado Buffaloes,Texas Tech Red Raiders,ladbrokes_uk,Ladbrokes,2026-10-03T18:39:58Z,h2h,Texas Tech Red Raiders,1.14,,0.8771929824561404,0.8080808080808082,0.2
2026-10-03T18:40:07.327099+00:00,2026-10-03T19:40:07.327099+01:00,253e389201e449a2984a194e3eebf7f8,americanfootball_ncaaf,NCAAF,2026-10-03T23:31:00+00:00,2026-10-04T00:31:00+01:00,Colorado Buffaloes,Texas Tech Red Raiders,betway,Betway,2026-10-03T18:39:23Z,h2h,Colorado Buffaloes,5.0,,0.2,0.19093851132686082,0.2
2026-10-03T18:40:07.327099+00:00,2026-10-03T19:40:07.327099+01:00,253e389201e449a2984a194e3eebf7f8,americanfootball_ncaaf,NCAAF,2026-10-03T23:31:00+00:00,2026-10-04T00:31:00+01:00,Colorado Buffaloes,Texas Tech Red Raiders,betway,Betway,2026-10-03T18:39:23Z,h2h,Texas Tech Red Raiders,1.18,,0.8474576271186441,0.8090614886731391,0.2
2026-10-03T18:40:07.327099+00:00,2026-10-03T19:40:07.327099+01:00,253e389201e449a2984a194e3eebf7f8,americanfootball_ncaaf,NCAAF,2026-10-03T23:31:00+00:00,2026-10-04T00:31:00+01:00,Colorado Buffaloes,Texas Tech Red Raiders,betfair_ex_uk,Betfair,2026-10-03T18:39:58Z,h2h,Colorado Buffaloes,5.7,,0.17543859649122806,0.17391304347826086,0.2
2026-10-03T18:40:07.327099+00:00,2026-10-03T19:40:07.327099+01:00,253e389201e449a2984a194e3eebf7f8,americanfootball_ncaaf,NCAAF,2026-10-03T23:31:00+00:00,2026-10-04T00:31:00+01:00,Colorado Buffaloes,Texas Tech Red Raiders,betfair_ex_uk,Betfair,2026-10-03T18:39:58Z,h2h,Texas Tech Red Raiders,1.2,,0.8333333333333334,0.8260869565217391,0.2
2026-10-03T18:40:07.327099+00:00,2026-10-03T19:40:07.327099+01:00,253e389201e449a2984a194e3eebf7f8,americanfootball_ncaaf,NCAAF,2026-10-03T23:31:00+00:00,2026-10-04T00:31:00+01:00,Colorado Buffaloes,Texas Tech Red Raiders,betfair_ex_uk,Betfair,2026-10-03T18:39:58Z,h2h_lay,Colorado Buffaloes,6.0,,0.16666666666666666,1.0,0.2
2026-10-03T18:40:07.327099+00:00,2026-10-03T19:40:07.327099+01:00,253e389201e449a2984a194e3eebf7f8,americanfootball_ncaaf,NCAAF,2026-10-03T23:31:00+00:00,2026-10-04T00:31:00+01:00,Colorado Buffaloes,Texas Tech Red Raiders,betfair_ex_uk,Betfair,2026-10-03T18:39:58Z,h2h_lay,Texas Tech Red Raiders,1.21,,0.8264462809917356,1.0,0.2
2026-10-03T18:40:07.327099+00:00,2026-10-03T19:40:07.327099+01:00,253e389201e449a2984a194e3eebf7f8,americanfootball_ncaaf,NCAAF,2026-10-03T23:31:00+00:00,2026-10-04T00:31:00+01:00,Colorado Buffaloes,Texas Tech Red Raiders,matchbook,Matchbook,2026-10-03T18:39:58Z,h2h,Colorado Buffaloes,5.7,,0.17543859649122806,0.17391304347826086,0.2
2026-10-03T18:40:07.327099+00:00,2026-10-03T19:40:07.327099+01:00,253e389201e449a2984a194e3eebf7f8,americanfootball_ncaaf,NCAAF,2026-10-03T23:31:00+00:00,2026-10-04T00:31:00+01:00,Colorado Buffaloes,Texas Tech Red Raiders,matchbook,Matchbook,2026-10-03T18:39:58Z,h2h,Texas Tech Red Raiders,1.2,,0.8333333333333334,0.8260869565217391,0.2
2026-10-03T18:40:07.327099+00:00,2026-10-03T19:40:07.327099+01:00,253e389201e449a2984a194e3eebf7f8,americanfootball_ncaaf,NCAAF,2026-10-03T23:31:00+00:00,2026-10-04T00:31:00+01:00,Colorado Buffaloes,Texas Tech Red Raiders,matchbook,Matchbook,2026-10-03T18:39:58Z,h2h_lay,Colorado Buffaloes,6.0,,0.16666666666666666,1.0,0.2
2026-10-03T18:40:07.327099+00:00,2026-10-03T19:40:07.327099+01:00,253e389201e449a2984a194e3eebf7f8,americanfootball_ncaaf,NCAAF,2026-10-03T23:31:00+00:00,2026-10-04T00:31:00+01:00,Colorado Buffaloes,Texas Tech Red Raiders,matchbook,Matchbook,2026-10-03T18:39:58Z,h2h_lay,Texas Tech Red Raiders,1.21,,0.8264462809917356,1.0,0.2
2026-10-03T18:40:07.327099+00:00,2026-10-03T19:40:07.327099+01:00,833bd3a9f5a0da5b303a6a4304e2c6a3,americanfootball_ncaaf,NCAAF,2026-10-03T23:45:00+00:00,2026-10-04T00:45:00+01:00,LSU Tigers,McNeese State Cowboys,betfair_ex_uk,Betfair,2026-10-03T18:39:58Z,h2h,LSU Tigers,1.01,,0.9900990099009901,0.5,0.2
2026-10-03T18:40:07.327099+00:00,2026-10-03T19:40:07.327099+01:00,833bd3a9f5a0da5b303a6a4304e2c6a3,americanfootball_ncaaf,NCAAF,2026-10-03T23:45:00+00:00,2026-10-04T00:45:00+01:00,LSU Tigers,McNeese State Cowboys,betfair_ex_uk,Betfair,2026-10-03T18:39:58Z,h2h,McNeese State Cowboys,1.01,,0.9900990099009901,0.5,0.2
2026-10-03T18:40:07.327099+00:00,2026-10-03T19:40:07.327099+01:00,833bd3a9f5a0da5b303a6a4304e2c6a3,americanfootball_ncaaf,NCAAF,2026-10-03T23:45:00+00:00,2026-10-04T00:45:00+01:00,LSU Tigers,McNeese State Cowboys,betano_uk,Betano (UK),2026-10-03T18:29:43Z,h2h,LSU Tigers,1.0,,1.0,0.9230769230769231,0.2
2026-10-03T18:40:07.327099+00:00,2026-10-03T19:40:07.327099+01:00,833bd3a9f5a0da5b303a6a4304e2c6a3,americanfootball_ncaaf,NCAAF,2026-10-03T23:45:00+00:00,2026-10-04T00:45:00+01:00,LSU Tigers,McNeese State Cowboys,betano_uk,Betano (UK),2026-10-03T18:29:43Z,h2h,McNeese State Cowboys,12.0,,0.08333333333333333,0.07692307692307693,0.2
2026-10-03T18:40:07.327099+00:00,2026-10-03T19:40:07.327099+01:00,833bd3a9f5a0da5b303a6a4304e2c6a3,americanfootball_ncaaf,NCAAF,2026-10-03T23:45:00+00:00,2026-10-04T00:45:00+01:00,LSU Tigers,McNeese State Cowboys,betvictor,Bet Victor,2026-10-03T18:30:13Z,h2h,LSU Tigers,1.0,,1.0,0.9230769230769231,0.2
2026-10-03T18:40:07.327099+00:00,2026-10-03T19:40:07.327099+01:00,833bd3a9f5a0da5b303a6a4304e2c6a3,americanfootball_ncaaf,NCAAF,2026-10-03T23:45:00+00:00,2026-10-04T00:45:00+01:00,LSU Tigers,McNeese State Cowboys,betvictor,Bet Victor,2026-10-03T18:30:13Z,h2h,McNeese State Cowboys,12.0,,0.08333333333333333,0.07692307692307693,0.2
2026-10-03T18:40:07.327099+00:00,2026-10-03T19:40:07.327099+01:00,1d3756ab74c013c39510958b5a632b74,americanfootball_ncaaf,NCAAF,2026-10-04T00:00:00+00:00,2026-10-04T01:00:00+01:00,Louisiana Ragin Cajuns,Arkansas State Red Wolves,unibet_uk,Unibet (UK),2026-10-03T18:39:26Z,h2h,Arkansas State Red Wolves,2.95,,0.3389830508474576,0.32183908045977005,0.2
2026-10-03T18:40:07.327099+00:00,2026-10-03T19:40:07.327099+01:00,1d3756ab74c013c39510958b5a632b74,americanfootball_ncaaf,NCAAF,2026-10-04T00:00:00+00:00,2026-10-04T01:00:00+01:00,Louisiana Ragin Cajuns,Arkansas State Red Wolves,unibet_uk,Unibet (UK),2026-10-03T18:39:26Z,h2h,Louisiana Ragin Cajuns,1.4,,0.7142857142857143,0.6781609195402298,0.2
2026-10-03T18:40:07.327099+00:00,2026-10-03T19:40:07.327099+01:00,1d3756ab74c013c39510958b5a632b74,americanfootball_ncaaf,NCAAF,2026-10-04T00:00:00+00:00,2026-10-04T01:00:00+01:00,Louisiana Ragin Cajuns,Arkansas State Red Wolves,ladbrokes_uk,Ladbrokes,2026-10-03T18:39:58Z,h2h,Arkansas State Red Wolves,2.7,,0.37037037037037035,0.3414634146341463,0.2
2026-10-03T18:40:07.327099+00:00,2026-10-03T19:40:07.327099+01:00,1d3756ab74c013c39510958b5a632b74,americanfootball_ncaaf,NCAAF,2026-10-04T00:00:00+00:00,2026-10-04T01:00:00+01:00,Louisiana Ragin Cajuns,Arkansas State Red Wolves,ladbrokes_uk,Ladbrokes,2026-10-03T18:39:58Z,h2h,Louisiana Ragin Cajuns,1.4,,0.7142857142857143,0.6585365853658537,0.2
2026-10-03T18:40:07.327099+00:00,2026-10-03T19:40:07.327099+01:00,1d3756ab74c013c39510958b5a632b74,americanfootball_ncaaf,NCAAF,2026-10-04T00:00:00+00:00,2026-10-04T01:00:00+01:00,Louisiana Ragin Cajuns,Arkansas State Red Wolves,betway,Betway,2026-10-03T18:39:23Z,h2h,Arkansas State Red Wolves,2.75,,0.36363636363636365,0.3498817966903074,0.2
2026-10-03T18:40:07.327099+00:00,2026-10-03T19:40:07.327099+01:00,1d3756ab74c013c39510958b5a632b74,americanfootball_ncaaf,NCAAF,2026-10-04T00:00:00+00:00,2026-10-04T01:00:00+01:00,Louisiana Ragin Cajuns,Arkansas State Red Wolves,betway,Betway,2026-10-03T18:39:23Z,h2h,Louisiana Ragin Cajuns,1.48,,0.6756756756756757,0.6501182033096927,0.2
2026-10-03T18:40:07.327099+00:00,2026-10-03T19:40:07.327099+01:00,1d3756ab74c013c39510958b5a632b74,americanfootball_ncaaf,NCAAF,2026-10-04T00:00:00+00:00,2026-10-04T01:00:00+01:00,Louisiana Ragin Cajuns,Arkansas State Red Wolves,betfair_ex_uk,Betfair,2026-10-03T18:39:58Z,h2h,Arkansas State Red Wolves,2.96,,0.33783783783783783,0.336322869955157,0.2
2026-10-03T18:40:07.327099+00:00,2026-10-03T19:40:07.327099+01:00,1d3756ab74c013c39510958b5a632b74,americanfootball_ncaaf,NCAAF,2026-10-04T00:00:00+00:00,2026-10-04T01:00:00+01:00,Louisiana Ragin Cajuns,Arkansas State Red Wolves,betfair_ex_uk,Betfair,2026-10-03T18:39:58Z,h2h,Louisiana Ragin Cajuns,1.5,,0.6666666666666666,0.6636771300448431,0.2
2026-10-03T18:40:07.327099+00:00,2026-10-03T19:40:07.327099+01:00,1d3756ab74c013c39510958b5a632b74,americanfootball_ncaaf,NCAAF,2026-10-04T00:00:00+00:00,2026-10-04T01:00:00+01:00,Louisiana Ragin Cajuns,Arkansas State Red Wolves,betfair_ex_uk,Betfair,2026-10-03T18:39:58Z,h2h_lay,Arkansas State Red Wolves,3.05,,0.3278688524590164,1.0,0.2
2026-10-03T18:40:07.327099+00:00,2026-10-03T19:40:07.327099+01:00,1d3756ab74c013c39510958b5a632b74,americanfootball_ncaaf,NCAAF,2026-10-04T00:00:00+00:00,2026-10-04T01:00:00+01:00,Louisiana Ragin Cajuns,Arkansas State Red Wolves,betfair_ex_uk,Betfair,2026-10-03T18:39:58Z,h2h_lay,Louisiana Ragin Cajuns,1.51,,0.6622516556291391,1.0,0.2
2026-10-03T18:40:07.327099+00:00,2026-10-03T19:40:07.327099+01:00,1d3756ab74c013c39510958b5a632b74,americanfootball_ncaaf,NCAAF,2026-10-04T00:00:00+00:00,2026-10-04T01:00:00+01:00,Louisiana Ragin Cajuns,Arkansas State Red Wolves,matchbook,Matchbook,2026-10-03T18:39:58Z,h2h,Arkansas State Red Wolves,2.96,,0.33783783783783783,0.336322869955157,0.2
2026-10-03T18:40:07.327099+00:00,2026-10-03T19:40:07.327099+01:00,1d3756ab74c013c39510958b5a632b74,americanfootball_ncaaf,NCAAF,2026-10-04T00:00:00+00:00,2026-10-04T01:00:00+01:00,Louisiana Ragin Cajuns,Arkansas State Red Wolves,matchbook,Matchbook,2026-10-03T18:39:58Z,h2h,Louisiana Ragin Cajuns,1.5,,0.6666666666666666,0.6636771300448431,0.2
2026-10-03T18:40:07.327099+00:00,2026-10-03T19:40:07.327099+01:00,1d3756ab74c013c39510958b5a632b74,americanfootball_ncaaf,NCAAF,2026-10-04T00:00:00+00:00,2026-10-04T01:00:00+01:00,Louisiana Ragin Cajuns,Arkansas State Red Wolves,matchbook,Matchbook,2026-10-03T18:39:58Z,h2h_lay,Arkansas State Red Wolves,3.0,,0.3333333333333333,1.0,0.2
2026-10-03T18:40:07.327099+00:00,2026-10-03T19:40:07.327099+01:00,1d3756ab74c013c39510958b5a632b74,americanfootball_ncaaf,NCAAF,2026-10-04T00:00:00+00:00,2026-10-04T01:00:00+01:00,Louisiana Ragin Cajuns,Arkansas State Red Wolves,matchbook,Matchbook,2026-10-03T18:39:58Z,h2h_lay,Louisiana Ragin Cajuns,1.51,,0.6622516556291391,1.0,0.2
2026-10-03T18:40:07.327099+00:00,2026-10-03T19:40:07.327099+01:00,1d3756ab74c013c39510958b5a632b74,americanfootball_ncaaf,NCAAF,2026-10-04T00:00:00+00:00,2026-10-04T01:00:00+01:00,Louisiana Ragin Cajuns,Arkansas State Red Wolves,coral,Coral,2026-10-03T18:39:58Z,h2h,Arkansas State Red Wolves,2.7,,0.37037037037037035,0.3414634146341463,0.2
2026-10-03T18:40:07.327099+00:00,2026-10-03T19:40:07.327099+01:00,1d3756ab74c013c39510958b5a632b74,americanfootball_ncaaf,NCAAF,2026-10-04T00:00:00+00:00,2026-10-04T01:00:00+01:00,Louisiana Ragin Cajuns,Arkansas State Red Wolves,coral,Coral,2026-10-03T18:39:58Z,h2h,Louisiana Ragin Cajuns,1.4,,0.7142857142857143,0.6585365853658537,0.2
2026-10-03T18:40:07.327099+00:00,2026-10-03T19:40:07.327099+01:00,1d3756ab74c013c39510958b5a632b74,americanfootball_ncaaf,NCAAF,2026-10-04T00:00:00+00:00,2026-10-04T01:00:00+01:00,Louisiana Ragin Cajuns,Arkansas State Red Wolves,betano_uk,Betano (UK),2026-10-03T18:39:21Z,h2h,Arkansas State Red Wolves,2.8,,0.35714285714285715,0.326923076923077,0.2
2026-10-03T18:40:07.327099+00:00,2026-10-03T19:40:07.327099+01:00,1d3756ab74c013c39510958b5a632b74,americanfootball_ncaaf,NCAAF,2026-10-04T00:00:00+00:00,2026-10-04T01:00:00+01:00,Louisiana Ragin Cajuns,Arkansas State Red Wolves,betano_uk,Betano (UK),2026-10-03T18:39:21Z,h2h,Louisiana Ragin Cajuns,1.36,,0.7352941176470588,0.6730769230769231,0.2
2026-10-03T18:40:07.327099+00:00,2026-10-03T19:40:07.327099+01:00,1d3756ab74c013c39510958b5a632b74,americanfootball_ncaaf,NCAAF,2026-10-04T00:00:00+00:00,2026-10-04T01:00:00+01:00,Louisiana Ragin Cajuns,Arkansas State Red Wolves,betvictor,Bet Victor,2026-10-03T18:37:45Z,h2h,Arkansas State Red Wolves,2.8,,0.35714285714285715,0.326923076923077,0.2
2026-10-03T18:40:07.327099+00:00,2026-10-03T19:40:07.327099+01:00,1d3756ab74c013c39510958b5a632b74,americanfootball_ncaaf,NCAAF,2026-10-04T00:00:00+00:00,2026-10-04T01:00:00+01:00,Louisiana Ragin Cajuns,Arkansas State Red Wolves,betvictor,Bet Victor,2026-10-03T18:37:45Z,h2h,Louisiana Ragin Cajuns,1.36,,0.7352941176470588,0.6730769230769231,0.2
2026-10-03T18:40:07.327099+00:00,2026-10-03T19:40:07.327099+01:00,9dcccf34095cde7b0fe36250bb5be6f6,americanfootball_ncaaf,NCAAF,2026-10-04T00:00:00+00:00,2026-10-04T01:00:00+01:00,Rutgers Scarlet Knights,Indiana Hoosiers,unibet_uk,Unibet (UK),2026-10-03T18:39:26Z,h2h,Indiana Hoosiers,1.05,,0.9523809523809523,0.9128630705394192,0.2
2026-10-03T18:40:07.327099+00:00,2026-10-03T19:40:07.327099+01:00,9dcccf34095cde7b0fe36250bb5be6f6,americanfootball_ncaaf,NCAAF,2026-10-04T00:00:00+00:00,2026-10-04T01:00:00+01:00,Rutgers Scarlet Knights,Indiana Hoosiers,unibet_uk,Unibet (UK),2026-10-03T18:39:26Z,h2h,Rutgers Scarlet Knights,11.0,,0.09090909090909091,0.08713692946058092,0.2
2026-10-03T18:40:07.327099+00:00,2026-10-03T19:40:07.327099+01:00,9dcccf34095cde7b0fe36250bb5be6f6,americanfootball_ncaaf,NCAAF,2026-10-04T00:00:00+00:00,2026-10-04T01:00:00+01:00,Rutgers Scarlet Knights,Indiana Hoosiers,betano_uk,Betano (UK),2026-10-03T18:39:21Z,h2h,Indiana Hoosiers,1.03,,0.970873786407767,0.8919202518363064,0.2
2026-10-03T18:40:07.327099+00:00,2026-10-03T19:40:07.327099+01:00,9dcccf34095cde7b0fe36250bb5be6f6,americanfootball_ncaaf,NCAAF,2026-10-04T00:00:00+00:00,2026-10-04T01:00:00+01:00,Rutgers Scarlet Knights,Indiana Hoosiers,betano_uk,Betano (UK),2026-10-03T18:39:21Z,h2h,Rutgers Scarlet Knights,8.5,,0.11764705882352941,0.10807974816369359,0.2
2026-10-03T18:40:07.327099+00:00,2026-10-03T19:40:07.327099+01:00,9dcccf34095cde7b0fe36250bb5be6f6,americanfootball_ncaaf,NCAAF,2026-10-04T00:00:00+00:00,2026-10-04T01:00:00+01:00,Rutgers Scarlet Knights,Indiana Hoosiers,betvictor,Bet Victor,2026-10-03T18:37:45Z,h2h,Indiana Hoosiers,1.03,,0.970873786407767,0.8919202518363064,0.2
2026-10-03T18:40:07.327099+00:00,2026-10-03T19:40:07.327099+01:00,9dcccf34095cde7b0fe36250bb5be6f6,americanfootball_ncaaf,NCAAF,2026-10-04T00:00:00+00:00,2026-10-04T01:00:00+01:00,Rutgers Scarlet Knights,Indiana Hoosiers,betvictor,Bet Victor,2026-10-03T18:37:45Z,h2h,Rutgers Scarlet Knights,8.5,,0.11764705882352941,0.10807974816369359,0.2
2026-10-03T18:40:07.327099+00:00,2026-10-03T19:40:07.327099+01:00,9dcccf34095cde7b0fe36250bb5be6f6,americanfootball_ncaaf,NCAAF,2026-10-04T00:00:00+00:00,2026-10-04T01:00:00+01:00,Rutgers Scarlet Knights,Indiana Hoosiers,ladbrokes_uk,Ladbrokes,2026-10-03T18:39:58Z,h2h,Indiana Hoosiers,1.03,,0.970873786407767,0.914380714879468,0.2
2026-10-03T18:40:07.327099+00:00,2026-10-03T19:40:07.327099+01:00,9dcccf34095cde7b0fe36250bb5be6f6,americanfootball_ncaaf,NCAAF,2026-10-04T00:00:00+00:00,2026-10-04T01:00:00+01:00,Rutgers Scarlet Knights,Indiana Hoosiers,ladbrokes_uk,Ladbrokes,2026-10-03T18:39:58Z,h2h,Rutgers Scarlet Knights,11.0,,0.09090909090909091,0.085619285120532,0.2
2026-10-03T18:40:07.327099+00:00,2026-10-03T19:40:07.327099+01:00,9dcccf34095cde7b0fe36250bb5be6f6,americanfootball_ncaaf,NCAAF,2026-10-04T00:00:00+00:00,2026-10-04T01:00:00+01:00,Rutgers Scarlet Knights,Indiana Hoosiers,coral,Coral,2026-10-03T18:39:58Z,h2h,Indiana Hoosiers,1.03,,0.970873786407767,0.914380714879468,0.2
2026-10-03T18:40:07.327099+00:00,2026-10-03T19:40:07.327099+01:00,9dcccf34095cde7b0fe36250bb5be6f6,americanfootball_ncaaf,NCAAF,2026-10-04T00:00:00+00:00,2026-10-04T01:00:00+01:00,Rutgers Scarlet Knights,Indiana Hoosiers,coral,Coral,2026-10-03T18:39:58Z,h2h,Rutgers Scarlet Knights,11.0,,0.09090909090909091,0.085619285120532,0.2
2026-10-03T18:40:07.327099+00:00,2026-10-03T19:40:07.327099+01:00,9dcccf34095cde7b0fe36250bb5be6f6,americanfootball_ncaaf,NCAAF,2026-10-04T00:00:00+00:00,2026-10-04T01:00:00+01:00,Rutgers Scarlet Knights,Indiana Hoosiers,betway,Betway,2026-10-03T18:39:23Z,h2h,Indiana Hoosiers,1.05,,0.9523809523809523,0.9128630705394192,0.2
2026-10-03T18:40:07.327099+00:00,2026-10-03T19:40:07.327099+01:00,9dcccf34095cde7b0fe36250bb5be6f6,americanfootball_ncaaf,NCAAF,2026-10-04T00:00:00+00:00,2026-10-04T01:00:00+01:00,Rutgers Scarlet Knights,Indiana Hoosiers,betway,Betway,2026-10-03T18:39:23Z,h2h,Rutgers Scarlet Knights,11.0,,0.09090909090909091,0.08713692946058092,0.2
2026-10-03T18:40:07.327099+00:00,2026-10-03T19:40:07.327099+01:00,9dcccf34095cde7b0fe36250bb5be6f6,americanfootball_ncaaf,NCAAF,2026-10-04T00:00:00+00:00,2026-10-04T01:00:00+01:00,Rutgers Scarlet Knights,Indiana Hoosiers,betfair_ex_uk,Betfair,2026-10-03T18:39:58Z,h2h,Indiana Hoosiers,1.06,,0.9433962264150942,0.933997509339975,0.2
2026-10-03T18:40:07.327099+00:00,2026-10-03T19:40:07.327099+01:00,9dcccf34095cde7b0fe36250bb5be6f6,americanfootball_ncaaf,NCAAF,2026-10-04T00:00:00+00:00,2026-10-04T01:00:00+01:00,Rutgers Scarlet Knights,Indiana Hoosiers,betfair_ex_uk,Betfair,2026-10-03T18:39:58Z,h2h,Rutgers Scarlet Knights,15.0,,0.06666666666666667,0.0660024906600249,0.2
2026-10-03T18:40:07.327099+00:00,2026-10-03T19:40:07.327099+01:00,9dcccf34095cde7b0fe36250bb5be6f6,americanfootball_ncaaf,NCAAF,2026-10-04T00:00:00+00:00,2026-10-04T01:00:00+01:00,Rutgers Scarlet Knights,Indiana Hoosiers,betfair_ex_uk,Betfair,2026-10-03T18:39:58Z,h2h_lay,Indiana Hoosiers,1.08,,0.9259259259259258,1.0,0.2
2026-10-03T18:40:07.327099+00:00,2026-10-03T19:40:07.327099+01:00,9dcccf34095cde7b0fe36250bb5be6f6,americanfootball_ncaaf,NCAAF,2026-10-04T00:00:00+00:00,2026-10-04T01:00:00+01:00,Rutgers Scarlet Knights,Indiana Hoosiers,betfair_ex_uk,Betfair,2026-10-03T18:39:58Z,h2h_lay,Rutgers Scarlet Knights,16.5,,0.06060606060606061,1.0,0.2
2026-10-03T18:40:07.327099+00:00,2026-10-03T19:40:07.327099+01:00,9dcccf34095cde7b0fe36250bb5be6f6,americanfootball_ncaaf,NCAAF,2026-10-04T00:00:00+00:00,2026-10-04T01:00:00+01:00,Rutgers Scarlet Knights,Indiana Hoosiers,matchbook,Matchbook,2026-10-03T18:39:58Z,h2h,Indiana Hoosiers,1.06,,0.9433962264150942,0.933997509339975,0.2
2026-10-03T18:40:07.327099+00:00,2026-10-03T19:40:07.327099+01:00,9dcccf34095cde7b0fe36250bb5be6f6,americanfootball_ncaaf,NCAAF,2026-10-04T00:00:00+00:00,2026-10-04T01:00:00+01:00,Rutgers Scarlet Knights,Indiana Hoosiers,matchbook,Matchbook,2026-10-03T18:39:58Z,h2h,Rutgers Scarlet Knights,15.0,,0.06666666666666667,0.0660024906600249,0.2
2026-10-03T18:40:07.327099+00:00,2026-10-03T19:40:07.327099+01:00,9dcccf34095cde7b0fe36250bb5be6f6,americanfootball_ncaaf,NCAAF,2026-10-04T00:00:00+00:00,2026-10-04T01:00:00+01:00,Rutgers Scarlet Knights,Indiana Hoosiers,matchbook,Matchbook,2026-10-03T18:39:58Z,h2h_lay,Indiana Hoosiers,1.08,,0.9259259259259258,1.0,0.2
2026-10-03T18:40:07.327099+00:00,2026-10-03T19:40:07.327099+01:00,9dcccf34095cde7b0fe36250bb5be6f6,americanfootball_ncaaf,NCAAF,2026-10-04T00:00:00+00:00,2026-10-04T01:00:00+01:00,Rutgers Scarlet Knights,Indiana Hoosiers,matchbook,Matchbook,2026-10-03T18:39:58Z,h2h_lay,Rutgers Scarlet Knights,17.5,,0.05714285714285714,1.0,0.2
2026-10-03T18:40:07.327099+00:00,2026-10-03T19:40:07.327099+01:00,23025b717a93bdd8f30424e90a97d68f,americanfootball_ncaaf,NCAAF,2026-10-04T01:30:00+00:00,2026-10-04T02:30:00+01:00,Washington State Cougars,Fresno State Bulldogs,unibet_uk,Unibet (UK),2026-10-03T18:39:26Z,h2h,Fresno State Bulldogs,2.04,,0.49019607843137253,0.46874999999999994,0.2
2026-10-03T18:40:07.327099+00:00,2026-10-03T19:40:07.327099+01:00,23025b717a93bdd8f30424e90a97d68f,americanfootball_ncaaf,NCAAF,2026-10-04T01:30:00+00:00,2026-10-04T02:30:00+01:00,Washington State Cougars,Fresno State Bulldogs,unibet_uk,Unibet (UK),2026-10-03T18:39:26Z,h2h,Washington State Cougars,1.8,,0.5555555555555556,0.53125,0.2
2026-10-03T18:40:07.327099+00:00,2026-10-03T19:40:07.327099+01:00,23025b717a93bdd8f30424e90a97d68f,americanfootball_ncaaf,NCAAF,2026-10-04T01:30:00+00:00,2026-10-04T02:30:00+01:00,Washington State Cougars,Fresno State Bulldogs,ladbrokes_uk,Ladbrokes,2026-10-03T18:39:58Z,h2h,Fresno State Bulldogs,1.95,,0.5128205128205129,0.47297297297297297,0.2
2026-10-03T18:40:07.327099+00:00,2026-10-03T19:40:07.327099+01:00,23025b717a93bdd8f30424e90a97d68f,americanfootball_ncaaf,NCAAF,2026-10-04T01:30:00+00:00,2026-10-04T02:30:00+01:00,Washington State Cougars,Fresno State Bulldogs,ladbrokes_uk,Ladbrokes,2026-10-03T18:39:58Z,h2h,Washington State Cougars,1.75,,0.5714285714285714,0.527027027027027,0.2
2026-10-03T18:40:07.327099+00:00,2026-10-03T19:40:07.327099+01:00,23025b717a93bdd8f30424e90a97d68f,americanfootball_ncaaf,NCAAF,2026-10-04T01:30:00+00:00,2026-10-04T02:30:00+01:00,Washington State Cougars,Fresno State Bulldogs,coral,Coral,2026-10-03T18:39:58Z,h2h,Fresno State Bulldogs,1.95,,0.5128205128205129,0.47297297297297297,0.2
2026-10-03T18:40:07.327099+00:00,2026-10-03T19:40:07.327099+01:00,23025b717a93bdd8f30424e90a97d68f,americanfootball_ncaaf,NCAAF,2026-10-04T01:30:00+00:00,2026-10-04T02:30:00+01:00,Washington State Cougars,Fresno State Bulldogs,coral,Coral,2026-10-03T18:39:58Z,h2h,Washington State Cougars,1.75,,0.5714285714285714,0.527027027027027,0.2
2026-10-03T18:40:07.327099+00:00,2026-10-03T19:40:07.327099+01:00,23025b717a93bdd8f30424e90a97d68f,americanfootball_ncaaf,NCAAF,2026-10-04T01:30:00+00:00,2026-10-04T02:30:00+01:00,Washington State Cougars,Fresno State Bulldogs,betway,Betway,2026-10-03T18:39:23Z,h2h,Fresno State Bulldogs,2.0,,0.5,0.47780678851174935,0.2
2026-10-03T18:40:07.327099+00:00,2026-10-03T19:40:07.327099+01:00,23025b717a93bdd8f30424e90a97d68f,americanfootball_ncaaf,NCAAF,2026-10-04T01:30:00+00:00,2026-10-04T02:30:00+01:00,Washington State Cougars,Fresno State Bulldogs,betway,Betway,2026-10-03T18:39:23Z,h2h,Washington State Cougars,1.83,,0.5464480874316939,0.5221932114882506,0.2
2026-10-03T18:40:07.327099+00:00,2026-10-03T19:40:07.327099+01:00,23025b717a93bdd8f30424e90a97d68f,americanfootball_ncaaf,NCAAF,2026-10-04T01:30:00+00:00,2026-10-04T02:30:00+01:00,Washington State Cougars,Fresno State Bulldogs,betfair_ex_uk,Betfair,2026-10-03T18:39:58Z,h2h,Fresno State Bulldogs,2.16,,0.4629629629629629,0.4599999999999999,0.2
2026-10-03T18:40:07.327099+00:00,2026-10-03T19:40:07.327099+01:00,23025b717a93bdd8f30424e90a97d68f,americanfootball_ncaaf,NCAAF,2026-10-04T01:30:00+00:00,2026-10-04T02:30:00+01:00,Washington State Cougars,Fresno State Bulldogs,betfair_ex_uk,Betfair,2026-10-03T18:39:58Z,h2h,Washington State Cougars,1.84,,0.5434782608695652,0.5399999999999999,0.2
2026-10-03T18:40:07.327099+00:00,2026-10-03T19:40:07.327099+01:00,23025b717a93bdd8f30424e90a97d68f,americanfootball_ncaaf,NCAAF,2026-10-04T01:30:00+00:00,2026-10-04T02:30:00+01:00,Washington State Cougars,Fresno State Bulldogs,betfair_ex_uk,Betfair,2026-10-03T18:39:58Z,h2h_lay,Fresno State Bulldogs,2.2,,0.45454545454545453,1.0,0.2
2026-10-03T18:40:07.327099+00:00,2026-10-03T19:40:07.327099+01:00,23025b717a93bdd8f30424e90a97d68f,americanfootball_ncaaf,NCAAF,2026-10-04T01:30:00+00:00,2026-10-04T02:30:00+01:00,Washington State Cougars,Fresno State Bulldogs,betfair_ex_uk,Betfair,2026-10-03T18:39:58Z,h2h_lay,Washington State Cougars,1.87,,0.53475935828877,1.0,0.2
2026-10-03T18:40:07.327099+00:00,2026-10-03T19:40:07.327099+01:00,23025b717a93bdd8f30424e90a97d68f,americanfootball_ncaaf,NCAAF,2026-10-04T01:30:00+00:00,2026-10-04T02:30:00+01:00,Washington State Cougars,Fresno State Bulldogs,betano_uk,Betano (UK),2026-10-03T18:39:21Z,h2h,Fresno State Bulldogs,1.95,,0.5128205128205129,0.47297297297297297,0.2
2026-10-03T18:40:07.327099+00:00,2026-10-03T19:40:07.327099+01:00,23025b717a93bdd8f30424e90a97d68f,americanfootball_ncaaf,NCAAF,2026-10-04T01:30:00+00:00,2026-10-04T02:30:00+01:00,Washington State Cougars,Fresno State Bulldogs,betano_uk,Betano (UK),2026-10-03T18:39:21Z,h2h,Washington State Cougars,1.75,,0.5714285714285714,0.527027027027027,0.2
2026-10-03T18:40:07.327099+00:00,2026-10-03T19:40:07.327099+01:00,23025b717a93bdd8f30424e90a97d68f,americanfootball_ncaaf,NCAAF,2026-10-04T01:30:00+00:00,2026-10-04T02:30:00+01:00,Washington State Cougars,Fresno State Bulldogs,betvictor,Bet Victor,2026-10-03T18:37:45Z,h2h,Fresno State Bulldogs,1.95,,0.5128205128205129,0.47297297297297297,0.2
2026-10-03T18:40:07.327099+00:00,2026-10-03T19:40:07.327099+01:00,23025b717a93bdd8f30424e90a97d68f,americanfootball_ncaaf,NCAAF,2026-10-04T01:30:00+00:00,2026-10-04T02:30:00+01:00,Washington State Cougars,Fresno State Bulldogs,betvictor,Bet Victor,2026-10-03T18:37:45Z,h2h,Washington State Cougars,1.75,,0.5714285714285714,0.527027027027027,0.2
2026-10-03T18:40:07.327099+00:00,2026-10-03T19:40:07.327099+01:00,4ec93b02d04c2a019ebd6f4ccd9f7af5,americanfootball_ncaaf,NCAAF,2026-10-04T02:30:00+00:00,2026-10-04T03:30:00+01:00,Arizona State Sun Devils,Baylor Bears,unibet_uk,Unibet (UK),2026-10-03T18:39:26Z,h2h,Arizona State Sun Devils,1.52,,0.6578947368421053,0.6265356265356266,0.2
2026-10-03T18:40:07.327099+00:00,2026-10-03T19:40:07.327099+01:00,4ec93b02d04c2a019ebd6f4ccd9f7af5,americanfootball_ncaaf,NCAAF,2026-10-04T02:30:00+00:00,2026-10-04T03:30:00+01:00,Arizona State Sun Devils,Baylor Bears,unibet_uk,Unibet (UK),2026-10-03T18:39:26Z,h2h,Baylor Bears,2.55,,0.3921568627450981,0.3734643734643735,0.2
2026-10-03T18:40:07.327099+00:00,2026-10-03T19:40:07.327099+01:00,4ec93b02d04c2a019ebd6f4ccd9f7af5,americanfootball_ncaaf,NCAAF,2026-10-04T02:30:00+00:00,2026-10-04T03:30:00+01:00,Arizona State Sun Devils,Baylor Bears,betano_uk,Betano (UK),2026-10-03T18:39:21Z,h2h,Arizona State Sun Devils,1.5,,0.6666666666666666,0.6202531645569621,0.2
2026-10-03T18:40:07.327099+00:00,2026-10-03T19:40:07.327099+01:00,4ec93b02d04c2a019ebd6f4ccd9f7af5,americanfootball_ncaaf,NCAAF,2026-10-04T02:30:00+00:00,2026-10-04T03:30:00+01:00,Arizona State Sun Devils,Baylor Bears,betano_uk,Betano (UK),2026-10-03T18:39:21Z,h2h,Baylor Bears,2.45,,0.4081632653061224,0.379746835443038,0.2
2026-10-03T18:40:07.327099+00:00,2026-10-03T19:40:07.327099+01:00,4ec93b02d04c2a019ebd6f4ccd9f7af5,americanfootball_ncaaf,NCAAF,2026-10-04T02:30:00+00:00,2026-10-04T03:30:00+01:00,Arizona State Sun Devils,Baylor Bears,betvictor,Bet Victor,2026-10-03T18:37:45Z,h2h,Arizona State Sun Devils,1.5,,0.6666666666666666,0.6202531645569621,0.2
2026-10-03T18:40:07.327099+00:00,2026-10-03T19:40:07.327099+01:00,4ec93b02d04c2a019ebd6f4ccd9f7af5,americanfootball_ncaaf,NCAAF,2026-10-04T02:30:00+00:00,2026-10-04T03:30:00+01:00,Arizona State Sun Devils,Baylor Bears,betvictor,Bet Victor,2026-10-03T18:37:45Z,h2h,Baylor Bears,2.45,,0.4081632653061224,0.379746835443038,0.2
2026-10-03T18:40:07.327099+00:00,2026-10-03T19:40:07.327099+01:00,4ec93b02d04c2a019ebd6f4ccd9f7af5,americanfootball_ncaaf,NCAAF,2026-10-04T02:30:00+00:00,2026-10-04T03:30:00+01:00,Arizona State Sun Devils,Baylor Bears,coral,Coral,2026-10-03T18:39:58Z,h2h,Arizona State Sun Devils,1.55,,0.6451612903225806,0.5974025974025974,0.2
2026-10-03T18:40:07.327099+00:00,2026-10-03T19:40:07.327099+01:00,4ec93b02d04c2a019ebd6f4ccd9f7af5,americanfootball_ncaaf,NCAAF,2026-10-04T02:30:00+00:00,2026-10-04T03:30:00+01:00,Arizona State Sun Devils,Baylor Bears,coral,Coral,2026-10-03T18:39:58Z,h2h,Baylor Bears,2.3,,0.4347826086956522,0.4025974025974026,0.2
2026-10-03T18:40:07.327099+00:00,2026-10-03T19:40:07.327099+01:00,4ec93b02d04c2a019ebd6f4ccd9f7af5,americanfootball_ncaaf,NCAAF,2026-10-04T02:30:00+00:00,2026-10-04T03:30:00+01:00,Arizona State Sun Devils,Baylor Bears,ladbrokes_uk,Ladbrokes,2026-10-03T18:39:58Z,h2h,Arizona State Sun Devils,1.55,,0.6451612903225806,0.5974025974025974,0.2
2026-10-03T18:40:07.327099+00:00,2026-10-03T19:40:07.327099+01:00,4ec93b02d04c2a019ebd6f4ccd9f7af5,americanfootball_ncaaf,NCAAF,2026-10-04T02:30:00+00:00,2026-10-04T03:30:00+01:00,Arizona State Sun Devils,Baylor Bears,ladbrokes_uk,Ladbrokes,2026-10-03T18:39:58Z,h2h,Baylor Bears,2.3,,0.4347826086956522,0.4025974025974026,0.2
2026-10-03T18:40:07.327099+00:00,2026-10-03T19:40:07.327099+01:00,4ec93b02d04c2a019ebd6f4ccd9f7af5,americanfootball_ncaaf,NCAAF,2026-10-04T02:30:00+00:00,2026-10-04T03:30:00+01:00,Arizona State Sun Devils,Baylor Bears,betway,Betway,2026-10-03T18:39:23Z,h2h,Arizona State Sun Devils,1.62,,0.6172839506172839,0.5919395465994962,0.2
2026-10-03T18:40:07.327099+00:00,2026-10-03T19:40:07.327099+01:00,4ec93b02d04c2a019ebd6f4ccd9f7af5,americanfootball_ncaaf,NCAAF,2026-10-04T02:30:00+00:00,2026-10-04T03:30:00+01:00,Arizona State Sun Devils,Baylor Bears,betway,Betway,2026-10-03T18:39:23Z,h2h,Baylor Bears,2.35,,0.425531914893617,0.4080604534005038,0.2
2026-10-03T18:40:07.327099+00:00,2026-10-03T19:40:07.327099+01:00,4ec93b02d04c2a019ebd6f4ccd9f7af5,americanfootball_ncaaf,NCAAF,2026-10-04T02:30:00+00:00,2026-10-04T03:30:00+01:00,Arizona State Sun Devils,Baylor Bears,matchbook,Matchbook,2026-10-03T18:39:58Z,h2h,Arizona State Sun Devils,1.62,,0.6172839506172839,0.6105769230769231,0.2
2026-10-03T18:40:07.327099+00:00,2026-10-03T19:40:07.327099+01:00,4ec93b02d04c2a019ebd6f4ccd9f7af5,americanfootball_ncaaf,NCAAF,2026-10-04T02:30:00+00:00,2026-10-04T03:30:00+01:00,Arizona State Sun Devils,Baylor Bears,matchbook,Matchbook,2026-10-03T18:39:58Z,h2h,Baylor Bears,2.54,,0.39370078740157477,0.389423076923077,0.2
2026-10-03T18:40:07.327099+00:00,2026-10-03T19:40:07.327099+01:00,4ec93b02d04c2a019ebd6f4ccd9f7af5,americanfootball_ncaaf,NCAAF,2026-10-04T02:30:00+00:00,2026-10-04T03:30:00+01:00,Arizona State Sun Devils,Baylor Bears,matchbook,Matchbook,2026-10-03T18:39:58Z,h2h_lay,Arizona State Sun Devils,1.65,,0.6060606060606061,1.0,0.2
2026-10-03T18:40:07.327099+00:00,2026-10-03T19:40:07.327099+01:00,4ec93b02d04c2a019ebd6f4ccd9f7af5,americanfootball_ncaaf,NCAAF,2026-10-04T02:30:00+00:00,2026-10-04T03:30:00+01:00,Arizona State Sun Devils,Baylor Bears,matchbook,Matchbook,2026-10-03T18:39:58Z,h2h_lay,Baylor Bears,2.62,,0.38167938931297707,1.0,0.2
2026-10-03T18:40:07.327099+00:00,2026-10-03T19:40:07.327099+01:00,f73081099f845f23ea7f41ef09128cdd,americanfootball_ncaaf,NCAAF,2026-10-04T02:30:00+00:00,2026-10-04T03:30:00+01:00,San Diego State Aztecs,Texas State Bobcats,unibet_uk,Unibet (UK),2026-10-03T18:39:26Z,h2h,San Diego State Aztecs,3.9,,0.25641025641025644,0.2456479690522244,0.2
2026-10-03T18:40:07.327099+00:00,2026-10-03T19:40:07.327099+01:00,f73081099f845f23ea7f41ef09128cdd,americanfootball_ncaaf,NCAAF,2026-10-04T02:30:00+00:00,2026-10-04T03:30:00+01:00,San Diego State Aztecs,Texas State Bobcats,unibet_uk,Unibet (UK),2026-10-03T18:39:26Z,h2h,Texas State Bobcats,1.27,,0.7874015748031495,0.7543520309477756,0.2
2026-10-03T18:40:07.327099+00:00,2026-10-03T19:40:07.327099+01:00,f73081099f845f23ea7f41ef09128cdd,americanfootball_ncaaf,NCAAF,2026-10-04T02:30:00+00:00,2026-10-04T03:30:00+01:00,San Diego State Aztecs,Texas State Bobcats,ladbrokes_uk,Ladbrokes,2026-10-03T18:39:58Z,h2h,San Diego State Aztecs,3.6,,0.2777777777777778,0.25773195876288657,0.2
2026-10-03T18:40:07.327099+00:00,2026-10-03T19:40:07.327099+01:00,f73081099f845f23ea7f41ef09128cdd,americanfootball_ncaaf,NCAAF,2026-10-04T02:30:00+00:00,2026-10-04T03:30:00+01:00,San Diego State Aztecs,Texas State Bobcats,ladbrokes_uk,Ladbrokes,2026-10-03T18:39:58Z,h2h,Texas State Bobcats,1.25,,0.8,0.7422680412371133,0.2
2026-10-03T18:40:07.327099+00:00,2026-10-03T19:40:07.327099+01:00,f73081099f845f23ea7f41ef09128cdd,americanfootball_ncaaf,NCAAF,2026-10-04T02:30:00+00:00,2026-10-04T03:30:00+01:00,San Diego State Aztecs,Texas State Bobcats,betway,Betway,2026-10-03T18:39:23Z,h2h,San Diego State Aztecs,3.75,,0.26666666666666666,0.25595238095238093,0.2
2026-10-03T18:40:07.327099+00:00,2026-10-03T19:40:07.327099+01:00,f73081099f845f23ea7f41ef09128cdd,americanfootball_ncaaf,NCAAF,2026-10-04T02:30:00+00:00,2026-10-04T03:30:00+01:00,San Diego State Aztecs,Texas State Bobcats,betway,Betway,2026-10-03T18:39:23Z,h2h,Texas State Bobcats,1.29,,0.7751937984496123,0.744047619047619,0.2
2026-10-03T18:40:07.327099+00:00,2026-10-03T19:40:07.327099+01:00,f73081099f845f23ea7f41ef09128cdd,americanfootball_ncaaf,NCAAF,2026-10-04T02:30:00+00:00,2026-10-04T03:30:00+01:00,San Diego State Aztecs,Texas State Bobcats,coral,Coral,2026-10-03T18:39:58Z,h2h,San Diego State Aztecs,3.6,,0.2777777777777778,0.25773195876288657,0.2
2026-10-03T18:40:07.327099+00:00,2026-10-03T19:40:07.327099+01:00,f73081099f845f23ea7f41ef09128cdd,americanfootball_ncaaf,NCAAF,2026-10-04T02:30:00+00:00,2026-10-04T03:30:00+01:00,San Diego State Aztecs,Texas State Bobcats,coral,Coral,2026-10-03T18:39:58Z,h2h,Texas State Bobcats,1.25,,0.8,0.7422680412371133,0.2
2026-10-03T18:40:07.327099+00:00,2026-10-03T19:40:07.327099+01:00,f73081099f845f23ea7f41ef09128cdd,americanfootball_ncaaf,NCAAF,2026-10-04T02:30:00+00:00,2026-10-04T03:30:00+01:00,San Diego State Aztecs,Texas State Bobcats,betano_uk,Betano (UK),2026-10-03T18:39:21Z,h2h,San Diego State Aztecs,3.6,,0.2777777777777778,0.2531120331950208,0.2
2026-10-03T18:40:07.327099+00:00,2026-10-03T19:40:07.327099+01:00,f73081099f845f23ea7f41ef09128cdd,americanfootball_ncaaf,NCAAF,2026-10-04T02:30:00+00:00,2026-10-04T03:30:00+01:00,San Diego State Aztecs,Texas State Bobcats,betano_uk,Betano (UK),2026-10-03T18:39:21Z,h2h,Texas State Bobcats,1.22,,0.819672131147541,0.7468879668049794,0.2
2026-10-03T18:40:07.327099+00:00,2026-10-03T19:40:07.327099+01:00,f73081099f845f23ea7f41ef09128cdd,americanfootball_ncaaf,NCAAF,2026-10-04T02:30:00+00:00,2026-10-04T03:30:00+01:00,San Diego State Aztecs,Texas State Bobcats,betvictor,Bet Victor,2026-10-03T18:37:45Z,h2h,San Diego State Aztecs,3.6,,0.2777777777777778,0.2531120331950208,0.2
2026-10-03T18:40:07.327099+00:00,2026-10-03T19:40:07.327099+01:00,f73081099f845f23ea7f41ef09128cdd,americanfootball_ncaaf,NCAAF,2026-10-04T02:30:00+00:00,2026-10-04T03:30:00+01:00,San Diego State Aztecs,Texas State Bobcats,betvictor,Bet Victor,2026-10-03T18:37:45Z,h2h,Texas State Bobcats,1.22,,0.819672131147541,0.7468879668049794,0.2
2026-10-03T18:40:07.327099+00:00,2026-10-03T19:40:07.327099+01:00,63dded0ee467d6f6d03c41673569238d,americanfootball_ncaaf,NCAAF,2026-10-04T03:00:00+00:00,2026-10-04T04:00:00+01:00,Arizona Wildcats,Cincinnati Bearcats,betano_uk,Betano (UK),2026-10-03T18:39:21Z,h2h,Arizona Wildcats,1.33,,0.7518796992481203,0.6855791962174941,0.2
2026-10-03T18:40:07.327099+00:00,2026-10-03T19:40:07.327099+01:00,63dded0ee467d6f6d03c41673569238d,americanfootball_ncaaf,NCAAF,2026-10-04T03:00:00+00:00,2026-10-04T04:00:00+01:00,Arizona Wildcats,Cincinnati Bearcats,betano_uk,Betano (UK),2026-10-03T18:39:21Z,h2h,Cincinnati Bearcats,2.9,,0.3448275862068966,0.3144208037825059,0.2
2026-10-03T18:40:07.327099+00:00,2026-10-03T19:40:07.327099+01:00,63dded0ee467d6f6d03c41673569238d,americanfootball_ncaaf,NCAAF,2026-10-04T03:00:00+00:00,2026-10-04T04:00:00+01:00,Arizona Wildcats,Cincinnati Bearcats,unibet_uk,Unibet (UK),2026-10-03T18:39:26Z,h2h,Arizona Wildcats,1.37,,0.7299270072992701,0.6935123042505593,0.2
2026-10-03T18:40:07.327099+00:00,2026-10-03T19:40:07.327099+01:00,63dded0ee467d6f6d03c41673569238d,americanfootball_ncaaf,NCAAF,2026-10-04T03:00:00+00:00,2026-10-04T04:00:00+01:00,Arizona Wildcats,Cincinnati Bearcats,unibet_uk,Unibet (UK),2026-10-03T18:39:26Z,h2h,Cincinnati Bearcats,3.1,,0.3225806451612903,0.30648769574944074,0.2
2026-10-03T18:40:07.327099+00:00,2026-10-03T19:40:07.327099+01:00,63dded0ee467d6f6d03c41673569238d,americanfootball_ncaaf,NCAAF,2026-10-04T03:00:00+00:00,2026-10-04T04:00:00+01:00,Arizona Wildcats,Cincinnati Bearcats,coral,Coral,2026-10-03T18:39:58Z,h2h,Arizona Wildcats,1.36,,0.7352941176470588,0.6784869976359339,0.2
2026-10-03T18:40:07.327099+00:00,2026-10-03T19:40:07.327099+01:00,63dded0ee467d6f6d03c41673569238d,americanfootball_ncaaf,NCAAF,2026-10-04T03:00:00+00:00,2026-10-04T04:00:00+01:00,Arizona Wildcats,Cincinnati Bearcats,coral,Coral,2026-10-03T18:39:58Z,h2h,Cincinnati Bearcats,2.87,,0.3484320557491289,0.3215130023640662,0.2
2026-10-03T18:40:07.327099+00:00,2026-10-03T19:40:07.327099+01:00,63dded0ee467d6f6d03c41673569238d,americanfootball_ncaaf,NCAAF,2026-10-04T03:00:00+00:00,2026-10-04T04:00:00+01:00,Arizona Wildcats,Cincinnati Bearcats,ladbrokes_uk,Ladbrokes,2026-10-03T18:39:58Z,h2h,Arizona Wildcats,1.36,,0.7352941176470588,0.6784869976359339,0.2
2026-10-03T18:40:07.327099+00:00,2026-10-03T19:40:07.327099+01:00,63dded0ee467d6f6d03c41673569238d,americanfootball_ncaaf,NCAAF,2026-10-04T03:00:00+00:00,2026-10-04T04:00:00+01:00,Arizona Wildcats,Cincinnati Bearcats,ladbrokes_uk,Ladbrokes,2026-10-03T18:39:58Z,h2h,Cincinnati Bearcats,2.87,,0.3484320557491289,0.3215130023640662,0.2
2026-10-03T18:40:07.327099+00:00,2026-10-03T19:40:07.327099+01:00,63dded0ee467d6f6d03c41673569238d,americanfootball_ncaaf,NCAAF,2026-10-04T03:00:00+00:00,2026-10-04T04:00:00+01:00,Arizona Wildcats,Cincinnati Bearcats,betway,Betway,2026-10-03T18:39:23Z,h2h,Arizona Wildcats,1.43,,0.6993006993006994,0.6658878504672897,0.2
2026-10-03T18:40:07.327099+00:00,2026-10-03T19:40:07.327099+01:00,63dded0ee467d6f6d03c41673569238d,americanfootball_ncaaf,NCAAF,2026-10-04T03:00:00+00:00,2026-10-04T04:00:00+01:00,Arizona Wildcats,Cincinnati Bearcats,betway,Betway,2026-10-03T18:39:23Z,h2h,Cincinnati Bearcats,2.85,,0.3508771929824561,0.33411214953271023,0.2
2026-10-03T18:40:07.327099+00:00,2026-10-03T19:40:07.327099+01:00,63dded0ee467d6f6d03c41673569238d,americanfootball_ncaaf,NCAAF,2026-10-04T03:00:00+00:00,2026-10-04T04:00:00+01:00,Arizona Wildcats,Cincinnati Bearcats,matchbook,Matchbook,2026-10-03T18:39:58Z,h2h,Arizona Wildcats,1.41,,0.7092198581560284,0.7006369426751592,0.2
2026-10-03T18:40:07.327099+00:00,2026-10-03T19:40:07.327099+01:00,63dded0ee467d6f6d03c41673569238d,americanfootball_ncaaf,NCAAF,2026-10-04T03:00:00+00:00,2026-10-04T04:00:00+01:00,Arizona Wildcats,Cincinnati Bearcats,matchbook,Matchbook,2026-10-03T18:39:58Z,h2h,Cincinnati Bearcats,3.3,,0.30303030303030304,0.29936305732484075,0.2
2026-10-03T18:40:07.327099+00:00,2026-10-03T19:40:07.327099+01:00,63dded0ee467d6f6d03c41673569238d,americanfootball_ncaaf,NCAAF,2026-10-04T03:00:00+00:00,2026-10-04T04:00:00+01:00,Arizona Wildcats,Cincinnati Bearcats,matchbook,Matchbook,2026-10-03T18:39:58Z,h2h_lay,Arizona Wildcats,1.44,,0.6944444444444444,1.0,0.2
2026-10-03T18:40:07.327099+00:00,2026-10-03T19:40:07.327099+01:00,63dded0ee467d6f6d03c41673569238d,americanfootball_ncaaf,NCAAF,2026-10-04T03:00:00+00:00,2026-10-04T04:00:00+01:00,Arizona Wildcats,Cincinnati Bearcats,matchbook,Matchbook,2026-10-03T18:39:58Z,h2h_lay,Cincinnati Bearcats,3.45,,0.2898550724637681,1.0,0.2
2026-10-03T18:40:07.327099+00:00,2026-10-03T19:40:07.327099+01:00,4d9e59b57798afb31927c84e1f6dc25e,americanfootball_ncaaf,NCAAF,2026-10-04T03:59:00+00:00,2026-10-04T04:59:00+01:00,Hawaii Rainbow Warriors,San Jose State Spartans,betano_uk,Betano (UK),2026-10-03T18:39:21Z,h2h,Hawaii Rainbow Warriors,1.61,,0.6211180124223602,0.5774278215223098,0.2
2026-10-03T18:40:07.327099+00:00,2026-10-03T19:40:07.327099+01:00,4d9e59b57798afb31927c84e1f6dc25e,americanfootball_ncaaf,NCAAF,2026-10-04T03:59:00+00:00,2026-10-04T04:59:00+01:00,Hawaii Rainbow Warriors,San Jose State Spartans,betano_uk,Betano (UK),2026-10-03T18:39:21Z,h2h,San Jose State Spartans,2.2,,0.45454545454545453,0.4225721784776903,0.2
2026-10-03T18:40:07.327099+00:00,2026-10-03T19:40:07.327099+01:00,4d9e59b57798afb31927c84e1f6dc25e,americanfootball_ncaaf,NCAAF,2026-10-04T03:59:00+00:00,2026-10-04T04:59:00+01:00,Hawaii Rainbow Warriors,San Jose State Spartans,unibet_uk,Unibet (UK),2026-10-03T18:39:26Z,h2h,Hawaii Rainbow Warriors,1.65,,0.6060606060606061,0.5769230769230769,0.2
2026-10-03T18:40:07.327099+00:00,2026-10-03T19:40:07.327099+01:00,4d9e59b57798afb31927c84e1f6dc25e,americanfootball_ncaaf,NCAAF,2026-10-04T03:59:00+00:00,2026-10-04T04:59:00+01:00,Hawaii Rainbow Warriors,San Jose State Spartans,unibet_uk,Unibet (UK),2026-10-03T18:39:26Z,h2h,San Jose State Spartans,2.25,,0.4444444444444444,0.423076923076923,0.2
2026-10-03T18:40:07.327099+00:00,2026-10-03T19:40:07.327099+01:00,4d9e59b57798afb31927c84e1f6dc25e,americanfootball_ncaaf,NCAAF,2026-10-04T03:59:00+00:00,2026-10-04T04:59:00+01:00,Hawaii Rainbow Warriors,San Jose State Spartans,betvictor,Bet Victor,2026-10-03T18:37:45Z,h2h,Hawaii Rainbow Warriors,1.61,,0.6211180124223602,0.5774278215223098,0.2
2026-10-03T18:40:07.327099+00:00,2026-10-03T19:40:07.327099+01:00,4d9e59b57798afb31927c84e1f6dc25e,americanfootball_ncaaf,NCAAF,2026-10-04T03:59:00+00:00,2026-10-04T04:59:00+01:00,Hawaii Rainbow Warriors,San Jose State Spartans,betvictor,Bet Victor,2026-10-03T18:37:45Z,h2h,San Jose State Spartans,2.2,,0.45454545454545453,0.4225721784776903,0.2
2026-10-03T18:40:07.327099+00:00,2026-10-03T19:40:07.327099+01:00,4d9e59b57798afb31927c84e1f6dc25e,americanfootball_ncaaf,NCAAF,2026-10-04T03:59:00+00:00,2026-10-04T04:59:00+01:00,Hawaii Rainbow Warriors,San Jose State Spartans,coral,Coral,2026-10-03T18:39:58Z,h2h,Hawaii Rainbow Warriors,1.65,,0.6060606060606061,0.5657894736842105,0.2
2026-10-03T18:40:07.327099+00:00,2026-10-03T19:40:07.327099+01:00,4d9e59b57798afb31927c84e1f6dc25e,americanfootball_ncaaf,NCAAF,2026-10-04T03:59:00+00:00,2026-10-04T04:59:00+01:00,Hawaii Rainbow Warriors,San Jose State Spartans,coral,Coral,2026-10-03T18:39:58Z,h2h,San Jose State Spartans,2.15,,0.46511627906976744,0.43421052631578944,0.2
2026-10-03T18:40:07.327099+00:00,2026-10-03T19:40:07.327099+01:00,4d9e59b57798afb31927c84e1f6dc25e,americanfootball_ncaaf,NCAAF,2026-10-04T03:59:00+00:00,2026-10-04T04:59:00+01:00,Hawaii Rainbow Warriors,San Jose State Spartans,ladbrokes_uk,Ladbrokes,2026-10-03T18:39:58Z,h2h,Hawaii Rainbow Warriors,1.65,,0.6060606060606061,0.5657894736842105,0.2
2026-10-03T18:40:07.327099+00:00,2026-10-03T19:40:07.327099+01:00,4d9e59b57798afb31927c84e1f6dc25e,americanfootball_ncaaf,NCAAF,2026-10-04T03:59:00+00:00,2026-10-04T04:59:00+01:00,Hawaii Rainbow Warriors,San Jose State Spartans,ladbrokes_uk,Ladbrokes,2026-10-03T18:39:58Z,h2h,San Jose State Spartans,2.15,,0.46511627906976744,0.43421052631578944,0.2
2026-10-03T18:40:07.327099+00:00,2026-10-03T19:40:07.327099+01:00,4d9e59b57798afb31927c84e1f6dc25e,americanfootball_ncaaf,NCAAF,2026-10-04T03:59:00+00:00,2026-10-04T04:59:00+01:00,Hawaii Rainbow Warriors,San Jose State Spartans,betway,Betway,2026-10-03T18:39:23Z,h2h,Hawaii Rainbow Warriors,1.69,,0.591715976331361,0.5655526992287918,0.2
2026-10-03T18:40:07.327099+00:00,2026-10-03T19:40:07.327099+01:00,4d9e59b57798afb31927c84e1f6dc25e,americanfootball_ncaaf,NCAAF,2026-10-04T03:59:00+00:00,2026-10-04T04:59:00+01:00,Hawaii Rainbow Warriors,San Jose State Spartans,betway,Betway,2026-10-03T18:39:23Z,h2h,San Jose State Spartans,2.2,,0.45454545454545453,0.43444730077120824,0.2
2026-10-03T18:40:07.327099+00:00,2026-10-03T19:40:07.327099+01:00,4d9e59b57798afb31927c84e1f6dc25e,americanfootball_ncaaf,NCAAF,2026-10-04T03:59:00+00:00,2026-10-04T04:59:00+01:00,Hawaii Rainbow Warriors,San Jose State Spartans,matchbook,Matchbook,2026-10-03T18:39:58Z,h2h,Hawaii Rainbow Warriors,1.72,,0.5813953488372093,0.5742574257425743,0.2
2026-10-03T18:40:07.327099+00:00,2026-10-03T19:40:07.327099+01:00,4d9e59b57798afb31927c84e1f6dc25e,americanfootball_ncaaf,NCAAF,2026-10-04T03:59:00+00:00,2026-10-04T04:59:00+01:00,Hawaii Rainbow Warriors,San Jose State Spartans,matchbook,Matchbook,2026-10-03T18:39:58Z,h2h,San Jose State Spartans,2.32,,0.4310344827586207,0.4257425742574258,0.2
2026-10-03T18:40:07.327099+00:00,2026-10-03T19:40:07.327099+01:00,4d9e59b57798afb31927c84e1f6dc25e,americanfootball_ncaaf,NCAAF,2026-10-04T03:59:00+00:00,2026-10-04T04:59:00+01:00,Hawaii Rainbow Warriors,San Jose State Spartans,matchbook,Matchbook,2026-10-03T18:39:58Z,h2h_lay,Hawaii Rainbow Warriors,1.76,,0.5681818181818182,1.0,0.2
2026-10-03T18:40:07.327099+00:00,2026-10-03T19:40:07.327099+01:00,4d9e59b57798afb31927c84e1f6dc25e,americanfootball_ncaaf,NCAAF,2026-10-04T03:59:00+00:00,2026-10-04T04:59:00+01:00,Hawaii Rainbow Warriors,San Jose State Spartans,matchbook,Matchbook,2026-10-03T18:39:58Z,h2h_lay,San Jose State Spartans,2.38,,0.42016806722689076,1.0,0.2
2026-10-03T18:40:07.327099+00:00,2026-10-03T19:40:07.327099+01:00,c2a2587ead1d4ff683e515775469dc9b,baseball_npb,NPB,2026-10-04T09:00:00+00:00,2026-10-04T10:00:00+01:00,Chiba Lotte Marines,Tohoku Rakuten Golden Eagles,betway,Betway,2026-10-03T18:39:15Z,h2h,Chiba Lotte Marines,1.91,,0.5235602094240838,0.4851752021563342,0.2
2026-10-03T18:40:07.327099+00:00,2026-10-03T19:40:07.327099+01:00,c2a2587ead1d4ff683e515775469dc9b,baseball_npb,NPB,2026-10-04T09:00:00+00:00,2026-10-04T10:00:00+01:00,Chiba Lotte Marines,Tohoku Rakuten Golden Eagles,betway,Betway,2026-10-03T18:39:15Z,h2h,Tohoku Rakuten Golden Eagles,1.8,,0.5555555555555556,0.5148247978436657,0.2
2026-10-03T18:40:07.327099+00:00,2026-10-03T19:40:07.327099+01:00,9f59235259a6605dfa3c60d3277bb27b,baseball_npb,NPB,2026-10-04T09:00:00+00:00,2026-10-04T10:00:00+01:00,Yokohama DeNA BayStars,Hanshin Tigers,sport888,888sport,2026-10-03T18:39:46Z,h2h,Hanshin Tigers,1.85,,0.5405405405405405,0.5,0.2
2026-10-03T18:40:07.327099+00:00,2026-10-03T19:40:07.327099+01:00,9f59235259a6605dfa3c60d3277bb27b,baseball_npb,NPB,2026-10-04T09:00:00+00:00,2026-10-04T10:00:00+01:00,Yokohama DeNA BayStars,Hanshin Tigers,sport888,888sport,2026-10-03T18:39:46Z,h2h,Yokohama DeNA BayStars,1.85,,0.5405405405405405,0.5,0.2
2026-10-03T18:40:07.327099+00:00,2026-10-03T19:40:07.327099+01:00,9f59235259a6605dfa3c60d3277bb27b,baseball_npb,NPB,2026-10-04T09:00:00+00:00,2026-10-04T10:00:00+01:00,Yokohama DeNA BayStars,Hanshin Tigers,betway,Betway,2026-10-03T18:39:15Z,h2h,Hanshin Tigers,1.91,,0.5235602094240838,0.4851752021563342,0.2
2026-10-03T18:40:07.327099+00:00,2026-10-03T19:40:07.327099+01:00,9f59235259a6605dfa3c60d3277bb27b,baseball_npb,NPB,2026-10-04T09:00:00+00:00,2026-10-04T10:00:00+01:00,Yokohama DeNA BayStars,Hanshin Tigers,betway,Betway,2026-10-03T18:39:15Z,h2h,Yokohama DeNA BayStars,1.8,,0.5555555555555556,0.5148247978436657,0.2
2026-10-03T18:40:07.327099+00:00,2026-10-03T19:40:07.327099+01:00,eea2c03c619dda9decd2f4f36cde985d,baseball_npb,NPB,2026-10-04T09:00:00+00:00,2026-10-04T10:00:00+01:00,Tokyo Yakult Swallows,Hiroshima Toyo Carp,sport888,888sport,2026-10-03T18:39:46Z,h2h,Hiroshima Toyo Carp,1.57,,0.6369426751592356,0.5890052356020942,0.2
2026-10-03T18:40:07.327099+00:00,2026-10-03T19:40:07.327099+01:00,eea2c03c619dda9decd2f4f36cde985d,baseball_npb,NPB,2026-10-04T09:00:00+00:00,2026-10-04T10:00:00+01:00,Tokyo Yakult Swallows,Hiroshima Toyo Carp,sport888,888sport,2026-10-03T18:39:46Z,h2h,Tokyo Yakult Swallows,2.25,,0.4444444444444444,0.4109947643979057,0.2
2026-10-03T18:40:07.327099+00:00,2026-10-03T19:40:07.327099+01:00,eea2c03c619dda9decd2f4f36cde985d,baseball_npb,NPB,2026-10-04T09:00:00+00:00,2026-10-04T10:00:00+01:00,Tokyo Yakult Swallows,Hiroshima Toyo Carp,betway,Betway,2026-10-03T18:39:15Z,h2h,Hiroshima Toyo Carp,1.57,,0.6369426751592356,0.5890052356020942,0.2
2026-10-03T18:40:07.327099+00:00,2026-10-03T19:40:07.327099+01:00,eea2c03c619dda9decd2f4f36cde985d,baseball_npb,NPB,2026-10-04T09:00:00+00:00,2026-10-04T10:00:00+01:00,Tokyo Yakult Swallows,Hiroshima Toyo Carp,betway,Betway,2026-10-03T18:39:15Z,h2h,Tokyo Yakult Swallows,2.25,,0.4444444444444444,0.4109947643979057,0.2
2026-10-03T18:40:07.327099+00:00,2026-10-03T19:40:07.327099+01:00,1aaf70251fccfae77ddf25898cef3555,icehockey_ahl,AHL,2026-10-03T19:00:00+00:00,2026-10-03T20:00:00+01:00,Manitoba Moose,Chicago Wolves,betway,Betway,2026-10-03T18:40:04Z,h2h,Chicago Wolves,3.6,,0.2777777777777778,0.2523719165085389,0.2
2026-10-03T18:40:07.327099+00:00,2026-10-03T19:40:07.327099+01:00,1aaf70251fccfae77ddf25898cef3555,icehockey_ahl,AHL,2026-10-03T19:00:00+00:00,2026-10-03T20:00:00+01:00,Manitoba Moose,Chicago Wolves,betway,Betway,2026-10-03T18:40:04Z,h2h,Manitoba Moose,1.71,,0.5847953216374269,0.5313092979127135,0.2
2026-10-03T18:40:07.327099+00:00,2026-10-03T19:40:07.327099+01:00,1aaf70251fccfae77ddf25898cef3555,icehockey_ahl,AHL,2026-10-03T19:00:00+00:00,2026-10-03T20:00:00+01:00,Manitoba Moose,Chicago Wolves,betway,Betway,2026-10-03T18:40:04Z,h2h,Draw,4.2,,0.23809523809523808,0.21631878557874765,0.2
2026-10-03T18:40:07.327099+00:00,2026-10-03T19:40:07.327099+01:00,1aaf70251fccfae77ddf25898cef3555,icehockey_ahl,AHL,2026-10-03T19:00:00+00:00,2026-10-03T20:00:00+01:00,Manitoba Moose,Chicago Wolves,smarkets,Smarkets,2026-10-03T18:40:03Z,h2h,Chicago Wolves,2.62,,0.38167938931297707,0.35308641975308636,0.2
2026-10-03T18:40:07.327099+00:00,2026-10-03T19:40:07.327099+01:00,1aaf70251fccfae77ddf25898cef3555,icehockey_ahl,AHL,2026-10-03T19:00:00+00:00,2026-10-03T20:00:00+01:00,Manitoba Moose,Chicago Wolves,smarkets,Smarkets,2026-10-03T18:40:03Z,h2h,Manitoba Moose,1.43,,0.6993006993006994,0.6469135802469136,0.2
2026-10-03T18:40:07.327099+00:00,2026-10-03T19:40:07.327099+01:00,1aaf70251fccfae77ddf25898cef3555,icehockey_ahl,AHL,2026-10-03T19:00:00+00:00,2026-10-03T20:00:00+01:00,Manitoba Moose,Chicago Wolves,smarkets,Smarkets,2026-10-03T18:40:03Z,h2h_lay,Chicago Wolves,3.3,,0.30303030303030304,1.0,0.2
2026-10-03T18:40:07.327099+00:00,2026-10-03T19:40:07.327099+01:00,1aaf70251fccfae77ddf25898cef3555,icehockey_ahl,AHL,2026-10-03T19:00:00+00:00,2026-10-03T20:00:00+01:00,Manitoba Moose,Chicago Wolves,smarkets,Smarkets,2026-10-03T18:40:03Z,h2h_lay,Manitoba Moose,1.67,,0.5988023952095809,1.0,0.2
2026-10-03T18:40:07.327099+00:00,2026-10-03T19:40:07.327099+01:00,1aaf70251fccfae77ddf25898cef3555,icehockey_ahl,AHL,2026-10-03T19:00:00+00:00,2026-10-03T20:00:00+01:00,Manitoba Moose,Chicago Wolves,unibet_uk,Unibet (UK),2026-10-03T18:39:32Z,h2h,Chicago Wolves,3.7,,0.27027027027027023,0.251588097626212,0.2
2026-10-03T18:40:07.327099+00:00,2026-10-03T19:40:07.327099+01:00,1aaf70251fccfae77ddf25898cef3555,icehockey_ahl,AHL,2026-10-03T19:00:00+00:00,2026-10-03T20:00:00+01:00,Manitoba Moose,Chicago Wolves,unibet_uk,Unibet (UK),2026-10-03T18:39:32Z,h2h,Manitoba Moose,1.75,,0.5714285714285714,0.5319291206954196,0.2
2026-10-03T18:40:07.327099+00:00,2026-10-03T19:40:07.327099+01:00,1aaf70251fccfae77ddf25898cef3555,icehockey_ahl,AHL,2026-10-03T19:00:00+00:00,2026-10-03T20:00:00+01:00,Manitoba Moose,Chicago Wolves,unibet_uk,Unibet (UK),2026-10-03T18:39:32Z,h2h,Draw,4.3,,0.23255813953488372,0.21648278167836846,0.2
2026-10-03T18:40:07.327099+00:00,2026-10-03T19:40:07.327099+01:00,1aaf70251fccfae77ddf25898cef3555,icehockey_ahl,AHL,2026-10-03T19:00:00+00:00,2026-10-03T20:00:00+01:00,Manitoba Moose,Chicago Wolves,grosvenor,Grosvenor,2026-10-03T18:40:05Z,h2h,Chicago Wolves,3.2,,0.3125,0.2890386437822471,0.2
2026-10-03T18:40:07.327099+00:00,2026-10-03T19:40:07.327099+01:00,1aaf70251fccfae77ddf25898cef3555,icehockey_ahl,AHL,2026-10-03T19:00:00+00:00,2026-10-03T20:00:00+01:00,Manitoba Moose,Chicago Wolves,grosvenor,Grosvenor,2026-10-03T18:40:05Z,h2h,Manitoba Moose,1.83,,0.5464480874316939,0.5054227650837106,0.2
2026-10-03T18:40:07.327099+00:00,2026-10-03T19:40:07.327099+01:00,1aaf70251fccfae77ddf25898cef3555,icehockey_ahl,AHL,2026-10-03T19:00:00+00:00,2026-10-03T20:00:00+01:00,Manitoba Moose,Chicago Wolves,grosvenor,Grosvenor,2026-10-03T18:40:05Z,h2h,Draw,4.5,,0.2222222222222222,0.20553859113404235,0.2
2026-10-03T18:40:07.327099+00:00,2026-10-03T19:40:07.327099+01:00,1aaf70251fccfae77ddf25898cef3555,icehockey_ahl,AHL,2026-10-03T19:00:00+00:00,2026-10-03T20:00:00+01:00,Manitoba Moose,Chicago Wolves,casumo,Casumo,2026-10-03T18:39:47Z,h2h,Chicago Wolves,3.2,,0.3125,0.2890386437822471,0.2
2026-10-03T18:40:07.327099+00:00,2026-10-03T19:40:07.327099+01:00,1aaf70251fccfae77ddf25898cef3555,icehockey_ahl,AHL,2026-10-03T19:00:00+00:00,2026-10-03T20:00:00+01:00,Manitoba Moose,Chicago Wolves,casumo,Casumo,2026-10-03T18:39:47Z,h2h,Manitoba Moose,1.83,,0.5464480874316939,0.5054227650837106,0.2
2026-10-03T18:40:07.327099+00:00,2026-10-03T19:40:07.327099+01:00,1aaf70251fccfae77ddf25898cef3555,icehockey_ahl,AHL,2026-10-03T19:00:00+00:00,2026-10-03T20:00:00+01:00,Manitoba Moose,Chicago Wolves,casumo,Casumo,2026-10-03T18:39:47Z,h2h,Draw,4.5,,0.2222222222222222,0.20553859113404235,0.2
2026-10-03T18:40:07.327099+00:00,2026-10-03T19:40:07.327099+01:00,605f6145e2f56727100bfc889bd864b9,icehockey_ahl,AHL,2026-10-03T19:00:00+00:00,2026-10-03T20:00:00+01:00,Laval Rocket,Syracuse Crunch,betway,Betway,2026-10-03T18:40:04Z,h2h,Laval Rocket,2.3,,0.4347826086956522,0.3947368421052632,0.2
2026-10-03T18:40:07.327099+00:00,2026-10-03T19:40:07.327099+01:00,605f6145e2f56727100bfc889bd864b9,icehockey_ahl,AHL,2026-10-03T19:00:00+00:00,2026-10-03T20:00:00+01:00,Laval Rocket,Syracuse Crunch,betway,Betway,2026-10-03T18:40:04Z,h2h,Syracuse Crunch,2.4,,0.4166666666666667,0.37828947368421056,0.2
2026-10-03T18:40:07.327099+00:00,2026-10-03T19:40:07.327099+01:00,605f6145e2f56727100bfc889bd864b9,icehockey_ahl,AHL,2026-10-03T19:00:00+00:00,2026-10-03T20:00:00+01:00,Laval Rocket,Syracuse Crunch,betway,Betway,2026-10-03T18:40:04Z,h2h,Draw,4.0,,0.25,0.22697368421052633,0.2
2026-10-03T18:40:07.327099+00:00,2026-10-03T19:40:07.327099+01:00,605f6145e2f56727100bfc889bd864b9,icehockey_ahl,AHL,2026-10-03T19:00:00+00:00,2026-10-03T20:00:00+01:00,Laval Rocket,Syracuse Crunch,unibet_uk,Unibet (UK),2026-10-03T18:39:32Z,h2h,Laval Rocket,2.35,,0.425531914893617,0.3948894348894349,0.2
2026-10-03T18:40:07.327099+00:00,2026-10-03T19:40:07.327099+01:00,605f6145e2f56727100bfc889bd864b9,icehockey_ahl,AHL,2026-10-03T19:00:00+00:00,2026-10-03T20:00:00+01:00,Laval Rocket,Syracuse Crunch,unibet_uk,Unibet (UK),2026-10-03T18:39:32Z,h2h,Syracuse Crunch,2.45,,0.4081632653061224,0.37877149877149874,0.2
2026-10-03T18:40:07.327099+00:00,2026-10-03T19:40:07.327099+01:00,605f6145e2f56727100bfc889bd864b9,icehockey_ahl,AHL,2026-10-03T19:00:00+00:00,2026-10-03T20:00:00+01:00,Laval Rocket,Syracuse Crunch,unibet_uk,Unibet (UK),2026-10-03T18:39:32Z,h2h,Draw,4.1,,0.24390243902439027,0.22633906633906636,0.2
2026-10-03T18:40:07.327099+00:00,2026-10-03T19:40:07.327099+01:00,605f6145e2f56727100bfc889bd864b9,icehockey_ahl,AHL,2026-10-03T19:00:00+00:00,2026-10-03T20:00:00+01:00,Laval Rocket,Syracuse Crunch,grosvenor,Grosvenor,2026-10-03T18:40:05Z,h2h,Laval Rocket,2.38,,0.42016806722689076,0.38967299089927504,0.2
2026-10-03T18:40:07.327099+00:00,2026-10-03T19:40:07.327099+01:00,605f6145e2f56727100bfc889bd864b9,icehockey_ahl,AHL,2026-10-03T19:00:00+00:00,2026-10-03T20:00:00+01:00,Laval Rocket,Syracuse Crunch,grosvenor,Grosvenor,2026-10-03T18:40:05Z,h2h,Syracuse Crunch,2.35,,0.425531914893617,0.3946475397192658,0.2
2026-10-03T18:40:07.327099+00:00,2026-10-03T19:40:07.327099+01:00,605f6145e2f56727100bfc889bd864b9,icehockey_ahl,AHL,2026-10-03T19:00:00+00:00,2026-10-03T20:00:00+01:00,Laval Rocket,Syracuse Crunch,grosvenor,Grosvenor,2026-10-03T18:40:05Z,h2h,Draw,4.3,,0.23255813953488372,0.2156794693814592,0.2
2026-10-03T18:40:07.327099+00:00,2026-10-03T19:40:07.327099+01:00,605f6145e2f56727100bfc889bd864b9,icehockey_ahl,AHL,2026-10-03T19:00:00+00:00,2026-10-03T20:00:00+01:00,Laval Rocket,Syracuse Crunch,casumo,Casumo,2026-10-03T18:39:47Z,h2h,Laval Rocket,2.38,,0.42016806722689076,0.38967299089927504,0.2
2026-10-03T18:40:07.327099+00:00,2026-10-03T19:40:07.327099+01:00,605f6145e2f56727100bfc889bd864b9,icehockey_ahl,AHL,2026-10-03T19:00:00+00:00,2026-10-03T20:00:00+01:00,Laval Rocket,Syracuse Crunch,casumo,Casumo,2026-10-03T18:39:47Z,h2h,Syracuse Crunch,2.35,,0.425531914893617,0.3946475397192658,0.2
2026-10-03T18:40:07.327099+00:00,2026-10-03T19:40:07.327099+01:00,605f6145e2f56727100bfc889bd864b9,icehockey_ahl,AHL,2026-10-03T19:00:00+00:00,2026-10-03T20:00:00+01:00,Laval Rocket,Syracuse Crunch,casumo,Casumo,2026-10-03T18:39:47Z,h2h,Draw,4.3,,0.23255813953488372,0.2156794693814592,0.2
2026-10-03T18:40:07.327099+00:00,2026-10-03T19:40:07.327099+01:00,9b768408926ec65f1b1f2bc2bd86bc5a,icehockey_ahl,AHL,2026-10-03T20:00:00+00:00,2026-10-03T21:00:00+01:00,Toronto Marlies,Hamilton Hammers,casumo,Casumo,2026-10-03T18:39:47Z,h2h,Hamilton Hammers,1.89,,0.5291005291005292,0.49027487542195786,0.2
2026-10-03T18:40:07.327099+00:00,2026-10-03T19:40:07.327099+01:00,9b768408926ec65f1b1f2bc2bd86bc5a,icehockey_ahl,AHL,2026-10-03T20:00:00+00:00,2026-10-03T21:00:00+01:00,Toronto Marlies,Hamilton Hammers,casumo,Casumo,2026-10-03T18:39:47Z,h2h,Toronto Marlies,3.05,,0.3278688524590164,0.3038096769008198,0.2
2026-10-03T18:40:07.327099+00:00,2026-10-03T19:40:07.327099+01:00,9b768408926ec65f1b1f2bc2bd86bc5a,icehockey_ahl,AHL,2026-10-03T20:00:00+00:00,2026-10-03T21:00:00+01:00,Toronto Marlies,Hamilton Hammers,casumo,Casumo,2026-10-03T18:39:47Z,h2h,Draw,4.5,,0.2222222222222222,0.20591544767722225,0.2
2026-10-03T18:40:07.327099+00:00,2026-10-03T19:40:07.327099+01:00,9b768408926ec65f1b1f2bc2bd86bc5a,icehockey_ahl,AHL,2026-10-03T20:00:00+00:00,2026-10-03T21:00:00+01:00,Toronto Marlies,Hamilton Hammers,grosvenor,Grosvenor,2026-10-03T18:40:05Z,h2h,Hamilton Hammers,1.89,,0.5291005291005292,0.49027487542195786,0.2
2026-10-03T18:40:07.327099+00:00,2026-10-03T19:40:07.327099+01:00,9b768408926ec65f1b1f2bc2bd86bc5a,icehockey_ahl,AHL,2026-10-03T20:00:00+00:00,2026-10-03T21:00:00+01:00,Toronto Marlies,Hamilton Hammers,grosvenor,Grosvenor,2026-10-03T18:40:05Z,h2h,Toronto Marlies,3.05,,0.3278688524590164,0.3038096769008198,0.2
2026-10-03T18:40:07.327099+00:00,2026-10-03T19:40:07.327099+01:00,9b768408926ec65f1b1f2bc2bd86bc5a,icehockey_ahl,AHL,2026-10-03T20:00:00+00:00,2026-10-03T21:00:00+01:00,Toronto Marlies,Hamilton Hammers,grosvenor,Grosvenor,2026-10-03T18:40:05Z,h2h,Draw,4.5,,0.2222222222222222,0.20591544767722225,0.2
2026-10-03T18:40:07.327099+00:00,2026-10-03T19:40:07.327099+01:00,1ead04d791a9045aa597659a5b7fc929,icehockey_ahl,AHL,2026-10-03T22:00:00+00:00,2026-10-03T23:00:00+01:00,Hershey Bears,Charlotte Checkers,smarkets,Smarkets,2026-10-03T18:40:03Z,h2h,Charlotte Checkers,1.9,,0.5263157894736842,0.4864864864864864,0.2
2026-10-03T18:40:07.327099+00:00,2026-10-03T19:40:07.327099+01:00,1ead04d791a9045aa597659a5b7fc929,icehockey_ahl,AHL,2026-10-03T22:00:00+00:00,2026-10-03T23:00:00+01:00,Hershey Bears,Charlotte Checkers,smarkets,Smarkets,2026-10-03T18:40:03Z,h2h,Hershey Bears,1.8,,0.5555555555555556,0.5135135135135135,0.2
2026-10-03T18:40:07.327099+00:00,2026-10-03T19:40:07.327099+01:00,1ead04d791a9045aa597659a5b7fc929,icehockey_ahl,AHL,2026-10-03T22:00:00+00:00,2026-10-03T23:00:00+01:00,Hershey Bears,Charlotte Checkers,smarkets,Smarkets,2026-10-03T18:40:03Z,h2h_lay,Charlotte Checkers,2.32,,0.4310344827586207,1.0,0.2
2026-10-03T18:40:07.327099+00:00,2026-10-03T19:40:07.327099+01:00,1ead04d791a9045aa597659a5b7fc929,icehockey_ahl,AHL,2026-10-03T22:00:00+00:00,2026-10-03T23:00:00+01:00,Hershey Bears,Charlotte Checkers,smarkets,Smarkets,2026-10-03T18:40:03Z,h2h_lay,Hershey Bears,2.12,,0.4716981132075471,1.0,0.2
2026-10-03T18:40:07.327099+00:00,2026-10-03T19:40:07.327099+01:00,1ead04d791a9045aa597659a5b7fc929,icehockey_ahl,AHL,2026-10-03T22:00:00+00:00,2026-10-03T23:00:00+01:00,Hershey Bears,Charlotte Checkers,grosvenor,Grosvenor,2026-10-03T18:40:05Z,h2h,Charlotte Checkers,2.55,,0.3921568627450981,0.36414011478329705,0.2
2026-10-03T18:40:07.327099+00:00,2026-10-03T19:40:07.327099+01:00,1ead04d791a9045aa597659a5b7fc929,icehockey_ahl,AHL,2026-10-03T22:00:00+00:00,2026-10-03T23:00:00+01:00,Hershey Bears,Charlotte Checkers,grosvenor,Grosvenor,2026-10-03T18:40:05Z,h2h,Hershey Bears,2.3,,0.4347826086956522,0.40372056204235107,0.2
2026-10-03T18:40:07.327099+00:00,2026-10-03T19:40:07.327099+01:00,1ead04d791a9045aa597659a5b7fc929,icehockey_ahl,AHL,2026-10-03T22:00:00+00:00,2026-10-03T23:00:00+01:00,Hershey Bears,Charlotte Checkers,grosvenor,Grosvenor,2026-10-03T18:40:05Z,h2h,Draw,4.0,,0.25,0.23213932317435185,0.2
2026-10-03T18:40:07.327099+00:00,2026-10-03T19:40:07.327099+01:00,1ead04d791a9045aa597659a5b7fc929,icehockey_ahl,AHL,2026-10-03T22:00:00+00:00,2026-10-03T23:00:00+01:00,Hershey Bears,Charlotte Checkers,casumo,Casumo,2026-10-03T18:39:47Z,h2h,Charlotte Checkers,2.55,,0.3921568627450981,0.36414011478329705,0.2
2026-10-03T18:40:07.327099+00:00,2026-10-03T19:40:07.327099+01:00,1ead04d791a9045aa597659a5b7fc929,icehockey_ahl,AHL,2026-10-03T22:00:00+00:00,2026-10-03T23:00:00+01:00,Hershey Bears,Charlotte Checkers,casumo,Casumo,2026-10-03T18:39:47Z,h2h,Hershey Bears,2.3,,0.4347826086956522,0.40372056204235107,0.2
2026-10-03T18:40:07.327099+00:00,2026-10-03T19:40:07.327099+01:00,1ead04d791a9045aa597659a5b7fc929,icehockey_ahl,AHL,2026-10-03T22:00:00+00:00,2026-10-03T23:00:00+01:00,Hershey Bears,Charlotte Checkers,casumo,Casumo,2026-10-03T18:39:47Z,h2h,Draw,4.0,,0.25,0.23213932317435185,0.2
2026-10-03T18:40:07.327099+00:00,2026-10-03T19:40:07.327099+01:00,1ead04d791a9045aa597659a5b7fc929,icehockey_ahl,AHL,2026-10-03T22:00:00+00:00,2026-10-03T23:00:00+01:00,Hershey Bears,Charlotte Checkers,betway,Betway,2026-10-03T18:40:04Z,h2h,Charlotte Checkers,2.4,,0.4166666666666667,0.375,0.2
2026-10-03T18:40:07.327099+00:00,2026-10-03T19:40:07.327099+01:00,1ead04d791a9045aa597659a5b7fc929,icehockey_ahl,AHL,2026-10-03T22:00:00+00:00,2026-10-03T23:00:00+01:00,Hershey Bears,Charlotte Checkers,betway,Betway,2026-10-03T18:40:04Z,h2h,Hershey Bears,2.25,,0.4444444444444444,0.39999999999999997,0.2
2026-10-03T18:40:07.327099+00:00,2026-10-03T19:40:07.327099+01:00,1ead04d791a9045aa597659a5b7fc929,icehockey_ahl,AHL,2026-10-03T22:00:00+00:00,2026-10-03T23:00:00+01:00,Hershey Bears,Charlotte Checkers,betway,Betway,2026-10-03T18:40:04Z,h2h,Draw,4.0,,0.25,0.22499999999999998,0.2
2026-10-03T18:40:07.327099+00:00,2026-10-03T19:40:07.327099+01:00,1ead04d791a9045aa597659a5b7fc929,icehockey_ahl,AHL,2026-10-03T22:00:00+00:00,2026-10-03T23:00:00+01:00,Hershey Bears,Charlotte Checkers,unibet_uk,Unibet (UK),2026-10-03T18:39:32Z,h2h,Charlotte Checkers,2.45,,0.4081632653061224,0.3775649794801641,0.2
2026-10-03T18:40:07.327099+00:00,2026-10-03T19:40:07.327099+01:00,1ead04d791a9045aa597659a5b7fc929,icehockey_ahl,AHL,2026-10-03T22:00:00+00:00,2026-10-03T23:00:00+01:00,Hershey Bears,Charlotte Checkers,unibet_uk,Unibet (UK),2026-10-03T18:39:32Z,h2h,Hershey Bears,2.3,,0.4347826086956522,0.4021887824897401,0.2
2026-10-03T18:40:07.327099+00:00,2026-10-03T19:40:07.327099+01:00,1ead04d791a9045aa597659a5b7fc929,icehockey_ahl,AHL,2026-10-03T22:00:00+00:00,2026-10-03T23:00:00+01:00,Hershey Bears,Charlotte Checkers,unibet_uk,Unibet (UK),2026-10-03T18:39:32Z,h2h,Draw,4.2,,0.23809523809523808,0.22024623803009574,0.2
2026-10-03T18:40:07.327099+00:00,2026-10-03T19:40:07.327099+01:00,a0862f796252df62d3ea852965ebed34,icehockey_ahl,AHL,2026-10-03T22:00:00+00:00,2026-10-03T23:00:00+01:00,San Jose Barracuda,San Diego Gulls,smarkets,Smarkets,2026-10-03T18:40:03Z,h2h,San Diego Gulls,1.64,,0.6097560975609756,0.5614973262032086,0.2
2026-10-03T18:40:07.327099+00:00,2026-10-03T19:40:07.327099+01:00,a0862f796252df62d3ea852965ebed34,icehockey_ahl,AHL,2026-10-03T22:00:00+00:00,2026-10-03T23:00:00+01:00,San Jose Barracuda,San Diego Gulls,smarkets,Smarkets,2026-10-03T18:40:03Z,h2h,San Jose Barracuda,2.1,,0.47619047619047616,0.4385026737967914,0.2
2026-10-03T18:40:07.327099+00:00,2026-10-03T19:40:07.327099+01:00,a0862f796252df62d3ea852965ebed34,icehockey_ahl,AHL,2026-10-03T22:00:00+00:00,2026-10-03T23:00:00+01:00,San Jose Barracuda,San Diego Gulls,smarkets,Smarkets,2026-10-03T18:40:03Z,h2h_lay,San Diego Gulls,1.9,,0.5263157894736842,1.0,0.2
2026-10-03T18:40:07.327099+00:00,2026-10-03T19:40:07.327099+01:00,a0862f796252df62d3ea852965ebed34,icehockey_ahl,AHL,2026-10-03T22:00:00+00:00,2026-10-03T23:00:00+01:00,San Jose Barracuda,San Diego Gulls,smarkets,Smarkets,2026-10-03T18:40:03Z,h2h_lay,San Jose Barracuda,2.56,,0.390625,1.0,0.2
2026-10-03T18:40:07.327099+00:00,2026-10-03T19:40:07.327099+01:00,a0862f796252df62d3ea852965ebed34,icehockey_ahl,AHL,2026-10-03T22:00:00+00:00,2026-10-03T23:00:00+01:00,San Jose Barracuda,San Diego Gulls,betway,Betway,2026-10-03T18:40:04Z,h2h,San Diego Gulls,2.05,,0.48780487804878053,0.4428787116255662,0.2
2026-10-03T18:40:07.327099+00:00,2026-10-03T19:40:07.327099+01:00,a0862f796252df62d3ea852965ebed34,icehockey_ahl,AHL,2026-10-03T22:00:00+00:00,2026-10-03T23:00:00+01:00,San Jose Barracuda,San Diego Gulls,betway,Betway,2026-10-03T18:40:04Z,h2h,San Jose Barracuda,2.75,,0.36363636363636365,0.3301459486663311,0.2
2026-10-03T18:40:07.327099+00:00,2026-10-03T19:40:07.327099+01:00,a0862f796252df62d3ea852965ebed34,icehockey_ahl,AHL,2026-10-03T22:00:00+00:00,2026-10-03T23:00:00+01:00,San Jose Barracuda,San Diego Gulls,betway,Betway,2026-10-03T18:40:04Z,h2h,Draw,4.0,,0.25,0.22697533970810266,0.2
2026-10-03T18:40:07.327099+00:00,2026-10-03T19:40:07.327099+01:00,a0862f796252df62d3ea852965ebed34,icehockey_ahl,AHL,2026-10-03T22:00:00+00:00,2026-10-03T23:00:00+01:00,San Jose Barracuda,San Diego Gulls,casumo,Casumo,2026-10-03T18:39:47Z,h2h,San Diego Gulls,2.16,,0.4629629629629629,0.429769392033543,0.2
2026-10-03T18:40:07.327099+00:00,2026-10-03T19:40:07.327099+01:00,a0862f796252df62d3ea852965ebed34,icehockey_ahl,AHL,2026-10-03T22:00:00+00:00,2026-10-03T23:00:00+01:00,San Jose Barracuda,San Diego Gulls,casumo,Casumo,2026-10-03T18:39:47Z,h2h,San Jose Barracuda,2.7,,0.37037037037037035,0.3438155136268344,0.2
2026-10-03T18:40:07.327099+00:00,2026-10-03T19:40:07.327099+01:00,a0862f796252df62d3ea852965ebed34,icehockey_ahl,AHL,2026-10-03T22:00:00+00:00,2026-10-03T23:00:00+01:00,San Jose Barracuda,San Diego Gulls,casumo,Casumo,2026-10-03T18:39:47Z,h2h,Draw,4.1,,0.24390243902439027,0.22641509433962267,0.2
2026-10-03T18:40:07.327099+00:00,2026-10-03T19:40:07.327099+01:00,a0862f796252df62d3ea852965ebed34,icehockey_ahl,AHL,2026-10-03T22:00:00+00:00,2026-10-03T23:00:00+01:00,San Jose Barracuda,San Diego Gulls,grosvenor,Grosvenor,2026-10-03T18:40:05Z,h2h,San Diego Gulls,2.16,,0.4629629629629629,0.429769392033543,0.2
2026-10-03T18:40:07.327099+00:00,2026-10-03T19:40:07.327099+01:00,a0862f796252df62d3ea852965ebed34,icehockey_ahl,AHL,2026-10-03T22:00:00+00:00,2026-10-03T23:00:00+01:00,San Jose Barracuda,San Diego Gulls,grosvenor,Grosvenor,2026-10-03T18:40:05Z,h2h,San Jose Barracuda,2.7,,0.37037037037037035,0.3438155136268344,0.2
2026-10-03T18:40:07.327099+00:00,2026-10-03T19:40:07.327099+01:00,a0862f796252df62d3ea852965ebed34,icehockey_ahl,AHL,2026-10-03T22:00:00+00:00,2026-10-03T23:00:00+01:00,San Jose Barracuda,San Diego Gulls,grosvenor,Grosvenor,2026-10-03T18:40:05Z,h2h,Draw,4.1,,0.24390243902439027,0.22641509433962267,0.2
2026-10-03T18:40:07.327099+00:00,2026-10-03T19:40:07.327099+01:00,a0862f796252df62d3ea852965ebed34,icehockey_ahl,AHL,2026-10-03T22:00:00+00:00,2026-10-03T23:00:00+01:00,San Jose Barracuda,San Diego Gulls,unibet_uk,Unibet (UK),2026-10-03T18:39:32Z,h2h,San Diego Gulls,2.08,,0.4807692307692307,0.44797470260502936,0.2
2026-10-03T18:40:07.327099+00:00,2026-10-03T19:40:07.327099+01:00,a0862f796252df62d3ea852965ebed34,icehockey_ahl,AHL,2026-10-03T22:00:00+00:00,2026-10-03T23:00:00+01:00,San Jose Barracuda,San Diego Gulls,unibet_uk,Unibet (UK),2026-10-03T18:39:32Z,h2h,San Jose Barracuda,2.8,,0.35714285714285715,0.3327812076494504,0.2
2026-10-03T18:40:07.327099+00:00,2026-10-03T19:40:07.327099+01:00,a0862f796252df62d3ea852965ebed34,icehockey_ahl,AHL,2026-10-03T22:00:00+00:00,2026-10-03T23:00:00+01:00,San Jose Barracuda,San Diego Gulls,unibet_uk,Unibet (UK),2026-10-03T18:39:32Z,h2h,Draw,4.25,,0.23529411764705882,0.21924408974552026,0.2
2026-10-03T18:40:07.327099+00:00,2026-10-03T19:40:07.327099+01:00,9fd806fb9e0e5ec92e13f21f49c4565b,icehockey_ahl,AHL,2026-10-03T22:05:00+00:00,2026-10-03T23:05:00+01:00,W-B/Scranton Penguins,Springfield Thunderbirds,smarkets,Smarkets,2026-10-03T18:40:03Z,h2h,Springfield Thunderbirds,1.58,,0.6329113924050632,0.5842105263157895,0.2
2026-10-03T18:40:07.327099+00:00,2026-10-03T19:40:07.327099+01:00,9fd806fb9e0e5ec92e13f21f49c4565b,icehockey_ahl,AHL,2026-10-03T22:05:00+00:00,2026-10-03T23:05:00+01:00,W-B/Scranton Penguins,Springfield Thunderbirds,smarkets,Smarkets,2026-10-03T18:40:03Z,h2h,W-B/Scranton Penguins,2.22,,0.4504504504504504,0.41578947368421054,0.2
2026-10-03T18:40:07.327099+00:00,2026-10-03T19:40:07.327099+01:00,9fd806fb9e0e5ec92e13f21f49c4565b,icehockey_ahl,AHL,2026-10-03T22:05:00+00:00,2026-10-03T23:05:00+01:00,W-B/Scranton Penguins,Springfield Thunderbirds,smarkets,Smarkets,2026-10-03T18:40:03Z,h2h_lay,Springfield Thunderbirds,1.87,,0.53475935828877,1.0,0.2
2026-10-03T18:40:07.327099+00:00,2026-10-03T19:40:07.327099+01:00,9fd806fb9e0e5ec92e13f21f49c4565b,icehockey_ahl,AHL,2026-10-03T22:05:00+00:00,2026-10-03T23:05:00+01:00,W-B/Scranton Penguins,Springfield Thunderbirds,smarkets,Smarkets,2026-10-03T18:40:03Z,h2h_lay,W-B/Scranton Penguins,2.72,,0.3676470588235294,1.0,0.2
2026-10-03T18:40:07.327099+00:00,2026-10-03T19:40:07.327099+01:00,9fd806fb9e0e5ec92e13f21f49c4565b,icehockey_ahl,AHL,2026-10-03T22:05:00+00:00,2026-10-03T23:05:00+01:00,W-B/Scranton Penguins,Springfield Thunderbirds,betway,Betway,2026-10-03T18:40:04Z,h2h,Springfield Thunderbirds,1.95,,0.5128205128205129,0.46783625730994155,0.2
2026-10-03T18:40:07.327099+00:00,2026-10-03T19:40:07.327099+01:00,9fd806fb9e0e5ec92e13f21f49c4565b,icehockey_ahl,AHL,2026-10-03T22:05:00+00:00,2026-10-03T23:05:00+01:00,W-B/Scranton Penguins,Springfield Thunderbirds,betway,Betway,2026-10-03T18:40:04Z,h2h,W-B/Scranton Penguins,3.0,,0.3333333333333333,0.3040935672514619,0.2
2026-10-03T18:40:07.327099+00:00,2026-10-03T19:40:07.327099+01:00,9fd806fb9e0e5ec92e13f21f49c4565b,icehockey_ahl,AHL,2026-10-03T22:05:00+00:00,2026-10-03T23:05:00+01:00,W-B/Scranton Penguins,Springfield Thunderbirds,betway,Betway,2026-10-03T18:40:04Z,h2h,Draw,4.0,,0.25,0.22807017543859648,0.2
2026-10-03T18:40:07.327099+00:00,2026-10-03T19:40:07.327099+01:00,9fd806fb9e0e5ec92e13f21f49c4565b,icehockey_ahl,AHL,2026-10-03T22:05:00+00:00,2026-10-03T23:05:00+01:00,W-B/Scranton Penguins,Springfield Thunderbirds,grosvenor,Grosvenor,2026-10-03T18:40:05Z,h2h,Springfield Thunderbirds,2.02,,0.49504950495049505,0.45906656465187456,0.2
2026-10-03T18:40:07.327099+00:00,2026-10-03T19:40:07.327099+01:00,9fd806fb9e0e5ec92e13f21f49c4565b,icehockey_ahl,AHL,2026-10-03T22:05:00+00:00,2026-10-03T23:05:00+01:00,W-B/Scranton Penguins,Springfield Thunderbirds,grosvenor,Grosvenor,2026-10-03T18:40:05Z,h2h,W-B/Scranton Penguins,3.0,,0.3333333333333333,0.3091048201989289,0.2
2026-10-03T18:40:07.327099+00:00,2026-10-03T19:40:07.327099+01:00,9fd806fb9e0e5ec92e13f21f49c4565b,icehockey_ahl,AHL,2026-10-03T22:05:00+00:00,2026-10-03T23:05:00+01:00,W-B/Scranton Penguins,Springfield Thunderbirds,grosvenor,Grosvenor,2026-10-03T18:40:05Z,h2h,Draw,4.0,,0.25,0.23182861514919664,0.2
2026-10-03T18:40:07.327099+00:00,2026-10-03T19:40:07.327099+01:00,9fd806fb9e0e5ec92e13f21f49c4565b,icehockey_ahl,AHL,2026-10-03T22:05:00+00:00,2026-10-03T23:05:00+01:00,W-B/Scranton Penguins,Springfield Thunderbirds,casumo,Casumo,2026-10-03T18:39:47Z,h2h,Springfield Thunderbirds,2.02,,0.49504950495049505,0.45906656465187456,0.2
2026-10-03T18:40:07.327099+00:00,2026-10-03T19:40:07.327099+01:00,9fd806fb9e0e5ec92e13f21f49c4565b,icehockey_ahl,AHL,2026-10-03T22:05:00+00:00,2026-10-03T23:05:00+01:00,W-B/Scranton Penguins,Springfield Thunderbirds,casumo,Casumo,2026-10-03T18:39:47Z,h2h,W-B/Scranton Penguins,3.0,,0.3333333333333333,0.3091048201989289,0.2
2026-10-03T18:40:07.327099+00:00,2026-10-03T19:40:07.327099+01:00,9fd806fb9e0e5ec92e13f21f49c4565b,icehockey_ahl,AHL,2026-10-03T22:05:00+00:00,2026-10-03T23:05:00+01:00,W-B/Scranton Penguins,Springfield Thunderbirds,casumo,Casumo,2026-10-03T18:39:47Z,h2h,Draw,4.0,,0.25,0.23182861514919664,0.2
2026-10-03T18:40:07.327099+00:00,2026-10-03T19:40:07.327099+01:00,9fd806fb9e0e5ec92e13f21f49c4565b,icehockey_ahl,AHL,2026-10-03T22:05:00+00:00,2026-10-03T23:05:00+01:00,W-B/Scranton Penguins,Springfield Thunderbirds,unibet_uk,Unibet (UK),2026-10-03T18:39:32Z,h2h,Springfield Thunderbirds,1.98,,0.5050505050505051,0.4666514910084225,0.2
2026-10-03T18:40:07.327099+00:00,2026-10-03T19:40:07.327099+01:00,9fd806fb9e0e5ec92e13f21f49c4565b,icehockey_ahl,AHL,2026-10-03T22:05:00+00:00,2026-10-03T23:05:00+01:00,W-B/Scranton Penguins,Springfield Thunderbirds,unibet_uk,Unibet (UK),2026-10-03T18:39:32Z,h2h,W-B/Scranton Penguins,3.0,,0.3333333333333333,0.30798998406555883,0.2
2026-10-03T18:40:07.327099+00:00,2026-10-03T19:40:07.327099+01:00,9fd806fb9e0e5ec92e13f21f49c4565b,icehockey_ahl,AHL,2026-10-03T22:05:00+00:00,2026-10-03T23:05:00+01:00,W-B/Scranton Penguins,Springfield Thunderbirds,unibet_uk,Unibet (UK),2026-10-03T18:39:32Z,h2h,Draw,4.1,,0.24390243902439027,0.22535852492601868,0.2
2026-10-03T18:40:07.327099+00:00,2026-10-03T19:40:07.327099+01:00,b45f17854ed6d9ab5d908eb1f4b9c872,icehockey_ahl,AHL,2026-10-03T23:00:00+00:00,2026-10-04T00:00:00+01:00,Calgary Wranglers,Abbotsford Canucks,smarkets,Smarkets,2026-10-03T18:40:03Z,h2h,Abbotsford Canucks,1.9,,0.5263157894736842,0.4864864864864864,0.2
2026-10-03T18:40:07.327099+00:00,2026-10-03T19:40:07.327099+01:00,b45f17854ed6d9ab5d908eb1f4b9c872,icehockey_ahl,AHL,2026-10-03T23:00:00+00:00,2026-10-04T00:00:00+01:00,Calgary Wranglers,Abbotsford Canucks,smarkets,Smarkets,2026-10-03T18:40:03Z,h2h,Calgary Wranglers,1.8,,0.5555555555555556,0.5135135135135135,0.2
2026-10-03T18:40:07.327099+00:00,2026-10-03T19:40:07.327099+01:00,b45f17854ed6d9ab5d908eb1f4b9c872,icehockey_ahl,AHL,2026-10-03T23:00:00+00:00,2026-10-04T00:00:00+01:00,Calgary Wranglers,Abbotsford Canucks,smarkets,Smarkets,2026-10-03T18:40:03Z,h2h_lay,Abbotsford Canucks,2.36,,0.42372881355932207,1.0,0.2
2026-10-03T18:40:07.327099+00:00,2026-10-03T19:40:07.327099+01:00,b45f17854ed6d9ab5d908eb1f4b9c872,icehockey_ahl,AHL,2026-10-03T23:00:00+00:00,2026-10-04T00:00:00+01:00,Calgary Wranglers,Abbotsford Canucks,smarkets,Smarkets,2026-10-03T18:40:03Z,h2h_lay,Calgary Wranglers,2.2,,0.45454545454545453,1.0,0.2
2026-10-03T18:40:07.327099+00:00,2026-10-03T19:40:07.327099+01:00,b45f17854ed6d9ab5d908eb1f4b9c872,icehockey_ahl,AHL,2026-10-03T23:00:00+00:00,2026-10-04T00:00:00+01:00,Calgary Wranglers,Abbotsford Canucks,betway,Betway,2026-10-03T18:40:04Z,h2h,Abbotsford Canucks,2.4,,0.4166666666666667,0.37906137184115524,0.2
2026-10-03T18:40:07.327099+00:00,2026-10-03T19:40:07.327099+01:00,b45f17854ed6d9ab5d908eb1f4b9c872,icehockey_ahl,AHL,2026-10-03T23:00:00+00:00,2026-10-04T00:00:00+01:00,Calgary Wranglers,Abbotsford Canucks,betway,Betway,2026-10-03T18:40:04Z,h2h,Calgary Wranglers,2.25,,0.4444444444444444,0.40433212996389883,0.2
2026-10-03T18:40:07.327099+00:00,2026-10-03T19:40:07.327099+01:00,b45f17854ed6d9ab5d908eb1f4b9c872,icehockey_ahl,AHL,2026-10-03T23:00:00+00:00,2026-10-04T00:00:00+01:00,Calgary Wranglers,Abbotsford Canucks,betway,Betway,2026-10-03T18:40:04Z,h2h,Draw,4.2,,0.23809523809523808,0.21660649819494582,0.2
2026-10-03T18:40:07.327099+00:00,2026-10-03T19:40:07.327099+01:00,b45f17854ed6d9ab5d908eb1f4b9c872,icehockey_ahl,AHL,2026-10-03T23:00:00+00:00,2026-10-04T00:00:00+01:00,Calgary Wranglers,Abbotsford Canucks,unibet_uk,Unibet (UK),2026-10-03T18:39:32Z,h2h,Abbotsford Canucks,2.45,,0.4081632653061224,0.3785458418046277,0.2
2026-10-03T18:40:07.327099+00:00,2026-10-03T19:40:07.327099+01:00,b45f17854ed6d9ab5d908eb1f4b9c872,icehockey_ahl,AHL,2026-10-03T23:00:00+00:00,2026-10-04T00:00:00+01:00,Calgary Wranglers,Abbotsford Canucks,unibet_uk,Unibet (UK),2026-10-03T18:39:32Z,h2h,Calgary Wranglers,2.3,,0.4347826086956522,0.4032336140962339,0.2
2026-10-03T18:40:07.327099+00:00,2026-10-03T19:40:07.327099+01:00,b45f17854ed6d9ab5d908eb1f4b9c872,icehockey_ahl,AHL,2026-10-03T23:00:00+00:00,2026-10-04T00:00:00+01:00,Calgary Wranglers,Abbotsford Canucks,unibet_uk,Unibet (UK),2026-10-03T18:39:32Z,h2h,Draw,4.25,,0.23529411764705882,0.21822054409913835,0.2
2026-10-03T18:40:07.327099+00:00,2026-10-03T19:40:07.327099+01:00,b45f17854ed6d9ab5d908eb1f4b9c872,icehockey_ahl,AHL,2026-10-03T23:00:00+00:00,2026-10-04T00:00:00+01:00,Calgary Wranglers,Abbotsford Canucks,grosvenor,Grosvenor,2026-10-03T18:40:05Z,h2h,Abbotsford Canucks,2.43,,0.4115226337448559,0.38146246769497033,0.2
2026-10-03T18:40:07.327099+00:00,2026-10-03T19:40:07.327099+01:00,b45f17854ed6d9ab5d908eb1f4b9c872,icehockey_ahl,AHL,2026-10-03T23:00:00+00:00,2026-10-04T00:00:00+01:00,Calgary Wranglers,Abbotsford Canucks,grosvenor,Grosvenor,2026-10-03T18:40:05Z,h2h,Calgary Wranglers,2.33,,0.4291845493562232,0.39783424742436824,0.2
2026-10-03T18:40:07.327099+00:00,2026-10-03T19:40:07.327099+01:00,b45f17854ed6d9ab5d908eb1f4b9c872,icehockey_ahl,AHL,2026-10-03T23:00:00+00:00,2026-10-04T00:00:00+01:00,Calgary Wranglers,Abbotsford Canucks,grosvenor,Grosvenor,2026-10-03T18:40:05Z,h2h,Draw,4.2,,0.23809523809523808,0.2207032848806614,0.2
2026-10-03T18:40:07.327099+00:00,2026-10-03T19:40:07.327099+01:00,b45f17854ed6d9ab5d908eb1f4b9c872,icehockey_ahl,AHL,2026-10-03T23:00:00+00:00,2026-10-04T00:00:00+01:00,Calgary Wranglers,Abbotsford Canucks,casumo,Casumo,2026-10-03T18:39:47Z,h2h,Abbotsford Canucks,2.43,,0.4115226337448559,0.38146246769497033,0.2
2026-10-03T18:40:07.327099+00:00,2026-10-03T19:40:07.327099+01:00,b45f17854ed6d9ab5d908eb1f4b9c872,icehockey_ahl,AHL,2026-10-03T23:00:00+00:00,2026-10-04T00:00:00+01:00,Calgary Wranglers,Abbotsford Canucks,casumo,Casumo,2026-10-03T18:39:47Z,h2h,Calgary Wranglers,2.33,,0.4291845493562232,0.39783424742436824,0.2
2026-10-03T18:40:07.327099+00:00,2026-10-03T19:40:07.327099+01:00,b45f17854ed6d9ab5d908eb1f4b9c872,icehockey_ahl,AHL,2026-10-03T23:00:00+00:00,2026-10-04T00:00:00+01:00,Calgary Wranglers,Abbotsford Canucks,casumo,Casumo,2026-10-03T18:39:47Z,h2h,Draw,4.2,,0.23809523809523808,0.2207032848806614,0.2
2026-10-03T18:40:07.327099+00:00,2026-10-03T19:40:07.327099+01:00,fcf30c0405cce059aa177523dbebcc46,icehockey_ahl,AHL,2026-10-03T23:05:00+00:00,2026-10-04T00:05:00+01:00,Lehigh Valley Phantoms,Hartford Wolf Pack,smarkets,Smarkets,2026-10-03T18:40:03Z,h2h,Hartford Wolf Pack,1.56,,0.641025641025641,0.5916230366492147,0.2
2026-10-03T18:40:07.327099+00:00,2026-10-03T19:40:07.327099+01:00,fcf30c0405cce059aa177523dbebcc46,icehockey_ahl,AHL,2026-10-03T23:05:00+00:00,2026-10-04T00:05:00+01:00,Lehigh Valley Phantoms,Hartford Wolf Pack,smarkets,Smarkets,2026-10-03T18:40:03Z,h2h,Lehigh Valley Phantoms,2.26,,0.4424778761061947,0.4083769633507854,0.2
2026-10-03T18:40:07.327099+00:00,2026-10-03T19:40:07.327099+01:00,fcf30c0405cce059aa177523dbebcc46,icehockey_ahl,AHL,2026-10-03T23:05:00+00:00,2026-10-04T00:05:00+01:00,Lehigh Valley Phantoms,Hartford Wolf Pack,smarkets,Smarkets,2026-10-03T18:40:03Z,h2h_lay,Hartford Wolf Pack,1.84,,0.5434782608695652,1.0,0.2
2026-10-03T18:40:07.327099+00:00,2026-10-03T19:40:07.327099+01:00,fcf30c0405cce059aa177523dbebcc46,icehockey_ahl,AHL,2026-10-03T23:05:00+00:00,2026-10-04T00:05:00+01:00,Lehigh Valley Phantoms,Hartford Wolf Pack,smarkets,Smarkets,2026-10-03T18:40:03Z,h2h_lay,Lehigh Valley Phantoms,2.78,,0.3597122302158274,1.0,0.2
2026-10-03T18:40:07.327099+00:00,2026-10-03T19:40:07.327099+01:00,fcf30c0405cce059aa177523dbebcc46,icehockey_ahl,AHL,2026-10-03T23:05:00+00:00,2026-10-04T00:05:00+01:00,Lehigh Valley Phantoms,Hartford Wolf Pack,betway,Betway,2026-10-03T18:40:04Z,h2h,Hartford Wolf Pack,1.91,,0.5235602094240838,0.4781420765027322,0.2
2026-10-03T18:40:07.327099+00:00,2026-10-03T19:40:07.327099+01:00,fcf30c0405cce059aa177523dbebcc46,icehockey_ahl,AHL,2026-10-03T23:05:00+00:00,2026-10-04T00:05:00+01:00,Lehigh Valley Phantoms,Hartford Wolf Pack,betway,Betway,2026-10-03T18:40:04Z,h2h,Lehigh Valley Phantoms,3.0,,0.3333333333333333,0.3044171220400728,0.2
2026-10-03T18:40:07.327099+00:00,2026-10-03T19:40:07.327099+01:00,fcf30c0405cce059aa177523dbebcc46,icehockey_ahl,AHL,2026-10-03T23:05:00+00:00,2026-10-04T00:05:00+01:00,Lehigh Valley Phantoms,Hartford Wolf Pack,betway,Betway,2026-10-03T18:40:04Z,h2h,Draw,4.2,,0.23809523809523808,0.21744080145719488,0.2
2026-10-03T18:40:07.327099+00:00,2026-10-03T19:40:07.327099+01:00,fcf30c0405cce059aa177523dbebcc46,icehockey_ahl,AHL,2026-10-03T23:05:00+00:00,2026-10-04T00:05:00+01:00,Lehigh Valley Phantoms,Hartford Wolf Pack,grosvenor,Grosvenor,2026-10-03T18:40:05Z,h2h,Hartford Wolf Pack,1.96,,0.5102040816326531,0.4734350341925302,0.2
2026-10-03T18:40:07.327099+00:00,2026-10-03T19:40:07.327099+01:00,fcf30c0405cce059aa177523dbebcc46,icehockey_ahl,AHL,2026-10-03T23:05:00+00:00,2026-10-04T00:05:00+01:00,Lehigh Valley Phantoms,Hartford Wolf Pack,grosvenor,Grosvenor,2026-10-03T18:40:05Z,h2h,Lehigh Valley Phantoms,3.15,,0.31746031746031744,0.29458179905312987,0.2
2026-10-03T18:40:07.327099+00:00,2026-10-03T19:40:07.327099+01:00,fcf30c0405cce059aa177523dbebcc46,icehockey_ahl,AHL,2026-10-03T23:05:00+00:00,2026-10-04T00:05:00+01:00,Lehigh Valley Phantoms,Hartford Wolf Pack,grosvenor,Grosvenor,2026-10-03T18:40:05Z,h2h,Draw,4.0,,0.25,0.2319831667543398,0.2
2026-10-03T18:40:07.327099+00:00,2026-10-03T19:40:07.327099+01:00,fcf30c0405cce059aa177523dbebcc46,icehockey_ahl,AHL,2026-10-03T23:05:00+00:00,2026-10-04T00:05:00+01:00,Lehigh Valley Phantoms,Hartford Wolf Pack,casumo,Casumo,2026-10-03T18:39:47Z,h2h,Hartford Wolf Pack,1.96,,0.5102040816326531,0.4734350341925302,0.2
2026-10-03T18:40:07.327099+00:00,2026-10-03T19:40:07.327099+01:00,fcf30c0405cce059aa177523dbebcc46,icehockey_ahl,AHL,2026-10-03T23:05:00+00:00,2026-10-04T00:05:00+01:00,Lehigh Valley Phantoms,Hartford Wolf Pack,casumo,Casumo,2026-10-03T18:39:47Z,h2h,Lehigh Valley Phantoms,3.15,,0.31746031746031744,0.29458179905312987,0.2
2026-10-03T18:40:07.327099+00:00,2026-10-03T19:40:07.327099+01:00,fcf30c0405cce059aa177523dbebcc46,icehockey_ahl,AHL,2026-10-03T23:05:00+00:00,2026-10-04T00:05:00+01:00,Lehigh Valley Phantoms,Hartford Wolf Pack,casumo,Casumo,2026-10-03T18:39:47Z,h2h,Draw,4.0,,0.25,0.2319831667543398,0.2
2026-10-03T18:40:07.327099+00:00,2026-10-03T19:40:07.327099+01:00,fcf30c0405cce059aa177523dbebcc46,icehockey_ahl,AHL,2026-10-03T23:05:00+00:00,2026-10-04T00:05:00+01:00,Lehigh Valley Phantoms,Hartford Wolf Pack,unibet_uk,Unibet (UK),2026-10-03T18:39:32Z,h2h,Hartford Wolf Pack,1.94,,0.5154639175257733,0.4791042595163294,0.2
2026-10-03T18:40:07.327099+00:00,2026-10-03T19:40:07.327099+01:00,fcf30c0405cce059aa177523dbebcc46,icehockey_ahl,AHL,2026-10-03T23:05:00+00:00,2026-10-04T00:05:00+01:00,Lehigh Valley Phantoms,Hartford Wolf Pack,unibet_uk,Unibet (UK),2026-10-03T18:39:32Z,h2h,Lehigh Valley Phantoms,3.05,,0.3278688524590164,0.30474172572514063,0.2
2026-10-03T18:40:07.327099+00:00,2026-10-03T19:40:07.327099+01:00,fcf30c0405cce059aa177523dbebcc46,icehockey_ahl,AHL,2026-10-03T23:05:00+00:00,2026-10-04T00:05:00+01:00,Lehigh Valley Phantoms,Hartford Wolf Pack,unibet_uk,Unibet (UK),2026-10-03T18:39:32Z,h2h,Draw,4.3,,0.23255813953488372,0.21615401475852997,0.2
2026-10-03T18:40:07.327099+00:00,2026-10-03T19:40:07.327099+01:00,e1f8068c6d1202cdfc72f8f37fa32f36,icehockey_ahl,AHL,2026-10-04T00:00:00+00:00,2026-10-04T01:00:00+01:00,Texas Stars,Iowa Wild,betway,Betway,2026-10-03T18:40:04Z,h2h,Iowa Wild,2.05,,0.48780487804878053,0.4428787116255662,0.2
2026-10-03T18:40:07.327099+00:00,2026-10-03T19:40:07.327099+01:00,e1f8068c6d1202cdfc72f8f37fa32f36,icehockey_ahl,AHL,2026-10-04T00:00:00+00:00,2026-10-04T01:00:00+01:00,Texas Stars,Iowa Wild,betway,Betway,2026-10-03T18:40:04Z,h2h,Texas Stars,2.75,,0.36363636363636365,0.3301459486663311,0.2
2026-10-03T18:40:07.327099+00:00,2026-10-03T19:40:07.327099+01:00,e1f8068c6d1202cdfc72f8f37fa32f36,icehockey_ahl,AHL,2026-10-04T00:00:00+00:00,2026-10-04T01:00:00+01:00,Texas Stars,Iowa Wild,betway,Betway,2026-10-03T18:40:04Z,h2h,Draw,4.0,,0.25,0.22697533970810266,0.2
2026-10-03T18:40:07.327099+00:00,2026-10-03T19:40:07.327099+01:00,e1f8068c6d1202cdfc72f8f37fa32f36,icehockey_ahl,AHL,2026-10-04T00:00:00+00:00,2026-10-04T01:00:00+01:00,Texas Stars,Iowa Wild,unibet_uk,Unibet (UK),2026-10-03T18:39:32Z,h2h,Iowa Wild,2.1,,0.47619047619047616,0.4417670682730923,0.2
2026-10-03T18:40:07.327099+00:00,2026-10-03T19:40:07.327099+01:00,e1f8068c6d1202cdfc72f8f37fa32f36,icehockey_ahl,AHL,2026-10-04T00:00:00+00:00,2026-10-04T01:00:00+01:00,Texas Stars,Iowa Wild,unibet_uk,Unibet (UK),2026-10-03T18:39:32Z,h2h,Texas Stars,2.75,,0.36363636363636365,0.3373493975903614,0.2
2026-10-03T18:40:07.327099+00:00,2026-10-03T19:40:07.327099+01:00,e1f8068c6d1202cdfc72f8f37fa32f36,icehockey_ahl,AHL,2026-10-04T00:00:00+00:00,2026-10-04T01:00:00+01:00,Texas Stars,Iowa Wild,unibet_uk,Unibet (UK),2026-10-03T18:39:32Z,h2h,Draw,4.2,,0.23809523809523808,0.22088353413654616,0.2
2026-10-03T18:40:07.327099+00:00,2026-10-03T19:40:07.327099+01:00,e1f8068c6d1202cdfc72f8f37fa32f36,icehockey_ahl,AHL,2026-10-04T00:00:00+00:00,2026-10-04T01:00:00+01:00,Texas Stars,Iowa Wild,grosvenor,Grosvenor,2026-10-03T18:40:05Z,h2h,Iowa Wild,2.35,,0.425531914893617,0.39495122196520166,0.2
2026-10-03T18:40:07.327099+00:00,2026-10-03T19:40:07.327099+01:00,e1f8068c6d1202cdfc72f8f37fa32f36,icehockey_ahl,AHL,2026-10-04T00:00:00+00:00,2026-10-04T01:00:00+01:00,Texas Stars,Iowa Wild,grosvenor,Grosvenor,2026-10-03T18:40:05Z,h2h,Texas Stars,2.55,,0.3921568627450981,0.36397465553655844,0.2
2026-10-03T18:40:07.327099+00:00,2026-10-03T19:40:07.327099+01:00,e1f8068c6d1202cdfc72f8f37fa32f36,icehockey_ahl,AHL,2026-10-04T00:00:00+00:00,2026-10-04T01:00:00+01:00,Texas Stars,Iowa Wild,grosvenor,Grosvenor,2026-10-03T18:40:05Z,h2h,Draw,3.85,,0.2597402597402597,0.24107412249823995,0.2
2026-10-03T18:40:07.327099+00:00,2026-10-03T19:40:07.327099+01:00,e1f8068c6d1202cdfc72f8f37fa32f36,icehockey_ahl,AHL,2026-10-04T00:00:00+00:00,2026-10-04T01:00:00+01:00,Texas Stars,Iowa Wild,casumo,Casumo,2026-10-03T18:39:47Z,h2h,Iowa Wild,2.35,,0.425531914893617,0.39495122196520166,0.2
2026-10-03T18:40:07.327099+00:00,2026-10-03T19:40:07.327099+01:00,e1f8068c6d1202cdfc72f8f37fa32f36,icehockey_ahl,AHL,2026-10-04T00:00:00+00:00,2026-10-04T01:00:00+01:00,Texas Stars,Iowa Wild,casumo,Casumo,2026-10-03T18:39:47Z,h2h,Texas Stars,2.55,,0.3921568627450981,0.36397465553655844,0.2
2026-10-03T18:40:07.327099+00:00,2026-10-03T19:40:07.327099+01:00,e1f8068c6d1202cdfc72f8f37fa32f36,icehockey_ahl,AHL,2026-10-04T00:00:00+00:00,2026-10-04T01:00:00+01:00,Texas Stars,Iowa Wild,casumo,Casumo,2026-10-03T18:39:47Z,h2h,Draw,3.85,,0.2597402597402597,0.24107412249823995,0.2
2026-10-03T18:40:07.327099+00:00,2026-10-03T19:40:07.327099+01:00,ec46f60150a8bd57853a2968485534b8,icehockey_ahl,AHL,2026-10-04T00:00:00+00:00,2026-10-04T01:00:00+01:00,Rockford IceHogs,Milwaukee Admirals,unibet_uk,Unibet (UK),2026-10-03T18:39:32Z,h2h,Milwaukee Admirals,2.1,,0.47619047619047616,0.4420485175202156,0.2
2026-10-03T18:40:07.327099+00:00,2026-10-03T19:40:07.327099+01:00,ec46f60150a8bd57853a2968485534b8,icehockey_ahl,AHL,2026-10-04T00:00:00+00:00,2026-10-04T01:00:00+01:00,Rockford IceHogs,Milwaukee Admirals,unibet_uk,Unibet (UK),2026-10-03T18:39:32Z,h2h,Rockford IceHogs,2.8,,0.35714285714285715,0.33153638814016173,0.2
2026-10-03T18:40:07.327099+00:00,2026-10-03T19:40:07.327099+01:00,ec46f60150a8bd57853a2968485534b8,icehockey_ahl,AHL,2026-10-04T00:00:00+00:00,2026-10-04T01:00:00+01:00,Rockford IceHogs,Milwaukee Admirals,unibet_uk,Unibet (UK),2026-10-03T18:39:32Z,h2h,Draw,4.1,,0.24390243902439027,0.22641509433962267,0.2
2026-10-03T18:40:07.327099+00:00,2026-10-03T19:40:07.327099+01:00,ec46f60150a8bd57853a2968485534b8,icehockey_ahl,AHL,2026-10-04T00:00:00+00:00,2026-10-04T01:00:00+01:00,Rockford IceHogs,Milwaukee Admirals,smarkets,Smarkets,2026-10-03T18:40:03Z,h2h,Milwaukee Admirals,1.66,,0.6024096385542169,0.5561497326203209,0.2
2026-10-03T18:40:07.327099+00:00,2026-10-03T19:40:07.327099+01:00,ec46f60150a8bd57853a2968485534b8,icehockey_ahl,AHL,2026-10-04T00:00:00+00:00,2026-10-04T01:00:00+01:00,Rockford IceHogs,Milwaukee Admirals,smarkets,Smarkets,2026-10-03T18:40:03Z,h2h,Rockford IceHogs,2.08,,0.4807692307692307,0.4438502673796791,0.2
2026-10-03T18:40:07.327099+00:00,2026-10-03T19:40:07.327099+01:00,ec46f60150a8bd57853a2968485534b8,icehockey_ahl,AHL,2026-10-04T00:00:00+00:00,2026-10-04T01:00:00+01:00,Rockford IceHogs,Milwaukee Admirals,smarkets,Smarkets,2026-10-03T18:40:03Z,h2h_lay,Milwaukee Admirals,1.92,,0.5208333333333334,1.0,0.2
2026-10-03T18:40:07.327099+00:00,2026-10-03T19:40:07.327099+01:00,ec46f60150a8bd57853a2968485534b8,icehockey_ahl,AHL,2026-10-04T00:00:00+00:00,2026-10-04T01:00:00+01:00,Rockford IceHogs,Milwaukee Admirals,smarkets,Smarkets,2026-10-03T18:40:03Z,h2h_lay,Rockford IceHogs,2.52,,0.3968253968253968,1.0,0.2
2026-10-03T18:40:07.327099+00:00,2026-10-03T19:40:07.327099+01:00,ec46f60150a8bd57853a2968485534b8,icehockey_ahl,AHL,2026-10-04T00:00:00+00:00,2026-10-04T01:00:00+01:00,Rockford IceHogs,Milwaukee Admirals,casumo,Casumo,2026-10-03T18:39:47Z,h2h,Milwaukee Admirals,2.15,,0.46511627906976744,0.43116119549240567,0.2
2026-10-03T18:40:07.327099+00:00,2026-10-03T19:40:07.327099+01:00,ec46f60150a8bd57853a2968485534b8,icehockey_ahl,AHL,2026-10-04T00:00:00+00:00,2026-10-04T01:00:00+01:00,Rockford IceHogs,Milwaukee Admirals,casumo,Casumo,2026-10-03T18:39:47Z,h2h,Rockford IceHogs,2.75,,0.36363636363636365,0.3370896619304263,0.2
2026-10-03T18:40:07.327099+00:00,2026-10-03T19:40:07.327099+01:00,ec46f60150a8bd57853a2968485534b8,icehockey_ahl,AHL,2026-10-04T00:00:00+00:00,2026-10-04T01:00:00+01:00,Rockford IceHogs,Milwaukee Admirals,casumo,Casumo,2026-10-03T18:39:47Z,h2h,Draw,4.0,,0.25,0.23174914257716805,0.2
2026-10-03T18:40:07.327099+00:00,2026-10-03T19:40:07.327099+01:00,ec46f60150a8bd57853a2968485534b8,icehockey_ahl,AHL,2026-10-04T00:00:00+00:00,2026-10-04T01:00:00+01:00,Rockford IceHogs,Milwaukee Admirals,betway,Betway,2026-10-03T18:40:04Z,h2h,Milwaukee Admirals,2.05,,0.48780487804878053,0.4428787116255662,0.2
2026-10-03T18:40:07.327099+00:00,2026-10-03T19:40:07.327099+01:00,ec46f60150a8bd57853a2968485534b8,icehockey_ahl,AHL,2026-10-04T00:00:00+00:00,2026-10-04T01:00:00+01:00,Rockford IceHogs,Milwaukee Admirals,betway,Betway,2026-10-03T18:40:04Z,h2h,Rockford IceHogs,2.75,,0.36363636363636365,0.3301459486663311,0.2
2026-10-03T18:40:07.327099+00:00,2026-10-03T19:40:07.327099+01:00,ec46f60150a8bd57853a2968485534b8,icehockey_ahl,AHL,2026-10-04T00:00:00+00:00,2026-10-04T01:00:00+01:00,Rockford IceHogs,Milwaukee Admirals,betway,Betway,2026-10-03T18:40:04Z,h2h,Draw,4.0,,0.25,0.22697533970810266,0.2
2026-10-03T18:40:07.327099+00:00,2026-10-03T19:40:07.327099+01:00,ec46f60150a8bd57853a2968485534b8,icehockey_ahl,AHL,2026-10-04T00:00:00+00:00,2026-10-04T01:00:00+01:00,Rockford IceHogs,Milwaukee Admirals,grosvenor,Grosvenor,2026-10-03T18:40:05Z,h2h,Milwaukee Admirals,2.15,,0.46511627906976744,0.43116119549240567,0.2
2026-10-03T18:40:07.327099+00:00,2026-10-03T19:40:07.327099+01:00,ec46f60150a8bd57853a2968485534b8,icehockey_ahl,AHL,2026-10-04T00:00:00+00:00,2026-10-04T01:00:00+01:00,Rockford IceHogs,Milwaukee Admirals,grosvenor,Grosvenor,2026-10-03T18:40:05Z,h2h,Rockford IceHogs,2.75,,0.36363636363636365,0.3370896619304263,0.2
2026-10-03T18:40:07.327099+00:00,2026-10-03T19:40:07.327099+01:00,ec46f60150a8bd57853a2968485534b8,icehockey_ahl,AHL,2026-10-04T00:00:00+00:00,2026-10-04T01:00:00+01:00,Rockford IceHogs,Milwaukee Admirals,grosvenor,Grosvenor,2026-10-03T18:40:05Z,h2h,Draw,4.0,,0.25,0.23174914257716805,0.2
2026-10-03T18:40:07.327099+00:00,2026-10-03T19:40:07.327099+01:00,44a64f3bd0b7c84157ae01d379a551a2,icehockey_ahl,AHL,2026-10-04T01:00:00+00:00,2026-10-04T02:00:00+01:00,Henderson Silver Knights,Bakersfield Condors,casumo,Casumo,2026-10-03T18:39:47Z,h2h,Bakersfield Condors,2.48,,0.40322580645161293,0.37455078607456754,0.2
2026-10-03T18:40:07.327099+00:00,2026-10-03T19:40:07.327099+01:00,44a64f3bd0b7c84157ae01d379a551a2,icehockey_ahl,AHL,2026-10-04T01:00:00+00:00,2026-10-04T02:00:00+01:00,Henderson Silver Knights,Bakersfield Condors,casumo,Casumo,2026-10-03T18:39:47Z,h2h,Henderson Silver Knights,2.38,,0.42016806722689076,0.3902882140608939,0.2
2026-10-03T18:40:07.327099+00:00,2026-10-03T19:40:07.327099+01:00,44a64f3bd0b7c84157ae01d379a551a2,icehockey_ahl,AHL,2026-10-04T01:00:00+00:00,2026-10-04T02:00:00+01:00,Henderson Silver Knights,Bakersfield Condors,casumo,Casumo,2026-10-03T18:39:47Z,h2h,Draw,3.95,,0.2531645569620253,0.23516099986453856,0.2
2026-10-03T18:40:07.327099+00:00,2026-10-03T19:40:07.327099+01:00,44a64f3bd0b7c84157ae01d379a551a2,icehockey_ahl,AHL,2026-10-04T01:00:00+00:00,2026-10-04T02:00:00+01:00,Henderson Silver Knights,Bakersfield Condors,betway,Betway,2026-10-03T18:40:04Z,h2h,Bakersfield Condors,2.25,,0.4444444444444444,0.40433212996389883,0.2
2026-10-03T18:40:07.327099+00:00,2026-10-03T19:40:07.327099+01:00,44a64f3bd0b7c84157ae01d379a551a2,icehockey_ahl,AHL,2026-10-04T01:00:00+00:00,2026-10-04T02:00:00+01:00,Henderson Silver Knights,Bakersfield Condors,betway,Betway,2026-10-03T18:40:04Z,h2h,Henderson Silver Knights,2.4,,0.4166666666666667,0.37906137184115524,0.2
2026-10-03T18:40:07.327099+00:00,2026-10-03T19:40:07.327099+01:00,44a64f3bd0b7c84157ae01d379a551a2,icehockey_ahl,AHL,2026-10-04T01:00:00+00:00,2026-10-04T02:00:00+01:00,Henderson Silver Knights,Bakersfield Condors,betway,Betway,2026-10-03T18:40:04Z,h2h,Draw,4.2,,0.23809523809523808,0.21660649819494582,0.2
2026-10-03T18:40:07.327099+00:00,2026-10-03T19:40:07.327099+01:00,44a64f3bd0b7c84157ae01d379a551a2,icehockey_ahl,AHL,2026-10-04T01:00:00+00:00,2026-10-04T02:00:00+01:00,Henderson Silver Knights,Bakersfield Condors,grosvenor,Grosvenor,2026-10-03T18:40:05Z,h2h,Bakersfield Condors,2.48,,0.40322580645161293,0.37455078607456754,0.2
2026-10-03T18:40:07.327099+00:00,2026-10-03T19:40:07.327099+01:00,44a64f3bd0b7c84157ae01d379a551a2,icehockey_ahl,AHL,2026-10-04T01:00:00+00:00,2026-10-04T02:00:00+01:00,Henderson Silver Knights,Bakersfield Condors,grosvenor,Grosvenor,2026-10-03T18:40:05Z,h2h,Henderson Silver Knights,2.38,,0.42016806722689076,0.3902882140608939,0.2
2026-10-03T18:40:07.327099+00:00,2026-10-03T19:40:07.327099+01:00,44a64f3bd0b7c84157ae01d379a551a2,icehockey_ahl,AHL,2026-10-04T01:00:00+00:00,2026-10-04T02:00:00+01:00,Henderson Silver Knights,Bakersfield Condors,grosvenor,Grosvenor,2026-10-03T18:40:05Z,h2h,Draw,3.95,,0.2531645569620253,0.23516099986453856,0.2
2026-10-03T18:40:07.327099+00:00,2026-10-03T19:40:07.327099+01:00,44a64f3bd0b7c84157ae01d379a551a2,icehockey_ahl,AHL,2026-10-04T01:00:00+00:00,2026-10-04T02:00:00+01:00,Henderson Silver Knights,Bakersfield Condors,smarkets,Smarkets,2026-10-03T18:40:03Z,h2h,Bakersfield Condors,1.8,,0.5555555555555556,0.5135135135135135,0.2
2026-10-03T18:40:07.327099+00:00,2026-10-03T19:40:07.327099+01:00,44a64f3bd0b7c84157ae01d379a551a2,icehockey_ahl,AHL,2026-10-04T01:00:00+00:00,2026-10-04T02:00:00+01:00,Henderson Silver Knights,Bakersfield Condors,smarkets,Smarkets,2026-10-03T18:40:03Z,h2h,Henderson Silver Knights,1.9,,0.5263157894736842,0.4864864864864864,0.2
2026-10-03T18:40:07.327099+00:00,2026-10-03T19:40:07.327099+01:00,44a64f3bd0b7c84157ae01d379a551a2,icehockey_ahl,AHL,2026-10-04T01:00:00+00:00,2026-10-04T02:00:00+01:00,Henderson Silver Knights,Bakersfield Condors,smarkets,Smarkets,2026-10-03T18:40:03Z,h2h_lay,Bakersfield Condors,2.18,,0.4587155963302752,1.0,0.2
2026-10-03T18:40:07.327099+00:00,2026-10-03T19:40:07.327099+01:00,44a64f3bd0b7c84157ae01d379a551a2,icehockey_ahl,AHL,2026-10-04T01:00:00+00:00,2026-10-04T02:00:00+01:00,Henderson Silver Knights,Bakersfield Condors,smarkets,Smarkets,2026-10-03T18:40:03Z,h2h_lay,Henderson Silver Knights,2.24,,0.4464285714285714,1.0,0.2
2026-10-03T18:40:07.327099+00:00,2026-10-03T19:40:07.327099+01:00,44a64f3bd0b7c84157ae01d379a551a2,icehockey_ahl,AHL,2026-10-04T01:00:00+00:00,2026-10-04T02:00:00+01:00,Henderson Silver Knights,Bakersfield Condors,unibet_uk,Unibet (UK),2026-10-03T18:39:32Z,h2h,Bakersfield Condors,2.3,,0.4347826086956522,0.4042594013814276,0.2
2026-10-03T18:40:07.327099+00:00,2026-10-03T19:40:07.327099+01:00,44a64f3bd0b7c84157ae01d379a551a2,icehockey_ahl,AHL,2026-10-04T01:00:00+00:00,2026-10-04T02:00:00+01:00,Henderson Silver Knights,Bakersfield Condors,unibet_uk,Unibet (UK),2026-10-03T18:39:32Z,h2h,Henderson Silver Knights,2.45,,0.4081632653061224,0.3795088257866462,0.2
2026-10-03T18:40:07.327099+00:00,2026-10-03T19:40:07.327099+01:00,44a64f3bd0b7c84157ae01d379a551a2,icehockey_ahl,AHL,2026-10-04T01:00:00+00:00,2026-10-04T02:00:00+01:00,Henderson Silver Knights,Bakersfield Condors,unibet_uk,Unibet (UK),2026-10-03T18:39:32Z,h2h,Draw,4.3,,0.23255813953488372,0.21623177283192635,0.2
2026-10-03T18:40:07.327099+00:00,2026-10-03T19:40:07.327099+01:00,2f54ed9f8f464a315cab3f09251cb104,icehockey_ahl,AHL,2026-10-04T01:00:00+00:00,2026-10-04T02:00:00+01:00,Ontario Reign,Coachella Valley Firebirds,betway,Betway,2026-10-03T18:40:04Z,h2h,Coachella Valley Firebirds,2.55,,0.3921568627450981,0.3541645217749408,0.2
2026-10-03T18:40:07.327099+00:00,2026-10-03T19:40:07.327099+01:00,2f54ed9f8f464a315cab3f09251cb104,icehockey_ahl,AHL,2026-10-04T01:00:00+00:00,2026-10-04T02:00:00+01:00,Ontario Reign,Coachella Valley Firebirds,betway,Betway,2026-10-03T18:40:04Z,h2h,Ontario Reign,2.15,,0.46511627906976744,0.4200555955935344,0.2
2026-10-03T18:40:07.327099+00:00,2026-10-03T19:40:07.327099+01:00,2f54ed9f8f464a315cab3f09251cb104,icehockey_ahl,AHL,2026-10-04T01:00:00+00:00,2026-10-04T02:00:00+01:00,Ontario Reign,Coachella Valley Firebirds,betway,Betway,2026-10-03T18:40:04Z,h2h,Draw,4.0,,0.25,0.22577988263152474,0.2
2026-10-03T18:40:07.327099+00:00,2026-10-03T19:40:07.327099+01:00,2f54ed9f8f464a315cab3f09251cb104,icehockey_ahl,AHL,2026-10-04T01:00:00+00:00,2026-10-04T02:00:00+01:00,Ontario Reign,Coachella Valley Firebirds,unibet_uk,Unibet (UK),2026-10-03T18:39:32Z,h2h,Coachella Valley Firebirds,2.6,,0.3846153846153846,0.35646588861909606,0.2
2026-10-03T18:40:07.327099+00:00,2026-10-03T19:40:07.327099+01:00,2f54ed9f8f464a315cab3f09251cb104,icehockey_ahl,AHL,2026-10-04T01:00:00+00:00,2026-10-04T02:00:00+01:00,Ontario Reign,Coachella Valley Firebirds,unibet_uk,Unibet (UK),2026-10-03T18:39:32Z,h2h,Ontario Reign,2.22,,0.4504504504504504,0.417482572256599,0.2
2026-10-03T18:40:07.327099+00:00,2026-10-03T19:40:07.327099+01:00,2f54ed9f8f464a315cab3f09251cb104,icehockey_ahl,AHL,2026-10-04T01:00:00+00:00,2026-10-04T02:00:00+01:00,Ontario Reign,Coachella Valley Firebirds,unibet_uk,Unibet (UK),2026-10-03T18:39:32Z,h2h,Draw,4.1,,0.24390243902439027,0.22605153912430487,0.2
2026-10-03T18:40:07.327099+00:00,2026-10-03T19:40:07.327099+01:00,2f54ed9f8f464a315cab3f09251cb104,icehockey_ahl,AHL,2026-10-04T01:00:00+00:00,2026-10-04T02:00:00+01:00,Ontario Reign,Coachella Valley Firebirds,grosvenor,Grosvenor,2026-10-03T18:40:05Z,h2h,Coachella Valley Firebirds,2.85,,0.3508771929824561,0.3257707969749855,0.2
2026-10-03T18:40:07.327099+00:00,2026-10-03T19:40:07.327099+01:00,2f54ed9f8f464a315cab3f09251cb104,icehockey_ahl,AHL,2026-10-04T01:00:00+00:00,2026-10-04T02:00:00+01:00,Ontario Reign,Coachella Valley Firebirds,grosvenor,Grosvenor,2026-10-03T18:40:05Z,h2h,Ontario Reign,2.1,,0.47619047619047616,0.44211751018033746,0.2
2026-10-03T18:40:07.327099+00:00,2026-10-03T19:40:07.327099+01:00,2f54ed9f8f464a315cab3f09251cb104,icehockey_ahl,AHL,2026-10-04T01:00:00+00:00,2026-10-04T02:00:00+01:00,Ontario Reign,Coachella Valley Firebirds,grosvenor,Grosvenor,2026-10-03T18:40:05Z,h2h,Draw,4.0,,0.25,0.23211169284467717,0.2
2026-10-03T18:40:07.327099+00:00,2026-10-03T19:40:07.327099+01:00,2f54ed9f8f464a315cab3f09251cb104,icehockey_ahl,AHL,2026-10-04T01:00:00+00:00,2026-10-04T02:00:00+01:00,Ontario Reign,Coachella Valley Firebirds,casumo,Casumo,2026-10-03T18:39:47Z,h2h,Coachella Valley Firebirds,2.85,,0.3508771929824561,0.3257707969749855,0.2
2026-10-03T18:40:07.327099+00:00,2026-10-03T19:40:07.327099+01:00,2f54ed9f8f464a315cab3f09251cb104,icehockey_ahl,AHL,2026-10-04T01:00:00+00:00,2026-10-04T02:00:00+01:00,Ontario Reign,Coachella Valley Firebirds,casumo,Casumo,2026-10-03T18:39:47Z,h2h,Ontario Reign,2.1,,0.47619047619047616,0.44211751018033746,0.2
2026-10-03T18:40:07.327099+00:00,2026-10-03T19:40:07.327099+01:00,2f54ed9f8f464a315cab3f09251cb104,icehockey_ahl,AHL,2026-10-04T01:00:00+00:00,2026-10-04T02:00:00+01:00,Ontario Reign,Coachella Valley Firebirds,casumo,Casumo,2026-10-03T18:39:47Z,h2h,Draw,4.0,,0.25,0.23211169284467717,0.2
2026-10-03T18:40:07.327099+00:00,2026-10-03T19:40:07.327099+01:00,2c7791417142070aa91eab58eb02f4df,icehockey_ahl,AHL,2026-10-04T01:00:00+00:00,2026-10-04T02:00:00+01:00,Tucson Roadrunners,Colorado Eagles,unibet_uk,Unibet (UK),2026-10-03T18:39:32Z,h2h,Colorado Eagles,2.7,,0.37037037037037035,0.342440090547186,0.2
2026-10-03T18:40:07.327099+00:00,2026-10-03T19:40:07.327099+01:00,2c7791417142070aa91eab58eb02f4df,icehockey_ahl,AHL,2026-10-04T01:00:00+00:00,2026-10-04T02:00:00+01:00,Tucson Roadrunners,Colorado Eagles,unibet_uk,Unibet (UK),2026-10-03T18:39:32Z,h2h,Tucson Roadrunners,2.14,,0.4672897196261682,0.4320505815314964,0.2
2026-10-03T18:40:07.327099+00:00,2026-10-03T19:40:07.327099+01:00,2c7791417142070aa91eab58eb02f4df,icehockey_ahl,AHL,2026-10-04T01:00:00+00:00,2026-10-04T02:00:00+01:00,Tucson Roadrunners,Colorado Eagles,unibet_uk,Unibet (UK),2026-10-03T18:39:32Z,h2h,Draw,4.1,,0.24390243902439027,0.22550932792131764,0.2
2026-10-03T18:40:07.327099+00:00,2026-10-03T19:40:07.327099+01:00,2c7791417142070aa91eab58eb02f4df,icehockey_ahl,AHL,2026-10-04T01:00:00+00:00,2026-10-04T02:00:00+01:00,Tucson Roadrunners,Colorado Eagles,betway,Betway,2026-10-03T18:40:04Z,h2h,Colorado Eagles,2.65,,0.37735849056603776,0.3419499287604315,0.2
2026-10-03T18:40:07.327099+00:00,2026-10-03T19:40:07.327099+01:00,2c7791417142070aa91eab58eb02f4df,icehockey_ahl,AHL,2026-10-04T01:00:00+00:00,2026-10-04T02:00:00+01:00,Tucson Roadrunners,Colorado Eagles,betway,Betway,2026-10-03T18:40:04Z,h2h,Tucson Roadrunners,2.1,,0.47619047619047616,0.4315082434357826,0.2
2026-10-03T18:40:07.327099+00:00,2026-10-03T19:40:07.327099+01:00,2c7791417142070aa91eab58eb02f4df,icehockey_ahl,AHL,2026-10-04T01:00:00+00:00,2026-10-04T02:00:00+01:00,Tucson Roadrunners,Colorado Eagles,betway,Betway,2026-10-03T18:40:04Z,h2h,Draw,4.0,,0.25,0.22654182780378587,0.2
2026-10-03T18:40:07.327099+00:00,2026-10-03T19:40:07.327099+01:00,2c7791417142070aa91eab58eb02f4df,icehockey_ahl,AHL,2026-10-04T01:00:00+00:00,2026-10-04T02:00:00+01:00,Tucson Roadrunners,Colorado Eagles,casumo,Casumo,2026-10-03T18:39:47Z,h2h,Colorado Eagles,2.65,,0.37735849056603776,0.3489074614842413,0.2
2026-10-03T18:40:07.327099+00:00,2026-10-03T19:40:07.327099+01:00,2c7791417142070aa91eab58eb02f4df,icehockey_ahl,AHL,2026-10-04T01:00:00+00:00,2026-10-04T02:00:00+01:00,Tucson Roadrunners,Colorado Eagles,casumo,Casumo,2026-10-03T18:39:47Z,h2h,Tucson Roadrunners,2.25,,0.4444444444444444,0.41093545463699527,0.2
2026-10-03T18:40:07.327099+00:00,2026-10-03T19:40:07.327099+01:00,2c7791417142070aa91eab58eb02f4df,icehockey_ahl,AHL,2026-10-04T01:00:00+00:00,2026-10-04T02:00:00+01:00,Tucson Roadrunners,Colorado Eagles,casumo,Casumo,2026-10-03T18:39:47Z,h2h,Draw,3.85,,0.2597402597402597,0.24015708387876344,0.2
2026-10-03T18:40:07.327099+00:00,2026-10-03T19:40:07.327099+01:00,2c7791417142070aa91eab58eb02f4df,icehockey_ahl,AHL,2026-10-04T01:00:00+00:00,2026-10-04T02:00:00+01:00,Tucson Roadrunners,Colorado Eagles,smarkets,Smarkets,2026-10-03T18:40:03Z,h2h,Colorado Eagles,2.04,,0.49019607843137253,0.45161290322580644,0.2
2026-10-03T18:40:07.327099+00:00,2026-10-03T19:40:07.327099+01:00,2c7791417142070aa91eab58eb02f4df,icehockey_ahl,AHL,2026-10-04T01:00:00+00:00,2026-10-04T02:00:00+01:00,Tucson Roadrunners,Colorado Eagles,smarkets,Smarkets,2026-10-03T18:40:03Z,h2h,Tucson Roadrunners,1.68,,0.5952380952380952,0.5483870967741936,0.2
2026-10-03T18:40:07.327099+00:00,2026-10-03T19:40:07.327099+01:00,2c7791417142070aa91eab58eb02f4df,icehockey_ahl,AHL,2026-10-04T01:00:00+00:00,2026-10-04T02:00:00+01:00,Tucson Roadrunners,Colorado Eagles,smarkets,Smarkets,2026-10-03T18:40:03Z,h2h_lay,Colorado Eagles,2.46,,0.4065040650406504,1.0,0.2
2026-10-03T18:40:07.327099+00:00,2026-10-03T19:40:07.327099+01:00,2c7791417142070aa91eab58eb02f4df,icehockey_ahl,AHL,2026-10-04T01:00:00+00:00,2026-10-04T02:00:00+01:00,Tucson Roadrunners,Colorado Eagles,smarkets,Smarkets,2026-10-03T18:40:03Z,h2h_lay,Tucson Roadrunners,1.96,,0.5102040816326531,1.0,0.2
2026-10-03T18:40:07.327099+00:00,2026-10-03T19:40:07.327099+01:00,2c7791417142070aa91eab58eb02f4df,icehockey_ahl,AHL,2026-10-04T01:00:00+00:00,2026-10-04T02:00:00+01:00,Tucson Roadrunners,Colorado Eagles,grosvenor,Grosvenor,2026-10-03T18:40:05Z,h2h,Colorado Eagles,2.65,,0.37735849056603776,0.3489074614842413,0.2
2026-10-03T18:40:07.327099+00:00,2026-10-03T19:40:07.327099+01:00,2c7791417142070aa91eab58eb02f4df,icehockey_ahl,AHL,2026-10-04T01:00:00+00:00,2026-10-04T02:00:00+01:00,Tucson Roadrunners,Colorado Eagles,grosvenor,Grosvenor,2026-10-03T18:40:05Z,h2h,Tucson Roadrunners,2.25,,0.4444444444444444,0.41093545463699527,0.2
2026-10-03T18:40:07.327099+00:00,2026-10-03T19:40:07.327099+01:00,2c7791417142070aa91eab58eb02f4df,icehockey_ahl,AHL,2026-10-04T01:00:00+00:00,2026-10-04T02:00:00+01:00,Tucson Roadrunners,Colorado Eagles,grosvenor,Grosvenor,2026-10-03T18:40:05Z,h2h,Draw,3.85,,0.2597402597402597,0.24015708387876344,0.2
