observed_at_utc,observed_at_london,event_id,sport_key,sport_title,commence_time_utc,commence_time_london,home_team,away_team,bookmaker_key,bookmaker_title,bookmaker_last_update,market,outcome,price_decimal,point,raw_implied_probability,market_de_vigged_probability,schema_version
2026-09-30T08:48:11.000480+00:00,2026-09-30T09:48:11.000480+01:00,17c8929c3b1213c56e8e413ddb8c9e9e,cricket_odi,One Day Internationals,2026-09-30T11:30:00+00:00,2026-09-30T12:30:00+01:00,South Africa,Australia,grosvenor,Grosvenor,2026-09-30T08:47:49Z,h2h,Australia,1.77,,0.5649717514124294,0.5366492146596858,0.2
2026-09-30T08:48:11.000480+00:00,2026-09-30T09:48:11.000480+01:00,17c8929c3b1213c56e8e413ddb8c9e9e,cricket_odi,One Day Internationals,2026-09-30T11:30:00+00:00,2026-09-30T12:30:00+01:00,South Africa,Australia,grosvenor,Grosvenor,2026-09-30T08:47:49Z,h2h,South Africa,2.05,,0.48780487804878053,0.46335078534031415,0.2
2026-09-30T08:48:11.000480+00:00,2026-09-30T09:48:11.000480+01:00,17c8929c3b1213c56e8e413ddb8c9e9e,cricket_odi,One Day Internationals,2026-09-30T11:30:00+00:00,2026-09-30T12:30:00+01:00,South Africa,Australia,virginbet,Virgin Bet,2026-09-30T08:47:33Z,h2h,Australia,1.77,,0.5649717514124294,0.5366492146596858,0.2
2026-09-30T08:48:11.000480+00:00,2026-09-30T09:48:11.000480+01:00,17c8929c3b1213c56e8e413ddb8c9e9e,cricket_odi,One Day Internationals,2026-09-30T11:30:00+00:00,2026-09-30T12:30:00+01:00,South Africa,Australia,virginbet,Virgin Bet,2026-09-30T08:47:33Z,h2h,South Africa,2.05,,0.48780487804878053,0.46335078534031415,0.2
2026-09-30T08:48:11.000480+00:00,2026-09-30T09:48:11.000480+01:00,17c8929c3b1213c56e8e413ddb8c9e9e,cricket_odi,One Day Internationals,2026-09-30T11:30:00+00:00,2026-09-30T12:30:00+01:00,South Africa,Australia,livescorebet,LiveScore Bet,2026-09-30T08:47:30Z,h2h,Australia,1.77,,0.5649717514124294,0.5366492146596858,0.2
2026-09-30T08:48:11.000480+00:00,2026-09-30T09:48:11.000480+01:00,17c8929c3b1213c56e8e413ddb8c9e9e,cricket_odi,One Day Internationals,2026-09-30T11:30:00+00:00,2026-09-30T12:30:00+01:00,South Africa,Australia,livescorebet,LiveScore Bet,2026-09-30T08:47:30Z,h2h,South Africa,2.05,,0.48780487804878053,0.46335078534031415,0.2
2026-09-30T08:48:11.000480+00:00,2026-09-30T09:48:11.000480+01:00,17c8929c3b1213c56e8e413ddb8c9e9e,cricket_odi,One Day Internationals,2026-09-30T11:30:00+00:00,2026-09-30T12:30:00+01:00,South Africa,Australia,ladbrokes_uk,Ladbrokes,2026-09-30T08:47:49Z,h2h,Australia,1.73,,0.5780346820809249,0.5483028720626633,0.2
2026-09-30T08:48:11.000480+00:00,2026-09-30T09:48:11.000480+01:00,17c8929c3b1213c56e8e413ddb8c9e9e,cricket_odi,One Day Internationals,2026-09-30T11:30:00+00:00,2026-09-30T12:30:00+01:00,South Africa,Australia,ladbrokes_uk,Ladbrokes,2026-09-30T08:47:49Z,h2h,South Africa,2.1,,0.47619047619047616,0.4516971279373368,0.2
2026-09-30T08:48:11.000480+00:00,2026-09-30T09:48:11.000480+01:00,17c8929c3b1213c56e8e413ddb8c9e9e,cricket_odi,One Day Internationals,2026-09-30T11:30:00+00:00,2026-09-30T12:30:00+01:00,South Africa,Australia,coral,Coral,2026-09-30T08:47:31Z,h2h,Australia,1.73,,0.5780346820809249,0.5483028720626633,0.2
2026-09-30T08:48:11.000480+00:00,2026-09-30T09:48:11.000480+01:00,17c8929c3b1213c56e8e413ddb8c9e9e,cricket_odi,One Day Internationals,2026-09-30T11:30:00+00:00,2026-09-30T12:30:00+01:00,South Africa,Australia,coral,Coral,2026-09-30T08:47:31Z,h2h,South Africa,2.1,,0.47619047619047616,0.4516971279373368,0.2
2026-09-30T08:48:11.000480+00:00,2026-09-30T09:48:11.000480+01:00,17c8929c3b1213c56e8e413ddb8c9e9e,cricket_odi,One Day Internationals,2026-09-30T11:30:00+00:00,2026-09-30T12:30:00+01:00,South Africa,Australia,betano_uk,Betano (UK),2026-09-30T08:46:31Z,h2h,Australia,1.73,,0.5780346820809249,0.5423280423280423,0.2
2026-09-30T08:48:11.000480+00:00,2026-09-30T09:48:11.000480+01:00,17c8929c3b1213c56e8e413ddb8c9e9e,cricket_odi,One Day Internationals,2026-09-30T11:30:00+00:00,2026-09-30T12:30:00+01:00,South Africa,Australia,betano_uk,Betano (UK),2026-09-30T08:46:31Z,h2h,South Africa,2.05,,0.48780487804878053,0.4576719576719577,0.2
2026-09-30T08:48:11.000480+00:00,2026-09-30T09:48:11.000480+01:00,17c8929c3b1213c56e8e413ddb8c9e9e,cricket_odi,One Day Internationals,2026-09-30T11:30:00+00:00,2026-09-30T12:30:00+01:00,South Africa,Australia,betvictor,Bet Victor,2026-09-30T08:45:56Z,h2h,Australia,1.73,,0.5780346820809249,0.5423280423280423,0.2
2026-09-30T08:48:11.000480+00:00,2026-09-30T09:48:11.000480+01:00,17c8929c3b1213c56e8e413ddb8c9e9e,cricket_odi,One Day Internationals,2026-09-30T11:30:00+00:00,2026-09-30T12:30:00+01:00,South Africa,Australia,betvictor,Bet Victor,2026-09-30T08:45:56Z,h2h,South Africa,2.05,,0.48780487804878053,0.4576719576719577,0.2
2026-09-30T08:48:11.000480+00:00,2026-09-30T09:48:11.000480+01:00,17c8929c3b1213c56e8e413ddb8c9e9e,cricket_odi,One Day Internationals,2026-09-30T11:30:00+00:00,2026-09-30T12:30:00+01:00,South Africa,Australia,paddypower,Paddy Power,2026-09-30T08:47:29Z,h2h,Australia,1.73,,0.5780346820809249,0.5483028720626633,0.2
2026-09-30T08:48:11.000480+00:00,2026-09-30T09:48:11.000480+01:00,17c8929c3b1213c56e8e413ddb8c9e9e,cricket_odi,One Day Internationals,2026-09-30T11:30:00+00:00,2026-09-30T12:30:00+01:00,South Africa,Australia,paddypower,Paddy Power,2026-09-30T08:47:29Z,h2h,South Africa,2.1,,0.47619047619047616,0.4516971279373368,0.2
2026-09-30T08:48:11.000480+00:00,2026-09-30T09:48:11.000480+01:00,17c8929c3b1213c56e8e413ddb8c9e9e,cricket_odi,One Day Internationals,2026-09-30T11:30:00+00:00,2026-09-30T12:30:00+01:00,South Africa,Australia,skybet,Sky Bet,2026-09-30T08:47:48Z,h2h,Australia,1.73,,0.5780346820809249,0.5483028720626633,0.2
2026-09-30T08:48:11.000480+00:00,2026-09-30T09:48:11.000480+01:00,17c8929c3b1213c56e8e413ddb8c9e9e,cricket_odi,One Day Internationals,2026-09-30T11:30:00+00:00,2026-09-30T12:30:00+01:00,South Africa,Australia,skybet,Sky Bet,2026-09-30T08:47:48Z,h2h,South Africa,2.1,,0.47619047619047616,0.4516971279373368,0.2
2026-09-30T08:48:11.000480+00:00,2026-09-30T09:48:11.000480+01:00,17c8929c3b1213c56e8e413ddb8c9e9e,cricket_odi,One Day Internationals,2026-09-30T11:30:00+00:00,2026-09-30T12:30:00+01:00,South Africa,Australia,betfair_ex_uk,Betfair,2026-09-30T08:48:10Z,h2h,Australia,1.77,,0.5649717514124294,0.5629629629629629,0.2
2026-09-30T08:48:11.000480+00:00,2026-09-30T09:48:11.000480+01:00,17c8929c3b1213c56e8e413ddb8c9e9e,cricket_odi,One Day Internationals,2026-09-30T11:30:00+00:00,2026-09-30T12:30:00+01:00,South Africa,Australia,betfair_ex_uk,Betfair,2026-09-30T08:48:10Z,h2h,South Africa,2.28,,0.4385964912280702,0.437037037037037,0.2
2026-09-30T08:48:11.000480+00:00,2026-09-30T09:48:11.000480+01:00,17c8929c3b1213c56e8e413ddb8c9e9e,cricket_odi,One Day Internationals,2026-09-30T11:30:00+00:00,2026-09-30T12:30:00+01:00,South Africa,Australia,betfair_ex_uk,Betfair,2026-09-30T08:48:10Z,h2h_lay,Australia,1.78,,0.5617977528089888,1.0,0.2
2026-09-30T08:48:11.000480+00:00,2026-09-30T09:48:11.000480+01:00,17c8929c3b1213c56e8e413ddb8c9e9e,cricket_odi,One Day Internationals,2026-09-30T11:30:00+00:00,2026-09-30T12:30:00+01:00,South Africa,Australia,betfair_ex_uk,Betfair,2026-09-30T08:48:10Z,h2h_lay,South Africa,2.3,,0.4347826086956522,1.0,0.2
2026-09-30T08:48:11.000480+00:00,2026-09-30T09:48:11.000480+01:00,17c8929c3b1213c56e8e413ddb8c9e9e,cricket_odi,One Day Internationals,2026-09-30T11:30:00+00:00,2026-09-30T12:30:00+01:00,South Africa,Australia,boylesports,BoyleSports,2026-09-30T08:47:17Z,h2h,Australia,1.73,,0.5780346820809249,0.5483028720626633,0.2
2026-09-30T08:48:11.000480+00:00,2026-09-30T09:48:11.000480+01:00,17c8929c3b1213c56e8e413ddb8c9e9e,cricket_odi,One Day Internationals,2026-09-30T11:30:00+00:00,2026-09-30T12:30:00+01:00,South Africa,Australia,boylesports,BoyleSports,2026-09-30T08:47:17Z,h2h,South Africa,2.1,,0.47619047619047616,0.4516971279373368,0.2
2026-09-30T08:48:11.000480+00:00,2026-09-30T09:48:11.000480+01:00,17c8929c3b1213c56e8e413ddb8c9e9e,cricket_odi,One Day Internationals,2026-09-30T11:30:00+00:00,2026-09-30T12:30:00+01:00,South Africa,Australia,casumo,Casumo,2026-09-30T08:47:48Z,h2h,Australia,1.77,,0.5649717514124294,0.5366492146596858,0.2
2026-09-30T08:48:11.000480+00:00,2026-09-30T09:48:11.000480+01:00,17c8929c3b1213c56e8e413ddb8c9e9e,cricket_odi,One Day Internationals,2026-09-30T11:30:00+00:00,2026-09-30T12:30:00+01:00,South Africa,Australia,casumo,Casumo,2026-09-30T08:47:48Z,h2h,South Africa,2.05,,0.48780487804878053,0.46335078534031415,0.2
2026-09-30T08:48:11.000480+00:00,2026-09-30T09:48:11.000480+01:00,7e213fd4c70141d87eab30382aa14fdc,tennis_atp_japan_open,ATP Japan Open,2026-09-30T08:55:00+00:00,2026-09-30T09:55:00+01:00,Matteo Arnaldi,Rei Sakamoto,matchbook,Matchbook,2026-09-30T08:48:07Z,h2h,Matteo Arnaldi,2.32,,0.4310344827586207,0.42716049382716054,0.2
2026-09-30T08:48:11.000480+00:00,2026-09-30T09:48:11.000480+01:00,7e213fd4c70141d87eab30382aa14fdc,tennis_atp_japan_open,ATP Japan Open,2026-09-30T08:55:00+00:00,2026-09-30T09:55:00+01:00,Matteo Arnaldi,Rei Sakamoto,matchbook,Matchbook,2026-09-30T08:48:07Z,h2h,Rei Sakamoto,1.73,,0.5780346820809249,0.5728395061728395,0.2
2026-09-30T08:48:11.000480+00:00,2026-09-30T09:48:11.000480+01:00,7e213fd4c70141d87eab30382aa14fdc,tennis_atp_japan_open,ATP Japan Open,2026-09-30T08:55:00+00:00,2026-09-30T09:55:00+01:00,Matteo Arnaldi,Rei Sakamoto,matchbook,Matchbook,2026-09-30T08:48:07Z,h2h_lay,Matteo Arnaldi,2.36,,0.42372881355932207,1.0,0.2
2026-09-30T08:48:11.000480+00:00,2026-09-30T09:48:11.000480+01:00,7e213fd4c70141d87eab30382aa14fdc,tennis_atp_japan_open,ATP Japan Open,2026-09-30T08:55:00+00:00,2026-09-30T09:55:00+01:00,Matteo Arnaldi,Rei Sakamoto,matchbook,Matchbook,2026-09-30T08:48:07Z,h2h_lay,Rei Sakamoto,1.75,,0.5714285714285714,1.0,0.2
2026-09-30T08:48:11.000480+00:00,2026-09-30T09:48:11.000480+01:00,7e213fd4c70141d87eab30382aa14fdc,tennis_atp_japan_open,ATP Japan Open,2026-09-30T08:55:00+00:00,2026-09-30T09:55:00+01:00,Matteo Arnaldi,Rei Sakamoto,betway,Betway,2026-09-30T08:47:01Z,h2h,Matteo Arnaldi,2.2,,0.45454545454545453,0.4285714285714286,0.2
2026-09-30T08:48:11.000480+00:00,2026-09-30T09:48:11.000480+01:00,7e213fd4c70141d87eab30382aa14fdc,tennis_atp_japan_open,ATP Japan Open,2026-09-30T08:55:00+00:00,2026-09-30T09:55:00+01:00,Matteo Arnaldi,Rei Sakamoto,betway,Betway,2026-09-30T08:47:01Z,h2h,Rei Sakamoto,1.65,,0.6060606060606061,0.5714285714285715,0.2
2026-09-30T08:48:11.000480+00:00,2026-09-30T09:48:11.000480+01:00,7e213fd4c70141d87eab30382aa14fdc,tennis_atp_japan_open,ATP Japan Open,2026-09-30T08:55:00+00:00,2026-09-30T09:55:00+01:00,Matteo Arnaldi,Rei Sakamoto,boylesports,BoyleSports,2026-09-30T08:43:37Z,h2h,Matteo Arnaldi,2.15,,0.46511627906976744,0.4458762886597938,0.2
2026-09-30T08:48:11.000480+00:00,2026-09-30T09:48:11.000480+01:00,7e213fd4c70141d87eab30382aa14fdc,tennis_atp_japan_open,ATP Japan Open,2026-09-30T08:55:00+00:00,2026-09-30T09:55:00+01:00,Matteo Arnaldi,Rei Sakamoto,boylesports,BoyleSports,2026-09-30T08:43:37Z,h2h,Rei Sakamoto,1.73,,0.5780346820809249,0.5541237113402062,0.2
2026-09-30T08:48:11.000480+00:00,2026-09-30T09:48:11.000480+01:00,7e213fd4c70141d87eab30382aa14fdc,tennis_atp_japan_open,ATP Japan Open,2026-09-30T08:55:00+00:00,2026-09-30T09:55:00+01:00,Matteo Arnaldi,Rei Sakamoto,betfair_ex_uk,Betfair,2026-09-30T08:48:08Z,h2h,Matteo Arnaldi,2.32,,0.4310344827586207,0.42716049382716054,0.2
2026-09-30T08:48:11.000480+00:00,2026-09-30T09:48:11.000480+01:00,7e213fd4c70141d87eab30382aa14fdc,tennis_atp_japan_open,ATP Japan Open,2026-09-30T08:55:00+00:00,2026-09-30T09:55:00+01:00,Matteo Arnaldi,Rei Sakamoto,betfair_ex_uk,Betfair,2026-09-30T08:48:08Z,h2h,Rei Sakamoto,1.73,,0.5780346820809249,0.5728395061728395,0.2
2026-09-30T08:48:11.000480+00:00,2026-09-30T09:48:11.000480+01:00,7e213fd4c70141d87eab30382aa14fdc,tennis_atp_japan_open,ATP Japan Open,2026-09-30T08:55:00+00:00,2026-09-30T09:55:00+01:00,Matteo Arnaldi,Rei Sakamoto,betfair_ex_uk,Betfair,2026-09-30T08:48:08Z,h2h_lay,Matteo Arnaldi,2.36,,0.42372881355932207,1.0,0.2
2026-09-30T08:48:11.000480+00:00,2026-09-30T09:48:11.000480+01:00,7e213fd4c70141d87eab30382aa14fdc,tennis_atp_japan_open,ATP Japan Open,2026-09-30T08:55:00+00:00,2026-09-30T09:55:00+01:00,Matteo Arnaldi,Rei Sakamoto,betfair_ex_uk,Betfair,2026-09-30T08:48:08Z,h2h_lay,Rei Sakamoto,1.75,,0.5714285714285714,1.0,0.2
2026-09-30T08:48:11.000480+00:00,2026-09-30T09:48:11.000480+01:00,7e213fd4c70141d87eab30382aa14fdc,tennis_atp_japan_open,ATP Japan Open,2026-09-30T08:55:00+00:00,2026-09-30T09:55:00+01:00,Matteo Arnaldi,Rei Sakamoto,grosvenor,Grosvenor,2026-09-30T08:47:30Z,h2h,Matteo Arnaldi,2.18,,0.4587155963302752,0.4352331606217616,0.2
2026-09-30T08:48:11.000480+00:00,2026-09-30T09:48:11.000480+01:00,7e213fd4c70141d87eab30382aa14fdc,tennis_atp_japan_open,ATP Japan Open,2026-09-30T08:55:00+00:00,2026-09-30T09:55:00+01:00,Matteo Arnaldi,Rei Sakamoto,grosvenor,Grosvenor,2026-09-30T08:47:30Z,h2h,Rei Sakamoto,1.68,,0.5952380952380952,0.5647668393782384,0.2
2026-09-30T08:48:11.000480+00:00,2026-09-30T09:48:11.000480+01:00,7e213fd4c70141d87eab30382aa14fdc,tennis_atp_japan_open,ATP Japan Open,2026-09-30T08:55:00+00:00,2026-09-30T09:55:00+01:00,Matteo Arnaldi,Rei Sakamoto,casumo,Casumo,2026-09-30T08:47:48Z,h2h,Matteo Arnaldi,2.18,,0.4587155963302752,0.4352331606217616,0.2
2026-09-30T08:48:11.000480+00:00,2026-09-30T09:48:11.000480+01:00,7e213fd4c70141d87eab30382aa14fdc,tennis_atp_japan_open,ATP Japan Open,2026-09-30T08:55:00+00:00,2026-09-30T09:55:00+01:00,Matteo Arnaldi,Rei Sakamoto,casumo,Casumo,2026-09-30T08:47:48Z,h2h,Rei Sakamoto,1.68,,0.5952380952380952,0.5647668393782384,0.2
2026-09-30T08:48:11.000480+00:00,2026-09-30T09:48:11.000480+01:00,7e213fd4c70141d87eab30382aa14fdc,tennis_atp_japan_open,ATP Japan Open,2026-09-30T08:55:00+00:00,2026-09-30T09:55:00+01:00,Matteo Arnaldi,Rei Sakamoto,paddypower,Paddy Power,2026-09-30T08:47:32Z,h2h,Matteo Arnaldi,2.2,,0.45454545454545453,0.42408376963350786,0.2
2026-09-30T08:48:11.000480+00:00,2026-09-30T09:48:11.000480+01:00,7e213fd4c70141d87eab30382aa14fdc,tennis_atp_japan_open,ATP Japan Open,2026-09-30T08:55:00+00:00,2026-09-30T09:55:00+01:00,Matteo Arnaldi,Rei Sakamoto,paddypower,Paddy Power,2026-09-30T08:47:32Z,h2h,Rei Sakamoto,1.62,,0.6172839506172839,0.5759162303664922,0.2
2026-09-30T08:48:11.000480+00:00,2026-09-30T09:48:11.000480+01:00,7e213fd4c70141d87eab30382aa14fdc,tennis_atp_japan_open,ATP Japan Open,2026-09-30T08:55:00+00:00,2026-09-30T09:55:00+01:00,Matteo Arnaldi,Rei Sakamoto,coral,Coral,2026-09-30T08:48:08Z,h2h,Matteo Arnaldi,2.15,,0.46511627906976744,0.43421052631578944,0.2
2026-09-30T08:48:11.000480+00:00,2026-09-30T09:48:11.000480+01:00,7e213fd4c70141d87eab30382aa14fdc,tennis_atp_japan_open,ATP Japan Open,2026-09-30T08:55:00+00:00,2026-09-30T09:55:00+01:00,Matteo Arnaldi,Rei Sakamoto,coral,Coral,2026-09-30T08:48:08Z,h2h,Rei Sakamoto,1.65,,0.6060606060606061,0.5657894736842105,0.2
2026-09-30T08:48:11.000480+00:00,2026-09-30T09:48:11.000480+01:00,7e213fd4c70141d87eab30382aa14fdc,tennis_atp_japan_open,ATP Japan Open,2026-09-30T08:55:00+00:00,2026-09-30T09:55:00+01:00,Matteo Arnaldi,Rei Sakamoto,ladbrokes_uk,Ladbrokes,2026-09-30T08:47:49Z,h2h,Matteo Arnaldi,2.15,,0.46511627906976744,0.43421052631578944,0.2
2026-09-30T08:48:11.000480+00:00,2026-09-30T09:48:11.000480+01:00,7e213fd4c70141d87eab30382aa14fdc,tennis_atp_japan_open,ATP Japan Open,2026-09-30T08:55:00+00:00,2026-09-30T09:55:00+01:00,Matteo Arnaldi,Rei Sakamoto,ladbrokes_uk,Ladbrokes,2026-09-30T08:47:49Z,h2h,Rei Sakamoto,1.65,,0.6060606060606061,0.5657894736842105,0.2
2026-09-30T08:48:11.000480+00:00,2026-09-30T09:48:11.000480+01:00,7e213fd4c70141d87eab30382aa14fdc,tennis_atp_japan_open,ATP Japan Open,2026-09-30T08:55:00+00:00,2026-09-30T09:55:00+01:00,Matteo Arnaldi,Rei Sakamoto,williamhill,William Hill,2026-09-30T08:47:33Z,h2h,Matteo Arnaldi,2.1,,0.47619047619047616,0.4516971279373368,0.2
2026-09-30T08:48:11.000480+00:00,2026-09-30T09:48:11.000480+01:00,7e213fd4c70141d87eab30382aa14fdc,tennis_atp_japan_open,ATP Japan Open,2026-09-30T08:55:00+00:00,2026-09-30T09:55:00+01:00,Matteo Arnaldi,Rei Sakamoto,williamhill,William Hill,2026-09-30T08:47:33Z,h2h,Rei Sakamoto,1.73,,0.5780346820809249,0.5483028720626633,0.2
2026-09-30T08:48:11.000480+00:00,2026-09-30T09:48:11.000480+01:00,7e213fd4c70141d87eab30382aa14fdc,tennis_atp_japan_open,ATP Japan Open,2026-09-30T08:55:00+00:00,2026-09-30T09:55:00+01:00,Matteo Arnaldi,Rei Sakamoto,sport888,888sport,2026-09-30T08:47:49Z,h2h,Matteo Arnaldi,2.1,,0.47619047619047616,0.4516971279373368,0.2
2026-09-30T08:48:11.000480+00:00,2026-09-30T09:48:11.000480+01:00,7e213fd4c70141d87eab30382aa14fdc,tennis_atp_japan_open,ATP Japan Open,2026-09-30T08:55:00+00:00,2026-09-30T09:55:00+01:00,Matteo Arnaldi,Rei Sakamoto,sport888,888sport,2026-09-30T08:47:49Z,h2h,Rei Sakamoto,1.73,,0.5780346820809249,0.5483028720626633,0.2
2026-09-30T08:48:11.000480+00:00,2026-09-30T09:48:11.000480+01:00,7e213fd4c70141d87eab30382aa14fdc,tennis_atp_japan_open,ATP Japan Open,2026-09-30T08:55:00+00:00,2026-09-30T09:55:00+01:00,Matteo Arnaldi,Rei Sakamoto,unibet_uk,Unibet (UK),2026-09-30T08:47:49Z,h2h,Matteo Arnaldi,2.17,,0.4608294930875576,0.43927648578811374,0.2
2026-09-30T08:48:11.000480+00:00,2026-09-30T09:48:11.000480+01:00,7e213fd4c70141d87eab30382aa14fdc,tennis_atp_japan_open,ATP Japan Open,2026-09-30T08:55:00+00:00,2026-09-30T09:55:00+01:00,Matteo Arnaldi,Rei Sakamoto,unibet_uk,Unibet (UK),2026-09-30T08:47:49Z,h2h,Rei Sakamoto,1.7,,0.5882352941176471,0.5607235142118864,0.2
2026-09-30T08:48:11.000480+00:00,2026-09-30T09:48:11.000480+01:00,7e213fd4c70141d87eab30382aa14fdc,tennis_atp_japan_open,ATP Japan Open,2026-09-30T08:55:00+00:00,2026-09-30T09:55:00+01:00,Matteo Arnaldi,Rei Sakamoto,betfair_sb_uk,Betfair Sportsbook,2026-09-30T08:47:28Z,h2h,Matteo Arnaldi,2.2,,0.45454545454545453,0.43152454780361754,0.2
2026-09-30T08:48:11.000480+00:00,2026-09-30T09:48:11.000480+01:00,7e213fd4c70141d87eab30382aa14fdc,tennis_atp_japan_open,ATP Japan Open,2026-09-30T08:55:00+00:00,2026-09-30T09:55:00+01:00,Matteo Arnaldi,Rei Sakamoto,betfair_sb_uk,Betfair Sportsbook,2026-09-30T08:47:28Z,h2h,Rei Sakamoto,1.67,,0.5988023952095809,0.5684754521963824,0.2
2026-09-30T08:48:11.000480+00:00,2026-09-30T09:48:11.000480+01:00,7e213fd4c70141d87eab30382aa14fdc,tennis_atp_japan_open,ATP Japan Open,2026-09-30T08:55:00+00:00,2026-09-30T09:55:00+01:00,Matteo Arnaldi,Rei Sakamoto,betano_uk,Betano (UK),2026-09-30T08:45:52Z,h2h,Matteo Arnaldi,2.1,,0.47619047619047616,0.44297082228116713,0.2
2026-09-30T08:48:11.000480+00:00,2026-09-30T09:48:11.000480+01:00,7e213fd4c70141d87eab30382aa14fdc,tennis_atp_japan_open,ATP Japan Open,2026-09-30T08:55:00+00:00,2026-09-30T09:55:00+01:00,Matteo Arnaldi,Rei Sakamoto,betano_uk,Betano (UK),2026-09-30T08:45:52Z,h2h,Rei Sakamoto,1.67,,0.5988023952095809,0.557029177718833,0.2
2026-09-30T08:48:11.000480+00:00,2026-09-30T09:48:11.000480+01:00,7e213fd4c70141d87eab30382aa14fdc,tennis_atp_japan_open,ATP Japan Open,2026-09-30T08:55:00+00:00,2026-09-30T09:55:00+01:00,Matteo Arnaldi,Rei Sakamoto,betvictor,Bet Victor,2026-09-30T08:47:44Z,h2h,Matteo Arnaldi,2.1,,0.47619047619047616,0.44297082228116713,0.2
2026-09-30T08:48:11.000480+00:00,2026-09-30T09:48:11.000480+01:00,7e213fd4c70141d87eab30382aa14fdc,tennis_atp_japan_open,ATP Japan Open,2026-09-30T08:55:00+00:00,2026-09-30T09:55:00+01:00,Matteo Arnaldi,Rei Sakamoto,betvictor,Bet Victor,2026-09-30T08:47:44Z,h2h,Rei Sakamoto,1.67,,0.5988023952095809,0.557029177718833,0.2
2026-09-30T08:48:11.000480+00:00,2026-09-30T09:48:11.000480+01:00,7e213fd4c70141d87eab30382aa14fdc,tennis_atp_japan_open,ATP Japan Open,2026-09-30T08:55:00+00:00,2026-09-30T09:55:00+01:00,Matteo Arnaldi,Rei Sakamoto,leovegas,LeoVegas,2026-09-30T08:47:48Z,h2h,Matteo Arnaldi,2.15,,0.46511627906976744,0.43717277486910994,0.2
2026-09-30T08:48:11.000480+00:00,2026-09-30T09:48:11.000480+01:00,7e213fd4c70141d87eab30382aa14fdc,tennis_atp_japan_open,ATP Japan Open,2026-09-30T08:55:00+00:00,2026-09-30T09:55:00+01:00,Matteo Arnaldi,Rei Sakamoto,leovegas,LeoVegas,2026-09-30T08:47:48Z,h2h,Rei Sakamoto,1.67,,0.5988023952095809,0.5628272251308901,0.2
2026-09-30T08:48:11.000480+00:00,2026-09-30T09:48:11.000480+01:00,7e213fd4c70141d87eab30382aa14fdc,tennis_atp_japan_open,ATP Japan Open,2026-09-30T08:55:00+00:00,2026-09-30T09:55:00+01:00,Matteo Arnaldi,Rei Sakamoto,skybet,Sky Bet,2026-09-30T08:48:07Z,h2h,Matteo Arnaldi,2.1,,0.47619047619047616,0.44297082228116713,0.2
2026-09-30T08:48:11.000480+00:00,2026-09-30T09:48:11.000480+01:00,7e213fd4c70141d87eab30382aa14fdc,tennis_atp_japan_open,ATP Japan Open,2026-09-30T08:55:00+00:00,2026-09-30T09:55:00+01:00,Matteo Arnaldi,Rei Sakamoto,skybet,Sky Bet,2026-09-30T08:48:07Z,h2h,Rei Sakamoto,1.67,,0.5988023952095809,0.557029177718833,0.2
2026-09-30T08:48:11.000480+00:00,2026-09-30T09:48:11.000480+01:00,7e213fd4c70141d87eab30382aa14fdc,tennis_atp_japan_open,ATP Japan Open,2026-09-30T08:55:00+00:00,2026-09-30T09:55:00+01:00,Matteo Arnaldi,Rei Sakamoto,virginbet,Virgin Bet,2026-09-30T08:47:47Z,h2h,Matteo Arnaldi,2.18,,0.4587155963302752,0.4352331606217616,0.2
2026-09-30T08:48:11.000480+00:00,2026-09-30T09:48:11.000480+01:00,7e213fd4c70141d87eab30382aa14fdc,tennis_atp_japan_open,ATP Japan Open,2026-09-30T08:55:00+00:00,2026-09-30T09:55:00+01:00,Matteo Arnaldi,Rei Sakamoto,virginbet,Virgin Bet,2026-09-30T08:47:47Z,h2h,Rei Sakamoto,1.68,,0.5952380952380952,0.5647668393782384,0.2
2026-09-30T08:48:11.000480+00:00,2026-09-30T09:48:11.000480+01:00,7e213fd4c70141d87eab30382aa14fdc,tennis_atp_japan_open,ATP Japan Open,2026-09-30T08:55:00+00:00,2026-09-30T09:55:00+01:00,Matteo Arnaldi,Rei Sakamoto,livescorebet,LiveScore Bet,2026-09-30T08:47:48Z,h2h,Matteo Arnaldi,2.18,,0.4587155963302752,0.4352331606217616,0.2
2026-09-30T08:48:11.000480+00:00,2026-09-30T09:48:11.000480+01:00,7e213fd4c70141d87eab30382aa14fdc,tennis_atp_japan_open,ATP Japan Open,2026-09-30T08:55:00+00:00,2026-09-30T09:55:00+01:00,Matteo Arnaldi,Rei Sakamoto,livescorebet,LiveScore Bet,2026-09-30T08:47:48Z,h2h,Rei Sakamoto,1.68,,0.5952380952380952,0.5647668393782384,0.2
2026-09-30T08:48:11.000480+00:00,2026-09-30T09:48:11.000480+01:00,124680a13038b2d61621ea996617ac43,tennis_atp_japan_open,ATP Japan Open,2026-10-01T02:00:00+00:00,2026-10-01T03:00:00+01:00,Alejandro Davidovich Fokina,Matteo Berrettini,matchbook,Matchbook,2026-09-30T08:48:07Z,h2h,Alejandro Davidovich Fokina,1.75,,0.5714285714285714,0.56575682382134,0.2
2026-09-30T08:48:11.000480+00:00,2026-09-30T09:48:11.000480+01:00,124680a13038b2d61621ea996617ac43,tennis_atp_japan_open,ATP Japan Open,2026-10-01T02:00:00+00:00,2026-10-01T03:00:00+01:00,Alejandro Davidovich Fokina,Matteo Berrettini,matchbook,Matchbook,2026-09-30T08:48:07Z,h2h,Matteo Berrettini,2.28,,0.4385964912280702,0.4342431761786601,0.2
2026-09-30T08:48:11.000480+00:00,2026-09-30T09:48:11.000480+01:00,124680a13038b2d61621ea996617ac43,tennis_atp_japan_open,ATP Japan Open,2026-10-01T02:00:00+00:00,2026-10-01T03:00:00+01:00,Alejandro Davidovich Fokina,Matteo Berrettini,matchbook,Matchbook,2026-09-30T08:48:07Z,h2h_lay,Alejandro Davidovich Fokina,1.79,,0.5586592178770949,1.0,0.2
2026-09-30T08:48:11.000480+00:00,2026-09-30T09:48:11.000480+01:00,124680a13038b2d61621ea996617ac43,tennis_atp_japan_open,ATP Japan Open,2026-10-01T02:00:00+00:00,2026-10-01T03:00:00+01:00,Alejandro Davidovich Fokina,Matteo Berrettini,matchbook,Matchbook,2026-09-30T08:48:07Z,h2h_lay,Matteo Berrettini,2.32,,0.4310344827586207,1.0,0.2
2026-09-30T08:48:11.000480+00:00,2026-09-30T09:48:11.000480+01:00,124680a13038b2d61621ea996617ac43,tennis_atp_japan_open,ATP Japan Open,2026-10-01T02:00:00+00:00,2026-10-01T03:00:00+01:00,Alejandro Davidovich Fokina,Matteo Berrettini,betway,Betway,2026-09-30T08:47:01Z,h2h,Alejandro Davidovich Fokina,1.65,,0.6060606060606061,0.5769230769230769,0.2
2026-09-30T08:48:11.000480+00:00,2026-09-30T09:48:11.000480+01:00,124680a13038b2d61621ea996617ac43,tennis_atp_japan_open,ATP Japan Open,2026-10-01T02:00:00+00:00,2026-10-01T03:00:00+01:00,Alejandro Davidovich Fokina,Matteo Berrettini,betway,Betway,2026-09-30T08:47:01Z,h2h,Matteo Berrettini,2.25,,0.4444444444444444,0.423076923076923,0.2
2026-09-30T08:48:11.000480+00:00,2026-09-30T09:48:11.000480+01:00,124680a13038b2d61621ea996617ac43,tennis_atp_japan_open,ATP Japan Open,2026-10-01T02:00:00+00:00,2026-10-01T03:00:00+01:00,Alejandro Davidovich Fokina,Matteo Berrettini,boylesports,BoyleSports,2026-09-30T08:43:37Z,h2h,Alejandro Davidovich Fokina,1.67,,0.5988023952095809,0.5684754521963824,0.2
2026-09-30T08:48:11.000480+00:00,2026-09-30T09:48:11.000480+01:00,124680a13038b2d61621ea996617ac43,tennis_atp_japan_open,ATP Japan Open,2026-10-01T02:00:00+00:00,2026-10-01T03:00:00+01:00,Alejandro Davidovich Fokina,Matteo Berrettini,boylesports,BoyleSports,2026-09-30T08:43:37Z,h2h,Matteo Berrettini,2.2,,0.45454545454545453,0.43152454780361754,0.2
2026-09-30T08:48:11.000480+00:00,2026-09-30T09:48:11.000480+01:00,124680a13038b2d61621ea996617ac43,tennis_atp_japan_open,ATP Japan Open,2026-10-01T02:00:00+00:00,2026-10-01T03:00:00+01:00,Alejandro Davidovich Fokina,Matteo Berrettini,betfair_ex_uk,Betfair,2026-09-30T08:48:08Z,h2h,Alejandro Davidovich Fokina,1.75,,0.5714285714285714,0.5635910224438903,0.2
2026-09-30T08:48:11.000480+00:00,2026-09-30T09:48:11.000480+01:00,124680a13038b2d61621ea996617ac43,tennis_atp_japan_open,ATP Japan Open,2026-10-01T02:00:00+00:00,2026-10-01T03:00:00+01:00,Alejandro Davidovich Fokina,Matteo Berrettini,betfair_ex_uk,Betfair,2026-09-30T08:48:08Z,h2h,Matteo Berrettini,2.26,,0.4424778761061947,0.43640897755610975,0.2
2026-09-30T08:48:11.000480+00:00,2026-09-30T09:48:11.000480+01:00,124680a13038b2d61621ea996617ac43,tennis_atp_japan_open,ATP Japan Open,2026-10-01T02:00:00+00:00,2026-10-01T03:00:00+01:00,Alejandro Davidovich Fokina,Matteo Berrettini,betfair_ex_uk,Betfair,2026-09-30T08:48:08Z,h2h_lay,Alejandro Davidovich Fokina,1.79,,0.5586592178770949,1.0,0.2
2026-09-30T08:48:11.000480+00:00,2026-09-30T09:48:11.000480+01:00,124680a13038b2d61621ea996617ac43,tennis_atp_japan_open,ATP Japan Open,2026-10-01T02:00:00+00:00,2026-10-01T03:00:00+01:00,Alejandro Davidovich Fokina,Matteo Berrettini,betfair_ex_uk,Betfair,2026-09-30T08:48:08Z,h2h_lay,Matteo Berrettini,2.32,,0.4310344827586207,1.0,0.2
2026-09-30T08:48:11.000480+00:00,2026-09-30T09:48:11.000480+01:00,124680a13038b2d61621ea996617ac43,tennis_atp_japan_open,ATP Japan Open,2026-10-01T02:00:00+00:00,2026-10-01T03:00:00+01:00,Alejandro Davidovich Fokina,Matteo Berrettini,grosvenor,Grosvenor,2026-09-30T08:47:30Z,h2h,Alejandro Davidovich Fokina,1.64,,0.6097560975609756,0.5784061696658098,0.2
2026-09-30T08:48:11.000480+00:00,2026-09-30T09:48:11.000480+01:00,124680a13038b2d61621ea996617ac43,tennis_atp_japan_open,ATP Japan Open,2026-10-01T02:00:00+00:00,2026-10-01T03:00:00+01:00,Alejandro Davidovich Fokina,Matteo Berrettini,grosvenor,Grosvenor,2026-09-30T08:47:30Z,h2h,Matteo Berrettini,2.25,,0.4444444444444444,0.4215938303341903,0.2
2026-09-30T08:48:11.000480+00:00,2026-09-30T09:48:11.000480+01:00,124680a13038b2d61621ea996617ac43,tennis_atp_japan_open,ATP Japan Open,2026-10-01T02:00:00+00:00,2026-10-01T03:00:00+01:00,Alejandro Davidovich Fokina,Matteo Berrettini,casumo,Casumo,2026-09-30T08:47:48Z,h2h,Alejandro Davidovich Fokina,1.64,,0.6097560975609756,0.5784061696658098,0.2
2026-09-30T08:48:11.000480+00:00,2026-09-30T09:48:11.000480+01:00,124680a13038b2d61621ea996617ac43,tennis_atp_japan_open,ATP Japan Open,2026-10-01T02:00:00+00:00,2026-10-01T03:00:00+01:00,Alejandro Davidovich Fokina,Matteo Berrettini,casumo,Casumo,2026-09-30T08:47:48Z,h2h,Matteo Berrettini,2.25,,0.4444444444444444,0.4215938303341903,0.2
2026-09-30T08:48:11.000480+00:00,2026-09-30T09:48:11.000480+01:00,124680a13038b2d61621ea996617ac43,tennis_atp_japan_open,ATP Japan Open,2026-10-01T02:00:00+00:00,2026-10-01T03:00:00+01:00,Alejandro Davidovich Fokina,Matteo Berrettini,paddypower,Paddy Power,2026-09-30T08:47:32Z,h2h,Alejandro Davidovich Fokina,1.62,,0.6172839506172839,0.5759162303664922,0.2
2026-09-30T08:48:11.000480+00:00,2026-09-30T09:48:11.000480+01:00,124680a13038b2d61621ea996617ac43,tennis_atp_japan_open,ATP Japan Open,2026-10-01T02:00:00+00:00,2026-10-01T03:00:00+01:00,Alejandro Davidovich Fokina,Matteo Berrettini,paddypower,Paddy Power,2026-09-30T08:47:32Z,h2h,Matteo Berrettini,2.2,,0.45454545454545453,0.42408376963350786,0.2
2026-09-30T08:48:11.000480+00:00,2026-09-30T09:48:11.000480+01:00,124680a13038b2d61621ea996617ac43,tennis_atp_japan_open,ATP Japan Open,2026-10-01T02:00:00+00:00,2026-10-01T03:00:00+01:00,Alejandro Davidovich Fokina,Matteo Berrettini,williamhill,William Hill,2026-09-30T08:47:33Z,h2h,Alejandro Davidovich Fokina,1.67,,0.5988023952095809,0.5684754521963824,0.2
2026-09-30T08:48:11.000480+00:00,2026-09-30T09:48:11.000480+01:00,124680a13038b2d61621ea996617ac43,tennis_atp_japan_open,ATP Japan Open,2026-10-01T02:00:00+00:00,2026-10-01T03:00:00+01:00,Alejandro Davidovich Fokina,Matteo Berrettini,williamhill,William Hill,2026-09-30T08:47:33Z,h2h,Matteo Berrettini,2.2,,0.45454545454545453,0.43152454780361754,0.2
2026-09-30T08:48:11.000480+00:00,2026-09-30T09:48:11.000480+01:00,124680a13038b2d61621ea996617ac43,tennis_atp_japan_open,ATP Japan Open,2026-10-01T02:00:00+00:00,2026-10-01T03:00:00+01:00,Alejandro Davidovich Fokina,Matteo Berrettini,sport888,888sport,2026-09-30T08:47:49Z,h2h,Alejandro Davidovich Fokina,1.67,,0.5988023952095809,0.5684754521963824,0.2
2026-09-30T08:48:11.000480+00:00,2026-09-30T09:48:11.000480+01:00,124680a13038b2d61621ea996617ac43,tennis_atp_japan_open,ATP Japan Open,2026-10-01T02:00:00+00:00,2026-10-01T03:00:00+01:00,Alejandro Davidovich Fokina,Matteo Berrettini,sport888,888sport,2026-09-30T08:47:49Z,h2h,Matteo Berrettini,2.2,,0.45454545454545453,0.43152454780361754,0.2
2026-09-30T08:48:11.000480+00:00,2026-09-30T09:48:11.000480+01:00,124680a13038b2d61621ea996617ac43,tennis_atp_japan_open,ATP Japan Open,2026-10-01T02:00:00+00:00,2026-10-01T03:00:00+01:00,Alejandro Davidovich Fokina,Matteo Berrettini,unibet_uk,Unibet (UK),2026-09-30T08:47:49Z,h2h,Alejandro Davidovich Fokina,1.63,,0.6134969325153374,0.5721784776902887,0.2
2026-09-30T08:48:11.000480+00:00,2026-09-30T09:48:11.000480+01:00,124680a13038b2d61621ea996617ac43,tennis_atp_japan_open,ATP Japan Open,2026-10-01T02:00:00+00:00,2026-10-01T03:00:00+01:00,Alejandro Davidovich Fokina,Matteo Berrettini,unibet_uk,Unibet (UK),2026-09-30T08:47:49Z,h2h,Matteo Berrettini,2.18,,0.4587155963302752,0.42782152230971127,0.2
2026-09-30T08:48:11.000480+00:00,2026-09-30T09:48:11.000480+01:00,124680a13038b2d61621ea996617ac43,tennis_atp_japan_open,ATP Japan Open,2026-10-01T02:00:00+00:00,2026-10-01T03:00:00+01:00,Alejandro Davidovich Fokina,Matteo Berrettini,betfair_sb_uk,Betfair Sportsbook,2026-09-30T08:47:28Z,h2h,Alejandro Davidovich Fokina,1.67,,0.5988023952095809,0.5684754521963824,0.2
2026-09-30T08:48:11.000480+00:00,2026-09-30T09:48:11.000480+01:00,124680a13038b2d61621ea996617ac43,tennis_atp_japan_open,ATP Japan Open,2026-10-01T02:00:00+00:00,2026-10-01T03:00:00+01:00,Alejandro Davidovich Fokina,Matteo Berrettini,betfair_sb_uk,Betfair Sportsbook,2026-09-30T08:47:28Z,h2h,Matteo Berrettini,2.2,,0.45454545454545453,0.43152454780361754,0.2
2026-09-30T08:48:11.000480+00:00,2026-09-30T09:48:11.000480+01:00,124680a13038b2d61621ea996617ac43,tennis_atp_japan_open,ATP Japan Open,2026-10-01T02:00:00+00:00,2026-10-01T03:00:00+01:00,Alejandro Davidovich Fokina,Matteo Berrettini,betano_uk,Betano (UK),2026-09-30T08:45:52Z,h2h,Alejandro Davidovich Fokina,1.61,,0.6211180124223602,0.5774278215223098,0.2
2026-09-30T08:48:11.000480+00:00,2026-09-30T09:48:11.000480+01:00,124680a13038b2d61621ea996617ac43,tennis_atp_japan_open,ATP Japan Open,2026-10-01T02:00:00+00:00,2026-10-01T03:00:00+01:00,Alejandro Davidovich Fokina,Matteo Berrettini,betano_uk,Betano (UK),2026-09-30T08:45:52Z,h2h,Matteo Berrettini,2.2,,0.45454545454545453,0.4225721784776903,0.2
2026-09-30T08:48:11.000480+00:00,2026-09-30T09:48:11.000480+01:00,124680a13038b2d61621ea996617ac43,tennis_atp_japan_open,ATP Japan Open,2026-10-01T02:00:00+00:00,2026-10-01T03:00:00+01:00,Alejandro Davidovich Fokina,Matteo Berrettini,betvictor,Bet Victor,2026-09-30T08:47:44Z,h2h,Alejandro Davidovich Fokina,1.61,,0.6211180124223602,0.5774278215223098,0.2
2026-09-30T08:48:11.000480+00:00,2026-09-30T09:48:11.000480+01:00,124680a13038b2d61621ea996617ac43,tennis_atp_japan_open,ATP Japan Open,2026-10-01T02:00:00+00:00,2026-10-01T03:00:00+01:00,Alejandro Davidovich Fokina,Matteo Berrettini,betvictor,Bet Victor,2026-09-30T08:47:44Z,h2h,Matteo Berrettini,2.2,,0.45454545454545453,0.4225721784776903,0.2
2026-09-30T08:48:11.000480+00:00,2026-09-30T09:48:11.000480+01:00,124680a13038b2d61621ea996617ac43,tennis_atp_japan_open,ATP Japan Open,2026-10-01T02:00:00+00:00,2026-10-01T03:00:00+01:00,Alejandro Davidovich Fokina,Matteo Berrettini,leovegas,LeoVegas,2026-09-30T08:47:48Z,h2h,Alejandro Davidovich Fokina,1.62,,0.6172839506172839,0.5702917771883289,0.2
2026-09-30T08:48:11.000480+00:00,2026-09-30T09:48:11.000480+01:00,124680a13038b2d61621ea996617ac43,tennis_atp_japan_open,ATP Japan Open,2026-10-01T02:00:00+00:00,2026-10-01T03:00:00+01:00,Alejandro Davidovich Fokina,Matteo Berrettini,leovegas,LeoVegas,2026-09-30T08:47:48Z,h2h,Matteo Berrettini,2.15,,0.46511627906976744,0.4297082228116711,0.2
2026-09-30T08:48:11.000480+00:00,2026-09-30T09:48:11.000480+01:00,124680a13038b2d61621ea996617ac43,tennis_atp_japan_open,ATP Japan Open,2026-10-01T02:00:00+00:00,2026-10-01T03:00:00+01:00,Alejandro Davidovich Fokina,Matteo Berrettini,coral,Coral,2026-09-30T08:48:08Z,h2h,Alejandro Davidovich Fokina,1.6,,0.625,0.5789473684210527,0.2
2026-09-30T08:48:11.000480+00:00,2026-09-30T09:48:11.000480+01:00,124680a13038b2d61621ea996617ac43,tennis_atp_japan_open,ATP Japan Open,2026-10-01T02:00:00+00:00,2026-10-01T03:00:00+01:00,Alejandro Davidovich Fokina,Matteo Berrettini,coral,Coral,2026-09-30T08:48:08Z,h2h,Matteo Berrettini,2.2,,0.45454545454545453,0.42105263157894735,0.2
2026-09-30T08:48:11.000480+00:00,2026-09-30T09:48:11.000480+01:00,124680a13038b2d61621ea996617ac43,tennis_atp_japan_open,ATP Japan Open,2026-10-01T02:00:00+00:00,2026-10-01T03:00:00+01:00,Alejandro Davidovich Fokina,Matteo Berrettini,ladbrokes_uk,Ladbrokes,2026-09-30T08:47:49Z,h2h,Alejandro Davidovich Fokina,1.6,,0.625,0.5789473684210527,0.2
2026-09-30T08:48:11.000480+00:00,2026-09-30T09:48:11.000480+01:00,124680a13038b2d61621ea996617ac43,tennis_atp_japan_open,ATP Japan Open,2026-10-01T02:00:00+00:00,2026-10-01T03:00:00+01:00,Alejandro Davidovich Fokina,Matteo Berrettini,ladbrokes_uk,Ladbrokes,2026-09-30T08:47:49Z,h2h,Matteo Berrettini,2.2,,0.45454545454545453,0.42105263157894735,0.2
2026-09-30T08:48:11.000480+00:00,2026-09-30T09:48:11.000480+01:00,124680a13038b2d61621ea996617ac43,tennis_atp_japan_open,ATP Japan Open,2026-10-01T02:00:00+00:00,2026-10-01T03:00:00+01:00,Alejandro Davidovich Fokina,Matteo Berrettini,skybet,Sky Bet,2026-09-30T08:48:07Z,h2h,Alejandro Davidovich Fokina,1.62,,0.6172839506172839,0.5759162303664922,0.2
2026-09-30T08:48:11.000480+00:00,2026-09-30T09:48:11.000480+01:00,124680a13038b2d61621ea996617ac43,tennis_atp_japan_open,ATP Japan Open,2026-10-01T02:00:00+00:00,2026-10-01T03:00:00+01:00,Alejandro Davidovich Fokina,Matteo Berrettini,skybet,Sky Bet,2026-09-30T08:48:07Z,h2h,Matteo Berrettini,2.2,,0.45454545454545453,0.42408376963350786,0.2
2026-09-30T08:48:11.000480+00:00,2026-09-30T09:48:11.000480+01:00,124680a13038b2d61621ea996617ac43,tennis_atp_japan_open,ATP Japan Open,2026-10-01T02:00:00+00:00,2026-10-01T03:00:00+01:00,Alejandro Davidovich Fokina,Matteo Berrettini,virginbet,Virgin Bet,2026-09-30T08:47:47Z,h2h,Alejandro Davidovich Fokina,1.64,,0.6097560975609756,0.5784061696658098,0.2
2026-09-30T08:48:11.000480+00:00,2026-09-30T09:48:11.000480+01:00,124680a13038b2d61621ea996617ac43,tennis_atp_japan_open,ATP Japan Open,2026-10-01T02:00:00+00:00,2026-10-01T03:00:00+01:00,Alejandro Davidovich Fokina,Matteo Berrettini,virginbet,Virgin Bet,2026-09-30T08:47:47Z,h2h,Matteo Berrettini,2.25,,0.4444444444444444,0.4215938303341903,0.2
2026-09-30T08:48:11.000480+00:00,2026-09-30T09:48:11.000480+01:00,124680a13038b2d61621ea996617ac43,tennis_atp_japan_open,ATP Japan Open,2026-10-01T02:00:00+00:00,2026-10-01T03:00:00+01:00,Alejandro Davidovich Fokina,Matteo Berrettini,livescorebet,LiveScore Bet,2026-09-30T08:47:48Z,h2h,Alejandro Davidovich Fokina,1.64,,0.6097560975609756,0.5784061696658098,0.2
2026-09-30T08:48:11.000480+00:00,2026-09-30T09:48:11.000480+01:00,124680a13038b2d61621ea996617ac43,tennis_atp_japan_open,ATP Japan Open,2026-10-01T02:00:00+00:00,2026-10-01T03:00:00+01:00,Alejandro Davidovich Fokina,Matteo Berrettini,livescorebet,LiveScore Bet,2026-09-30T08:47:48Z,h2h,Matteo Berrettini,2.25,,0.4444444444444444,0.4215938303341903,0.2
2026-09-30T08:48:11.000480+00:00,2026-09-30T09:48:11.000480+01:00,d700980c8b97f7b97b85b0698f5b3824,tennis_atp_japan_open,ATP Japan Open,2026-10-01T02:00:00+00:00,2026-10-01T03:00:00+01:00,Carlos Alcaraz,Alex Michelsen,matchbook,Matchbook,2026-09-30T08:48:07Z,h2h,Alex Michelsen,5.7,,0.17543859649122806,0.17391304347826086,0.2
2026-09-30T08:48:11.000480+00:00,2026-09-30T09:48:11.000480+01:00,d700980c8b97f7b97b85b0698f5b3824,tennis_atp_japan_open,ATP Japan Open,2026-10-01T02:00:00+00:00,2026-10-01T03:00:00+01:00,Carlos Alcaraz,Alex Michelsen,matchbook,Matchbook,2026-09-30T08:48:07Z,h2h,Carlos Alcaraz,1.2,,0.8333333333333334,0.8260869565217391,0.2
2026-09-30T08:48:11.000480+00:00,2026-09-30T09:48:11.000480+01:00,d700980c8b97f7b97b85b0698f5b3824,tennis_atp_japan_open,ATP Japan Open,2026-10-01T02:00:00+00:00,2026-10-01T03:00:00+01:00,Carlos Alcaraz,Alex Michelsen,matchbook,Matchbook,2026-09-30T08:48:07Z,h2h_lay,Alex Michelsen,5.9,,0.1694915254237288,1.0,0.2
2026-09-30T08:48:11.000480+00:00,2026-09-30T09:48:11.000480+01:00,d700980c8b97f7b97b85b0698f5b3824,tennis_atp_japan_open,ATP Japan Open,2026-10-01T02:00:00+00:00,2026-10-01T03:00:00+01:00,Carlos Alcaraz,Alex Michelsen,matchbook,Matchbook,2026-09-30T08:48:07Z,h2h_lay,Carlos Alcaraz,1.22,,0.819672131147541,1.0,0.2
2026-09-30T08:48:11.000480+00:00,2026-09-30T09:48:11.000480+01:00,d700980c8b97f7b97b85b0698f5b3824,tennis_atp_japan_open,ATP Japan Open,2026-10-01T02:00:00+00:00,2026-10-01T03:00:00+01:00,Carlos Alcaraz,Alex Michelsen,betway,Betway,2026-09-30T08:47:01Z,h2h,Alex Michelsen,4.75,,0.21052631578947367,0.19898819561551429,0.2
2026-09-30T08:48:11.000480+00:00,2026-09-30T09:48:11.000480+01:00,d700980c8b97f7b97b85b0698f5b3824,tennis_atp_japan_open,ATP Japan Open,2026-10-01T02:00:00+00:00,2026-10-01T03:00:00+01:00,Carlos Alcaraz,Alex Michelsen,betway,Betway,2026-09-30T08:47:01Z,h2h,Carlos Alcaraz,1.18,,0.8474576271186441,0.8010118043844856,0.2
2026-09-30T08:48:11.000480+00:00,2026-09-30T09:48:11.000480+01:00,d700980c8b97f7b97b85b0698f5b3824,tennis_atp_japan_open,ATP Japan Open,2026-10-01T02:00:00+00:00,2026-10-01T03:00:00+01:00,Carlos Alcaraz,Alex Michelsen,boylesports,BoyleSports,2026-09-30T08:43:37Z,h2h,Alex Michelsen,5.0,,0.2,0.18962722852512157,0.2
2026-09-30T08:48:11.000480+00:00,2026-09-30T09:48:11.000480+01:00,d700980c8b97f7b97b85b0698f5b3824,tennis_atp_japan_open,ATP Japan Open,2026-10-01T02:00:00+00:00,2026-10-01T03:00:00+01:00,Carlos Alcaraz,Alex Michelsen,boylesports,BoyleSports,2026-09-30T08:43:37Z,h2h,Carlos Alcaraz,1.17,,0.8547008547008548,0.8103727714748785,0.2
2026-09-30T08:48:11.000480+00:00,2026-09-30T09:48:11.000480+01:00,d700980c8b97f7b97b85b0698f5b3824,tennis_atp_japan_open,ATP Japan Open,2026-10-01T02:00:00+00:00,2026-10-01T03:00:00+01:00,Carlos Alcaraz,Alex Michelsen,betfair_ex_uk,Betfair,2026-09-30T08:48:08Z,h2h,Alex Michelsen,5.7,,0.17543859649122806,0.17391304347826086,0.2
2026-09-30T08:48:11.000480+00:00,2026-09-30T09:48:11.000480+01:00,d700980c8b97f7b97b85b0698f5b3824,tennis_atp_japan_open,ATP Japan Open,2026-10-01T02:00:00+00:00,2026-10-01T03:00:00+01:00,Carlos Alcaraz,Alex Michelsen,betfair_ex_uk,Betfair,2026-09-30T08:48:08Z,h2h,Carlos Alcaraz,1.2,,0.8333333333333334,0.8260869565217391,0.2
2026-09-30T08:48:11.000480+00:00,2026-09-30T09:48:11.000480+01:00,d700980c8b97f7b97b85b0698f5b3824,tennis_atp_japan_open,ATP Japan Open,2026-10-01T02:00:00+00:00,2026-10-01T03:00:00+01:00,Carlos Alcaraz,Alex Michelsen,betfair_ex_uk,Betfair,2026-09-30T08:48:08Z,h2h_lay,Alex Michelsen,5.9,,0.1694915254237288,1.0,0.2
2026-09-30T08:48:11.000480+00:00,2026-09-30T09:48:11.000480+01:00,d700980c8b97f7b97b85b0698f5b3824,tennis_atp_japan_open,ATP Japan Open,2026-10-01T02:00:00+00:00,2026-10-01T03:00:00+01:00,Carlos Alcaraz,Alex Michelsen,betfair_ex_uk,Betfair,2026-09-30T08:48:08Z,h2h_lay,Carlos Alcaraz,1.22,,0.819672131147541,1.0,0.2
2026-09-30T08:48:11.000480+00:00,2026-09-30T09:48:11.000480+01:00,d700980c8b97f7b97b85b0698f5b3824,tennis_atp_japan_open,ATP Japan Open,2026-10-01T02:00:00+00:00,2026-10-01T03:00:00+01:00,Carlos Alcaraz,Alex Michelsen,grosvenor,Grosvenor,2026-09-30T08:47:30Z,h2h,Alex Michelsen,5.1,,0.19607843137254904,0.18660287081339716,0.2
2026-09-30T08:48:11.000480+00:00,2026-09-30T09:48:11.000480+01:00,d700980c8b97f7b97b85b0698f5b3824,tennis_atp_japan_open,ATP Japan Open,2026-10-01T02:00:00+00:00,2026-10-01T03:00:00+01:00,Carlos Alcaraz,Alex Michelsen,grosvenor,Grosvenor,2026-09-30T08:47:30Z,h2h,Carlos Alcaraz,1.17,,0.8547008547008548,0.8133971291866029,0.2
2026-09-30T08:48:11.000480+00:00,2026-09-30T09:48:11.000480+01:00,d700980c8b97f7b97b85b0698f5b3824,tennis_atp_japan_open,ATP Japan Open,2026-10-01T02:00:00+00:00,2026-10-01T03:00:00+01:00,Carlos Alcaraz,Alex Michelsen,casumo,Casumo,2026-09-30T08:47:48Z,h2h,Alex Michelsen,5.1,,0.19607843137254904,0.18660287081339716,0.2
2026-09-30T08:48:11.000480+00:00,2026-09-30T09:48:11.000480+01:00,d700980c8b97f7b97b85b0698f5b3824,tennis_atp_japan_open,ATP Japan Open,2026-10-01T02:00:00+00:00,2026-10-01T03:00:00+01:00,Carlos Alcaraz,Alex Michelsen,casumo,Casumo,2026-09-30T08:47:48Z,h2h,Carlos Alcaraz,1.17,,0.8547008547008548,0.8133971291866029,0.2
2026-09-30T08:48:11.000480+00:00,2026-09-30T09:48:11.000480+01:00,d700980c8b97f7b97b85b0698f5b3824,tennis_atp_japan_open,ATP Japan Open,2026-10-01T02:00:00+00:00,2026-10-01T03:00:00+01:00,Carlos Alcaraz,Alex Michelsen,paddypower,Paddy Power,2026-09-30T08:47:32Z,h2h,Alex Michelsen,5.0,,0.2,0.18566775244299674,0.2
2026-09-30T08:48:11.000480+00:00,2026-09-30T09:48:11.000480+01:00,d700980c8b97f7b97b85b0698f5b3824,tennis_atp_japan_open,ATP Japan Open,2026-10-01T02:00:00+00:00,2026-10-01T03:00:00+01:00,Carlos Alcaraz,Alex Michelsen,paddypower,Paddy Power,2026-09-30T08:47:32Z,h2h,Carlos Alcaraz,1.14,,0.8771929824561404,0.8143322475570033,0.2
2026-09-30T08:48:11.000480+00:00,2026-09-30T09:48:11.000480+01:00,d700980c8b97f7b97b85b0698f5b3824,tennis_atp_japan_open,ATP Japan Open,2026-10-01T02:00:00+00:00,2026-10-01T03:00:00+01:00,Carlos Alcaraz,Alex Michelsen,coral,Coral,2026-09-30T08:48:08Z,h2h,Alex Michelsen,4.6,,0.2173913043478261,0.20415224913494812,0.2
2026-09-30T08:48:11.000480+00:00,2026-09-30T09:48:11.000480+01:00,d700980c8b97f7b97b85b0698f5b3824,tennis_atp_japan_open,ATP Japan Open,2026-10-01T02:00:00+00:00,2026-10-01T03:00:00+01:00,Carlos Alcaraz,Alex Michelsen,coral,Coral,2026-09-30T08:48:08Z,h2h,Carlos Alcaraz,1.18,,0.8474576271186441,0.795847750865052,0.2
2026-09-30T08:48:11.000480+00:00,2026-09-30T09:48:11.000480+01:00,d700980c8b97f7b97b85b0698f5b3824,tennis_atp_japan_open,ATP Japan Open,2026-10-01T02:00:00+00:00,2026-10-01T03:00:00+01:00,Carlos Alcaraz,Alex Michelsen,ladbrokes_uk,Ladbrokes,2026-09-30T08:47:49Z,h2h,Alex Michelsen,4.6,,0.2173913043478261,0.20415224913494812,0.2
2026-09-30T08:48:11.000480+00:00,2026-09-30T09:48:11.000480+01:00,d700980c8b97f7b97b85b0698f5b3824,tennis_atp_japan_open,ATP Japan Open,2026-10-01T02:00:00+00:00,2026-10-01T03:00:00+01:00,Carlos Alcaraz,Alex Michelsen,ladbrokes_uk,Ladbrokes,2026-09-30T08:47:49Z,h2h,Carlos Alcaraz,1.18,,0.8474576271186441,0.795847750865052,0.2
2026-09-30T08:48:11.000480+00:00,2026-09-30T09:48:11.000480+01:00,d700980c8b97f7b97b85b0698f5b3824,tennis_atp_japan_open,ATP Japan Open,2026-10-01T02:00:00+00:00,2026-10-01T03:00:00+01:00,Carlos Alcaraz,Alex Michelsen,williamhill,William Hill,2026-09-30T08:47:33Z,h2h,Alex Michelsen,5.0,,0.2,0.18962722852512157,0.2
2026-09-30T08:48:11.000480+00:00,2026-09-30T09:48:11.000480+01:00,d700980c8b97f7b97b85b0698f5b3824,tennis_atp_japan_open,ATP Japan Open,2026-10-01T02:00:00+00:00,2026-10-01T03:00:00+01:00,Carlos Alcaraz,Alex Michelsen,williamhill,William Hill,2026-09-30T08:47:33Z,h2h,Carlos Alcaraz,1.17,,0.8547008547008548,0.8103727714748785,0.2
2026-09-30T08:48:11.000480+00:00,2026-09-30T09:48:11.000480+01:00,d700980c8b97f7b97b85b0698f5b3824,tennis_atp_japan_open,ATP Japan Open,2026-10-01T02:00:00+00:00,2026-10-01T03:00:00+01:00,Carlos Alcaraz,Alex Michelsen,sport888,888sport,2026-09-30T08:47:49Z,h2h,Alex Michelsen,5.0,,0.2,0.18962722852512157,0.2
2026-09-30T08:48:11.000480+00:00,2026-09-30T09:48:11.000480+01:00,d700980c8b97f7b97b85b0698f5b3824,tennis_atp_japan_open,ATP Japan Open,2026-10-01T02:00:00+00:00,2026-10-01T03:00:00+01:00,Carlos Alcaraz,Alex Michelsen,sport888,888sport,2026-09-30T08:47:49Z,h2h,Carlos Alcaraz,1.17,,0.8547008547008548,0.8103727714748785,0.2
2026-09-30T08:48:11.000480+00:00,2026-09-30T09:48:11.000480+01:00,d700980c8b97f7b97b85b0698f5b3824,tennis_atp_japan_open,ATP Japan Open,2026-10-01T02:00:00+00:00,2026-10-01T03:00:00+01:00,Carlos Alcaraz,Alex Michelsen,unibet_uk,Unibet (UK),2026-09-30T08:47:49Z,h2h,Alex Michelsen,4.8,,0.20833333333333334,0.19463087248322147,0.2
2026-09-30T08:48:11.000480+00:00,2026-09-30T09:48:11.000480+01:00,d700980c8b97f7b97b85b0698f5b3824,tennis_atp_japan_open,ATP Japan Open,2026-10-01T02:00:00+00:00,2026-10-01T03:00:00+01:00,Carlos Alcaraz,Alex Michelsen,unibet_uk,Unibet (UK),2026-09-30T08:47:49Z,h2h,Carlos Alcaraz,1.16,,0.8620689655172414,0.8053691275167785,0.2
2026-09-30T08:48:11.000480+00:00,2026-09-30T09:48:11.000480+01:00,d700980c8b97f7b97b85b0698f5b3824,tennis_atp_japan_open,ATP Japan Open,2026-10-01T02:00:00+00:00,2026-10-01T03:00:00+01:00,Carlos Alcaraz,Alex Michelsen,betano_uk,Betano (UK),2026-09-30T08:45:52Z,h2h,Alex Michelsen,4.5,,0.2222222222222222,0.2063492063492063,0.2
2026-09-30T08:48:11.000480+00:00,2026-09-30T09:48:11.000480+01:00,d700980c8b97f7b97b85b0698f5b3824,tennis_atp_japan_open,ATP Japan Open,2026-10-01T02:00:00+00:00,2026-10-01T03:00:00+01:00,Carlos Alcaraz,Alex Michelsen,betano_uk,Betano (UK),2026-09-30T08:45:52Z,h2h,Carlos Alcaraz,1.17,,0.8547008547008548,0.7936507936507936,0.2
2026-09-30T08:48:11.000480+00:00,2026-09-30T09:48:11.000480+01:00,d700980c8b97f7b97b85b0698f5b3824,tennis_atp_japan_open,ATP Japan Open,2026-10-01T02:00:00+00:00,2026-10-01T03:00:00+01:00,Carlos Alcaraz,Alex Michelsen,betvictor,Bet Victor,2026-09-30T08:47:44Z,h2h,Alex Michelsen,4.5,,0.2222222222222222,0.2063492063492063,0.2
2026-09-30T08:48:11.000480+00:00,2026-09-30T09:48:11.000480+01:00,d700980c8b97f7b97b85b0698f5b3824,tennis_atp_japan_open,ATP Japan Open,2026-10-01T02:00:00+00:00,2026-10-01T03:00:00+01:00,Carlos Alcaraz,Alex Michelsen,betvictor,Bet Victor,2026-09-30T08:47:44Z,h2h,Carlos Alcaraz,1.17,,0.8547008547008548,0.7936507936507936,0.2
2026-09-30T08:48:11.000480+00:00,2026-09-30T09:48:11.000480+01:00,d700980c8b97f7b97b85b0698f5b3824,tennis_atp_japan_open,ATP Japan Open,2026-10-01T02:00:00+00:00,2026-10-01T03:00:00+01:00,Carlos Alcaraz,Alex Michelsen,leovegas,LeoVegas,2026-09-30T08:47:48Z,h2h,Alex Michelsen,4.7,,0.2127659574468085,0.19795221843003413,0.2
2026-09-30T08:48:11.000480+00:00,2026-09-30T09:48:11.000480+01:00,d700980c8b97f7b97b85b0698f5b3824,tennis_atp_japan_open,ATP Japan Open,2026-10-01T02:00:00+00:00,2026-10-01T03:00:00+01:00,Carlos Alcaraz,Alex Michelsen,leovegas,LeoVegas,2026-09-30T08:47:48Z,h2h,Carlos Alcaraz,1.16,,0.8620689655172414,0.8020477815699659,0.2
2026-09-30T08:48:11.000480+00:00,2026-09-30T09:48:11.000480+01:00,d700980c8b97f7b97b85b0698f5b3824,tennis_atp_japan_open,ATP Japan Open,2026-10-01T02:00:00+00:00,2026-10-01T03:00:00+01:00,Carlos Alcaraz,Alex Michelsen,skybet,Sky Bet,2026-09-30T08:48:07Z,h2h,Alex Michelsen,5.0,,0.2,0.18566775244299674,0.2
2026-09-30T08:48:11.000480+00:00,2026-09-30T09:48:11.000480+01:00,d700980c8b97f7b97b85b0698f5b3824,tennis_atp_japan_open,ATP Japan Open,2026-10-01T02:00:00+00:00,2026-10-01T03:00:00+01:00,Carlos Alcaraz,Alex Michelsen,skybet,Sky Bet,2026-09-30T08:48:07Z,h2h,Carlos Alcaraz,1.14,,0.8771929824561404,0.8143322475570033,0.2
2026-09-30T08:48:11.000480+00:00,2026-09-30T09:48:11.000480+01:00,d700980c8b97f7b97b85b0698f5b3824,tennis_atp_japan_open,ATP Japan Open,2026-10-01T02:00:00+00:00,2026-10-01T03:00:00+01:00,Carlos Alcaraz,Alex Michelsen,virginbet,Virgin Bet,2026-09-30T08:47:47Z,h2h,Alex Michelsen,5.1,,0.19607843137254904,0.18660287081339716,0.2
2026-09-30T08:48:11.000480+00:00,2026-09-30T09:48:11.000480+01:00,d700980c8b97f7b97b85b0698f5b3824,tennis_atp_japan_open,ATP Japan Open,2026-10-01T02:00:00+00:00,2026-10-01T03:00:00+01:00,Carlos Alcaraz,Alex Michelsen,virginbet,Virgin Bet,2026-09-30T08:47:47Z,h2h,Carlos Alcaraz,1.17,,0.8547008547008548,0.8133971291866029,0.2
2026-09-30T08:48:11.000480+00:00,2026-09-30T09:48:11.000480+01:00,d700980c8b97f7b97b85b0698f5b3824,tennis_atp_japan_open,ATP Japan Open,2026-10-01T02:00:00+00:00,2026-10-01T03:00:00+01:00,Carlos Alcaraz,Alex Michelsen,livescorebet,LiveScore Bet,2026-09-30T08:47:48Z,h2h,Alex Michelsen,5.1,,0.19607843137254904,0.18660287081339716,0.2
2026-09-30T08:48:11.000480+00:00,2026-09-30T09:48:11.000480+01:00,d700980c8b97f7b97b85b0698f5b3824,tennis_atp_japan_open,ATP Japan Open,2026-10-01T02:00:00+00:00,2026-10-01T03:00:00+01:00,Carlos Alcaraz,Alex Michelsen,livescorebet,LiveScore Bet,2026-09-30T08:47:48Z,h2h,Carlos Alcaraz,1.17,,0.8547008547008548,0.8133971291866029,0.2
2026-09-30T08:48:11.000480+00:00,2026-09-30T09:48:11.000480+01:00,bd73b6ff3eb4b9510110ca40bfc63f72,tennis_atp_japan_open,ATP Japan Open,2026-10-01T02:00:00+00:00,2026-10-01T03:00:00+01:00,Brandon Nakashima,Ugo Humbert,matchbook,Matchbook,2026-09-30T08:48:07Z,h2h,Brandon Nakashima,1.43,,0.6993006993006994,0.6976744186046512,0.2
2026-09-30T08:48:11.000480+00:00,2026-09-30T09:48:11.000480+01:00,bd73b6ff3eb4b9510110ca40bfc63f72,tennis_atp_japan_open,ATP Japan Open,2026-10-01T02:00:00+00:00,2026-10-01T03:00:00+01:00,Brandon Nakashima,Ugo Humbert,matchbook,Matchbook,2026-09-30T08:48:07Z,h2h,Ugo Humbert,3.3,,0.30303030303030304,0.3023255813953488,0.2
2026-09-30T08:48:11.000480+00:00,2026-09-30T09:48:11.000480+01:00,bd73b6ff3eb4b9510110ca40bfc63f72,tennis_atp_japan_open,ATP Japan Open,2026-10-01T02:00:00+00:00,2026-10-01T03:00:00+01:00,Brandon Nakashima,Ugo Humbert,matchbook,Matchbook,2026-09-30T08:48:07Z,h2h_lay,Brandon Nakashima,1.44,,0.6944444444444444,1.0,0.2
2026-09-30T08:48:11.000480+00:00,2026-09-30T09:48:11.000480+01:00,bd73b6ff3eb4b9510110ca40bfc63f72,tennis_atp_japan_open,ATP Japan Open,2026-10-01T02:00:00+00:00,2026-10-01T03:00:00+01:00,Brandon Nakashima,Ugo Humbert,matchbook,Matchbook,2026-09-30T08:48:07Z,h2h_lay,Ugo Humbert,3.35,,0.29850746268656714,1.0,0.2
2026-09-30T08:48:11.000480+00:00,2026-09-30T09:48:11.000480+01:00,bd73b6ff3eb4b9510110ca40bfc63f72,tennis_atp_japan_open,ATP Japan Open,2026-10-01T02:00:00+00:00,2026-10-01T03:00:00+01:00,Brandon Nakashima,Ugo Humbert,betway,Betway,2026-09-30T08:47:01Z,h2h,Brandon Nakashima,1.35,,0.7407407407407407,0.7032967032967032,0.2
2026-09-30T08:48:11.000480+00:00,2026-09-30T09:48:11.000480+01:00,bd73b6ff3eb4b9510110ca40bfc63f72,tennis_atp_japan_open,ATP Japan Open,2026-10-01T02:00:00+00:00,2026-10-01T03:00:00+01:00,Brandon Nakashima,Ugo Humbert,betway,Betway,2026-09-30T08:47:01Z,h2h,Ugo Humbert,3.2,,0.3125,0.2967032967032967,0.2
2026-09-30T08:48:11.000480+00:00,2026-09-30T09:48:11.000480+01:00,bd73b6ff3eb4b9510110ca40bfc63f72,tennis_atp_japan_open,ATP Japan Open,2026-10-01T02:00:00+00:00,2026-10-01T03:00:00+01:00,Brandon Nakashima,Ugo Humbert,boylesports,BoyleSports,2026-09-30T08:43:37Z,h2h,Brandon Nakashima,1.36,,0.7352941176470588,0.695067264573991,0.2
2026-09-30T08:48:11.000480+00:00,2026-09-30T09:48:11.000480+01:00,bd73b6ff3eb4b9510110ca40bfc63f72,tennis_atp_japan_open,ATP Japan Open,2026-10-01T02:00:00+00:00,2026-10-01T03:00:00+01:00,Brandon Nakashima,Ugo Humbert,boylesports,BoyleSports,2026-09-30T08:43:37Z,h2h,Ugo Humbert,3.1,,0.3225806451612903,0.30493273542600896,0.2
2026-09-30T08:48:11.000480+00:00,2026-09-30T09:48:11.000480+01:00,bd73b6ff3eb4b9510110ca40bfc63f72,tennis_atp_japan_open,ATP Japan Open,2026-10-01T02:00:00+00:00,2026-10-01T03:00:00+01:00,Brandon Nakashima,Ugo Humbert,betfair_ex_uk,Betfair,2026-09-30T08:48:08Z,h2h,Brandon Nakashima,1.43,,0.6993006993006994,0.6911447084233262,0.2
2026-09-30T08:48:11.000480+00:00,2026-09-30T09:48:11.000480+01:00,bd73b6ff3eb4b9510110ca40bfc63f72,tennis_atp_japan_open,ATP Japan Open,2026-10-01T02:00:00+00:00,2026-10-01T03:00:00+01:00,Brandon Nakashima,Ugo Humbert,betfair_ex_uk,Betfair,2026-09-30T08:48:08Z,h2h,Ugo Humbert,3.2,,0.3125,0.30885529157667385,0.2
2026-09-30T08:48:11.000480+00:00,2026-09-30T09:48:11.000480+01:00,bd73b6ff3eb4b9510110ca40bfc63f72,tennis_atp_japan_open,ATP Japan Open,2026-10-01T02:00:00+00:00,2026-10-01T03:00:00+01:00,Brandon Nakashima,Ugo Humbert,betfair_ex_uk,Betfair,2026-09-30T08:48:08Z,h2h_lay,Brandon Nakashima,1.45,,0.6896551724137931,1.0,0.2
2026-09-30T08:48:11.000480+00:00,2026-09-30T09:48:11.000480+01:00,bd73b6ff3eb4b9510110ca40bfc63f72,tennis_atp_japan_open,ATP Japan Open,2026-10-01T02:00:00+00:00,2026-10-01T03:00:00+01:00,Brandon Nakashima,Ugo Humbert,betfair_ex_uk,Betfair,2026-09-30T08:48:08Z,h2h_lay,Ugo Humbert,3.35,,0.29850746268656714,1.0,0.2
2026-09-30T08:48:11.000480+00:00,2026-09-30T09:48:11.000480+01:00,bd73b6ff3eb4b9510110ca40bfc63f72,tennis_atp_japan_open,ATP Japan Open,2026-10-01T02:00:00+00:00,2026-10-01T03:00:00+01:00,Brandon Nakashima,Ugo Humbert,grosvenor,Grosvenor,2026-09-30T08:47:30Z,h2h,Brandon Nakashima,1.36,,0.7352941176470588,0.695067264573991,0.2
2026-09-30T08:48:11.000480+00:00,2026-09-30T09:48:11.000480+01:00,bd73b6ff3eb4b9510110ca40bfc63f72,tennis_atp_japan_open,ATP Japan Open,2026-10-01T02:00:00+00:00,2026-10-01T03:00:00+01:00,Brandon Nakashima,Ugo Humbert,grosvenor,Grosvenor,2026-09-30T08:47:30Z,h2h,Ugo Humbert,3.1,,0.3225806451612903,0.30493273542600896,0.2
2026-09-30T08:48:11.000480+00:00,2026-09-30T09:48:11.000480+01:00,bd73b6ff3eb4b9510110ca40bfc63f72,tennis_atp_japan_open,ATP Japan Open,2026-10-01T02:00:00+00:00,2026-10-01T03:00:00+01:00,Brandon Nakashima,Ugo Humbert,casumo,Casumo,2026-09-30T08:47:48Z,h2h,Brandon Nakashima,1.36,,0.7352941176470588,0.695067264573991,0.2
2026-09-30T08:48:11.000480+00:00,2026-09-30T09:48:11.000480+01:00,bd73b6ff3eb4b9510110ca40bfc63f72,tennis_atp_japan_open,ATP Japan Open,2026-10-01T02:00:00+00:00,2026-10-01T03:00:00+01:00,Brandon Nakashima,Ugo Humbert,casumo,Casumo,2026-09-30T08:47:48Z,h2h,Ugo Humbert,3.1,,0.3225806451612903,0.30493273542600896,0.2
2026-09-30T08:48:11.000480+00:00,2026-09-30T09:48:11.000480+01:00,bd73b6ff3eb4b9510110ca40bfc63f72,tennis_atp_japan_open,ATP Japan Open,2026-10-01T02:00:00+00:00,2026-10-01T03:00:00+01:00,Brandon Nakashima,Ugo Humbert,paddypower,Paddy Power,2026-09-30T08:47:32Z,h2h,Brandon Nakashima,1.33,,0.7518796992481203,0.6928406466512702,0.2
2026-09-30T08:48:11.000480+00:00,2026-09-30T09:48:11.000480+01:00,bd73b6ff3eb4b9510110ca40bfc63f72,tennis_atp_japan_open,ATP Japan Open,2026-10-01T02:00:00+00:00,2026-10-01T03:00:00+01:00,Brandon Nakashima,Ugo Humbert,paddypower,Paddy Power,2026-09-30T08:47:32Z,h2h,Ugo Humbert,3.0,,0.3333333333333333,0.3071593533487298,0.2
2026-09-30T08:48:11.000480+00:00,2026-09-30T09:48:11.000480+01:00,bd73b6ff3eb4b9510110ca40bfc63f72,tennis_atp_japan_open,ATP Japan Open,2026-10-01T02:00:00+00:00,2026-10-01T03:00:00+01:00,Brandon Nakashima,Ugo Humbert,coral,Coral,2026-09-30T08:48:08Z,h2h,Brandon Nakashima,1.35,,0.7407407407407407,0.6966292134831461,0.2
2026-09-30T08:48:11.000480+00:00,2026-09-30T09:48:11.000480+01:00,bd73b6ff3eb4b9510110ca40bfc63f72,tennis_atp_japan_open,ATP Japan Open,2026-10-01T02:00:00+00:00,2026-10-01T03:00:00+01:00,Brandon Nakashima,Ugo Humbert,coral,Coral,2026-09-30T08:48:08Z,h2h,Ugo Humbert,3.1,,0.3225806451612903,0.30337078651685395,0.2
2026-09-30T08:48:11.000480+00:00,2026-09-30T09:48:11.000480+01:00,bd73b6ff3eb4b9510110ca40bfc63f72,tennis_atp_japan_open,ATP Japan Open,2026-10-01T02:00:00+00:00,2026-10-01T03:00:00+01:00,Brandon Nakashima,Ugo Humbert,ladbrokes_uk,Ladbrokes,2026-09-30T08:47:49Z,h2h,Brandon Nakashima,1.35,,0.7407407407407407,0.6966292134831461,0.2
2026-09-30T08:48:11.000480+00:00,2026-09-30T09:48:11.000480+01:00,bd73b6ff3eb4b9510110ca40bfc63f72,tennis_atp_japan_open,ATP Japan Open,2026-10-01T02:00:00+00:00,2026-10-01T03:00:00+01:00,Brandon Nakashima,Ugo Humbert,ladbrokes_uk,Ladbrokes,2026-09-30T08:47:49Z,h2h,Ugo Humbert,3.1,,0.3225806451612903,0.30337078651685395,0.2
2026-09-30T08:48:11.000480+00:00,2026-09-30T09:48:11.000480+01:00,bd73b6ff3eb4b9510110ca40bfc63f72,tennis_atp_japan_open,ATP Japan Open,2026-10-01T02:00:00+00:00,2026-10-01T03:00:00+01:00,Brandon Nakashima,Ugo Humbert,williamhill,William Hill,2026-09-30T08:47:33Z,h2h,Brandon Nakashima,1.36,,0.7352941176470588,0.695067264573991,0.2
2026-09-30T08:48:11.000480+00:00,2026-09-30T09:48:11.000480+01:00,bd73b6ff3eb4b9510110ca40bfc63f72,tennis_atp_japan_open,ATP Japan Open,2026-10-01T02:00:00+00:00,2026-10-01T03:00:00+01:00,Brandon Nakashima,Ugo Humbert,williamhill,William Hill,2026-09-30T08:47:33Z,h2h,Ugo Humbert,3.1,,0.3225806451612903,0.30493273542600896,0.2
2026-09-30T08:48:11.000480+00:00,2026-09-30T09:48:11.000480+01:00,bd73b6ff3eb4b9510110ca40bfc63f72,tennis_atp_japan_open,ATP Japan Open,2026-10-01T02:00:00+00:00,2026-10-01T03:00:00+01:00,Brandon Nakashima,Ugo Humbert,sport888,888sport,2026-09-30T08:47:49Z,h2h,Brandon Nakashima,1.36,,0.7352941176470588,0.695067264573991,0.2
2026-09-30T08:48:11.000480+00:00,2026-09-30T09:48:11.000480+01:00,bd73b6ff3eb4b9510110ca40bfc63f72,tennis_atp_japan_open,ATP Japan Open,2026-10-01T02:00:00+00:00,2026-10-01T03:00:00+01:00,Brandon Nakashima,Ugo Humbert,sport888,888sport,2026-09-30T08:47:49Z,h2h,Ugo Humbert,3.1,,0.3225806451612903,0.30493273542600896,0.2
2026-09-30T08:48:11.000480+00:00,2026-09-30T09:48:11.000480+01:00,bd73b6ff3eb4b9510110ca40bfc63f72,tennis_atp_japan_open,ATP Japan Open,2026-10-01T02:00:00+00:00,2026-10-01T03:00:00+01:00,Brandon Nakashima,Ugo Humbert,unibet_uk,Unibet (UK),2026-09-30T08:47:49Z,h2h,Brandon Nakashima,1.35,,0.7407407407407407,0.6966292134831461,0.2
2026-09-30T08:48:11.000480+00:00,2026-09-30T09:48:11.000480+01:00,bd73b6ff3eb4b9510110ca40bfc63f72,tennis_atp_japan_open,ATP Japan Open,2026-10-01T02:00:00+00:00,2026-10-01T03:00:00+01:00,Brandon Nakashima,Ugo Humbert,unibet_uk,Unibet (UK),2026-09-30T08:47:49Z,h2h,Ugo Humbert,3.1,,0.3225806451612903,0.30337078651685395,0.2
2026-09-30T08:48:11.000480+00:00,2026-09-30T09:48:11.000480+01:00,bd73b6ff3eb4b9510110ca40bfc63f72,tennis_atp_japan_open,ATP Japan Open,2026-10-01T02:00:00+00:00,2026-10-01T03:00:00+01:00,Brandon Nakashima,Ugo Humbert,betfair_sb_uk,Betfair Sportsbook,2026-09-30T08:47:28Z,h2h,Brandon Nakashima,1.36,,0.7352941176470588,0.6880733944954128,0.2
2026-09-30T08:48:11.000480+00:00,2026-09-30T09:48:11.000480+01:00,bd73b6ff3eb4b9510110ca40bfc63f72,tennis_atp_japan_open,ATP Japan Open,2026-10-01T02:00:00+00:00,2026-10-01T03:00:00+01:00,Brandon Nakashima,Ugo Humbert,betfair_sb_uk,Betfair Sportsbook,2026-09-30T08:47:28Z,h2h,Ugo Humbert,3.0,,0.3333333333333333,0.3119266055045871,0.2
2026-09-30T08:48:11.000480+00:00,2026-09-30T09:48:11.000480+01:00,bd73b6ff3eb4b9510110ca40bfc63f72,tennis_atp_japan_open,ATP Japan Open,2026-10-01T02:00:00+00:00,2026-10-01T03:00:00+01:00,Brandon Nakashima,Ugo Humbert,betano_uk,Betano (UK),2026-09-30T08:45:52Z,h2h,Brandon Nakashima,1.33,,0.7518796992481203,0.6928406466512702,0.2
2026-09-30T08:48:11.000480+00:00,2026-09-30T09:48:11.000480+01:00,bd73b6ff3eb4b9510110ca40bfc63f72,tennis_atp_japan_open,ATP Japan Open,2026-10-01T02:00:00+00:00,2026-10-01T03:00:00+01:00,Brandon Nakashima,Ugo Humbert,betano_uk,Betano (UK),2026-09-30T08:45:52Z,h2h,Ugo Humbert,3.0,,0.3333333333333333,0.3071593533487298,0.2
2026-09-30T08:48:11.000480+00:00,2026-09-30T09:48:11.000480+01:00,bd73b6ff3eb4b9510110ca40bfc63f72,tennis_atp_japan_open,ATP Japan Open,2026-10-01T02:00:00+00:00,2026-10-01T03:00:00+01:00,Brandon Nakashima,Ugo Humbert,betvictor,Bet Victor,2026-09-30T08:47:44Z,h2h,Brandon Nakashima,1.33,,0.7518796992481203,0.6928406466512702,0.2
2026-09-30T08:48:11.000480+00:00,2026-09-30T09:48:11.000480+01:00,bd73b6ff3eb4b9510110ca40bfc63f72,tennis_atp_japan_open,ATP Japan Open,2026-10-01T02:00:00+00:00,2026-10-01T03:00:00+01:00,Brandon Nakashima,Ugo Humbert,betvictor,Bet Victor,2026-09-30T08:47:44Z,h2h,Ugo Humbert,3.0,,0.3333333333333333,0.3071593533487298,0.2
2026-09-30T08:48:11.000480+00:00,2026-09-30T09:48:11.000480+01:00,bd73b6ff3eb4b9510110ca40bfc63f72,tennis_atp_japan_open,ATP Japan Open,2026-10-01T02:00:00+00:00,2026-10-01T03:00:00+01:00,Brandon Nakashima,Ugo Humbert,leovegas,LeoVegas,2026-09-30T08:47:48Z,h2h,Brandon Nakashima,1.33,,0.7518796992481203,0.6928406466512702,0.2
2026-09-30T08:48:11.000480+00:00,2026-09-30T09:48:11.000480+01:00,bd73b6ff3eb4b9510110ca40bfc63f72,tennis_atp_japan_open,ATP Japan Open,2026-10-01T02:00:00+00:00,2026-10-01T03:00:00+01:00,Brandon Nakashima,Ugo Humbert,leovegas,LeoVegas,2026-09-30T08:47:48Z,h2h,Ugo Humbert,3.0,,0.3333333333333333,0.3071593533487298,0.2
2026-09-30T08:48:11.000480+00:00,2026-09-30T09:48:11.000480+01:00,bd73b6ff3eb4b9510110ca40bfc63f72,tennis_atp_japan_open,ATP Japan Open,2026-10-01T02:00:00+00:00,2026-10-01T03:00:00+01:00,Brandon Nakashima,Ugo Humbert,skybet,Sky Bet,2026-09-30T08:48:07Z,h2h,Brandon Nakashima,1.33,,0.7518796992481203,0.6928406466512702,0.2
2026-09-30T08:48:11.000480+00:00,2026-09-30T09:48:11.000480+01:00,bd73b6ff3eb4b9510110ca40bfc63f72,tennis_atp_japan_open,ATP Japan Open,2026-10-01T02:00:00+00:00,2026-10-01T03:00:00+01:00,Brandon Nakashima,Ugo Humbert,skybet,Sky Bet,2026-09-30T08:48:07Z,h2h,Ugo Humbert,3.0,,0.3333333333333333,0.3071593533487298,0.2
2026-09-30T08:48:11.000480+00:00,2026-09-30T09:48:11.000480+01:00,bd73b6ff3eb4b9510110ca40bfc63f72,tennis_atp_japan_open,ATP Japan Open,2026-10-01T02:00:00+00:00,2026-10-01T03:00:00+01:00,Brandon Nakashima,Ugo Humbert,virginbet,Virgin Bet,2026-09-30T08:47:47Z,h2h,Brandon Nakashima,1.37,,0.7299270072992701,0.6935123042505593,0.2
2026-09-30T08:48:11.000480+00:00,2026-09-30T09:48:11.000480+01:00,bd73b6ff3eb4b9510110ca40bfc63f72,tennis_atp_japan_open,ATP Japan Open,2026-10-01T02:00:00+00:00,2026-10-01T03:00:00+01:00,Brandon Nakashima,Ugo Humbert,virginbet,Virgin Bet,2026-09-30T08:47:47Z,h2h,Ugo Humbert,3.1,,0.3225806451612903,0.30648769574944074,0.2
2026-09-30T08:48:11.000480+00:00,2026-09-30T09:48:11.000480+01:00,bd73b6ff3eb4b9510110ca40bfc63f72,tennis_atp_japan_open,ATP Japan Open,2026-10-01T02:00:00+00:00,2026-10-01T03:00:00+01:00,Brandon Nakashima,Ugo Humbert,livescorebet,LiveScore Bet,2026-09-30T08:47:48Z,h2h,Brandon Nakashima,1.37,,0.7299270072992701,0.6935123042505593,0.2
2026-09-30T08:48:11.000480+00:00,2026-09-30T09:48:11.000480+01:00,bd73b6ff3eb4b9510110ca40bfc63f72,tennis_atp_japan_open,ATP Japan Open,2026-10-01T02:00:00+00:00,2026-10-01T03:00:00+01:00,Brandon Nakashima,Ugo Humbert,livescorebet,LiveScore Bet,2026-09-30T08:47:48Z,h2h,Ugo Humbert,3.1,,0.3225806451612903,0.30648769574944074,0.2
2026-09-30T08:48:11.000480+00:00,2026-09-30T09:48:11.000480+01:00,6b7d41a4a1150f4e15713dc6958fda96,tennis_atp_japan_open,ATP Japan Open,2026-10-01T02:00:00+00:00,2026-10-01T03:00:00+01:00,Luciano Darderi,Casper Ruud,matchbook,Matchbook,2026-09-30T08:48:07Z,h2h,Casper Ruud,1.48,,0.6756756756756757,0.6696428571428572,0.2
2026-09-30T08:48:11.000480+00:00,2026-09-30T09:48:11.000480+01:00,6b7d41a4a1150f4e15713dc6958fda96,tennis_atp_japan_open,ATP Japan Open,2026-10-01T02:00:00+00:00,2026-10-01T03:00:00+01:00,Luciano Darderi,Casper Ruud,matchbook,Matchbook,2026-09-30T08:48:07Z,h2h,Luciano Darderi,3.0,,0.3333333333333333,0.33035714285714285,0.2
2026-09-30T08:48:11.000480+00:00,2026-09-30T09:48:11.000480+01:00,6b7d41a4a1150f4e15713dc6958fda96,tennis_atp_japan_open,ATP Japan Open,2026-10-01T02:00:00+00:00,2026-10-01T03:00:00+01:00,Luciano Darderi,Casper Ruud,matchbook,Matchbook,2026-09-30T08:48:07Z,h2h_lay,Casper Ruud,1.49,,0.6711409395973155,1.0,0.2
2026-09-30T08:48:11.000480+00:00,2026-09-30T09:48:11.000480+01:00,6b7d41a4a1150f4e15713dc6958fda96,tennis_atp_japan_open,ATP Japan Open,2026-10-01T02:00:00+00:00,2026-10-01T03:00:00+01:00,Luciano Darderi,Casper Ruud,matchbook,Matchbook,2026-09-30T08:48:07Z,h2h_lay,Luciano Darderi,3.1,,0.3225806451612903,1.0,0.2
2026-09-30T08:48:11.000480+00:00,2026-09-30T09:48:11.000480+01:00,6b7d41a4a1150f4e15713dc6958fda96,tennis_atp_japan_open,ATP Japan Open,2026-10-01T02:00:00+00:00,2026-10-01T03:00:00+01:00,Luciano Darderi,Casper Ruud,betway,Betway,2026-09-30T08:47:01Z,h2h,Casper Ruud,1.45,,0.6896551724137931,0.6547619047619047,0.2
2026-09-30T08:48:11.000480+00:00,2026-09-30T09:48:11.000480+01:00,6b7d41a4a1150f4e15713dc6958fda96,tennis_atp_japan_open,ATP Japan Open,2026-10-01T02:00:00+00:00,2026-10-01T03:00:00+01:00,Luciano Darderi,Casper Ruud,betway,Betway,2026-09-30T08:47:01Z,h2h,Luciano Darderi,2.75,,0.36363636363636365,0.3452380952380952,0.2
2026-09-30T08:48:11.000480+00:00,2026-09-30T09:48:11.000480+01:00,6b7d41a4a1150f4e15713dc6958fda96,tennis_atp_japan_open,ATP Japan Open,2026-10-01T02:00:00+00:00,2026-10-01T03:00:00+01:00,Luciano Darderi,Casper Ruud,boylesports,BoyleSports,2026-09-30T08:43:37Z,h2h,Casper Ruud,1.44,,0.6944444444444444,0.6666666666666667,0.2
2026-09-30T08:48:11.000480+00:00,2026-09-30T09:48:11.000480+01:00,6b7d41a4a1150f4e15713dc6958fda96,tennis_atp_japan_open,ATP Japan Open,2026-10-01T02:00:00+00:00,2026-10-01T03:00:00+01:00,Luciano Darderi,Casper Ruud,boylesports,BoyleSports,2026-09-30T08:43:37Z,h2h,Luciano Darderi,2.88,,0.3472222222222222,0.33333333333333337,0.2
2026-09-30T08:48:11.000480+00:00,2026-09-30T09:48:11.000480+01:00,6b7d41a4a1150f4e15713dc6958fda96,tennis_atp_japan_open,ATP Japan Open,2026-10-01T02:00:00+00:00,2026-10-01T03:00:00+01:00,Luciano Darderi,Casper Ruud,betfair_ex_uk,Betfair,2026-09-30T08:48:08Z,h2h,Casper Ruud,1.48,,0.6756756756756757,0.6696428571428572,0.2
2026-09-30T08:48:11.000480+00:00,2026-09-30T09:48:11.000480+01:00,6b7d41a4a1150f4e15713dc6958fda96,tennis_atp_japan_open,ATP Japan Open,2026-10-01T02:00:00+00:00,2026-10-01T03:00:00+01:00,Luciano Darderi,Casper Ruud,betfair_ex_uk,Betfair,2026-09-30T08:48:08Z,h2h,Luciano Darderi,3.0,,0.3333333333333333,0.33035714285714285,0.2
2026-09-30T08:48:11.000480+00:00,2026-09-30T09:48:11.000480+01:00,6b7d41a4a1150f4e15713dc6958fda96,tennis_atp_japan_open,ATP Japan Open,2026-10-01T02:00:00+00:00,2026-10-01T03:00:00+01:00,Luciano Darderi,Casper Ruud,betfair_ex_uk,Betfair,2026-09-30T08:48:08Z,h2h_lay,Casper Ruud,1.5,,0.6666666666666666,1.0,0.2
2026-09-30T08:48:11.000480+00:00,2026-09-30T09:48:11.000480+01:00,6b7d41a4a1150f4e15713dc6958fda96,tennis_atp_japan_open,ATP Japan Open,2026-10-01T02:00:00+00:00,2026-10-01T03:00:00+01:00,Luciano Darderi,Casper Ruud,betfair_ex_uk,Betfair,2026-09-30T08:48:08Z,h2h_lay,Luciano Darderi,3.1,,0.3225806451612903,1.0,0.2
2026-09-30T08:48:11.000480+00:00,2026-09-30T09:48:11.000480+01:00,6b7d41a4a1150f4e15713dc6958fda96,tennis_atp_japan_open,ATP Japan Open,2026-10-01T02:00:00+00:00,2026-10-01T03:00:00+01:00,Luciano Darderi,Casper Ruud,grosvenor,Grosvenor,2026-09-30T08:47:30Z,h2h,Casper Ruud,1.43,,0.6993006993006994,0.6619385342789598,0.2
2026-09-30T08:48:11.000480+00:00,2026-09-30T09:48:11.000480+01:00,6b7d41a4a1150f4e15713dc6958fda96,tennis_atp_japan_open,ATP Japan Open,2026-10-01T02:00:00+00:00,2026-10-01T03:00:00+01:00,Luciano Darderi,Casper Ruud,grosvenor,Grosvenor,2026-09-30T08:47:30Z,h2h,Luciano Darderi,2.8,,0.35714285714285715,0.3380614657210402,0.2
2026-09-30T08:48:11.000480+00:00,2026-09-30T09:48:11.000480+01:00,6b7d41a4a1150f4e15713dc6958fda96,tennis_atp_japan_open,ATP Japan Open,2026-10-01T02:00:00+00:00,2026-10-01T03:00:00+01:00,Luciano Darderi,Casper Ruud,casumo,Casumo,2026-09-30T08:47:48Z,h2h,Casper Ruud,1.43,,0.6993006993006994,0.6619385342789598,0.2
2026-09-30T08:48:11.000480+00:00,2026-09-30T09:48:11.000480+01:00,6b7d41a4a1150f4e15713dc6958fda96,tennis_atp_japan_open,ATP Japan Open,2026-10-01T02:00:00+00:00,2026-10-01T03:00:00+01:00,Luciano Darderi,Casper Ruud,casumo,Casumo,2026-09-30T08:47:48Z,h2h,Luciano Darderi,2.8,,0.35714285714285715,0.3380614657210402,0.2
2026-09-30T08:48:11.000480+00:00,2026-09-30T09:48:11.000480+01:00,6b7d41a4a1150f4e15713dc6958fda96,tennis_atp_japan_open,ATP Japan Open,2026-10-01T02:00:00+00:00,2026-10-01T03:00:00+01:00,Luciano Darderi,Casper Ruud,paddypower,Paddy Power,2026-09-30T08:47:32Z,h2h,Casper Ruud,1.36,,0.7352941176470588,0.6792452830188679,0.2
2026-09-30T08:48:11.000480+00:00,2026-09-30T09:48:11.000480+01:00,6b7d41a4a1150f4e15713dc6958fda96,tennis_atp_japan_open,ATP Japan Open,2026-10-01T02:00:00+00:00,2026-10-01T03:00:00+01:00,Luciano Darderi,Casper Ruud,paddypower,Paddy Power,2026-09-30T08:47:32Z,h2h,Luciano Darderi,2.88,,0.3472222222222222,0.32075471698113206,0.2
2026-09-30T08:48:11.000480+00:00,2026-09-30T09:48:11.000480+01:00,6b7d41a4a1150f4e15713dc6958fda96,tennis_atp_japan_open,ATP Japan Open,2026-10-01T02:00:00+00:00,2026-10-01T03:00:00+01:00,Luciano Darderi,Casper Ruud,williamhill,William Hill,2026-09-30T08:47:33Z,h2h,Casper Ruud,1.44,,0.6944444444444444,0.6563245823389022,0.2
2026-09-30T08:48:11.000480+00:00,2026-09-30T09:48:11.000480+01:00,6b7d41a4a1150f4e15713dc6958fda96,tennis_atp_japan_open,ATP Japan Open,2026-10-01T02:00:00+00:00,2026-10-01T03:00:00+01:00,Luciano Darderi,Casper Ruud,williamhill,William Hill,2026-09-30T08:47:33Z,h2h,Luciano Darderi,2.75,,0.36363636363636365,0.3436754176610979,0.2
2026-09-30T08:48:11.000480+00:00,2026-09-30T09:48:11.000480+01:00,6b7d41a4a1150f4e15713dc6958fda96,tennis_atp_japan_open,ATP Japan Open,2026-10-01T02:00:00+00:00,2026-10-01T03:00:00+01:00,Luciano Darderi,Casper Ruud,sport888,888sport,2026-09-30T08:47:49Z,h2h,Casper Ruud,1.44,,0.6944444444444444,0.6563245823389022,0.2
2026-09-30T08:48:11.000480+00:00,2026-09-30T09:48:11.000480+01:00,6b7d41a4a1150f4e15713dc6958fda96,tennis_atp_japan_open,ATP Japan Open,2026-10-01T02:00:00+00:00,2026-10-01T03:00:00+01:00,Luciano Darderi,Casper Ruud,sport888,888sport,2026-09-30T08:47:49Z,h2h,Luciano Darderi,2.75,,0.36363636363636365,0.3436754176610979,0.2
2026-09-30T08:48:11.000480+00:00,2026-09-30T09:48:11.000480+01:00,6b7d41a4a1150f4e15713dc6958fda96,tennis_atp_japan_open,ATP Japan Open,2026-10-01T02:00:00+00:00,2026-10-01T03:00:00+01:00,Luciano Darderi,Casper Ruud,unibet_uk,Unibet (UK),2026-09-30T08:47:49Z,h2h,Casper Ruud,1.4,,0.7142857142857143,0.6705882352941177,0.2
2026-09-30T08:48:11.000480+00:00,2026-09-30T09:48:11.000480+01:00,6b7d41a4a1150f4e15713dc6958fda96,tennis_atp_japan_open,ATP Japan Open,2026-10-01T02:00:00+00:00,2026-10-01T03:00:00+01:00,Luciano Darderi,Casper Ruud,unibet_uk,Unibet (UK),2026-09-30T08:47:49Z,h2h,Luciano Darderi,2.85,,0.3508771929824561,0.32941176470588235,0.2
2026-09-30T08:48:11.000480+00:00,2026-09-30T09:48:11.000480+01:00,6b7d41a4a1150f4e15713dc6958fda96,tennis_atp_japan_open,ATP Japan Open,2026-10-01T02:00:00+00:00,2026-10-01T03:00:00+01:00,Luciano Darderi,Casper Ruud,betano_uk,Betano (UK),2026-09-30T08:45:52Z,h2h,Casper Ruud,1.4,,0.7142857142857143,0.6626506024096386,0.2
2026-09-30T08:48:11.000480+00:00,2026-09-30T09:48:11.000480+01:00,6b7d41a4a1150f4e15713dc6958fda96,tennis_atp_japan_open,ATP Japan Open,2026-10-01T02:00:00+00:00,2026-10-01T03:00:00+01:00,Luciano Darderi,Casper Ruud,betano_uk,Betano (UK),2026-09-30T08:45:52Z,h2h,Luciano Darderi,2.75,,0.36363636363636365,0.3373493975903614,0.2
2026-09-30T08:48:11.000480+00:00,2026-09-30T09:48:11.000480+01:00,6b7d41a4a1150f4e15713dc6958fda96,tennis_atp_japan_open,ATP Japan Open,2026-10-01T02:00:00+00:00,2026-10-01T03:00:00+01:00,Luciano Darderi,Casper Ruud,betvictor,Bet Victor,2026-09-30T08:47:44Z,h2h,Casper Ruud,1.4,,0.7142857142857143,0.6626506024096386,0.2
2026-09-30T08:48:11.000480+00:00,2026-09-30T09:48:11.000480+01:00,6b7d41a4a1150f4e15713dc6958fda96,tennis_atp_japan_open,ATP Japan Open,2026-10-01T02:00:00+00:00,2026-10-01T03:00:00+01:00,Luciano Darderi,Casper Ruud,betvictor,Bet Victor,2026-09-30T08:47:44Z,h2h,Luciano Darderi,2.75,,0.36363636363636365,0.3373493975903614,0.2
2026-09-30T08:48:11.000480+00:00,2026-09-30T09:48:11.000480+01:00,6b7d41a4a1150f4e15713dc6958fda96,tennis_atp_japan_open,ATP Japan Open,2026-10-01T02:00:00+00:00,2026-10-01T03:00:00+01:00,Luciano Darderi,Casper Ruud,leovegas,LeoVegas,2026-09-30T08:47:48Z,h2h,Casper Ruud,1.4,,0.7142857142857143,0.6626506024096386,0.2
2026-09-30T08:48:11.000480+00:00,2026-09-30T09:48:11.000480+01:00,6b7d41a4a1150f4e15713dc6958fda96,tennis_atp_japan_open,ATP Japan Open,2026-10-01T02:00:00+00:00,2026-10-01T03:00:00+01:00,Luciano Darderi,Casper Ruud,leovegas,LeoVegas,2026-09-30T08:47:48Z,h2h,Luciano Darderi,2.75,,0.36363636363636365,0.3373493975903614,0.2
2026-09-30T08:48:11.000480+00:00,2026-09-30T09:48:11.000480+01:00,6b7d41a4a1150f4e15713dc6958fda96,tennis_atp_japan_open,ATP Japan Open,2026-10-01T02:00:00+00:00,2026-10-01T03:00:00+01:00,Luciano Darderi,Casper Ruud,ladbrokes_uk,Ladbrokes,2026-09-30T08:47:49Z,h2h,Casper Ruud,1.44,,0.6944444444444444,0.6521739130434782,0.2
2026-09-30T08:48:11.000480+00:00,2026-09-30T09:48:11.000480+01:00,6b7d41a4a1150f4e15713dc6958fda96,tennis_atp_japan_open,ATP Japan Open,2026-10-01T02:00:00+00:00,2026-10-01T03:00:00+01:00,Luciano Darderi,Casper Ruud,ladbrokes_uk,Ladbrokes,2026-09-30T08:47:49Z,h2h,Luciano Darderi,2.7,,0.37037037037037035,0.3478260869565217,0.2
2026-09-30T08:48:11.000480+00:00,2026-09-30T09:48:11.000480+01:00,6b7d41a4a1150f4e15713dc6958fda96,tennis_atp_japan_open,ATP Japan Open,2026-10-01T02:00:00+00:00,2026-10-01T03:00:00+01:00,Luciano Darderi,Casper Ruud,coral,Coral,2026-09-30T08:48:08Z,h2h,Casper Ruud,1.44,,0.6944444444444444,0.6521739130434782,0.2
2026-09-30T08:48:11.000480+00:00,2026-09-30T09:48:11.000480+01:00,6b7d41a4a1150f4e15713dc6958fda96,tennis_atp_japan_open,ATP Japan Open,2026-10-01T02:00:00+00:00,2026-10-01T03:00:00+01:00,Luciano Darderi,Casper Ruud,coral,Coral,2026-09-30T08:48:08Z,h2h,Luciano Darderi,2.7,,0.37037037037037035,0.3478260869565217,0.2
2026-09-30T08:48:11.000480+00:00,2026-09-30T09:48:11.000480+01:00,6b7d41a4a1150f4e15713dc6958fda96,tennis_atp_japan_open,ATP Japan Open,2026-10-01T02:00:00+00:00,2026-10-01T03:00:00+01:00,Luciano Darderi,Casper Ruud,skybet,Sky Bet,2026-09-30T08:48:07Z,h2h,Casper Ruud,1.36,,0.7352941176470588,0.6792452830188679,0.2
2026-09-30T08:48:11.000480+00:00,2026-09-30T09:48:11.000480+01:00,6b7d41a4a1150f4e15713dc6958fda96,tennis_atp_japan_open,ATP Japan Open,2026-10-01T02:00:00+00:00,2026-10-01T03:00:00+01:00,Luciano Darderi,Casper Ruud,skybet,Sky Bet,2026-09-30T08:48:07Z,h2h,Luciano Darderi,2.88,,0.3472222222222222,0.32075471698113206,0.2
2026-09-30T08:48:11.000480+00:00,2026-09-30T09:48:11.000480+01:00,6b7d41a4a1150f4e15713dc6958fda96,tennis_atp_japan_open,ATP Japan Open,2026-10-01T02:00:00+00:00,2026-10-01T03:00:00+01:00,Luciano Darderi,Casper Ruud,virginbet,Virgin Bet,2026-09-30T08:47:47Z,h2h,Casper Ruud,1.43,,0.6993006993006994,0.6619385342789598,0.2
2026-09-30T08:48:11.000480+00:00,2026-09-30T09:48:11.000480+01:00,6b7d41a4a1150f4e15713dc6958fda96,tennis_atp_japan_open,ATP Japan Open,2026-10-01T02:00:00+00:00,2026-10-01T03:00:00+01:00,Luciano Darderi,Casper Ruud,virginbet,Virgin Bet,2026-09-30T08:47:47Z,h2h,Luciano Darderi,2.8,,0.35714285714285715,0.3380614657210402,0.2
2026-09-30T08:48:11.000480+00:00,2026-09-30T09:48:11.000480+01:00,6b7d41a4a1150f4e15713dc6958fda96,tennis_atp_japan_open,ATP Japan Open,2026-10-01T02:00:00+00:00,2026-10-01T03:00:00+01:00,Luciano Darderi,Casper Ruud,livescorebet,LiveScore Bet,2026-09-30T08:47:48Z,h2h,Casper Ruud,1.43,,0.6993006993006994,0.6619385342789598,0.2
2026-09-30T08:48:11.000480+00:00,2026-09-30T09:48:11.000480+01:00,6b7d41a4a1150f4e15713dc6958fda96,tennis_atp_japan_open,ATP Japan Open,2026-10-01T02:00:00+00:00,2026-10-01T03:00:00+01:00,Luciano Darderi,Casper Ruud,livescorebet,LiveScore Bet,2026-09-30T08:47:48Z,h2h,Luciano Darderi,2.8,,0.35714285714285715,0.3380614657210402,0.2
2026-09-30T08:48:11.000480+00:00,2026-09-30T09:48:11.000480+01:00,f4c24c41c66d5ecb136d40ee73c7d089,tennis_atp_japan_open,ATP Japan Open,2026-10-01T02:00:00+00:00,2026-10-01T03:00:00+01:00,Denis Shapovalov,Sho Shimabukuro,matchbook,Matchbook,2026-09-30T08:48:07Z,h2h,Denis Shapovalov,1.32,,0.7575757575757576,0.7471264367816092,0.2
2026-09-30T08:48:11.000480+00:00,2026-09-30T09:48:11.000480+01:00,f4c24c41c66d5ecb136d40ee73c7d089,tennis_atp_japan_open,ATP Japan Open,2026-10-01T02:00:00+00:00,2026-10-01T03:00:00+01:00,Denis Shapovalov,Sho Shimabukuro,matchbook,Matchbook,2026-09-30T08:48:07Z,h2h,Sho Shimabukuro,3.9,,0.25641025641025644,0.25287356321839083,0.2
2026-09-30T08:48:11.000480+00:00,2026-09-30T09:48:11.000480+01:00,f4c24c41c66d5ecb136d40ee73c7d089,tennis_atp_japan_open,ATP Japan Open,2026-10-01T02:00:00+00:00,2026-10-01T03:00:00+01:00,Denis Shapovalov,Sho Shimabukuro,matchbook,Matchbook,2026-09-30T08:48:07Z,h2h_lay,Denis Shapovalov,1.35,,0.7407407407407407,1.0,0.2
2026-09-30T08:48:11.000480+00:00,2026-09-30T09:48:11.000480+01:00,f4c24c41c66d5ecb136d40ee73c7d089,tennis_atp_japan_open,ATP Japan Open,2026-10-01T02:00:00+00:00,2026-10-01T03:00:00+01:00,Denis Shapovalov,Sho Shimabukuro,matchbook,Matchbook,2026-09-30T08:48:07Z,h2h_lay,Sho Shimabukuro,4.1,,0.24390243902439027,1.0,0.2
2026-09-30T08:48:11.000480+00:00,2026-09-30T09:48:11.000480+01:00,f4c24c41c66d5ecb136d40ee73c7d089,tennis_atp_japan_open,ATP Japan Open,2026-10-01T02:00:00+00:00,2026-10-01T03:00:00+01:00,Denis Shapovalov,Sho Shimabukuro,betway,Betway,2026-09-30T08:47:01Z,h2h,Denis Shapovalov,1.29,,0.7751937984496123,0.744047619047619,0.2
2026-09-30T08:48:11.000480+00:00,2026-09-30T09:48:11.000480+01:00,f4c24c41c66d5ecb136d40ee73c7d089,tennis_atp_japan_open,ATP Japan Open,2026-10-01T02:00:00+00:00,2026-10-01T03:00:00+01:00,Denis Shapovalov,Sho Shimabukuro,betway,Betway,2026-09-30T08:47:01Z,h2h,Sho Shimabukuro,3.75,,0.26666666666666666,0.25595238095238093,0.2
2026-09-30T08:48:11.000480+00:00,2026-09-30T09:48:11.000480+01:00,f4c24c41c66d5ecb136d40ee73c7d089,tennis_atp_japan_open,ATP Japan Open,2026-10-01T02:00:00+00:00,2026-10-01T03:00:00+01:00,Denis Shapovalov,Sho Shimabukuro,boylesports,BoyleSports,2026-09-30T08:43:37Z,h2h,Denis Shapovalov,1.3,,0.7692307692307692,0.7346938775510204,0.2
2026-09-30T08:48:11.000480+00:00,2026-09-30T09:48:11.000480+01:00,f4c24c41c66d5ecb136d40ee73c7d089,tennis_atp_japan_open,ATP Japan Open,2026-10-01T02:00:00+00:00,2026-10-01T03:00:00+01:00,Denis Shapovalov,Sho Shimabukuro,boylesports,BoyleSports,2026-09-30T08:43:37Z,h2h,Sho Shimabukuro,3.6,,0.2777777777777778,0.26530612244897966,0.2
2026-09-30T08:48:11.000480+00:00,2026-09-30T09:48:11.000480+01:00,f4c24c41c66d5ecb136d40ee73c7d089,tennis_atp_japan_open,ATP Japan Open,2026-10-01T02:00:00+00:00,2026-10-01T03:00:00+01:00,Denis Shapovalov,Sho Shimabukuro,betfair_ex_uk,Betfair,2026-09-30T08:48:08Z,h2h,Denis Shapovalov,1.32,,0.7575757575757576,0.7471264367816092,0.2
2026-09-30T08:48:11.000480+00:00,2026-09-30T09:48:11.000480+01:00,f4c24c41c66d5ecb136d40ee73c7d089,tennis_atp_japan_open,ATP Japan Open,2026-10-01T02:00:00+00:00,2026-10-01T03:00:00+01:00,Denis Shapovalov,Sho Shimabukuro,betfair_ex_uk,Betfair,2026-09-30T08:48:08Z,h2h,Sho Shimabukuro,3.9,,0.25641025641025644,0.25287356321839083,0.2
2026-09-30T08:48:11.000480+00:00,2026-09-30T09:48:11.000480+01:00,f4c24c41c66d5ecb136d40ee73c7d089,tennis_atp_japan_open,ATP Japan Open,2026-10-01T02:00:00+00:00,2026-10-01T03:00:00+01:00,Denis Shapovalov,Sho Shimabukuro,betfair_ex_uk,Betfair,2026-09-30T08:48:08Z,h2h_lay,Denis Shapovalov,1.35,,0.7407407407407407,1.0,0.2
2026-09-30T08:48:11.000480+00:00,2026-09-30T09:48:11.000480+01:00,f4c24c41c66d5ecb136d40ee73c7d089,tennis_atp_japan_open,ATP Japan Open,2026-10-01T02:00:00+00:00,2026-10-01T03:00:00+01:00,Denis Shapovalov,Sho Shimabukuro,betfair_ex_uk,Betfair,2026-09-30T08:48:08Z,h2h_lay,Sho Shimabukuro,4.1,,0.24390243902439027,1.0,0.2
2026-09-30T08:48:11.000480+00:00,2026-09-30T09:48:11.000480+01:00,f4c24c41c66d5ecb136d40ee73c7d089,tennis_atp_japan_open,ATP Japan Open,2026-10-01T02:00:00+00:00,2026-10-01T03:00:00+01:00,Denis Shapovalov,Sho Shimabukuro,grosvenor,Grosvenor,2026-09-30T08:47:30Z,h2h,Denis Shapovalov,1.27,,0.7874015748031495,0.7470119521912351,0.2
2026-09-30T08:48:11.000480+00:00,2026-09-30T09:48:11.000480+01:00,f4c24c41c66d5ecb136d40ee73c7d089,tennis_atp_japan_open,ATP Japan Open,2026-10-01T02:00:00+00:00,2026-10-01T03:00:00+01:00,Denis Shapovalov,Sho Shimabukuro,grosvenor,Grosvenor,2026-09-30T08:47:30Z,h2h,Sho Shimabukuro,3.75,,0.26666666666666666,0.252988047808765,0.2
2026-09-30T08:48:11.000480+00:00,2026-09-30T09:48:11.000480+01:00,f4c24c41c66d5ecb136d40ee73c7d089,tennis_atp_japan_open,ATP Japan Open,2026-10-01T02:00:00+00:00,2026-10-01T03:00:00+01:00,Denis Shapovalov,Sho Shimabukuro,casumo,Casumo,2026-09-30T08:47:48Z,h2h,Denis Shapovalov,1.27,,0.7874015748031495,0.7470119521912351,0.2
2026-09-30T08:48:11.000480+00:00,2026-09-30T09:48:11.000480+01:00,f4c24c41c66d5ecb136d40ee73c7d089,tennis_atp_japan_open,ATP Japan Open,2026-10-01T02:00:00+00:00,2026-10-01T03:00:00+01:00,Denis Shapovalov,Sho Shimabukuro,casumo,Casumo,2026-09-30T08:47:48Z,h2h,Sho Shimabukuro,3.75,,0.26666666666666666,0.252988047808765,0.2
2026-09-30T08:48:11.000480+00:00,2026-09-30T09:48:11.000480+01:00,f4c24c41c66d5ecb136d40ee73c7d089,tennis_atp_japan_open,ATP Japan Open,2026-10-01T02:00:00+00:00,2026-10-01T03:00:00+01:00,Denis Shapovalov,Sho Shimabukuro,paddypower,Paddy Power,2026-09-30T08:47:32Z,h2h,Denis Shapovalov,1.25,,0.8,0.7368421052631579,0.2
2026-09-30T08:48:11.000480+00:00,2026-09-30T09:48:11.000480+01:00,f4c24c41c66d5ecb136d40ee73c7d089,tennis_atp_japan_open,ATP Japan Open,2026-10-01T02:00:00+00:00,2026-10-01T03:00:00+01:00,Denis Shapovalov,Sho Shimabukuro,paddypower,Paddy Power,2026-09-30T08:47:32Z,h2h,Sho Shimabukuro,3.5,,0.2857142857142857,0.26315789473684204,0.2
2026-09-30T08:48:11.000480+00:00,2026-09-30T09:48:11.000480+01:00,f4c24c41c66d5ecb136d40ee73c7d089,tennis_atp_japan_open,ATP Japan Open,2026-10-01T02:00:00+00:00,2026-10-01T03:00:00+01:00,Denis Shapovalov,Sho Shimabukuro,williamhill,William Hill,2026-09-30T08:47:33Z,h2h,Denis Shapovalov,1.3,,0.7692307692307692,0.7291666666666667,0.2
2026-09-30T08:48:11.000480+00:00,2026-09-30T09:48:11.000480+01:00,f4c24c41c66d5ecb136d40ee73c7d089,tennis_atp_japan_open,ATP Japan Open,2026-10-01T02:00:00+00:00,2026-10-01T03:00:00+01:00,Denis Shapovalov,Sho Shimabukuro,williamhill,William Hill,2026-09-30T08:47:33Z,h2h,Sho Shimabukuro,3.5,,0.2857142857142857,0.27083333333333337,0.2
2026-09-30T08:48:11.000480+00:00,2026-09-30T09:48:11.000480+01:00,f4c24c41c66d5ecb136d40ee73c7d089,tennis_atp_japan_open,ATP Japan Open,2026-10-01T02:00:00+00:00,2026-10-01T03:00:00+01:00,Denis Shapovalov,Sho Shimabukuro,sport888,888sport,2026-09-30T08:47:49Z,h2h,Denis Shapovalov,1.3,,0.7692307692307692,0.7291666666666667,0.2
2026-09-30T08:48:11.000480+00:00,2026-09-30T09:48:11.000480+01:00,f4c24c41c66d5ecb136d40ee73c7d089,tennis_atp_japan_open,ATP Japan Open,2026-10-01T02:00:00+00:00,2026-10-01T03:00:00+01:00,Denis Shapovalov,Sho Shimabukuro,sport888,888sport,2026-09-30T08:47:49Z,h2h,Sho Shimabukuro,3.5,,0.2857142857142857,0.27083333333333337,0.2
2026-09-30T08:48:11.000480+00:00,2026-09-30T09:48:11.000480+01:00,f4c24c41c66d5ecb136d40ee73c7d089,tennis_atp_japan_open,ATP Japan Open,2026-10-01T02:00:00+00:00,2026-10-01T03:00:00+01:00,Denis Shapovalov,Sho Shimabukuro,unibet_uk,Unibet (UK),2026-09-30T08:47:49Z,h2h,Denis Shapovalov,1.27,,0.7874015748031495,0.7392197125256674,0.2
2026-09-30T08:48:11.000480+00:00,2026-09-30T09:48:11.000480+01:00,f4c24c41c66d5ecb136d40ee73c7d089,tennis_atp_japan_open,ATP Japan Open,2026-10-01T02:00:00+00:00,2026-10-01T03:00:00+01:00,Denis Shapovalov,Sho Shimabukuro,unibet_uk,Unibet (UK),2026-09-30T08:47:49Z,h2h,Sho Shimabukuro,3.6,,0.2777777777777778,0.2607802874743327,0.2
2026-09-30T08:48:11.000480+00:00,2026-09-30T09:48:11.000480+01:00,f4c24c41c66d5ecb136d40ee73c7d089,tennis_atp_japan_open,ATP Japan Open,2026-10-01T02:00:00+00:00,2026-10-01T03:00:00+01:00,Denis Shapovalov,Sho Shimabukuro,betano_uk,Betano (UK),2026-09-30T08:40:59Z,h2h,Denis Shapovalov,1.29,,0.7751937984496123,0.7249466950959489,0.2
2026-09-30T08:48:11.000480+00:00,2026-09-30T09:48:11.000480+01:00,f4c24c41c66d5ecb136d40ee73c7d089,tennis_atp_japan_open,ATP Japan Open,2026-10-01T02:00:00+00:00,2026-10-01T03:00:00+01:00,Denis Shapovalov,Sho Shimabukuro,betano_uk,Betano (UK),2026-09-30T08:40:59Z,h2h,Sho Shimabukuro,3.4,,0.29411764705882354,0.2750533049040512,0.2
2026-09-30T08:48:11.000480+00:00,2026-09-30T09:48:11.000480+01:00,f4c24c41c66d5ecb136d40ee73c7d089,tennis_atp_japan_open,ATP Japan Open,2026-10-01T02:00:00+00:00,2026-10-01T03:00:00+01:00,Denis Shapovalov,Sho Shimabukuro,betvictor,Bet Victor,2026-09-30T08:45:22Z,h2h,Denis Shapovalov,1.29,,0.7751937984496123,0.7249466950959489,0.2
2026-09-30T08:48:11.000480+00:00,2026-09-30T09:48:11.000480+01:00,f4c24c41c66d5ecb136d40ee73c7d089,tennis_atp_japan_open,ATP Japan Open,2026-10-01T02:00:00+00:00,2026-10-01T03:00:00+01:00,Denis Shapovalov,Sho Shimabukuro,betvictor,Bet Victor,2026-09-30T08:45:22Z,h2h,Sho Shimabukuro,3.4,,0.29411764705882354,0.2750533049040512,0.2
2026-09-30T08:48:11.000480+00:00,2026-09-30T09:48:11.000480+01:00,f4c24c41c66d5ecb136d40ee73c7d089,tennis_atp_japan_open,ATP Japan Open,2026-10-01T02:00:00+00:00,2026-10-01T03:00:00+01:00,Denis Shapovalov,Sho Shimabukuro,leovegas,LeoVegas,2026-09-30T08:47:48Z,h2h,Denis Shapovalov,1.26,,0.7936507936507936,0.738045738045738,0.2
2026-09-30T08:48:11.000480+00:00,2026-09-30T09:48:11.000480+01:00,f4c24c41c66d5ecb136d40ee73c7d089,tennis_atp_japan_open,ATP Japan Open,2026-10-01T02:00:00+00:00,2026-10-01T03:00:00+01:00,Denis Shapovalov,Sho Shimabukuro,leovegas,LeoVegas,2026-09-30T08:47:48Z,h2h,Sho Shimabukuro,3.55,,0.28169014084507044,0.26195426195426197,0.2
2026-09-30T08:48:11.000480+00:00,2026-09-30T09:48:11.000480+01:00,f4c24c41c66d5ecb136d40ee73c7d089,tennis_atp_japan_open,ATP Japan Open,2026-10-01T02:00:00+00:00,2026-10-01T03:00:00+01:00,Denis Shapovalov,Sho Shimabukuro,coral,Coral,2026-09-30T08:48:08Z,h2h,Denis Shapovalov,1.28,,0.78125,0.7322175732217574,0.2
2026-09-30T08:48:11.000480+00:00,2026-09-30T09:48:11.000480+01:00,f4c24c41c66d5ecb136d40ee73c7d089,tennis_atp_japan_open,ATP Japan Open,2026-10-01T02:00:00+00:00,2026-10-01T03:00:00+01:00,Denis Shapovalov,Sho Shimabukuro,coral,Coral,2026-09-30T08:48:08Z,h2h,Sho Shimabukuro,3.5,,0.2857142857142857,0.2677824267782427,0.2
2026-09-30T08:48:11.000480+00:00,2026-09-30T09:48:11.000480+01:00,f4c24c41c66d5ecb136d40ee73c7d089,tennis_atp_japan_open,ATP Japan Open,2026-10-01T02:00:00+00:00,2026-10-01T03:00:00+01:00,Denis Shapovalov,Sho Shimabukuro,ladbrokes_uk,Ladbrokes,2026-09-30T08:47:49Z,h2h,Denis Shapovalov,1.28,,0.78125,0.7322175732217574,0.2
2026-09-30T08:48:11.000480+00:00,2026-09-30T09:48:11.000480+01:00,f4c24c41c66d5ecb136d40ee73c7d089,tennis_atp_japan_open,ATP Japan Open,2026-10-01T02:00:00+00:00,2026-10-01T03:00:00+01:00,Denis Shapovalov,Sho Shimabukuro,ladbrokes_uk,Ladbrokes,2026-09-30T08:47:49Z,h2h,Sho Shimabukuro,3.5,,0.2857142857142857,0.2677824267782427,0.2
2026-09-30T08:48:11.000480+00:00,2026-09-30T09:48:11.000480+01:00,f4c24c41c66d5ecb136d40ee73c7d089,tennis_atp_japan_open,ATP Japan Open,2026-10-01T02:00:00+00:00,2026-10-01T03:00:00+01:00,Denis Shapovalov,Sho Shimabukuro,skybet,Sky Bet,2026-09-30T08:48:07Z,h2h,Denis Shapovalov,1.25,,0.8,0.7368421052631579,0.2
2026-09-30T08:48:11.000480+00:00,2026-09-30T09:48:11.000480+01:00,f4c24c41c66d5ecb136d40ee73c7d089,tennis_atp_japan_open,ATP Japan Open,2026-10-01T02:00:00+00:00,2026-10-01T03:00:00+01:00,Denis Shapovalov,Sho Shimabukuro,skybet,Sky Bet,2026-09-30T08:48:07Z,h2h,Sho Shimabukuro,3.5,,0.2857142857142857,0.26315789473684204,0.2
2026-09-30T08:48:11.000480+00:00,2026-09-30T09:48:11.000480+01:00,f4c24c41c66d5ecb136d40ee73c7d089,tennis_atp_japan_open,ATP Japan Open,2026-10-01T02:00:00+00:00,2026-10-01T03:00:00+01:00,Denis Shapovalov,Sho Shimabukuro,virginbet,Virgin Bet,2026-09-30T08:47:47Z,h2h,Denis Shapovalov,1.27,,0.7874015748031495,0.7470119521912351,0.2
2026-09-30T08:48:11.000480+00:00,2026-09-30T09:48:11.000480+01:00,f4c24c41c66d5ecb136d40ee73c7d089,tennis_atp_japan_open,ATP Japan Open,2026-10-01T02:00:00+00:00,2026-10-01T03:00:00+01:00,Denis Shapovalov,Sho Shimabukuro,virginbet,Virgin Bet,2026-09-30T08:47:47Z,h2h,Sho Shimabukuro,3.75,,0.26666666666666666,0.252988047808765,0.2
2026-09-30T08:48:11.000480+00:00,2026-09-30T09:48:11.000480+01:00,f4c24c41c66d5ecb136d40ee73c7d089,tennis_atp_japan_open,ATP Japan Open,2026-10-01T02:00:00+00:00,2026-10-01T03:00:00+01:00,Denis Shapovalov,Sho Shimabukuro,livescorebet,LiveScore Bet,2026-09-30T08:47:48Z,h2h,Denis Shapovalov,1.27,,0.7874015748031495,0.7470119521912351,0.2
2026-09-30T08:48:11.000480+00:00,2026-09-30T09:48:11.000480+01:00,f4c24c41c66d5ecb136d40ee73c7d089,tennis_atp_japan_open,ATP Japan Open,2026-10-01T02:00:00+00:00,2026-10-01T03:00:00+01:00,Denis Shapovalov,Sho Shimabukuro,livescorebet,LiveScore Bet,2026-09-30T08:47:48Z,h2h,Sho Shimabukuro,3.75,,0.26666666666666666,0.252988047808765,0.2
2026-09-30T08:48:11.000480+00:00,2026-09-30T09:48:11.000480+01:00,38ffa72914becb0a7541e73396596e3d,tennis_atp_japan_open,ATP Japan Open,2026-10-01T02:00:00+00:00,2026-10-01T03:00:00+01:00,Holger Rune,Kyrian Jacquet,matchbook,Matchbook,2026-09-30T08:48:07Z,h2h,Holger Rune,1.6,,0.625,0.6190476190476191,0.2
2026-09-30T08:48:11.000480+00:00,2026-09-30T09:48:11.000480+01:00,38ffa72914becb0a7541e73396596e3d,tennis_atp_japan_open,ATP Japan Open,2026-10-01T02:00:00+00:00,2026-10-01T03:00:00+01:00,Holger Rune,Kyrian Jacquet,matchbook,Matchbook,2026-09-30T08:48:07Z,h2h,Kyrian Jacquet,2.6,,0.3846153846153846,0.38095238095238093,0.2
2026-09-30T08:48:11.000480+00:00,2026-09-30T09:48:11.000480+01:00,38ffa72914becb0a7541e73396596e3d,tennis_atp_japan_open,ATP Japan Open,2026-10-01T02:00:00+00:00,2026-10-01T03:00:00+01:00,Holger Rune,Kyrian Jacquet,matchbook,Matchbook,2026-09-30T08:48:07Z,h2h_lay,Holger Rune,1.62,,0.6172839506172839,1.0,0.2
2026-09-30T08:48:11.000480+00:00,2026-09-30T09:48:11.000480+01:00,38ffa72914becb0a7541e73396596e3d,tennis_atp_japan_open,ATP Japan Open,2026-10-01T02:00:00+00:00,2026-10-01T03:00:00+01:00,Holger Rune,Kyrian Jacquet,matchbook,Matchbook,2026-09-30T08:48:07Z,h2h_lay,Kyrian Jacquet,2.68,,0.3731343283582089,1.0,0.2
2026-09-30T08:48:11.000480+00:00,2026-09-30T09:48:11.000480+01:00,38ffa72914becb0a7541e73396596e3d,tennis_atp_japan_open,ATP Japan Open,2026-10-01T02:00:00+00:00,2026-10-01T03:00:00+01:00,Holger Rune,Kyrian Jacquet,betway,Betway,2026-09-30T08:47:01Z,h2h,Holger Rune,1.55,,0.6451612903225806,0.6075949367088608,0.2
2026-09-30T08:48:11.000480+00:00,2026-09-30T09:48:11.000480+01:00,38ffa72914becb0a7541e73396596e3d,tennis_atp_japan_open,ATP Japan Open,2026-10-01T02:00:00+00:00,2026-10-01T03:00:00+01:00,Holger Rune,Kyrian Jacquet,betway,Betway,2026-09-30T08:47:01Z,h2h,Kyrian Jacquet,2.4,,0.4166666666666667,0.3924050632911393,0.2
2026-09-30T08:48:11.000480+00:00,2026-09-30T09:48:11.000480+01:00,38ffa72914becb0a7541e73396596e3d,tennis_atp_japan_open,ATP Japan Open,2026-10-01T02:00:00+00:00,2026-10-01T03:00:00+01:00,Holger Rune,Kyrian Jacquet,boylesports,BoyleSports,2026-09-30T08:43:37Z,h2h,Holger Rune,1.57,,0.6369426751592356,0.6025316455696202,0.2
2026-09-30T08:48:11.000480+00:00,2026-09-30T09:48:11.000480+01:00,38ffa72914becb0a7541e73396596e3d,tennis_atp_japan_open,ATP Japan Open,2026-10-01T02:00:00+00:00,2026-10-01T03:00:00+01:00,Holger Rune,Kyrian Jacquet,boylesports,BoyleSports,2026-09-30T08:43:37Z,h2h,Kyrian Jacquet,2.38,,0.42016806722689076,0.39746835443037976,0.2
2026-09-30T08:48:11.000480+00:00,2026-09-30T09:48:11.000480+01:00,38ffa72914becb0a7541e73396596e3d,tennis_atp_japan_open,ATP Japan Open,2026-10-01T02:00:00+00:00,2026-10-01T03:00:00+01:00,Holger Rune,Kyrian Jacquet,betfair_ex_uk,Betfair,2026-09-30T08:48:08Z,h2h,Holger Rune,1.6,,0.625,0.6190476190476191,0.2
2026-09-30T08:48:11.000480+00:00,2026-09-30T09:48:11.000480+01:00,38ffa72914becb0a7541e73396596e3d,tennis_atp_japan_open,ATP Japan Open,2026-10-01T02:00:00+00:00,2026-10-01T03:00:00+01:00,Holger Rune,Kyrian Jacquet,betfair_ex_uk,Betfair,2026-09-30T08:48:08Z,h2h,Kyrian Jacquet,2.6,,0.3846153846153846,0.38095238095238093,0.2
2026-09-30T08:48:11.000480+00:00,2026-09-30T09:48:11.000480+01:00,38ffa72914becb0a7541e73396596e3d,tennis_atp_japan_open,ATP Japan Open,2026-10-01T02:00:00+00:00,2026-10-01T03:00:00+01:00,Holger Rune,Kyrian Jacquet,betfair_ex_uk,Betfair,2026-09-30T08:48:08Z,h2h_lay,Holger Rune,1.62,,0.6172839506172839,1.0,0.2
2026-09-30T08:48:11.000480+00:00,2026-09-30T09:48:11.000480+01:00,38ffa72914becb0a7541e73396596e3d,tennis_atp_japan_open,ATP Japan Open,2026-10-01T02:00:00+00:00,2026-10-01T03:00:00+01:00,Holger Rune,Kyrian Jacquet,betfair_ex_uk,Betfair,2026-09-30T08:48:08Z,h2h_lay,Kyrian Jacquet,2.68,,0.3731343283582089,1.0,0.2
2026-09-30T08:48:11.000480+00:00,2026-09-30T09:48:11.000480+01:00,38ffa72914becb0a7541e73396596e3d,tennis_atp_japan_open,ATP Japan Open,2026-10-01T02:00:00+00:00,2026-10-01T03:00:00+01:00,Holger Rune,Kyrian Jacquet,grosvenor,Grosvenor,2026-09-30T08:47:30Z,h2h,Holger Rune,1.54,,0.6493506493506493,0.6169154228855721,0.2
2026-09-30T08:48:11.000480+00:00,2026-09-30T09:48:11.000480+01:00,38ffa72914becb0a7541e73396596e3d,tennis_atp_japan_open,ATP Japan Open,2026-10-01T02:00:00+00:00,2026-10-01T03:00:00+01:00,Holger Rune,Kyrian Jacquet,grosvenor,Grosvenor,2026-09-30T08:47:30Z,h2h,Kyrian Jacquet,2.48,,0.40322580645161293,0.38308457711442784,0.2
2026-09-30T08:48:11.000480+00:00,2026-09-30T09:48:11.000480+01:00,38ffa72914becb0a7541e73396596e3d,tennis_atp_japan_open,ATP Japan Open,2026-10-01T02:00:00+00:00,2026-10-01T03:00:00+01:00,Holger Rune,Kyrian Jacquet,casumo,Casumo,2026-09-30T08:47:48Z,h2h,Holger Rune,1.54,,0.6493506493506493,0.6169154228855721,0.2
2026-09-30T08:48:11.000480+00:00,2026-09-30T09:48:11.000480+01:00,38ffa72914becb0a7541e73396596e3d,tennis_atp_japan_open,ATP Japan Open,2026-10-01T02:00:00+00:00,2026-10-01T03:00:00+01:00,Holger Rune,Kyrian Jacquet,casumo,Casumo,2026-09-30T08:47:48Z,h2h,Kyrian Jacquet,2.48,,0.40322580645161293,0.38308457711442784,0.2
2026-09-30T08:48:11.000480+00:00,2026-09-30T09:48:11.000480+01:00,38ffa72914becb0a7541e73396596e3d,tennis_atp_japan_open,ATP Japan Open,2026-10-01T02:00:00+00:00,2026-10-01T03:00:00+01:00,Holger Rune,Kyrian Jacquet,paddypower,Paddy Power,2026-09-30T08:47:32Z,h2h,Holger Rune,1.53,,0.6535947712418301,0.6086956521739131,0.2
2026-09-30T08:48:11.000480+00:00,2026-09-30T09:48:11.000480+01:00,38ffa72914becb0a7541e73396596e3d,tennis_atp_japan_open,ATP Japan Open,2026-10-01T02:00:00+00:00,2026-10-01T03:00:00+01:00,Holger Rune,Kyrian Jacquet,paddypower,Paddy Power,2026-09-30T08:47:32Z,h2h,Kyrian Jacquet,2.38,,0.42016806722689076,0.391304347826087,0.2
2026-09-30T08:48:11.000480+00:00,2026-09-30T09:48:11.000480+01:00,38ffa72914becb0a7541e73396596e3d,tennis_atp_japan_open,ATP Japan Open,2026-10-01T02:00:00+00:00,2026-10-01T03:00:00+01:00,Holger Rune,Kyrian Jacquet,williamhill,William Hill,2026-09-30T08:47:33Z,h2h,Holger Rune,1.57,,0.6369426751592356,0.6025316455696202,0.2
2026-09-30T08:48:11.000480+00:00,2026-09-30T09:48:11.000480+01:00,38ffa72914becb0a7541e73396596e3d,tennis_atp_japan_open,ATP Japan Open,2026-10-01T02:00:00+00:00,2026-10-01T03:00:00+01:00,Holger Rune,Kyrian Jacquet,williamhill,William Hill,2026-09-30T08:47:33Z,h2h,Kyrian Jacquet,2.38,,0.42016806722689076,0.39746835443037976,0.2
2026-09-30T08:48:11.000480+00:00,2026-09-30T09:48:11.000480+01:00,38ffa72914becb0a7541e73396596e3d,tennis_atp_japan_open,ATP Japan Open,2026-10-01T02:00:00+00:00,2026-10-01T03:00:00+01:00,Holger Rune,Kyrian Jacquet,sport888,888sport,2026-09-30T08:47:49Z,h2h,Holger Rune,1.57,,0.6369426751592356,0.6025316455696202,0.2
2026-09-30T08:48:11.000480+00:00,2026-09-30T09:48:11.000480+01:00,38ffa72914becb0a7541e73396596e3d,tennis_atp_japan_open,ATP Japan Open,2026-10-01T02:00:00+00:00,2026-10-01T03:00:00+01:00,Holger Rune,Kyrian Jacquet,sport888,888sport,2026-09-30T08:47:49Z,h2h,Kyrian Jacquet,2.38,,0.42016806722689076,0.39746835443037976,0.2
2026-09-30T08:48:11.000480+00:00,2026-09-30T09:48:11.000480+01:00,38ffa72914becb0a7541e73396596e3d,tennis_atp_japan_open,ATP Japan Open,2026-10-01T02:00:00+00:00,2026-10-01T03:00:00+01:00,Holger Rune,Kyrian Jacquet,unibet_uk,Unibet (UK),2026-09-30T08:47:49Z,h2h,Holger Rune,1.52,,0.6578947368421053,0.6142131979695432,0.2
2026-09-30T08:48:11.000480+00:00,2026-09-30T09:48:11.000480+01:00,38ffa72914becb0a7541e73396596e3d,tennis_atp_japan_open,ATP Japan Open,2026-10-01T02:00:00+00:00,2026-10-01T03:00:00+01:00,Holger Rune,Kyrian Jacquet,unibet_uk,Unibet (UK),2026-09-30T08:47:49Z,h2h,Kyrian Jacquet,2.42,,0.4132231404958678,0.38578680203045684,0.2
2026-09-30T08:48:11.000480+00:00,2026-09-30T09:48:11.000480+01:00,38ffa72914becb0a7541e73396596e3d,tennis_atp_japan_open,ATP Japan Open,2026-10-01T02:00:00+00:00,2026-10-01T03:00:00+01:00,Holger Rune,Kyrian Jacquet,betano_uk,Betano (UK),2026-09-30T08:40:59Z,h2h,Holger Rune,1.53,,0.6535947712418301,0.6086956521739131,0.2
2026-09-30T08:48:11.000480+00:00,2026-09-30T09:48:11.000480+01:00,38ffa72914becb0a7541e73396596e3d,tennis_atp_japan_open,ATP Japan Open,2026-10-01T02:00:00+00:00,2026-10-01T03:00:00+01:00,Holger Rune,Kyrian Jacquet,betano_uk,Betano (UK),2026-09-30T08:40:59Z,h2h,Kyrian Jacquet,2.38,,0.42016806722689076,0.391304347826087,0.2
2026-09-30T08:48:11.000480+00:00,2026-09-30T09:48:11.000480+01:00,38ffa72914becb0a7541e73396596e3d,tennis_atp_japan_open,ATP Japan Open,2026-10-01T02:00:00+00:00,2026-10-01T03:00:00+01:00,Holger Rune,Kyrian Jacquet,betvictor,Bet Victor,2026-09-30T08:45:22Z,h2h,Holger Rune,1.53,,0.6535947712418301,0.6086956521739131,0.2
2026-09-30T08:48:11.000480+00:00,2026-09-30T09:48:11.000480+01:00,38ffa72914becb0a7541e73396596e3d,tennis_atp_japan_open,ATP Japan Open,2026-10-01T02:00:00+00:00,2026-10-01T03:00:00+01:00,Holger Rune,Kyrian Jacquet,betvictor,Bet Victor,2026-09-30T08:45:22Z,h2h,Kyrian Jacquet,2.38,,0.42016806722689076,0.391304347826087,0.2
2026-09-30T08:48:11.000480+00:00,2026-09-30T09:48:11.000480+01:00,38ffa72914becb0a7541e73396596e3d,tennis_atp_japan_open,ATP Japan Open,2026-10-01T02:00:00+00:00,2026-10-01T03:00:00+01:00,Holger Rune,Kyrian Jacquet,leovegas,LeoVegas,2026-09-30T08:47:48Z,h2h,Holger Rune,1.5,,0.6666666666666666,0.6153846153846154,0.2
2026-09-30T08:48:11.000480+00:00,2026-09-30T09:48:11.000480+01:00,38ffa72914becb0a7541e73396596e3d,tennis_atp_japan_open,ATP Japan Open,2026-10-01T02:00:00+00:00,2026-10-01T03:00:00+01:00,Holger Rune,Kyrian Jacquet,leovegas,LeoVegas,2026-09-30T08:47:48Z,h2h,Kyrian Jacquet,2.4,,0.4166666666666667,0.38461538461538464,0.2
2026-09-30T08:48:11.000480+00:00,2026-09-30T09:48:11.000480+01:00,38ffa72914becb0a7541e73396596e3d,tennis_atp_japan_open,ATP Japan Open,2026-10-01T02:00:00+00:00,2026-10-01T03:00:00+01:00,Holger Rune,Kyrian Jacquet,ladbrokes_uk,Ladbrokes,2026-09-30T08:47:49Z,h2h,Holger Rune,1.53,,0.6535947712418301,0.6106870229007634,0.2
2026-09-30T08:48:11.000480+00:00,2026-09-30T09:48:11.000480+01:00,38ffa72914becb0a7541e73396596e3d,tennis_atp_japan_open,ATP Japan Open,2026-10-01T02:00:00+00:00,2026-10-01T03:00:00+01:00,Holger Rune,Kyrian Jacquet,ladbrokes_uk,Ladbrokes,2026-09-30T08:47:49Z,h2h,Kyrian Jacquet,2.4,,0.4166666666666667,0.3893129770992367,0.2
2026-09-30T08:48:11.000480+00:00,2026-09-30T09:48:11.000480+01:00,38ffa72914becb0a7541e73396596e3d,tennis_atp_japan_open,ATP Japan Open,2026-10-01T02:00:00+00:00,2026-10-01T03:00:00+01:00,Holger Rune,Kyrian Jacquet,coral,Coral,2026-09-30T08:48:08Z,h2h,Holger Rune,1.53,,0.6535947712418301,0.6106870229007634,0.2
2026-09-30T08:48:11.000480+00:00,2026-09-30T09:48:11.000480+01:00,38ffa72914becb0a7541e73396596e3d,tennis_atp_japan_open,ATP Japan Open,2026-10-01T02:00:00+00:00,2026-10-01T03:00:00+01:00,Holger Rune,Kyrian Jacquet,coral,Coral,2026-09-30T08:48:08Z,h2h,Kyrian Jacquet,2.4,,0.4166666666666667,0.3893129770992367,0.2
2026-09-30T08:48:11.000480+00:00,2026-09-30T09:48:11.000480+01:00,38ffa72914becb0a7541e73396596e3d,tennis_atp_japan_open,ATP Japan Open,2026-10-01T02:00:00+00:00,2026-10-01T03:00:00+01:00,Holger Rune,Kyrian Jacquet,skybet,Sky Bet,2026-09-30T08:48:07Z,h2h,Holger Rune,1.53,,0.6535947712418301,0.6086956521739131,0.2
2026-09-30T08:48:11.000480+00:00,2026-09-30T09:48:11.000480+01:00,38ffa72914becb0a7541e73396596e3d,tennis_atp_japan_open,ATP Japan Open,2026-10-01T02:00:00+00:00,2026-10-01T03:00:00+01:00,Holger Rune,Kyrian Jacquet,skybet,Sky Bet,2026-09-30T08:48:07Z,h2h,Kyrian Jacquet,2.38,,0.42016806722689076,0.391304347826087,0.2
2026-09-30T08:48:11.000480+00:00,2026-09-30T09:48:11.000480+01:00,38ffa72914becb0a7541e73396596e3d,tennis_atp_japan_open,ATP Japan Open,2026-10-01T02:00:00+00:00,2026-10-01T03:00:00+01:00,Holger Rune,Kyrian Jacquet,virginbet,Virgin Bet,2026-09-30T08:47:47Z,h2h,Holger Rune,1.54,,0.6493506493506493,0.6169154228855721,0.2
2026-09-30T08:48:11.000480+00:00,2026-09-30T09:48:11.000480+01:00,38ffa72914becb0a7541e73396596e3d,tennis_atp_japan_open,ATP Japan Open,2026-10-01T02:00:00+00:00,2026-10-01T03:00:00+01:00,Holger Rune,Kyrian Jacquet,virginbet,Virgin Bet,2026-09-30T08:47:47Z,h2h,Kyrian Jacquet,2.48,,0.40322580645161293,0.38308457711442784,0.2
2026-09-30T08:48:11.000480+00:00,2026-09-30T09:48:11.000480+01:00,38ffa72914becb0a7541e73396596e3d,tennis_atp_japan_open,ATP Japan Open,2026-10-01T02:00:00+00:00,2026-10-01T03:00:00+01:00,Holger Rune,Kyrian Jacquet,livescorebet,LiveScore Bet,2026-09-30T08:47:48Z,h2h,Holger Rune,1.54,,0.6493506493506493,0.6169154228855721,0.2
2026-09-30T08:48:11.000480+00:00,2026-09-30T09:48:11.000480+01:00,38ffa72914becb0a7541e73396596e3d,tennis_atp_japan_open,ATP Japan Open,2026-10-01T02:00:00+00:00,2026-10-01T03:00:00+01:00,Holger Rune,Kyrian Jacquet,livescorebet,LiveScore Bet,2026-09-30T08:47:48Z,h2h,Kyrian Jacquet,2.48,,0.40322580645161293,0.38308457711442784,0.2
2026-09-30T08:48:11.000480+00:00,2026-09-30T09:48:11.000480+01:00,bd913db5c5606c52b283feaa80665f42,tennis_atp_japan_open,ATP Japan Open,2026-10-01T02:00:00+00:00,2026-10-01T03:00:00+01:00,Taylor Fritz,Jaume Munar,williamhill,William Hill,2026-09-30T08:47:33Z,h2h,Jaume Munar,3.6,,0.2777777777777778,0.2638036809815951,0.2
2026-09-30T08:48:11.000480+00:00,2026-09-30T09:48:11.000480+01:00,bd913db5c5606c52b283feaa80665f42,tennis_atp_japan_open,ATP Japan Open,2026-10-01T02:00:00+00:00,2026-10-01T03:00:00+01:00,Taylor Fritz,Jaume Munar,williamhill,William Hill,2026-09-30T08:47:33Z,h2h,Taylor Fritz,1.29,,0.7751937984496123,0.7361963190184049,0.2
2026-09-30T08:48:11.000480+00:00,2026-09-30T09:48:11.000480+01:00,bd913db5c5606c52b283feaa80665f42,tennis_atp_japan_open,ATP Japan Open,2026-10-01T02:00:00+00:00,2026-10-01T03:00:00+01:00,Taylor Fritz,Jaume Munar,betfair_ex_uk,Betfair,2026-09-30T08:48:08Z,h2h,Jaume Munar,4.0,,0.25,0.24242424242424243,0.2
2026-09-30T08:48:11.000480+00:00,2026-09-30T09:48:11.000480+01:00,bd913db5c5606c52b283feaa80665f42,tennis_atp_japan_open,ATP Japan Open,2026-10-01T02:00:00+00:00,2026-10-01T03:00:00+01:00,Taylor Fritz,Jaume Munar,betfair_ex_uk,Betfair,2026-09-30T08:48:08Z,h2h,Taylor Fritz,1.28,,0.78125,0.7575757575757576,0.2
2026-09-30T08:48:11.000480+00:00,2026-09-30T09:48:11.000480+01:00,bd913db5c5606c52b283feaa80665f42,tennis_atp_japan_open,ATP Japan Open,2026-10-01T02:00:00+00:00,2026-10-01T03:00:00+01:00,Taylor Fritz,Jaume Munar,betfair_ex_uk,Betfair,2026-09-30T08:48:08Z,h2h_lay,Jaume Munar,4.5,,0.2222222222222222,1.0,0.2
2026-09-30T08:48:11.000480+00:00,2026-09-30T09:48:11.000480+01:00,bd913db5c5606c52b283feaa80665f42,tennis_atp_japan_open,ATP Japan Open,2026-10-01T02:00:00+00:00,2026-10-01T03:00:00+01:00,Taylor Fritz,Jaume Munar,betfair_ex_uk,Betfair,2026-09-30T08:48:08Z,h2h_lay,Taylor Fritz,1.34,,0.7462686567164178,1.0,0.2
2026-09-30T08:48:11.000480+00:00,2026-09-30T09:48:11.000480+01:00,bd913db5c5606c52b283feaa80665f42,tennis_atp_japan_open,ATP Japan Open,2026-10-01T02:00:00+00:00,2026-10-01T03:00:00+01:00,Taylor Fritz,Jaume Munar,paddypower,Paddy Power,2026-09-30T08:47:32Z,h2h,Jaume Munar,4.0,,0.25,0.23076923076923073,0.2
2026-09-30T08:48:11.000480+00:00,2026-09-30T09:48:11.000480+01:00,bd913db5c5606c52b283feaa80665f42,tennis_atp_japan_open,ATP Japan Open,2026-10-01T02:00:00+00:00,2026-10-01T03:00:00+01:00,Taylor Fritz,Jaume Munar,paddypower,Paddy Power,2026-09-30T08:47:32Z,h2h,Taylor Fritz,1.2,,0.8333333333333334,0.7692307692307692,0.2
2026-09-30T08:48:11.000480+00:00,2026-09-30T09:48:11.000480+01:00,bd913db5c5606c52b283feaa80665f42,tennis_atp_japan_open,ATP Japan Open,2026-10-01T02:00:00+00:00,2026-10-01T03:00:00+01:00,Taylor Fritz,Jaume Munar,leovegas,LeoVegas,2026-09-30T08:47:48Z,h2h,Jaume Munar,3.9,,0.25641025641025644,0.23828125000000003,0.2
2026-09-30T08:48:11.000480+00:00,2026-09-30T09:48:11.000480+01:00,bd913db5c5606c52b283feaa80665f42,tennis_atp_japan_open,ATP Japan Open,2026-10-01T02:00:00+00:00,2026-10-01T03:00:00+01:00,Taylor Fritz,Jaume Munar,leovegas,LeoVegas,2026-09-30T08:47:48Z,h2h,Taylor Fritz,1.22,,0.819672131147541,0.76171875,0.2
2026-09-30T08:48:11.000480+00:00,2026-09-30T09:48:11.000480+01:00,bd913db5c5606c52b283feaa80665f42,tennis_atp_japan_open,ATP Japan Open,2026-10-01T02:00:00+00:00,2026-10-01T03:00:00+01:00,Taylor Fritz,Jaume Munar,unibet_uk,Unibet (UK),2026-09-30T08:47:49Z,h2h,Jaume Munar,4.2,,0.23809523809523808,0.2250922509225092,0.2
2026-09-30T08:48:11.000480+00:00,2026-09-30T09:48:11.000480+01:00,bd913db5c5606c52b283feaa80665f42,tennis_atp_japan_open,ATP Japan Open,2026-10-01T02:00:00+00:00,2026-10-01T03:00:00+01:00,Taylor Fritz,Jaume Munar,unibet_uk,Unibet (UK),2026-09-30T08:47:49Z,h2h,Taylor Fritz,1.22,,0.819672131147541,0.7749077490774907,0.2
2026-09-30T08:48:11.000480+00:00,2026-09-30T09:48:11.000480+01:00,bd913db5c5606c52b283feaa80665f42,tennis_atp_japan_open,ATP Japan Open,2026-10-01T02:00:00+00:00,2026-10-01T03:00:00+01:00,Taylor Fritz,Jaume Munar,betano_uk,Betano (UK),2026-09-30T08:45:52Z,h2h,Jaume Munar,3.75,,0.26666666666666666,0.2454728370221328,0.2
2026-09-30T08:48:11.000480+00:00,2026-09-30T09:48:11.000480+01:00,bd913db5c5606c52b283feaa80665f42,tennis_atp_japan_open,ATP Japan Open,2026-10-01T02:00:00+00:00,2026-10-01T03:00:00+01:00,Taylor Fritz,Jaume Munar,betano_uk,Betano (UK),2026-09-30T08:45:52Z,h2h,Taylor Fritz,1.22,,0.819672131147541,0.7545271629778673,0.2
2026-09-30T08:48:11.000480+00:00,2026-09-30T09:48:11.000480+01:00,bd913db5c5606c52b283feaa80665f42,tennis_atp_japan_open,ATP Japan Open,2026-10-01T02:00:00+00:00,2026-10-01T03:00:00+01:00,Taylor Fritz,Jaume Munar,sport888,888sport,2026-09-30T08:47:49Z,h2h,Jaume Munar,3.6,,0.2777777777777778,0.2638036809815951,0.2
2026-09-30T08:48:11.000480+00:00,2026-09-30T09:48:11.000480+01:00,bd913db5c5606c52b283feaa80665f42,tennis_atp_japan_open,ATP Japan Open,2026-10-01T02:00:00+00:00,2026-10-01T03:00:00+01:00,Taylor Fritz,Jaume Munar,sport888,888sport,2026-09-30T08:47:49Z,h2h,Taylor Fritz,1.29,,0.7751937984496123,0.7361963190184049,0.2
2026-09-30T08:48:11.000480+00:00,2026-09-30T09:48:11.000480+01:00,bd913db5c5606c52b283feaa80665f42,tennis_atp_japan_open,ATP Japan Open,2026-10-01T02:00:00+00:00,2026-10-01T03:00:00+01:00,Taylor Fritz,Jaume Munar,betvictor,Bet Victor,2026-09-30T08:47:44Z,h2h,Jaume Munar,3.75,,0.26666666666666666,0.2454728370221328,0.2
2026-09-30T08:48:11.000480+00:00,2026-09-30T09:48:11.000480+01:00,bd913db5c5606c52b283feaa80665f42,tennis_atp_japan_open,ATP Japan Open,2026-10-01T02:00:00+00:00,2026-10-01T03:00:00+01:00,Taylor Fritz,Jaume Munar,betvictor,Bet Victor,2026-09-30T08:47:44Z,h2h,Taylor Fritz,1.22,,0.819672131147541,0.7545271629778673,0.2
2026-09-30T08:48:11.000480+00:00,2026-09-30T09:48:11.000480+01:00,bd913db5c5606c52b283feaa80665f42,tennis_atp_japan_open,ATP Japan Open,2026-10-01T02:00:00+00:00,2026-10-01T03:00:00+01:00,Taylor Fritz,Jaume Munar,casumo,Casumo,2026-09-30T08:47:48Z,h2h,Jaume Munar,4.35,,0.2298850574712644,0.2190305206463196,0.2
2026-09-30T08:48:11.000480+00:00,2026-09-30T09:48:11.000480+01:00,bd913db5c5606c52b283feaa80665f42,tennis_atp_japan_open,ATP Japan Open,2026-10-01T02:00:00+00:00,2026-10-01T03:00:00+01:00,Taylor Fritz,Jaume Munar,casumo,Casumo,2026-09-30T08:47:48Z,h2h,Taylor Fritz,1.22,,0.819672131147541,0.7809694793536804,0.2
2026-09-30T08:48:11.000480+00:00,2026-09-30T09:48:11.000480+01:00,bd913db5c5606c52b283feaa80665f42,tennis_atp_japan_open,ATP Japan Open,2026-10-01T02:00:00+00:00,2026-10-01T03:00:00+01:00,Taylor Fritz,Jaume Munar,grosvenor,Grosvenor,2026-09-30T08:47:30Z,h2h,Jaume Munar,4.35,,0.2298850574712644,0.2190305206463196,0.2
2026-09-30T08:48:11.000480+00:00,2026-09-30T09:48:11.000480+01:00,bd913db5c5606c52b283feaa80665f42,tennis_atp_japan_open,ATP Japan Open,2026-10-01T02:00:00+00:00,2026-10-01T03:00:00+01:00,Taylor Fritz,Jaume Munar,grosvenor,Grosvenor,2026-09-30T08:47:30Z,h2h,Taylor Fritz,1.22,,0.819672131147541,0.7809694793536804,0.2
2026-09-30T08:48:11.000480+00:00,2026-09-30T09:48:11.000480+01:00,bd913db5c5606c52b283feaa80665f42,tennis_atp_japan_open,ATP Japan Open,2026-10-01T02:00:00+00:00,2026-10-01T03:00:00+01:00,Taylor Fritz,Jaume Munar,boylesports,BoyleSports,2026-09-30T08:43:37Z,h2h,Jaume Munar,5.0,,0.2,0.18962722852512157,0.2
2026-09-30T08:48:11.000480+00:00,2026-09-30T09:48:11.000480+01:00,bd913db5c5606c52b283feaa80665f42,tennis_atp_japan_open,ATP Japan Open,2026-10-01T02:00:00+00:00,2026-10-01T03:00:00+01:00,Taylor Fritz,Jaume Munar,boylesports,BoyleSports,2026-09-30T08:43:37Z,h2h,Taylor Fritz,1.17,,0.8547008547008548,0.8103727714748785,0.2
2026-09-30T08:48:11.000480+00:00,2026-09-30T09:48:11.000480+01:00,bd913db5c5606c52b283feaa80665f42,tennis_atp_japan_open,ATP Japan Open,2026-10-01T02:00:00+00:00,2026-10-01T03:00:00+01:00,Taylor Fritz,Jaume Munar,skybet,Sky Bet,2026-09-30T08:48:07Z,h2h,Jaume Munar,4.5,,0.2222222222222222,0.2063492063492063,0.2
2026-09-30T08:48:11.000480+00:00,2026-09-30T09:48:11.000480+01:00,bd913db5c5606c52b283feaa80665f42,tennis_atp_japan_open,ATP Japan Open,2026-10-01T02:00:00+00:00,2026-10-01T03:00:00+01:00,Taylor Fritz,Jaume Munar,skybet,Sky Bet,2026-09-30T08:48:07Z,h2h,Taylor Fritz,1.17,,0.8547008547008548,0.7936507936507936,0.2
2026-09-30T08:48:11.000480+00:00,2026-09-30T09:48:11.000480+01:00,bd913db5c5606c52b283feaa80665f42,tennis_atp_japan_open,ATP Japan Open,2026-10-01T02:00:00+00:00,2026-10-01T03:00:00+01:00,Taylor Fritz,Jaume Munar,virginbet,Virgin Bet,2026-09-30T08:47:47Z,h2h,Jaume Munar,4.35,,0.2298850574712644,0.2190305206463196,0.2
2026-09-30T08:48:11.000480+00:00,2026-09-30T09:48:11.000480+01:00,bd913db5c5606c52b283feaa80665f42,tennis_atp_japan_open,ATP Japan Open,2026-10-01T02:00:00+00:00,2026-10-01T03:00:00+01:00,Taylor Fritz,Jaume Munar,virginbet,Virgin Bet,2026-09-30T08:47:47Z,h2h,Taylor Fritz,1.22,,0.819672131147541,0.7809694793536804,0.2
2026-09-30T08:48:11.000480+00:00,2026-09-30T09:48:11.000480+01:00,bd913db5c5606c52b283feaa80665f42,tennis_atp_japan_open,ATP Japan Open,2026-10-01T02:00:00+00:00,2026-10-01T03:00:00+01:00,Taylor Fritz,Jaume Munar,livescorebet,LiveScore Bet,2026-09-30T08:47:48Z,h2h,Jaume Munar,4.35,,0.2298850574712644,0.2190305206463196,0.2
2026-09-30T08:48:11.000480+00:00,2026-09-30T09:48:11.000480+01:00,bd913db5c5606c52b283feaa80665f42,tennis_atp_japan_open,ATP Japan Open,2026-10-01T02:00:00+00:00,2026-10-01T03:00:00+01:00,Taylor Fritz,Jaume Munar,livescorebet,LiveScore Bet,2026-09-30T08:47:48Z,h2h,Taylor Fritz,1.22,,0.819672131147541,0.7809694793536804,0.2
2026-09-30T08:48:11.000480+00:00,2026-09-30T09:48:11.000480+01:00,bd913db5c5606c52b283feaa80665f42,tennis_atp_japan_open,ATP Japan Open,2026-10-01T02:00:00+00:00,2026-10-01T03:00:00+01:00,Taylor Fritz,Jaume Munar,betway,Betway,2026-09-30T08:47:01Z,h2h,Jaume Munar,4.25,,0.23529411764705882,0.22303473491773307,0.2
2026-09-30T08:48:11.000480+00:00,2026-09-30T09:48:11.000480+01:00,bd913db5c5606c52b283feaa80665f42,tennis_atp_japan_open,ATP Japan Open,2026-10-01T02:00:00+00:00,2026-10-01T03:00:00+01:00,Taylor Fritz,Jaume Munar,betway,Betway,2026-09-30T08:47:01Z,h2h,Taylor Fritz,1.22,,0.819672131147541,0.7769652650822669,0.2
2026-09-30T08:48:11.000480+00:00,2026-09-30T09:48:11.000480+01:00,bd913db5c5606c52b283feaa80665f42,tennis_atp_japan_open,ATP Japan Open,2026-10-01T02:00:00+00:00,2026-10-01T03:00:00+01:00,Taylor Fritz,Jaume Munar,ladbrokes_uk,Ladbrokes,2026-09-30T08:47:49Z,h2h,Jaume Munar,3.9,,0.25641025641025644,0.23828125000000003,0.2
2026-09-30T08:48:11.000480+00:00,2026-09-30T09:48:11.000480+01:00,bd913db5c5606c52b283feaa80665f42,tennis_atp_japan_open,ATP Japan Open,2026-10-01T02:00:00+00:00,2026-10-01T03:00:00+01:00,Taylor Fritz,Jaume Munar,ladbrokes_uk,Ladbrokes,2026-09-30T08:47:49Z,h2h,Taylor Fritz,1.22,,0.819672131147541,0.76171875,0.2
2026-09-30T08:48:11.000480+00:00,2026-09-30T09:48:11.000480+01:00,bd913db5c5606c52b283feaa80665f42,tennis_atp_japan_open,ATP Japan Open,2026-10-01T02:00:00+00:00,2026-10-01T03:00:00+01:00,Taylor Fritz,Jaume Munar,coral,Coral,2026-09-30T08:48:08Z,h2h,Jaume Munar,3.9,,0.25641025641025644,0.23828125000000003,0.2
2026-09-30T08:48:11.000480+00:00,2026-09-30T09:48:11.000480+01:00,bd913db5c5606c52b283feaa80665f42,tennis_atp_japan_open,ATP Japan Open,2026-10-01T02:00:00+00:00,2026-10-01T03:00:00+01:00,Taylor Fritz,Jaume Munar,coral,Coral,2026-09-30T08:48:08Z,h2h,Taylor Fritz,1.22,,0.819672131147541,0.76171875,0.2
2026-09-30T08:48:11.000480+00:00,2026-09-30T09:48:11.000480+01:00,bd913db5c5606c52b283feaa80665f42,tennis_atp_japan_open,ATP Japan Open,2026-10-01T02:00:00+00:00,2026-10-01T03:00:00+01:00,Taylor Fritz,Jaume Munar,matchbook,Matchbook,2026-09-30T08:48:07Z,h2h,Jaume Munar,4.0,,0.25,0.24242424242424243,0.2
2026-09-30T08:48:11.000480+00:00,2026-09-30T09:48:11.000480+01:00,bd913db5c5606c52b283feaa80665f42,tennis_atp_japan_open,ATP Japan Open,2026-10-01T02:00:00+00:00,2026-10-01T03:00:00+01:00,Taylor Fritz,Jaume Munar,matchbook,Matchbook,2026-09-30T08:48:07Z,h2h,Taylor Fritz,1.28,,0.78125,0.7575757575757576,0.2
2026-09-30T08:48:11.000480+00:00,2026-09-30T09:48:11.000480+01:00,bd913db5c5606c52b283feaa80665f42,tennis_atp_japan_open,ATP Japan Open,2026-10-01T02:00:00+00:00,2026-10-01T03:00:00+01:00,Taylor Fritz,Jaume Munar,matchbook,Matchbook,2026-09-30T08:48:07Z,h2h_lay,Jaume Munar,4.6,,0.2173913043478261,1.0,0.2
2026-09-30T08:48:11.000480+00:00,2026-09-30T09:48:11.000480+01:00,bd913db5c5606c52b283feaa80665f42,tennis_atp_japan_open,ATP Japan Open,2026-10-01T02:00:00+00:00,2026-10-01T03:00:00+01:00,Taylor Fritz,Jaume Munar,matchbook,Matchbook,2026-09-30T08:48:07Z,h2h_lay,Taylor Fritz,1.33,,0.7518796992481203,1.0,0.2
2026-09-30T08:48:11.000480+00:00,2026-09-30T09:48:11.000480+01:00,150be9ac3e148ecdc824890bed898996,tennis_atp_japan_open,ATP Japan Open,2026-10-01T03:10:00+00:00,2026-10-01T04:10:00+01:00,Kei Nishikori,Frances Tiafoe,matchbook,Matchbook,2026-09-30T08:48:07Z,h2h,Frances Tiafoe,1.26,,0.7936507936507936,0.7885906040268457,0.2
2026-09-30T08:48:11.000480+00:00,2026-09-30T09:48:11.000480+01:00,150be9ac3e148ecdc824890bed898996,tennis_atp_japan_open,ATP Japan Open,2026-10-01T03:10:00+00:00,2026-10-01T04:10:00+01:00,Kei Nishikori,Frances Tiafoe,matchbook,Matchbook,2026-09-30T08:48:07Z,h2h,Kei Nishikori,4.7,,0.2127659574468085,0.2114093959731544,0.2
2026-09-30T08:48:11.000480+00:00,2026-09-30T09:48:11.000480+01:00,150be9ac3e148ecdc824890bed898996,tennis_atp_japan_open,ATP Japan Open,2026-10-01T03:10:00+00:00,2026-10-01T04:10:00+01:00,Kei Nishikori,Frances Tiafoe,matchbook,Matchbook,2026-09-30T08:48:07Z,h2h_lay,Frances Tiafoe,1.27,,0.7874015748031495,1.0,0.2
2026-09-30T08:48:11.000480+00:00,2026-09-30T09:48:11.000480+01:00,150be9ac3e148ecdc824890bed898996,tennis_atp_japan_open,ATP Japan Open,2026-10-01T03:10:00+00:00,2026-10-01T04:10:00+01:00,Kei Nishikori,Frances Tiafoe,matchbook,Matchbook,2026-09-30T08:48:07Z,h2h_lay,Kei Nishikori,4.9,,0.2040816326530612,1.0,0.2
2026-09-30T08:48:11.000480+00:00,2026-09-30T09:48:11.000480+01:00,150be9ac3e148ecdc824890bed898996,tennis_atp_japan_open,ATP Japan Open,2026-10-01T03:10:00+00:00,2026-10-01T04:10:00+01:00,Kei Nishikori,Frances Tiafoe,betway,Betway,2026-09-30T08:47:01Z,h2h,Frances Tiafoe,1.22,,0.819672131147541,0.7769652650822669,0.2
2026-09-30T08:48:11.000480+00:00,2026-09-30T09:48:11.000480+01:00,150be9ac3e148ecdc824890bed898996,tennis_atp_japan_open,ATP Japan Open,2026-10-01T03:10:00+00:00,2026-10-01T04:10:00+01:00,Kei Nishikori,Frances Tiafoe,betway,Betway,2026-09-30T08:47:01Z,h2h,Kei Nishikori,4.25,,0.23529411764705882,0.22303473491773307,0.2
2026-09-30T08:48:11.000480+00:00,2026-09-30T09:48:11.000480+01:00,150be9ac3e148ecdc824890bed898996,tennis_atp_japan_open,ATP Japan Open,2026-10-01T03:10:00+00:00,2026-10-01T04:10:00+01:00,Kei Nishikori,Frances Tiafoe,boylesports,BoyleSports,2026-09-30T08:43:37Z,h2h,Frances Tiafoe,1.22,,0.819672131147541,0.7749077490774907,0.2
2026-09-30T08:48:11.000480+00:00,2026-09-30T09:48:11.000480+01:00,150be9ac3e148ecdc824890bed898996,tennis_atp_japan_open,ATP Japan Open,2026-10-01T03:10:00+00:00,2026-10-01T04:10:00+01:00,Kei Nishikori,Frances Tiafoe,boylesports,BoyleSports,2026-09-30T08:43:37Z,h2h,Kei Nishikori,4.2,,0.23809523809523808,0.2250922509225092,0.2
2026-09-30T08:48:11.000480+00:00,2026-09-30T09:48:11.000480+01:00,150be9ac3e148ecdc824890bed898996,tennis_atp_japan_open,ATP Japan Open,2026-10-01T03:10:00+00:00,2026-10-01T04:10:00+01:00,Kei Nishikori,Frances Tiafoe,betfair_ex_uk,Betfair,2026-09-30T08:48:08Z,h2h,Frances Tiafoe,1.26,,0.7936507936507936,0.7885906040268457,0.2
2026-09-30T08:48:11.000480+00:00,2026-09-30T09:48:11.000480+01:00,150be9ac3e148ecdc824890bed898996,tennis_atp_japan_open,ATP Japan Open,2026-10-01T03:10:00+00:00,2026-10-01T04:10:00+01:00,Kei Nishikori,Frances Tiafoe,betfair_ex_uk,Betfair,2026-09-30T08:48:08Z,h2h,Kei Nishikori,4.7,,0.2127659574468085,0.2114093959731544,0.2
2026-09-30T08:48:11.000480+00:00,2026-09-30T09:48:11.000480+01:00,150be9ac3e148ecdc824890bed898996,tennis_atp_japan_open,ATP Japan Open,2026-10-01T03:10:00+00:00,2026-10-01T04:10:00+01:00,Kei Nishikori,Frances Tiafoe,betfair_ex_uk,Betfair,2026-09-30T08:48:08Z,h2h_lay,Frances Tiafoe,1.27,,0.7874015748031495,1.0,0.2
2026-09-30T08:48:11.000480+00:00,2026-09-30T09:48:11.000480+01:00,150be9ac3e148ecdc824890bed898996,tennis_atp_japan_open,ATP Japan Open,2026-10-01T03:10:00+00:00,2026-10-01T04:10:00+01:00,Kei Nishikori,Frances Tiafoe,betfair_ex_uk,Betfair,2026-09-30T08:48:08Z,h2h_lay,Kei Nishikori,4.9,,0.2040816326530612,1.0,0.2
2026-09-30T08:48:11.000480+00:00,2026-09-30T09:48:11.000480+01:00,150be9ac3e148ecdc824890bed898996,tennis_atp_japan_open,ATP Japan Open,2026-10-01T03:10:00+00:00,2026-10-01T04:10:00+01:00,Kei Nishikori,Frances Tiafoe,grosvenor,Grosvenor,2026-09-30T08:47:30Z,h2h,Frances Tiafoe,1.22,,0.819672131147541,0.7769652650822669,0.2
2026-09-30T08:48:11.000480+00:00,2026-09-30T09:48:11.000480+01:00,150be9ac3e148ecdc824890bed898996,tennis_atp_japan_open,ATP Japan Open,2026-10-01T03:10:00+00:00,2026-10-01T04:10:00+01:00,Kei Nishikori,Frances Tiafoe,grosvenor,Grosvenor,2026-09-30T08:47:30Z,h2h,Kei Nishikori,4.25,,0.23529411764705882,0.22303473491773307,0.2
2026-09-30T08:48:11.000480+00:00,2026-09-30T09:48:11.000480+01:00,150be9ac3e148ecdc824890bed898996,tennis_atp_japan_open,ATP Japan Open,2026-10-01T03:10:00+00:00,2026-10-01T04:10:00+01:00,Kei Nishikori,Frances Tiafoe,casumo,Casumo,2026-09-30T08:47:48Z,h2h,Frances Tiafoe,1.22,,0.819672131147541,0.7769652650822669,0.2
2026-09-30T08:48:11.000480+00:00,2026-09-30T09:48:11.000480+01:00,150be9ac3e148ecdc824890bed898996,tennis_atp_japan_open,ATP Japan Open,2026-10-01T03:10:00+00:00,2026-10-01T04:10:00+01:00,Kei Nishikori,Frances Tiafoe,casumo,Casumo,2026-09-30T08:47:48Z,h2h,Kei Nishikori,4.25,,0.23529411764705882,0.22303473491773307,0.2
2026-09-30T08:48:11.000480+00:00,2026-09-30T09:48:11.000480+01:00,150be9ac3e148ecdc824890bed898996,tennis_atp_japan_open,ATP Japan Open,2026-10-01T03:10:00+00:00,2026-10-01T04:10:00+01:00,Kei Nishikori,Frances Tiafoe,paddypower,Paddy Power,2026-09-30T08:47:32Z,h2h,Frances Tiafoe,1.2,,0.8333333333333334,0.7692307692307692,0.2
2026-09-30T08:48:11.000480+00:00,2026-09-30T09:48:11.000480+01:00,150be9ac3e148ecdc824890bed898996,tennis_atp_japan_open,ATP Japan Open,2026-10-01T03:10:00+00:00,2026-10-01T04:10:00+01:00,Kei Nishikori,Frances Tiafoe,paddypower,Paddy Power,2026-09-30T08:47:32Z,h2h,Kei Nishikori,4.0,,0.25,0.23076923076923073,0.2
2026-09-30T08:48:11.000480+00:00,2026-09-30T09:48:11.000480+01:00,150be9ac3e148ecdc824890bed898996,tennis_atp_japan_open,ATP Japan Open,2026-10-01T03:10:00+00:00,2026-10-01T04:10:00+01:00,Kei Nishikori,Frances Tiafoe,coral,Coral,2026-09-30T08:48:08Z,h2h,Frances Tiafoe,1.22,,0.819672131147541,0.7662835249042146,0.2
2026-09-30T08:48:11.000480+00:00,2026-09-30T09:48:11.000480+01:00,150be9ac3e148ecdc824890bed898996,tennis_atp_japan_open,ATP Japan Open,2026-10-01T03:10:00+00:00,2026-10-01T04:10:00+01:00,Kei Nishikori,Frances Tiafoe,coral,Coral,2026-09-30T08:48:08Z,h2h,Kei Nishikori,4.0,,0.25,0.23371647509578544,0.2
2026-09-30T08:48:11.000480+00:00,2026-09-30T09:48:11.000480+01:00,150be9ac3e148ecdc824890bed898996,tennis_atp_japan_open,ATP Japan Open,2026-10-01T03:10:00+00:00,2026-10-01T04:10:00+01:00,Kei Nishikori,Frances Tiafoe,ladbrokes_uk,Ladbrokes,2026-09-30T08:47:49Z,h2h,Frances Tiafoe,1.22,,0.819672131147541,0.7662835249042146,0.2
2026-09-30T08:48:11.000480+00:00,2026-09-30T09:48:11.000480+01:00,150be9ac3e148ecdc824890bed898996,tennis_atp_japan_open,ATP Japan Open,2026-10-01T03:10:00+00:00,2026-10-01T04:10:00+01:00,Kei Nishikori,Frances Tiafoe,ladbrokes_uk,Ladbrokes,2026-09-30T08:47:49Z,h2h,Kei Nishikori,4.0,,0.25,0.23371647509578544,0.2
2026-09-30T08:48:11.000480+00:00,2026-09-30T09:48:11.000480+01:00,150be9ac3e148ecdc824890bed898996,tennis_atp_japan_open,ATP Japan Open,2026-10-01T03:10:00+00:00,2026-10-01T04:10:00+01:00,Kei Nishikori,Frances Tiafoe,williamhill,William Hill,2026-09-30T08:47:33Z,h2h,Frances Tiafoe,1.22,,0.819672131147541,0.7749077490774907,0.2
2026-09-30T08:48:11.000480+00:00,2026-09-30T09:48:11.000480+01:00,150be9ac3e148ecdc824890bed898996,tennis_atp_japan_open,ATP Japan Open,2026-10-01T03:10:00+00:00,2026-10-01T04:10:00+01:00,Kei Nishikori,Frances Tiafoe,williamhill,William Hill,2026-09-30T08:47:33Z,h2h,Kei Nishikori,4.2,,0.23809523809523808,0.2250922509225092,0.2
2026-09-30T08:48:11.000480+00:00,2026-09-30T09:48:11.000480+01:00,150be9ac3e148ecdc824890bed898996,tennis_atp_japan_open,ATP Japan Open,2026-10-01T03:10:00+00:00,2026-10-01T04:10:00+01:00,Kei Nishikori,Frances Tiafoe,sport888,888sport,2026-09-30T08:47:49Z,h2h,Frances Tiafoe,1.22,,0.819672131147541,0.7749077490774907,0.2
2026-09-30T08:48:11.000480+00:00,2026-09-30T09:48:11.000480+01:00,150be9ac3e148ecdc824890bed898996,tennis_atp_japan_open,ATP Japan Open,2026-10-01T03:10:00+00:00,2026-10-01T04:10:00+01:00,Kei Nishikori,Frances Tiafoe,sport888,888sport,2026-09-30T08:47:49Z,h2h,Kei Nishikori,4.2,,0.23809523809523808,0.2250922509225092,0.2
2026-09-30T08:48:11.000480+00:00,2026-09-30T09:48:11.000480+01:00,150be9ac3e148ecdc824890bed898996,tennis_atp_japan_open,ATP Japan Open,2026-10-01T03:10:00+00:00,2026-10-01T04:10:00+01:00,Kei Nishikori,Frances Tiafoe,unibet_uk,Unibet (UK),2026-09-30T08:47:49Z,h2h,Frances Tiafoe,1.2,,0.8333333333333334,0.7777777777777778,0.2
2026-09-30T08:48:11.000480+00:00,2026-09-30T09:48:11.000480+01:00,150be9ac3e148ecdc824890bed898996,tennis_atp_japan_open,ATP Japan Open,2026-10-01T03:10:00+00:00,2026-10-01T04:10:00+01:00,Kei Nishikori,Frances Tiafoe,unibet_uk,Unibet (UK),2026-09-30T08:47:49Z,h2h,Kei Nishikori,4.2,,0.23809523809523808,0.2222222222222222,0.2
2026-09-30T08:48:11.000480+00:00,2026-09-30T09:48:11.000480+01:00,150be9ac3e148ecdc824890bed898996,tennis_atp_japan_open,ATP Japan Open,2026-10-01T03:10:00+00:00,2026-10-01T04:10:00+01:00,Kei Nishikori,Frances Tiafoe,betano_uk,Betano (UK),2026-09-30T08:45:52Z,h2h,Frances Tiafoe,1.22,,0.819672131147541,0.7545271629778673,0.2
2026-09-30T08:48:11.000480+00:00,2026-09-30T09:48:11.000480+01:00,150be9ac3e148ecdc824890bed898996,tennis_atp_japan_open,ATP Japan Open,2026-10-01T03:10:00+00:00,2026-10-01T04:10:00+01:00,Kei Nishikori,Frances Tiafoe,betano_uk,Betano (UK),2026-09-30T08:45:52Z,h2h,Kei Nishikori,3.75,,0.26666666666666666,0.2454728370221328,0.2
2026-09-30T08:48:11.000480+00:00,2026-09-30T09:48:11.000480+01:00,150be9ac3e148ecdc824890bed898996,tennis_atp_japan_open,ATP Japan Open,2026-10-01T03:10:00+00:00,2026-10-01T04:10:00+01:00,Kei Nishikori,Frances Tiafoe,betvictor,Bet Victor,2026-09-30T08:47:44Z,h2h,Frances Tiafoe,1.22,,0.819672131147541,0.7545271629778673,0.2
2026-09-30T08:48:11.000480+00:00,2026-09-30T09:48:11.000480+01:00,150be9ac3e148ecdc824890bed898996,tennis_atp_japan_open,ATP Japan Open,2026-10-01T03:10:00+00:00,2026-10-01T04:10:00+01:00,Kei Nishikori,Frances Tiafoe,betvictor,Bet Victor,2026-09-30T08:47:44Z,h2h,Kei Nishikori,3.75,,0.26666666666666666,0.2454728370221328,0.2
2026-09-30T08:48:11.000480+00:00,2026-09-30T09:48:11.000480+01:00,150be9ac3e148ecdc824890bed898996,tennis_atp_japan_open,ATP Japan Open,2026-10-01T03:10:00+00:00,2026-10-01T04:10:00+01:00,Kei Nishikori,Frances Tiafoe,leovegas,LeoVegas,2026-09-30T08:47:48Z,h2h,Frances Tiafoe,1.2,,0.8333333333333334,0.7735849056603773,0.2
2026-09-30T08:48:11.000480+00:00,2026-09-30T09:48:11.000480+01:00,150be9ac3e148ecdc824890bed898996,tennis_atp_japan_open,ATP Japan Open,2026-10-01T03:10:00+00:00,2026-10-01T04:10:00+01:00,Kei Nishikori,Frances Tiafoe,leovegas,LeoVegas,2026-09-30T08:47:48Z,h2h,Kei Nishikori,4.1,,0.24390243902439027,0.22641509433962262,0.2
2026-09-30T08:48:11.000480+00:00,2026-09-30T09:48:11.000480+01:00,150be9ac3e148ecdc824890bed898996,tennis_atp_japan_open,ATP Japan Open,2026-10-01T03:10:00+00:00,2026-10-01T04:10:00+01:00,Kei Nishikori,Frances Tiafoe,skybet,Sky Bet,2026-09-30T08:48:07Z,h2h,Frances Tiafoe,1.2,,0.8333333333333334,0.7692307692307692,0.2
2026-09-30T08:48:11.000480+00:00,2026-09-30T09:48:11.000480+01:00,150be9ac3e148ecdc824890bed898996,tennis_atp_japan_open,ATP Japan Open,2026-10-01T03:10:00+00:00,2026-10-01T04:10:00+01:00,Kei Nishikori,Frances Tiafoe,skybet,Sky Bet,2026-09-30T08:48:07Z,h2h,Kei Nishikori,4.0,,0.25,0.23076923076923073,0.2
2026-09-30T08:48:11.000480+00:00,2026-09-30T09:48:11.000480+01:00,150be9ac3e148ecdc824890bed898996,tennis_atp_japan_open,ATP Japan Open,2026-10-01T03:10:00+00:00,2026-10-01T04:10:00+01:00,Kei Nishikori,Frances Tiafoe,virginbet,Virgin Bet,2026-09-30T08:47:47Z,h2h,Frances Tiafoe,1.22,,0.819672131147541,0.7769652650822669,0.2
2026-09-30T08:48:11.000480+00:00,2026-09-30T09:48:11.000480+01:00,150be9ac3e148ecdc824890bed898996,tennis_atp_japan_open,ATP Japan Open,2026-10-01T03:10:00+00:00,2026-10-01T04:10:00+01:00,Kei Nishikori,Frances Tiafoe,virginbet,Virgin Bet,2026-09-30T08:47:47Z,h2h,Kei Nishikori,4.25,,0.23529411764705882,0.22303473491773307,0.2
2026-09-30T08:48:11.000480+00:00,2026-09-30T09:48:11.000480+01:00,150be9ac3e148ecdc824890bed898996,tennis_atp_japan_open,ATP Japan Open,2026-10-01T03:10:00+00:00,2026-10-01T04:10:00+01:00,Kei Nishikori,Frances Tiafoe,livescorebet,LiveScore Bet,2026-09-30T08:47:48Z,h2h,Frances Tiafoe,1.22,,0.819672131147541,0.7769652650822669,0.2
2026-09-30T08:48:11.000480+00:00,2026-09-30T09:48:11.000480+01:00,150be9ac3e148ecdc824890bed898996,tennis_atp_japan_open,ATP Japan Open,2026-10-01T03:10:00+00:00,2026-10-01T04:10:00+01:00,Kei Nishikori,Frances Tiafoe,livescorebet,LiveScore Bet,2026-09-30T08:47:48Z,h2h,Kei Nishikori,4.25,,0.23529411764705882,0.22303473491773307,0.2
2026-09-30T08:48:11.000480+00:00,2026-09-30T09:48:11.000480+01:00,07374dce8b25328307e583cea38d3b07,tennis_atp_japan_open,ATP Japan Open,2026-10-01T08:10:00+00:00,2026-10-01T09:10:00+01:00,Adolfo Daniel Vallejo,Rafael Jodar,williamhill,William Hill,2026-09-30T08:47:33Z,h2h,Adolfo Daniel Vallejo,4.5,,0.2222222222222222,0.21052631578947367,0.2
2026-09-30T08:48:11.000480+00:00,2026-09-30T09:48:11.000480+01:00,07374dce8b25328307e583cea38d3b07,tennis_atp_japan_open,ATP Japan Open,2026-10-01T08:10:00+00:00,2026-10-01T09:10:00+01:00,Adolfo Daniel Vallejo,Rafael Jodar,williamhill,William Hill,2026-09-30T08:47:33Z,h2h,Rafael Jodar,1.2,,0.8333333333333334,0.7894736842105263,0.2
2026-09-30T08:48:11.000480+00:00,2026-09-30T09:48:11.000480+01:00,07374dce8b25328307e583cea38d3b07,tennis_atp_japan_open,ATP Japan Open,2026-10-01T08:10:00+00:00,2026-10-01T09:10:00+01:00,Adolfo Daniel Vallejo,Rafael Jodar,betfair_ex_uk,Betfair,2026-09-30T08:48:08Z,h2h,Adolfo Daniel Vallejo,5.1,,0.19607843137254904,0.19175911251980984,0.2
2026-09-30T08:48:11.000480+00:00,2026-09-30T09:48:11.000480+01:00,07374dce8b25328307e583cea38d3b07,tennis_atp_japan_open,ATP Japan Open,2026-10-01T08:10:00+00:00,2026-10-01T09:10:00+01:00,Adolfo Daniel Vallejo,Rafael Jodar,betfair_ex_uk,Betfair,2026-09-30T08:48:08Z,h2h,Rafael Jodar,1.21,,0.8264462809917356,0.8082408874801901,0.2
2026-09-30T08:48:11.000480+00:00,2026-09-30T09:48:11.000480+01:00,07374dce8b25328307e583cea38d3b07,tennis_atp_japan_open,ATP Japan Open,2026-10-01T08:10:00+00:00,2026-10-01T09:10:00+01:00,Adolfo Daniel Vallejo,Rafael Jodar,betfair_ex_uk,Betfair,2026-09-30T08:48:08Z,h2h_lay,Adolfo Daniel Vallejo,5.8,,0.1724137931034483,1.0,0.2
2026-09-30T08:48:11.000480+00:00,2026-09-30T09:48:11.000480+01:00,07374dce8b25328307e583cea38d3b07,tennis_atp_japan_open,ATP Japan Open,2026-10-01T08:10:00+00:00,2026-10-01T09:10:00+01:00,Adolfo Daniel Vallejo,Rafael Jodar,betfair_ex_uk,Betfair,2026-09-30T08:48:08Z,h2h_lay,Rafael Jodar,1.24,,0.8064516129032259,1.0,0.2
2026-09-30T08:48:11.000480+00:00,2026-09-30T09:48:11.000480+01:00,07374dce8b25328307e583cea38d3b07,tennis_atp_japan_open,ATP Japan Open,2026-10-01T08:10:00+00:00,2026-10-01T09:10:00+01:00,Adolfo Daniel Vallejo,Rafael Jodar,leovegas,LeoVegas,2026-09-30T08:47:48Z,h2h,Adolfo Daniel Vallejo,4.25,,0.23529411764705882,0.21731123388581952,0.2
2026-09-30T08:48:11.000480+00:00,2026-09-30T09:48:11.000480+01:00,07374dce8b25328307e583cea38d3b07,tennis_atp_japan_open,ATP Japan Open,2026-10-01T08:10:00+00:00,2026-10-01T09:10:00+01:00,Adolfo Daniel Vallejo,Rafael Jodar,leovegas,LeoVegas,2026-09-30T08:47:48Z,h2h,Rafael Jodar,1.18,,0.8474576271186441,0.7826887661141806,0.2
2026-09-30T08:48:11.000480+00:00,2026-09-30T09:48:11.000480+01:00,07374dce8b25328307e583cea38d3b07,tennis_atp_japan_open,ATP Japan Open,2026-10-01T08:10:00+00:00,2026-10-01T09:10:00+01:00,Adolfo Daniel Vallejo,Rafael Jodar,unibet_uk,Unibet (UK),2026-09-30T08:47:49Z,h2h,Adolfo Daniel Vallejo,4.3,,0.23255813953488372,0.21675774134790526,0.2
2026-09-30T08:48:11.000480+00:00,2026-09-30T09:48:11.000480+01:00,07374dce8b25328307e583cea38d3b07,tennis_atp_japan_open,ATP Japan Open,2026-10-01T08:10:00+00:00,2026-10-01T09:10:00+01:00,Adolfo Daniel Vallejo,Rafael Jodar,unibet_uk,Unibet (UK),2026-09-30T08:47:49Z,h2h,Rafael Jodar,1.19,,0.8403361344537815,0.7832422586520946,0.2
2026-09-30T08:48:11.000480+00:00,2026-09-30T09:48:11.000480+01:00,07374dce8b25328307e583cea38d3b07,tennis_atp_japan_open,ATP Japan Open,2026-10-01T08:10:00+00:00,2026-10-01T09:10:00+01:00,Adolfo Daniel Vallejo,Rafael Jodar,sport888,888sport,2026-09-30T08:47:49Z,h2h,Adolfo Daniel Vallejo,4.5,,0.2222222222222222,0.21052631578947367,0.2
2026-09-30T08:48:11.000480+00:00,2026-09-30T09:48:11.000480+01:00,07374dce8b25328307e583cea38d3b07,tennis_atp_japan_open,ATP Japan Open,2026-10-01T08:10:00+00:00,2026-10-01T09:10:00+01:00,Adolfo Daniel Vallejo,Rafael Jodar,sport888,888sport,2026-09-30T08:47:49Z,h2h,Rafael Jodar,1.2,,0.8333333333333334,0.7894736842105263,0.2
2026-09-30T08:48:11.000480+00:00,2026-09-30T09:48:11.000480+01:00,07374dce8b25328307e583cea38d3b07,tennis_atp_japan_open,ATP Japan Open,2026-10-01T08:10:00+00:00,2026-10-01T09:10:00+01:00,Adolfo Daniel Vallejo,Rafael Jodar,paddypower,Paddy Power,2026-09-30T08:47:32Z,h2h,Adolfo Daniel Vallejo,4.5,,0.2222222222222222,0.2063492063492063,0.2
2026-09-30T08:48:11.000480+00:00,2026-09-30T09:48:11.000480+01:00,07374dce8b25328307e583cea38d3b07,tennis_atp_japan_open,ATP Japan Open,2026-10-01T08:10:00+00:00,2026-10-01T09:10:00+01:00,Adolfo Daniel Vallejo,Rafael Jodar,paddypower,Paddy Power,2026-09-30T08:47:32Z,h2h,Rafael Jodar,1.17,,0.8547008547008548,0.7936507936507936,0.2
2026-09-30T08:48:11.000480+00:00,2026-09-30T09:48:11.000480+01:00,07374dce8b25328307e583cea38d3b07,tennis_atp_japan_open,ATP Japan Open,2026-10-01T08:10:00+00:00,2026-10-01T09:10:00+01:00,Adolfo Daniel Vallejo,Rafael Jodar,betano_uk,Betano (UK),2026-09-30T08:45:52Z,h2h,Adolfo Daniel Vallejo,4.0,,0.25,0.23076923076923073,0.2
2026-09-30T08:48:11.000480+00:00,2026-09-30T09:48:11.000480+01:00,07374dce8b25328307e583cea38d3b07,tennis_atp_japan_open,ATP Japan Open,2026-10-01T08:10:00+00:00,2026-10-01T09:10:00+01:00,Adolfo Daniel Vallejo,Rafael Jodar,betano_uk,Betano (UK),2026-09-30T08:45:52Z,h2h,Rafael Jodar,1.2,,0.8333333333333334,0.7692307692307692,0.2
2026-09-30T08:48:11.000480+00:00,2026-09-30T09:48:11.000480+01:00,07374dce8b25328307e583cea38d3b07,tennis_atp_japan_open,ATP Japan Open,2026-10-01T08:10:00+00:00,2026-10-01T09:10:00+01:00,Adolfo Daniel Vallejo,Rafael Jodar,betvictor,Bet Victor,2026-09-30T08:47:44Z,h2h,Adolfo Daniel Vallejo,4.0,,0.25,0.23076923076923073,0.2
2026-09-30T08:48:11.000480+00:00,2026-09-30T09:48:11.000480+01:00,07374dce8b25328307e583cea38d3b07,tennis_atp_japan_open,ATP Japan Open,2026-10-01T08:10:00+00:00,2026-10-01T09:10:00+01:00,Adolfo Daniel Vallejo,Rafael Jodar,betvictor,Bet Victor,2026-09-30T08:47:44Z,h2h,Rafael Jodar,1.2,,0.8333333333333334,0.7692307692307692,0.2
2026-09-30T08:48:11.000480+00:00,2026-09-30T09:48:11.000480+01:00,07374dce8b25328307e583cea38d3b07,tennis_atp_japan_open,ATP Japan Open,2026-10-01T08:10:00+00:00,2026-10-01T09:10:00+01:00,Adolfo Daniel Vallejo,Rafael Jodar,grosvenor,Grosvenor,2026-09-30T08:47:30Z,h2h,Adolfo Daniel Vallejo,3.95,,0.2531645569620253,0.24038461538461534,0.2
2026-09-30T08:48:11.000480+00:00,2026-09-30T09:48:11.000480+01:00,07374dce8b25328307e583cea38d3b07,tennis_atp_japan_open,ATP Japan Open,2026-10-01T08:10:00+00:00,2026-10-01T09:10:00+01:00,Adolfo Daniel Vallejo,Rafael Jodar,grosvenor,Grosvenor,2026-09-30T08:47:30Z,h2h,Rafael Jodar,1.25,,0.8,0.7596153846153846,0.2
2026-09-30T08:48:11.000480+00:00,2026-09-30T09:48:11.000480+01:00,07374dce8b25328307e583cea38d3b07,tennis_atp_japan_open,ATP Japan Open,2026-10-01T08:10:00+00:00,2026-10-01T09:10:00+01:00,Adolfo Daniel Vallejo,Rafael Jodar,casumo,Casumo,2026-09-30T08:47:48Z,h2h,Adolfo Daniel Vallejo,3.95,,0.2531645569620253,0.24038461538461534,0.2
2026-09-30T08:48:11.000480+00:00,2026-09-30T09:48:11.000480+01:00,07374dce8b25328307e583cea38d3b07,tennis_atp_japan_open,ATP Japan Open,2026-10-01T08:10:00+00:00,2026-10-01T09:10:00+01:00,Adolfo Daniel Vallejo,Rafael Jodar,casumo,Casumo,2026-09-30T08:47:48Z,h2h,Rafael Jodar,1.25,,0.8,0.7596153846153846,0.2
2026-09-30T08:48:11.000480+00:00,2026-09-30T09:48:11.000480+01:00,07374dce8b25328307e583cea38d3b07,tennis_atp_japan_open,ATP Japan Open,2026-10-01T08:10:00+00:00,2026-10-01T09:10:00+01:00,Adolfo Daniel Vallejo,Rafael Jodar,boylesports,BoyleSports,2026-09-30T08:43:37Z,h2h,Adolfo Daniel Vallejo,5.5,,0.18181818181818182,0.1716867469879518,0.2
2026-09-30T08:48:11.000480+00:00,2026-09-30T09:48:11.000480+01:00,07374dce8b25328307e583cea38d3b07,tennis_atp_japan_open,ATP Japan Open,2026-10-01T08:10:00+00:00,2026-10-01T09:10:00+01:00,Adolfo Daniel Vallejo,Rafael Jodar,boylesports,BoyleSports,2026-09-30T08:43:37Z,h2h,Rafael Jodar,1.14,,0.8771929824561404,0.8283132530120482,0.2
2026-09-30T08:48:11.000480+00:00,2026-09-30T09:48:11.000480+01:00,07374dce8b25328307e583cea38d3b07,tennis_atp_japan_open,ATP Japan Open,2026-10-01T08:10:00+00:00,2026-10-01T09:10:00+01:00,Adolfo Daniel Vallejo,Rafael Jodar,skybet,Sky Bet,2026-09-30T08:48:07Z,h2h,Adolfo Daniel Vallejo,5.0,,0.2,0.18566775244299674,0.2
2026-09-30T08:48:11.000480+00:00,2026-09-30T09:48:11.000480+01:00,07374dce8b25328307e583cea38d3b07,tennis_atp_japan_open,ATP Japan Open,2026-10-01T08:10:00+00:00,2026-10-01T09:10:00+01:00,Adolfo Daniel Vallejo,Rafael Jodar,skybet,Sky Bet,2026-09-30T08:48:07Z,h2h,Rafael Jodar,1.14,,0.8771929824561404,0.8143322475570033,0.2
2026-09-30T08:48:11.000480+00:00,2026-09-30T09:48:11.000480+01:00,07374dce8b25328307e583cea38d3b07,tennis_atp_japan_open,ATP Japan Open,2026-10-01T08:10:00+00:00,2026-10-01T09:10:00+01:00,Adolfo Daniel Vallejo,Rafael Jodar,virginbet,Virgin Bet,2026-09-30T08:47:47Z,h2h,Adolfo Daniel Vallejo,3.95,,0.2531645569620253,0.24038461538461534,0.2
2026-09-30T08:48:11.000480+00:00,2026-09-30T09:48:11.000480+01:00,07374dce8b25328307e583cea38d3b07,tennis_atp_japan_open,ATP Japan Open,2026-10-01T08:10:00+00:00,2026-10-01T09:10:00+01:00,Adolfo Daniel Vallejo,Rafael Jodar,virginbet,Virgin Bet,2026-09-30T08:47:47Z,h2h,Rafael Jodar,1.25,,0.8,0.7596153846153846,0.2
2026-09-30T08:48:11.000480+00:00,2026-09-30T09:48:11.000480+01:00,07374dce8b25328307e583cea38d3b07,tennis_atp_japan_open,ATP Japan Open,2026-10-01T08:10:00+00:00,2026-10-01T09:10:00+01:00,Adolfo Daniel Vallejo,Rafael Jodar,livescorebet,LiveScore Bet,2026-09-30T08:47:48Z,h2h,Adolfo Daniel Vallejo,3.95,,0.2531645569620253,0.24038461538461534,0.2
2026-09-30T08:48:11.000480+00:00,2026-09-30T09:48:11.000480+01:00,07374dce8b25328307e583cea38d3b07,tennis_atp_japan_open,ATP Japan Open,2026-10-01T08:10:00+00:00,2026-10-01T09:10:00+01:00,Adolfo Daniel Vallejo,Rafael Jodar,livescorebet,LiveScore Bet,2026-09-30T08:47:48Z,h2h,Rafael Jodar,1.25,,0.8,0.7596153846153846,0.2
2026-09-30T08:48:11.000480+00:00,2026-09-30T09:48:11.000480+01:00,07374dce8b25328307e583cea38d3b07,tennis_atp_japan_open,ATP Japan Open,2026-10-01T08:10:00+00:00,2026-10-01T09:10:00+01:00,Adolfo Daniel Vallejo,Rafael Jodar,betway,Betway,2026-09-30T08:47:01Z,h2h,Adolfo Daniel Vallejo,4.5,,0.2222222222222222,0.21052631578947367,0.2
2026-09-30T08:48:11.000480+00:00,2026-09-30T09:48:11.000480+01:00,07374dce8b25328307e583cea38d3b07,tennis_atp_japan_open,ATP Japan Open,2026-10-01T08:10:00+00:00,2026-10-01T09:10:00+01:00,Adolfo Daniel Vallejo,Rafael Jodar,betway,Betway,2026-09-30T08:47:01Z,h2h,Rafael Jodar,1.2,,0.8333333333333334,0.7894736842105263,0.2
2026-09-30T08:48:11.000480+00:00,2026-09-30T09:48:11.000480+01:00,07374dce8b25328307e583cea38d3b07,tennis_atp_japan_open,ATP Japan Open,2026-10-01T08:10:00+00:00,2026-10-01T09:10:00+01:00,Adolfo Daniel Vallejo,Rafael Jodar,ladbrokes_uk,Ladbrokes,2026-09-30T08:47:49Z,h2h,Adolfo Daniel Vallejo,4.6,,0.2173913043478261,0.20415224913494812,0.2
2026-09-30T08:48:11.000480+00:00,2026-09-30T09:48:11.000480+01:00,07374dce8b25328307e583cea38d3b07,tennis_atp_japan_open,ATP Japan Open,2026-10-01T08:10:00+00:00,2026-10-01T09:10:00+01:00,Adolfo Daniel Vallejo,Rafael Jodar,ladbrokes_uk,Ladbrokes,2026-09-30T08:47:49Z,h2h,Rafael Jodar,1.18,,0.8474576271186441,0.795847750865052,0.2
2026-09-30T08:48:11.000480+00:00,2026-09-30T09:48:11.000480+01:00,07374dce8b25328307e583cea38d3b07,tennis_atp_japan_open,ATP Japan Open,2026-10-01T08:10:00+00:00,2026-10-01T09:10:00+01:00,Adolfo Daniel Vallejo,Rafael Jodar,coral,Coral,2026-09-30T08:48:08Z,h2h,Adolfo Daniel Vallejo,4.6,,0.2173913043478261,0.20415224913494812,0.2
2026-09-30T08:48:11.000480+00:00,2026-09-30T09:48:11.000480+01:00,07374dce8b25328307e583cea38d3b07,tennis_atp_japan_open,ATP Japan Open,2026-10-01T08:10:00+00:00,2026-10-01T09:10:00+01:00,Adolfo Daniel Vallejo,Rafael Jodar,coral,Coral,2026-09-30T08:48:08Z,h2h,Rafael Jodar,1.18,,0.8474576271186441,0.795847750865052,0.2
2026-09-30T08:48:11.000480+00:00,2026-09-30T09:48:11.000480+01:00,07374dce8b25328307e583cea38d3b07,tennis_atp_japan_open,ATP Japan Open,2026-10-01T08:10:00+00:00,2026-10-01T09:10:00+01:00,Adolfo Daniel Vallejo,Rafael Jodar,matchbook,Matchbook,2026-09-30T08:48:07Z,h2h,Adolfo Daniel Vallejo,5.1,,0.19607843137254904,0.19175911251980984,0.2
2026-09-30T08:48:11.000480+00:00,2026-09-30T09:48:11.000480+01:00,07374dce8b25328307e583cea38d3b07,tennis_atp_japan_open,ATP Japan Open,2026-10-01T08:10:00+00:00,2026-10-01T09:10:00+01:00,Adolfo Daniel Vallejo,Rafael Jodar,matchbook,Matchbook,2026-09-30T08:48:07Z,h2h,Rafael Jodar,1.21,,0.8264462809917356,0.8082408874801901,0.2
2026-09-30T08:48:11.000480+00:00,2026-09-30T09:48:11.000480+01:00,07374dce8b25328307e583cea38d3b07,tennis_atp_japan_open,ATP Japan Open,2026-10-01T08:10:00+00:00,2026-10-01T09:10:00+01:00,Adolfo Daniel Vallejo,Rafael Jodar,matchbook,Matchbook,2026-09-30T08:48:07Z,h2h_lay,Adolfo Daniel Vallejo,5.8,,0.1724137931034483,1.0,0.2
2026-09-30T08:48:11.000480+00:00,2026-09-30T09:48:11.000480+01:00,07374dce8b25328307e583cea38d3b07,tennis_atp_japan_open,ATP Japan Open,2026-10-01T08:10:00+00:00,2026-10-01T09:10:00+01:00,Adolfo Daniel Vallejo,Rafael Jodar,matchbook,Matchbook,2026-09-30T08:48:07Z,h2h_lay,Rafael Jodar,1.24,,0.8064516129032259,1.0,0.2
2026-09-30T08:48:11.000480+00:00,2026-09-30T09:48:11.000480+01:00,449578e4a9beed6af621600c0e908cff,basketball_nbl,NBL,2026-09-30T09:30:00+00:00,2026-09-30T10:30:00+01:00,Sydney Kings,Brisbane Bullets,coral,Coral,2026-09-30T08:47:37Z,h2h,Brisbane Bullets,3.25,,0.3076923076923077,0.282560706401766,0.2
2026-09-30T08:48:11.000480+00:00,2026-09-30T09:48:11.000480+01:00,449578e4a9beed6af621600c0e908cff,basketball_nbl,NBL,2026-09-30T09:30:00+00:00,2026-09-30T10:30:00+01:00,Sydney Kings,Brisbane Bullets,coral,Coral,2026-09-30T08:47:37Z,h2h,Sydney Kings,1.28,,0.78125,0.717439293598234,0.2
2026-09-30T08:48:11.000480+00:00,2026-09-30T09:48:11.000480+01:00,449578e4a9beed6af621600c0e908cff,basketball_nbl,NBL,2026-09-30T09:30:00+00:00,2026-09-30T10:30:00+01:00,Sydney Kings,Brisbane Bullets,betfair_ex_uk,Betfair,2026-09-30T08:47:56Z,h2h,Brisbane Bullets,3.55,,0.28169014084507044,0.27698574338085546,0.2
2026-09-30T08:48:11.000480+00:00,2026-09-30T09:48:11.000480+01:00,449578e4a9beed6af621600c0e908cff,basketball_nbl,NBL,2026-09-30T09:30:00+00:00,2026-09-30T10:30:00+01:00,Sydney Kings,Brisbane Bullets,betfair_ex_uk,Betfair,2026-09-30T08:47:56Z,h2h,Sydney Kings,1.36,,0.7352941176470588,0.7230142566191446,0.2
2026-09-30T08:48:11.000480+00:00,2026-09-30T09:48:11.000480+01:00,449578e4a9beed6af621600c0e908cff,basketball_nbl,NBL,2026-09-30T09:30:00+00:00,2026-09-30T10:30:00+01:00,Sydney Kings,Brisbane Bullets,betfair_ex_uk,Betfair,2026-09-30T08:47:56Z,h2h_lay,Brisbane Bullets,3.8,,0.2631578947368421,1.0,0.2
2026-09-30T08:48:11.000480+00:00,2026-09-30T09:48:11.000480+01:00,449578e4a9beed6af621600c0e908cff,basketball_nbl,NBL,2026-09-30T09:30:00+00:00,2026-09-30T10:30:00+01:00,Sydney Kings,Brisbane Bullets,betfair_ex_uk,Betfair,2026-09-30T08:47:56Z,h2h_lay,Sydney Kings,1.38,,0.7246376811594204,1.0,0.2
2026-09-30T08:48:11.000480+00:00,2026-09-30T09:48:11.000480+01:00,449578e4a9beed6af621600c0e908cff,basketball_nbl,NBL,2026-09-30T09:30:00+00:00,2026-09-30T10:30:00+01:00,Sydney Kings,Brisbane Bullets,virginbet,Virgin Bet,2026-09-30T08:47:21Z,h2h,Brisbane Bullets,3.55,,0.28169014084507044,0.26652892561983477,0.2
2026-09-30T08:48:11.000480+00:00,2026-09-30T09:48:11.000480+01:00,449578e4a9beed6af621600c0e908cff,basketball_nbl,NBL,2026-09-30T09:30:00+00:00,2026-09-30T10:30:00+01:00,Sydney Kings,Brisbane Bullets,virginbet,Virgin Bet,2026-09-30T08:47:21Z,h2h,Sydney Kings,1.29,,0.7751937984496123,0.7334710743801653,0.2
2026-09-30T08:48:11.000480+00:00,2026-09-30T09:48:11.000480+01:00,9e23239e0075a017225697fa3bcd88b3,baseball_mlb,MLB,2026-09-30T18:00:00+00:00,2026-09-30T19:00:00+01:00,Atlanta Braves,Philadelphia Phillies,paddypower,Paddy Power,2026-09-30T08:46:18Z,h2h,Atlanta Braves,1.9,,0.5263157894736842,0.5,0.2
2026-09-30T08:48:11.000480+00:00,2026-09-30T09:48:11.000480+01:00,9e23239e0075a017225697fa3bcd88b3,baseball_mlb,MLB,2026-09-30T18:00:00+00:00,2026-09-30T19:00:00+01:00,Atlanta Braves,Philadelphia Phillies,paddypower,Paddy Power,2026-09-30T08:46:18Z,h2h,Philadelphia Phillies,1.9,,0.5263157894736842,0.5,0.2
2026-09-30T08:48:11.000480+00:00,2026-09-30T09:48:11.000480+01:00,9e23239e0075a017225697fa3bcd88b3,baseball_mlb,MLB,2026-09-30T18:00:00+00:00,2026-09-30T19:00:00+01:00,Atlanta Braves,Philadelphia Phillies,sport888,888sport,2026-09-30T08:47:49Z,h2h,Atlanta Braves,1.91,,0.5235602094240838,0.49202127659574474,0.2
2026-09-30T08:48:11.000480+00:00,2026-09-30T09:48:11.000480+01:00,9e23239e0075a017225697fa3bcd88b3,baseball_mlb,MLB,2026-09-30T18:00:00+00:00,2026-09-30T19:00:00+01:00,Atlanta Braves,Philadelphia Phillies,sport888,888sport,2026-09-30T08:47:49Z,h2h,Philadelphia Phillies,1.85,,0.5405405405405405,0.5079787234042553,0.2
2026-09-30T08:48:11.000480+00:00,2026-09-30T09:48:11.000480+01:00,9e23239e0075a017225697fa3bcd88b3,baseball_mlb,MLB,2026-09-30T18:00:00+00:00,2026-09-30T19:00:00+01:00,Atlanta Braves,Philadelphia Phillies,betano_uk,Betano (UK),2026-09-30T08:47:10Z,h2h,Atlanta Braves,1.91,,0.5235602094240838,0.4851752021563342,0.2
2026-09-30T08:48:11.000480+00:00,2026-09-30T09:48:11.000480+01:00,9e23239e0075a017225697fa3bcd88b3,baseball_mlb,MLB,2026-09-30T18:00:00+00:00,2026-09-30T19:00:00+01:00,Atlanta Braves,Philadelphia Phillies,betano_uk,Betano (UK),2026-09-30T08:47:10Z,h2h,Philadelphia Phillies,1.8,,0.5555555555555556,0.5148247978436657,0.2
2026-09-30T08:48:11.000480+00:00,2026-09-30T09:48:11.000480+01:00,9e23239e0075a017225697fa3bcd88b3,baseball_mlb,MLB,2026-09-30T18:00:00+00:00,2026-09-30T19:00:00+01:00,Atlanta Braves,Philadelphia Phillies,betway,Betway,2026-09-30T08:46:23Z,h2h,Atlanta Braves,1.95,,0.5128205128205129,0.4895287958115184,0.2
2026-09-30T08:48:11.000480+00:00,2026-09-30T09:48:11.000480+01:00,9e23239e0075a017225697fa3bcd88b3,baseball_mlb,MLB,2026-09-30T18:00:00+00:00,2026-09-30T19:00:00+01:00,Atlanta Braves,Philadelphia Phillies,betway,Betway,2026-09-30T08:46:23Z,h2h,Philadelphia Phillies,1.87,,0.53475935828877,0.5104712041884817,0.2
2026-09-30T08:48:11.000480+00:00,2026-09-30T09:48:11.000480+01:00,9e23239e0075a017225697fa3bcd88b3,baseball_mlb,MLB,2026-09-30T18:00:00+00:00,2026-09-30T19:00:00+01:00,Atlanta Braves,Philadelphia Phillies,coral,Coral,2026-09-30T08:46:19Z,h2h,Atlanta Braves,2.0,,0.5,0.4805194805194806,0.2
2026-09-30T08:48:11.000480+00:00,2026-09-30T09:48:11.000480+01:00,9e23239e0075a017225697fa3bcd88b3,baseball_mlb,MLB,2026-09-30T18:00:00+00:00,2026-09-30T19:00:00+01:00,Atlanta Braves,Philadelphia Phillies,coral,Coral,2026-09-30T08:46:19Z,h2h,Philadelphia Phillies,1.85,,0.5405405405405405,0.5194805194805195,0.2
2026-09-30T08:48:11.000480+00:00,2026-09-30T09:48:11.000480+01:00,9e23239e0075a017225697fa3bcd88b3,baseball_mlb,MLB,2026-09-30T18:00:00+00:00,2026-09-30T19:00:00+01:00,Atlanta Braves,Philadelphia Phillies,unibet_uk,Unibet (UK),2026-09-30T08:47:15Z,h2h,Atlanta Braves,1.95,,0.5128205128205129,0.4895287958115184,0.2
2026-09-30T08:48:11.000480+00:00,2026-09-30T09:48:11.000480+01:00,9e23239e0075a017225697fa3bcd88b3,baseball_mlb,MLB,2026-09-30T18:00:00+00:00,2026-09-30T19:00:00+01:00,Atlanta Braves,Philadelphia Phillies,unibet_uk,Unibet (UK),2026-09-30T08:47:15Z,h2h,Philadelphia Phillies,1.87,,0.53475935828877,0.5104712041884817,0.2
2026-09-30T08:48:11.000480+00:00,2026-09-30T09:48:11.000480+01:00,9e23239e0075a017225697fa3bcd88b3,baseball_mlb,MLB,2026-09-30T18:00:00+00:00,2026-09-30T19:00:00+01:00,Atlanta Braves,Philadelphia Phillies,ladbrokes_uk,Ladbrokes,2026-09-30T08:47:14Z,h2h,Atlanta Braves,2.0,,0.5,0.4805194805194806,0.2
2026-09-30T08:48:11.000480+00:00,2026-09-30T09:48:11.000480+01:00,9e23239e0075a017225697fa3bcd88b3,baseball_mlb,MLB,2026-09-30T18:00:00+00:00,2026-09-30T19:00:00+01:00,Atlanta Braves,Philadelphia Phillies,ladbrokes_uk,Ladbrokes,2026-09-30T08:47:14Z,h2h,Philadelphia Phillies,1.85,,0.5405405405405405,0.5194805194805195,0.2
2026-09-30T08:48:11.000480+00:00,2026-09-30T09:48:11.000480+01:00,9e23239e0075a017225697fa3bcd88b3,baseball_mlb,MLB,2026-09-30T18:00:00+00:00,2026-09-30T19:00:00+01:00,Atlanta Braves,Philadelphia Phillies,williamhill,William Hill,2026-09-30T08:46:18Z,h2h,Atlanta Braves,1.91,,0.5235602094240838,0.5,0.2
2026-09-30T08:48:11.000480+00:00,2026-09-30T09:48:11.000480+01:00,9e23239e0075a017225697fa3bcd88b3,baseball_mlb,MLB,2026-09-30T18:00:00+00:00,2026-09-30T19:00:00+01:00,Atlanta Braves,Philadelphia Phillies,williamhill,William Hill,2026-09-30T08:46:18Z,h2h,Philadelphia Phillies,1.91,,0.5235602094240838,0.5,0.2
2026-09-30T08:48:11.000480+00:00,2026-09-30T09:48:11.000480+01:00,9e23239e0075a017225697fa3bcd88b3,baseball_mlb,MLB,2026-09-30T18:00:00+00:00,2026-09-30T19:00:00+01:00,Atlanta Braves,Philadelphia Phillies,betvictor,Bet Victor,2026-09-30T08:47:12Z,h2h,Atlanta Braves,1.91,,0.5235602094240838,0.4851752021563342,0.2
2026-09-30T08:48:11.000480+00:00,2026-09-30T09:48:11.000480+01:00,9e23239e0075a017225697fa3bcd88b3,baseball_mlb,MLB,2026-09-30T18:00:00+00:00,2026-09-30T19:00:00+01:00,Atlanta Braves,Philadelphia Phillies,betvictor,Bet Victor,2026-09-30T08:47:12Z,h2h,Philadelphia Phillies,1.8,,0.5555555555555556,0.5148247978436657,0.2
2026-09-30T08:48:11.000480+00:00,2026-09-30T09:48:11.000480+01:00,9e23239e0075a017225697fa3bcd88b3,baseball_mlb,MLB,2026-09-30T18:00:00+00:00,2026-09-30T19:00:00+01:00,Atlanta Braves,Philadelphia Phillies,matchbook,Matchbook,2026-09-30T08:48:10Z,h2h,Atlanta Braves,2.04,,0.49019607843137253,0.48743718592964824,0.2
2026-09-30T08:48:11.000480+00:00,2026-09-30T09:48:11.000480+01:00,9e23239e0075a017225697fa3bcd88b3,baseball_mlb,MLB,2026-09-30T18:00:00+00:00,2026-09-30T19:00:00+01:00,Atlanta Braves,Philadelphia Phillies,matchbook,Matchbook,2026-09-30T08:48:10Z,h2h,Philadelphia Phillies,1.94,,0.5154639175257733,0.5125628140703519,0.2
2026-09-30T08:48:11.000480+00:00,2026-09-30T09:48:11.000480+01:00,9e23239e0075a017225697fa3bcd88b3,baseball_mlb,MLB,2026-09-30T18:00:00+00:00,2026-09-30T19:00:00+01:00,Atlanta Braves,Philadelphia Phillies,matchbook,Matchbook,2026-09-30T08:48:10Z,h2h_lay,Atlanta Braves,2.08,,0.4807692307692307,1.0,0.2
2026-09-30T08:48:11.000480+00:00,2026-09-30T09:48:11.000480+01:00,9e23239e0075a017225697fa3bcd88b3,baseball_mlb,MLB,2026-09-30T18:00:00+00:00,2026-09-30T19:00:00+01:00,Atlanta Braves,Philadelphia Phillies,matchbook,Matchbook,2026-09-30T08:48:10Z,h2h_lay,Philadelphia Phillies,1.96,,0.5102040816326531,1.0,0.2
2026-09-30T08:48:11.000480+00:00,2026-09-30T09:48:11.000480+01:00,9e23239e0075a017225697fa3bcd88b3,baseball_mlb,MLB,2026-09-30T18:00:00+00:00,2026-09-30T19:00:00+01:00,Atlanta Braves,Philadelphia Phillies,smarkets,Smarkets,2026-09-30T08:48:09Z,h2h,Atlanta Braves,2.0,,0.5,0.4871794871794872,0.2
2026-09-30T08:48:11.000480+00:00,2026-09-30T09:48:11.000480+01:00,9e23239e0075a017225697fa3bcd88b3,baseball_mlb,MLB,2026-09-30T18:00:00+00:00,2026-09-30T19:00:00+01:00,Atlanta Braves,Philadelphia Phillies,smarkets,Smarkets,2026-09-30T08:48:09Z,h2h,Philadelphia Phillies,1.9,,0.5263157894736842,0.5128205128205129,0.2
2026-09-30T08:48:11.000480+00:00,2026-09-30T09:48:11.000480+01:00,9e23239e0075a017225697fa3bcd88b3,baseball_mlb,MLB,2026-09-30T18:00:00+00:00,2026-09-30T19:00:00+01:00,Atlanta Braves,Philadelphia Phillies,smarkets,Smarkets,2026-09-30T08:48:09Z,h2h_lay,Atlanta Braves,2.1,,0.47619047619047616,1.0,0.2
2026-09-30T08:48:11.000480+00:00,2026-09-30T09:48:11.000480+01:00,9e23239e0075a017225697fa3bcd88b3,baseball_mlb,MLB,2026-09-30T18:00:00+00:00,2026-09-30T19:00:00+01:00,Atlanta Braves,Philadelphia Phillies,smarkets,Smarkets,2026-09-30T08:48:09Z,h2h_lay,Philadelphia Phillies,1.98,,0.5050505050505051,1.0,0.2
2026-09-30T08:48:11.000480+00:00,2026-09-30T09:48:11.000480+01:00,9e23239e0075a017225697fa3bcd88b3,baseball_mlb,MLB,2026-09-30T18:00:00+00:00,2026-09-30T19:00:00+01:00,Atlanta Braves,Philadelphia Phillies,betfred_uk,Betfred (UK),2026-09-30T08:47:15Z,h2h,Atlanta Braves,1.95,,0.5128205128205129,0.4895287958115184,0.2
2026-09-30T08:48:11.000480+00:00,2026-09-30T09:48:11.000480+01:00,9e23239e0075a017225697fa3bcd88b3,baseball_mlb,MLB,2026-09-30T18:00:00+00:00,2026-09-30T19:00:00+01:00,Atlanta Braves,Philadelphia Phillies,betfred_uk,Betfred (UK),2026-09-30T08:47:15Z,h2h,Philadelphia Phillies,1.87,,0.53475935828877,0.5104712041884817,0.2
2026-09-30T08:48:11.000480+00:00,2026-09-30T09:48:11.000480+01:00,9e23239e0075a017225697fa3bcd88b3,baseball_mlb,MLB,2026-09-30T18:00:00+00:00,2026-09-30T19:00:00+01:00,Atlanta Braves,Philadelphia Phillies,betfair_sb_uk,Betfair Sportsbook,2026-09-30T08:47:13Z,h2h,Atlanta Braves,2.0,,0.5,0.4805194805194806,0.2
2026-09-30T08:48:11.000480+00:00,2026-09-30T09:48:11.000480+01:00,9e23239e0075a017225697fa3bcd88b3,baseball_mlb,MLB,2026-09-30T18:00:00+00:00,2026-09-30T19:00:00+01:00,Atlanta Braves,Philadelphia Phillies,betfair_sb_uk,Betfair Sportsbook,2026-09-30T08:47:13Z,h2h,Philadelphia Phillies,1.85,,0.5405405405405405,0.5194805194805195,0.2
2026-09-30T08:48:11.000480+00:00,2026-09-30T09:48:11.000480+01:00,9e23239e0075a017225697fa3bcd88b3,baseball_mlb,MLB,2026-09-30T18:00:00+00:00,2026-09-30T19:00:00+01:00,Atlanta Braves,Philadelphia Phillies,livescorebet,LiveScore Bet,2026-09-30T08:47:14Z,h2h,Atlanta Braves,1.94,,0.5154639175257733,0.4840425531914894,0.2
2026-09-30T08:48:11.000480+00:00,2026-09-30T09:48:11.000480+01:00,9e23239e0075a017225697fa3bcd88b3,baseball_mlb,MLB,2026-09-30T18:00:00+00:00,2026-09-30T19:00:00+01:00,Atlanta Braves,Philadelphia Phillies,livescorebet,LiveScore Bet,2026-09-30T08:47:14Z,h2h,Philadelphia Phillies,1.82,,0.5494505494505494,0.5159574468085106,0.2
2026-09-30T08:48:11.000480+00:00,2026-09-30T09:48:11.000480+01:00,9e23239e0075a017225697fa3bcd88b3,baseball_mlb,MLB,2026-09-30T18:00:00+00:00,2026-09-30T19:00:00+01:00,Atlanta Braves,Philadelphia Phillies,casumo,Casumo,2026-09-30T08:47:49Z,h2h,Atlanta Braves,1.96,,0.5102040816326531,0.4855643044619423,0.2
2026-09-30T08:48:11.000480+00:00,2026-09-30T09:48:11.000480+01:00,9e23239e0075a017225697fa3bcd88b3,baseball_mlb,MLB,2026-09-30T18:00:00+00:00,2026-09-30T19:00:00+01:00,Atlanta Braves,Philadelphia Phillies,casumo,Casumo,2026-09-30T08:47:49Z,h2h,Philadelphia Phillies,1.85,,0.5405405405405405,0.5144356955380577,0.2
2026-09-30T08:48:11.000480+00:00,2026-09-30T09:48:11.000480+01:00,9e23239e0075a017225697fa3bcd88b3,baseball_mlb,MLB,2026-09-30T18:00:00+00:00,2026-09-30T19:00:00+01:00,Atlanta Braves,Philadelphia Phillies,virginbet,Virgin Bet,2026-09-30T08:47:14Z,h2h,Atlanta Braves,1.94,,0.5154639175257733,0.4840425531914894,0.2
2026-09-30T08:48:11.000480+00:00,2026-09-30T09:48:11.000480+01:00,9e23239e0075a017225697fa3bcd88b3,baseball_mlb,MLB,2026-09-30T18:00:00+00:00,2026-09-30T19:00:00+01:00,Atlanta Braves,Philadelphia Phillies,virginbet,Virgin Bet,2026-09-30T08:47:14Z,h2h,Philadelphia Phillies,1.82,,0.5494505494505494,0.5159574468085106,0.2
2026-09-30T08:48:11.000480+00:00,2026-09-30T09:48:11.000480+01:00,9e23239e0075a017225697fa3bcd88b3,baseball_mlb,MLB,2026-09-30T18:00:00+00:00,2026-09-30T19:00:00+01:00,Atlanta Braves,Philadelphia Phillies,grosvenor,Grosvenor,2026-09-30T08:47:14Z,h2h,Atlanta Braves,1.89,,0.5291005291005292,0.4850136239782016,0.2
2026-09-30T08:48:11.000480+00:00,2026-09-30T09:48:11.000480+01:00,9e23239e0075a017225697fa3bcd88b3,baseball_mlb,MLB,2026-09-30T18:00:00+00:00,2026-09-30T19:00:00+01:00,Atlanta Braves,Philadelphia Phillies,grosvenor,Grosvenor,2026-09-30T08:47:14Z,h2h,Philadelphia Phillies,1.78,,0.5617977528089888,0.5149863760217983,0.2
2026-09-30T08:48:11.000480+00:00,2026-09-30T09:48:11.000480+01:00,9e23239e0075a017225697fa3bcd88b3,baseball_mlb,MLB,2026-09-30T18:00:00+00:00,2026-09-30T19:00:00+01:00,Atlanta Braves,Philadelphia Phillies,boylesports,BoyleSports,2026-09-30T08:46:39Z,h2h,Atlanta Braves,1.95,,0.5128205128205129,0.48412698412698413,0.2
2026-09-30T08:48:11.000480+00:00,2026-09-30T09:48:11.000480+01:00,9e23239e0075a017225697fa3bcd88b3,baseball_mlb,MLB,2026-09-30T18:00:00+00:00,2026-09-30T19:00:00+01:00,Atlanta Braves,Philadelphia Phillies,boylesports,BoyleSports,2026-09-30T08:46:39Z,h2h,Philadelphia Phillies,1.83,,0.5464480874316939,0.5158730158730157,0.2
2026-09-30T08:48:11.000480+00:00,2026-09-30T09:48:11.000480+01:00,9e23239e0075a017225697fa3bcd88b3,baseball_mlb,MLB,2026-09-30T18:00:00+00:00,2026-09-30T19:00:00+01:00,Atlanta Braves,Philadelphia Phillies,betfair_ex_uk,Betfair,2026-09-30T08:48:09Z,h2h,Atlanta Braves,2.04,,0.49019607843137253,0.48743718592964824,0.2
2026-09-30T08:48:11.000480+00:00,2026-09-30T09:48:11.000480+01:00,9e23239e0075a017225697fa3bcd88b3,baseball_mlb,MLB,2026-09-30T18:00:00+00:00,2026-09-30T19:00:00+01:00,Atlanta Braves,Philadelphia Phillies,betfair_ex_uk,Betfair,2026-09-30T08:48:09Z,h2h,Philadelphia Phillies,1.94,,0.5154639175257733,0.5125628140703519,0.2
2026-09-30T08:48:11.000480+00:00,2026-09-30T09:48:11.000480+01:00,9e23239e0075a017225697fa3bcd88b3,baseball_mlb,MLB,2026-09-30T18:00:00+00:00,2026-09-30T19:00:00+01:00,Atlanta Braves,Philadelphia Phillies,betfair_ex_uk,Betfair,2026-09-30T08:48:09Z,h2h_lay,Atlanta Braves,2.08,,0.4807692307692307,1.0,0.2
2026-09-30T08:48:11.000480+00:00,2026-09-30T09:48:11.000480+01:00,9e23239e0075a017225697fa3bcd88b3,baseball_mlb,MLB,2026-09-30T18:00:00+00:00,2026-09-30T19:00:00+01:00,Atlanta Braves,Philadelphia Phillies,betfair_ex_uk,Betfair,2026-09-30T08:48:09Z,h2h_lay,Philadelphia Phillies,1.96,,0.5102040816326531,1.0,0.2
2026-09-30T08:48:11.000480+00:00,2026-09-30T09:48:11.000480+01:00,9e23239e0075a017225697fa3bcd88b3,baseball_mlb,MLB,2026-09-30T18:00:00+00:00,2026-09-30T19:00:00+01:00,Atlanta Braves,Philadelphia Phillies,leovegas,LeoVegas,2026-09-30T08:47:13Z,h2h,Atlanta Braves,1.93,,0.5181347150259068,0.48941798941798953,0.2
2026-09-30T08:48:11.000480+00:00,2026-09-30T09:48:11.000480+01:00,9e23239e0075a017225697fa3bcd88b3,baseball_mlb,MLB,2026-09-30T18:00:00+00:00,2026-09-30T19:00:00+01:00,Atlanta Braves,Philadelphia Phillies,leovegas,LeoVegas,2026-09-30T08:47:13Z,h2h,Philadelphia Phillies,1.85,,0.5405405405405405,0.5105820105820106,0.2
2026-09-30T08:48:11.000480+00:00,2026-09-30T09:48:11.000480+01:00,766096a9312f4528ba2e8b59fe9550fd,baseball_mlb,MLB,2026-09-30T21:00:00+00:00,2026-09-30T22:00:00+01:00,Houston Astros,Chicago White Sox,sport888,888sport,2026-09-30T08:47:49Z,h2h,Chicago White Sox,2.25,,0.4444444444444444,0.423076923076923,0.2
2026-09-30T08:48:11.000480+00:00,2026-09-30T09:48:11.000480+01:00,766096a9312f4528ba2e8b59fe9550fd,baseball_mlb,MLB,2026-09-30T21:00:00+00:00,2026-09-30T22:00:00+01:00,Houston Astros,Chicago White Sox,sport888,888sport,2026-09-30T08:47:49Z,h2h,Houston Astros,1.65,,0.6060606060606061,0.5769230769230769,0.2
2026-09-30T08:48:11.000480+00:00,2026-09-30T09:48:11.000480+01:00,766096a9312f4528ba2e8b59fe9550fd,baseball_mlb,MLB,2026-09-30T21:00:00+00:00,2026-09-30T22:00:00+01:00,Houston Astros,Chicago White Sox,betway,Betway,2026-09-30T08:46:23Z,h2h,Chicago White Sox,2.25,,0.4444444444444444,0.42602040816326525,0.2
2026-09-30T08:48:11.000480+00:00,2026-09-30T09:48:11.000480+01:00,766096a9312f4528ba2e8b59fe9550fd,baseball_mlb,MLB,2026-09-30T21:00:00+00:00,2026-09-30T22:00:00+01:00,Houston Astros,Chicago White Sox,betway,Betway,2026-09-30T08:46:23Z,h2h,Houston Astros,1.67,,0.5988023952095809,0.5739795918367347,0.2
2026-09-30T08:48:11.000480+00:00,2026-09-30T09:48:11.000480+01:00,766096a9312f4528ba2e8b59fe9550fd,baseball_mlb,MLB,2026-09-30T21:00:00+00:00,2026-09-30T22:00:00+01:00,Houston Astros,Chicago White Sox,paddypower,Paddy Power,2026-09-30T08:46:18Z,h2h,Chicago White Sox,2.2,,0.45454545454545453,0.4285714285714286,0.2
2026-09-30T08:48:11.000480+00:00,2026-09-30T09:48:11.000480+01:00,766096a9312f4528ba2e8b59fe9550fd,baseball_mlb,MLB,2026-09-30T21:00:00+00:00,2026-09-30T22:00:00+01:00,Houston Astros,Chicago White Sox,paddypower,Paddy Power,2026-09-30T08:46:18Z,h2h,Houston Astros,1.65,,0.6060606060606061,0.5714285714285715,0.2
2026-09-30T08:48:11.000480+00:00,2026-09-30T09:48:11.000480+01:00,766096a9312f4528ba2e8b59fe9550fd,baseball_mlb,MLB,2026-09-30T21:00:00+00:00,2026-09-30T22:00:00+01:00,Houston Astros,Chicago White Sox,unibet_uk,Unibet (UK),2026-09-30T08:47:15Z,h2h,Chicago White Sox,2.25,,0.4444444444444444,0.423076923076923,0.2
2026-09-30T08:48:11.000480+00:00,2026-09-30T09:48:11.000480+01:00,766096a9312f4528ba2e8b59fe9550fd,baseball_mlb,MLB,2026-09-30T21:00:00+00:00,2026-09-30T22:00:00+01:00,Houston Astros,Chicago White Sox,unibet_uk,Unibet (UK),2026-09-30T08:47:15Z,h2h,Houston Astros,1.65,,0.6060606060606061,0.5769230769230769,0.2
2026-09-30T08:48:11.000480+00:00,2026-09-30T09:48:11.000480+01:00,766096a9312f4528ba2e8b59fe9550fd,baseball_mlb,MLB,2026-09-30T21:00:00+00:00,2026-09-30T22:00:00+01:00,Houston Astros,Chicago White Sox,williamhill,William Hill,2026-09-30T08:46:18Z,h2h,Chicago White Sox,2.2,,0.45454545454545453,0.43152454780361754,0.2
2026-09-30T08:48:11.000480+00:00,2026-09-30T09:48:11.000480+01:00,766096a9312f4528ba2e8b59fe9550fd,baseball_mlb,MLB,2026-09-30T21:00:00+00:00,2026-09-30T22:00:00+01:00,Houston Astros,Chicago White Sox,williamhill,William Hill,2026-09-30T08:46:18Z,h2h,Houston Astros,1.67,,0.5988023952095809,0.5684754521963824,0.2
2026-09-30T08:48:11.000480+00:00,2026-09-30T09:48:11.000480+01:00,766096a9312f4528ba2e8b59fe9550fd,baseball_mlb,MLB,2026-09-30T21:00:00+00:00,2026-09-30T22:00:00+01:00,Houston Astros,Chicago White Sox,smarkets,Smarkets,2026-09-30T08:48:09Z,h2h,Chicago White Sox,2.16,,0.4629629629629629,0.4270557029177719,0.2
2026-09-30T08:48:11.000480+00:00,2026-09-30T09:48:11.000480+01:00,766096a9312f4528ba2e8b59fe9550fd,baseball_mlb,MLB,2026-09-30T21:00:00+00:00,2026-09-30T22:00:00+01:00,Houston Astros,Chicago White Sox,smarkets,Smarkets,2026-09-30T08:48:09Z,h2h,Houston Astros,1.61,,0.6211180124223602,0.5729442970822282,0.2
2026-09-30T08:48:11.000480+00:00,2026-09-30T09:48:11.000480+01:00,766096a9312f4528ba2e8b59fe9550fd,baseball_mlb,MLB,2026-09-30T21:00:00+00:00,2026-09-30T22:00:00+01:00,Houston Astros,Chicago White Sox,smarkets,Smarkets,2026-09-30T08:48:09Z,h2h_lay,Chicago White Sox,2.68,,0.3731343283582089,1.0,0.2
2026-09-30T08:48:11.000480+00:00,2026-09-30T09:48:11.000480+01:00,766096a9312f4528ba2e8b59fe9550fd,baseball_mlb,MLB,2026-09-30T21:00:00+00:00,2026-09-30T22:00:00+01:00,Houston Astros,Chicago White Sox,smarkets,Smarkets,2026-09-30T08:48:09Z,h2h_lay,Houston Astros,1.82,,0.5494505494505494,1.0,0.2
2026-09-30T08:48:11.000480+00:00,2026-09-30T09:48:11.000480+01:00,766096a9312f4528ba2e8b59fe9550fd,baseball_mlb,MLB,2026-09-30T21:00:00+00:00,2026-09-30T22:00:00+01:00,Houston Astros,Chicago White Sox,betano_uk,Betano (UK),2026-09-30T08:47:10Z,h2h,Chicago White Sox,2.15,,0.46511627906976744,0.42819148936170215,0.2
2026-09-30T08:48:11.000480+00:00,2026-09-30T09:48:11.000480+01:00,766096a9312f4528ba2e8b59fe9550fd,baseball_mlb,MLB,2026-09-30T21:00:00+00:00,2026-09-30T22:00:00+01:00,Houston Astros,Chicago White Sox,betano_uk,Betano (UK),2026-09-30T08:47:10Z,h2h,Houston Astros,1.61,,0.6211180124223602,0.5718085106382979,0.2
2026-09-30T08:48:11.000480+00:00,2026-09-30T09:48:11.000480+01:00,766096a9312f4528ba2e8b59fe9550fd,baseball_mlb,MLB,2026-09-30T21:00:00+00:00,2026-09-30T22:00:00+01:00,Houston Astros,Chicago White Sox,betvictor,Bet Victor,2026-09-30T08:47:12Z,h2h,Chicago White Sox,2.15,,0.46511627906976744,0.42819148936170215,0.2
2026-09-30T08:48:11.000480+00:00,2026-09-30T09:48:11.000480+01:00,766096a9312f4528ba2e8b59fe9550fd,baseball_mlb,MLB,2026-09-30T21:00:00+00:00,2026-09-30T22:00:00+01:00,Houston Astros,Chicago White Sox,betvictor,Bet Victor,2026-09-30T08:47:12Z,h2h,Houston Astros,1.61,,0.6211180124223602,0.5718085106382979,0.2
2026-09-30T08:48:11.000480+00:00,2026-09-30T09:48:11.000480+01:00,766096a9312f4528ba2e8b59fe9550fd,baseball_mlb,MLB,2026-09-30T21:00:00+00:00,2026-09-30T22:00:00+01:00,Houston Astros,Chicago White Sox,betfair_ex_uk,Betfair,2026-09-30T08:48:09Z,h2h,Chicago White Sox,2.38,,0.42016806722689076,0.4180929095354523,0.2
2026-09-30T08:48:11.000480+00:00,2026-09-30T09:48:11.000480+01:00,766096a9312f4528ba2e8b59fe9550fd,baseball_mlb,MLB,2026-09-30T21:00:00+00:00,2026-09-30T22:00:00+01:00,Houston Astros,Chicago White Sox,betfair_ex_uk,Betfair,2026-09-30T08:48:09Z,h2h,Houston Astros,1.71,,0.5847953216374269,0.5819070904645476,0.2
2026-09-30T08:48:11.000480+00:00,2026-09-30T09:48:11.000480+01:00,766096a9312f4528ba2e8b59fe9550fd,baseball_mlb,MLB,2026-09-30T21:00:00+00:00,2026-09-30T22:00:00+01:00,Houston Astros,Chicago White Sox,betfair_ex_uk,Betfair,2026-09-30T08:48:09Z,h2h_lay,Chicago White Sox,2.42,,0.4132231404958678,1.0,0.2
2026-09-30T08:48:11.000480+00:00,2026-09-30T09:48:11.000480+01:00,766096a9312f4528ba2e8b59fe9550fd,baseball_mlb,MLB,2026-09-30T21:00:00+00:00,2026-09-30T22:00:00+01:00,Houston Astros,Chicago White Sox,betfair_ex_uk,Betfair,2026-09-30T08:48:09Z,h2h_lay,Houston Astros,1.73,,0.5780346820809249,1.0,0.2
2026-09-30T08:48:11.000480+00:00,2026-09-30T09:48:11.000480+01:00,766096a9312f4528ba2e8b59fe9550fd,baseball_mlb,MLB,2026-09-30T21:00:00+00:00,2026-09-30T22:00:00+01:00,Houston Astros,Chicago White Sox,betfair_sb_uk,Betfair Sportsbook,2026-09-30T08:47:13Z,h2h,Chicago White Sox,2.2,,0.45454545454545453,0.4402035623409669,0.2
2026-09-30T08:48:11.000480+00:00,2026-09-30T09:48:11.000480+01:00,766096a9312f4528ba2e8b59fe9550fd,baseball_mlb,MLB,2026-09-30T21:00:00+00:00,2026-09-30T22:00:00+01:00,Houston Astros,Chicago White Sox,betfair_sb_uk,Betfair Sportsbook,2026-09-30T08:47:13Z,h2h,Houston Astros,1.73,,0.5780346820809249,0.5597964376590331,0.2
2026-09-30T08:48:11.000480+00:00,2026-09-30T09:48:11.000480+01:00,766096a9312f4528ba2e8b59fe9550fd,baseball_mlb,MLB,2026-09-30T21:00:00+00:00,2026-09-30T22:00:00+01:00,Houston Astros,Chicago White Sox,coral,Coral,2026-09-30T08:46:19Z,h2h,Chicago White Sox,2.2,,0.45454545454545453,0.4358974358974359,0.2
2026-09-30T08:48:11.000480+00:00,2026-09-30T09:48:11.000480+01:00,766096a9312f4528ba2e8b59fe9550fd,baseball_mlb,MLB,2026-09-30T21:00:00+00:00,2026-09-30T22:00:00+01:00,Houston Astros,Chicago White Sox,coral,Coral,2026-09-30T08:46:19Z,h2h,Houston Astros,1.7,,0.5882352941176471,0.5641025641025641,0.2
2026-09-30T08:48:11.000480+00:00,2026-09-30T09:48:11.000480+01:00,766096a9312f4528ba2e8b59fe9550fd,baseball_mlb,MLB,2026-09-30T21:00:00+00:00,2026-09-30T22:00:00+01:00,Houston Astros,Chicago White Sox,casumo,Casumo,2026-09-30T08:47:49Z,h2h,Chicago White Sox,2.23,,0.4484304932735426,0.4296675191815857,0.2
2026-09-30T08:48:11.000480+00:00,2026-09-30T09:48:11.000480+01:00,766096a9312f4528ba2e8b59fe9550fd,baseball_mlb,MLB,2026-09-30T21:00:00+00:00,2026-09-30T22:00:00+01:00,Houston Astros,Chicago White Sox,casumo,Casumo,2026-09-30T08:47:49Z,h2h,Houston Astros,1.68,,0.5952380952380952,0.5703324808184143,0.2
2026-09-30T08:48:11.000480+00:00,2026-09-30T09:48:11.000480+01:00,766096a9312f4528ba2e8b59fe9550fd,baseball_mlb,MLB,2026-09-30T21:00:00+00:00,2026-09-30T22:00:00+01:00,Houston Astros,Chicago White Sox,livescorebet,LiveScore Bet,2026-09-30T08:47:14Z,h2h,Chicago White Sox,2.18,,0.4587155963302752,0.4308093994778067,0.2
2026-09-30T08:48:11.000480+00:00,2026-09-30T09:48:11.000480+01:00,766096a9312f4528ba2e8b59fe9550fd,baseball_mlb,MLB,2026-09-30T21:00:00+00:00,2026-09-30T22:00:00+01:00,Houston Astros,Chicago White Sox,livescorebet,LiveScore Bet,2026-09-30T08:47:14Z,h2h,Houston Astros,1.65,,0.6060606060606061,0.5691906005221932,0.2
2026-09-30T08:48:11.000480+00:00,2026-09-30T09:48:11.000480+01:00,766096a9312f4528ba2e8b59fe9550fd,baseball_mlb,MLB,2026-09-30T21:00:00+00:00,2026-09-30T22:00:00+01:00,Houston Astros,Chicago White Sox,grosvenor,Grosvenor,2026-09-30T08:47:14Z,h2h,Chicago White Sox,2.14,,0.4672897196261682,0.4308510638297873,0.2
2026-09-30T08:48:11.000480+00:00,2026-09-30T09:48:11.000480+01:00,766096a9312f4528ba2e8b59fe9550fd,baseball_mlb,MLB,2026-09-30T21:00:00+00:00,2026-09-30T22:00:00+01:00,Houston Astros,Chicago White Sox,grosvenor,Grosvenor,2026-09-30T08:47:14Z,h2h,Houston Astros,1.62,,0.6172839506172839,0.5691489361702128,0.2
2026-09-30T08:48:11.000480+00:00,2026-09-30T09:48:11.000480+01:00,766096a9312f4528ba2e8b59fe9550fd,baseball_mlb,MLB,2026-09-30T21:00:00+00:00,2026-09-30T22:00:00+01:00,Houston Astros,Chicago White Sox,ladbrokes_uk,Ladbrokes,2026-09-30T08:47:14Z,h2h,Chicago White Sox,2.2,,0.45454545454545453,0.4358974358974359,0.2
2026-09-30T08:48:11.000480+00:00,2026-09-30T09:48:11.000480+01:00,766096a9312f4528ba2e8b59fe9550fd,baseball_mlb,MLB,2026-09-30T21:00:00+00:00,2026-09-30T22:00:00+01:00,Houston Astros,Chicago White Sox,ladbrokes_uk,Ladbrokes,2026-09-30T08:47:14Z,h2h,Houston Astros,1.7,,0.5882352941176471,0.5641025641025641,0.2
2026-09-30T08:48:11.000480+00:00,2026-09-30T09:48:11.000480+01:00,766096a9312f4528ba2e8b59fe9550fd,baseball_mlb,MLB,2026-09-30T21:00:00+00:00,2026-09-30T22:00:00+01:00,Houston Astros,Chicago White Sox,virginbet,Virgin Bet,2026-09-30T08:47:14Z,h2h,Chicago White Sox,2.18,,0.4587155963302752,0.4308093994778067,0.2
2026-09-30T08:48:11.000480+00:00,2026-09-30T09:48:11.000480+01:00,766096a9312f4528ba2e8b59fe9550fd,baseball_mlb,MLB,2026-09-30T21:00:00+00:00,2026-09-30T22:00:00+01:00,Houston Astros,Chicago White Sox,virginbet,Virgin Bet,2026-09-30T08:47:14Z,h2h,Houston Astros,1.65,,0.6060606060606061,0.5691906005221932,0.2
2026-09-30T08:48:11.000480+00:00,2026-09-30T09:48:11.000480+01:00,766096a9312f4528ba2e8b59fe9550fd,baseball_mlb,MLB,2026-09-30T21:00:00+00:00,2026-09-30T22:00:00+01:00,Houston Astros,Chicago White Sox,betfred_uk,Betfred (UK),2026-09-30T08:47:15Z,h2h,Chicago White Sox,2.25,,0.4444444444444444,0.42602040816326525,0.2
2026-09-30T08:48:11.000480+00:00,2026-09-30T09:48:11.000480+01:00,766096a9312f4528ba2e8b59fe9550fd,baseball_mlb,MLB,2026-09-30T21:00:00+00:00,2026-09-30T22:00:00+01:00,Houston Astros,Chicago White Sox,betfred_uk,Betfred (UK),2026-09-30T08:47:15Z,h2h,Houston Astros,1.67,,0.5988023952095809,0.5739795918367347,0.2
2026-09-30T08:48:11.000480+00:00,2026-09-30T09:48:11.000480+01:00,766096a9312f4528ba2e8b59fe9550fd,baseball_mlb,MLB,2026-09-30T21:00:00+00:00,2026-09-30T22:00:00+01:00,Houston Astros,Chicago White Sox,matchbook,Matchbook,2026-09-30T08:48:10Z,h2h,Chicago White Sox,2.38,,0.42016806722689076,0.4180929095354523,0.2
2026-09-30T08:48:11.000480+00:00,2026-09-30T09:48:11.000480+01:00,766096a9312f4528ba2e8b59fe9550fd,baseball_mlb,MLB,2026-09-30T21:00:00+00:00,2026-09-30T22:00:00+01:00,Houston Astros,Chicago White Sox,matchbook,Matchbook,2026-09-30T08:48:10Z,h2h,Houston Astros,1.71,,0.5847953216374269,0.5819070904645476,0.2
2026-09-30T08:48:11.000480+00:00,2026-09-30T09:48:11.000480+01:00,766096a9312f4528ba2e8b59fe9550fd,baseball_mlb,MLB,2026-09-30T21:00:00+00:00,2026-09-30T22:00:00+01:00,Houston Astros,Chicago White Sox,matchbook,Matchbook,2026-09-30T08:48:10Z,h2h_lay,Chicago White Sox,2.42,,0.4132231404958678,1.0,0.2
2026-09-30T08:48:11.000480+00:00,2026-09-30T09:48:11.000480+01:00,766096a9312f4528ba2e8b59fe9550fd,baseball_mlb,MLB,2026-09-30T21:00:00+00:00,2026-09-30T22:00:00+01:00,Houston Astros,Chicago White Sox,matchbook,Matchbook,2026-09-30T08:48:10Z,h2h_lay,Houston Astros,1.73,,0.5780346820809249,1.0,0.2
2026-09-30T08:48:11.000480+00:00,2026-09-30T09:48:11.000480+01:00,766096a9312f4528ba2e8b59fe9550fd,baseball_mlb,MLB,2026-09-30T21:00:00+00:00,2026-09-30T22:00:00+01:00,Houston Astros,Chicago White Sox,boylesports,BoyleSports,2026-09-30T08:46:39Z,h2h,Chicago White Sox,2.2,,0.45454545454545453,0.42408376963350786,0.2
2026-09-30T08:48:11.000480+00:00,2026-09-30T09:48:11.000480+01:00,766096a9312f4528ba2e8b59fe9550fd,baseball_mlb,MLB,2026-09-30T21:00:00+00:00,2026-09-30T22:00:00+01:00,Houston Astros,Chicago White Sox,boylesports,BoyleSports,2026-09-30T08:46:39Z,h2h,Houston Astros,1.62,,0.6172839506172839,0.5759162303664922,0.2
2026-09-30T08:48:11.000480+00:00,2026-09-30T09:48:11.000480+01:00,766096a9312f4528ba2e8b59fe9550fd,baseball_mlb,MLB,2026-09-30T21:00:00+00:00,2026-09-30T22:00:00+01:00,Houston Astros,Chicago White Sox,leovegas,LeoVegas,2026-09-30T08:47:13Z,h2h,Chicago White Sox,2.25,,0.4444444444444444,0.42602040816326525,0.2
2026-09-30T08:48:11.000480+00:00,2026-09-30T09:48:11.000480+01:00,766096a9312f4528ba2e8b59fe9550fd,baseball_mlb,MLB,2026-09-30T21:00:00+00:00,2026-09-30T22:00:00+01:00,Houston Astros,Chicago White Sox,leovegas,LeoVegas,2026-09-30T08:47:13Z,h2h,Houston Astros,1.67,,0.5988023952095809,0.5739795918367347,0.2
2026-09-30T08:48:11.000480+00:00,2026-09-30T09:48:11.000480+01:00,110c5c1a6de988c7066e2f291be8d7ff,baseball_mlb,MLB,2026-10-01T00:00:00+00:00,2026-10-01T01:00:00+01:00,New York Yankees,Boston Red Sox,paddypower,Paddy Power,2026-09-30T08:46:18Z,h2h,Boston Red Sox,2.1,,0.47619047619047616,0.4516971279373368,0.2
2026-09-30T08:48:11.000480+00:00,2026-09-30T09:48:11.000480+01:00,110c5c1a6de988c7066e2f291be8d7ff,baseball_mlb,MLB,2026-10-01T00:00:00+00:00,2026-10-01T01:00:00+01:00,New York Yankees,Boston Red Sox,paddypower,Paddy Power,2026-09-30T08:46:18Z,h2h,New York Yankees,1.73,,0.5780346820809249,0.5483028720626633,0.2
2026-09-30T08:48:11.000480+00:00,2026-09-30T09:48:11.000480+01:00,110c5c1a6de988c7066e2f291be8d7ff,baseball_mlb,MLB,2026-10-01T00:00:00+00:00,2026-10-01T01:00:00+01:00,New York Yankees,Boston Red Sox,sport888,888sport,2026-09-30T08:47:49Z,h2h,Boston Red Sox,2.1,,0.47619047619047616,0.4516971279373368,0.2
2026-09-30T08:48:11.000480+00:00,2026-09-30T09:48:11.000480+01:00,110c5c1a6de988c7066e2f291be8d7ff,baseball_mlb,MLB,2026-10-01T00:00:00+00:00,2026-10-01T01:00:00+01:00,New York Yankees,Boston Red Sox,sport888,888sport,2026-09-30T08:47:49Z,h2h,New York Yankees,1.73,,0.5780346820809249,0.5483028720626633,0.2
2026-09-30T08:48:11.000480+00:00,2026-09-30T09:48:11.000480+01:00,110c5c1a6de988c7066e2f291be8d7ff,baseball_mlb,MLB,2026-10-01T00:00:00+00:00,2026-10-01T01:00:00+01:00,New York Yankees,Boston Red Sox,ladbrokes_uk,Ladbrokes,2026-09-30T08:47:14Z,h2h,Boston Red Sox,2.15,,0.46511627906976744,0.4458762886597938,0.2
2026-09-30T08:48:11.000480+00:00,2026-09-30T09:48:11.000480+01:00,110c5c1a6de988c7066e2f291be8d7ff,baseball_mlb,MLB,2026-10-01T00:00:00+00:00,2026-10-01T01:00:00+01:00,New York Yankees,Boston Red Sox,ladbrokes_uk,Ladbrokes,2026-09-30T08:47:14Z,h2h,New York Yankees,1.73,,0.5780346820809249,0.5541237113402062,0.2
2026-09-30T08:48:11.000480+00:00,2026-09-30T09:48:11.000480+01:00,110c5c1a6de988c7066e2f291be8d7ff,baseball_mlb,MLB,2026-10-01T00:00:00+00:00,2026-10-01T01:00:00+01:00,New York Yankees,Boston Red Sox,grosvenor,Grosvenor,2026-09-30T08:47:14Z,h2h,Boston Red Sox,2.08,,0.4807692307692307,0.4423592493297587,0.2
2026-09-30T08:48:11.000480+00:00,2026-09-30T09:48:11.000480+01:00,110c5c1a6de988c7066e2f291be8d7ff,baseball_mlb,MLB,2026-10-01T00:00:00+00:00,2026-10-01T01:00:00+01:00,New York Yankees,Boston Red Sox,grosvenor,Grosvenor,2026-09-30T08:47:14Z,h2h,New York Yankees,1.65,,0.6060606060606061,0.5576407506702413,0.2
2026-09-30T08:48:11.000480+00:00,2026-09-30T09:48:11.000480+01:00,110c5c1a6de988c7066e2f291be8d7ff,baseball_mlb,MLB,2026-10-01T00:00:00+00:00,2026-10-01T01:00:00+01:00,New York Yankees,Boston Red Sox,virginbet,Virgin Bet,2026-09-30T08:47:14Z,h2h,Boston Red Sox,2.12,,0.4716981132075471,0.44210526315789467,0.2
2026-09-30T08:48:11.000480+00:00,2026-09-30T09:48:11.000480+01:00,110c5c1a6de988c7066e2f291be8d7ff,baseball_mlb,MLB,2026-10-01T00:00:00+00:00,2026-10-01T01:00:00+01:00,New York Yankees,Boston Red Sox,virginbet,Virgin Bet,2026-09-30T08:47:14Z,h2h,New York Yankees,1.68,,0.5952380952380952,0.5578947368421052,0.2
2026-09-30T08:48:11.000480+00:00,2026-09-30T09:48:11.000480+01:00,110c5c1a6de988c7066e2f291be8d7ff,baseball_mlb,MLB,2026-10-01T00:00:00+00:00,2026-10-01T01:00:00+01:00,New York Yankees,Boston Red Sox,livescorebet,LiveScore Bet,2026-09-30T08:47:14Z,h2h,Boston Red Sox,2.12,,0.4716981132075471,0.44210526315789467,0.2
2026-09-30T08:48:11.000480+00:00,2026-09-30T09:48:11.000480+01:00,110c5c1a6de988c7066e2f291be8d7ff,baseball_mlb,MLB,2026-10-01T00:00:00+00:00,2026-10-01T01:00:00+01:00,New York Yankees,Boston Red Sox,livescorebet,LiveScore Bet,2026-09-30T08:47:14Z,h2h,New York Yankees,1.68,,0.5952380952380952,0.5578947368421052,0.2
2026-09-30T08:48:11.000480+00:00,2026-09-30T09:48:11.000480+01:00,110c5c1a6de988c7066e2f291be8d7ff,baseball_mlb,MLB,2026-10-01T00:00:00+00:00,2026-10-01T01:00:00+01:00,New York Yankees,Boston Red Sox,casumo,Casumo,2026-09-30T08:47:49Z,h2h,Boston Red Sox,2.16,,0.4629629629629629,0.441860465116279,0.2
2026-09-30T08:48:11.000480+00:00,2026-09-30T09:48:11.000480+01:00,110c5c1a6de988c7066e2f291be8d7ff,baseball_mlb,MLB,2026-10-01T00:00:00+00:00,2026-10-01T01:00:00+01:00,New York Yankees,Boston Red Sox,casumo,Casumo,2026-09-30T08:47:49Z,h2h,New York Yankees,1.71,,0.5847953216374269,0.5581395348837209,0.2
2026-09-30T08:48:11.000480+00:00,2026-09-30T09:48:11.000480+01:00,110c5c1a6de988c7066e2f291be8d7ff,baseball_mlb,MLB,2026-10-01T00:00:00+00:00,2026-10-01T01:00:00+01:00,New York Yankees,Boston Red Sox,coral,Coral,2026-09-30T08:46:19Z,h2h,Boston Red Sox,2.15,,0.46511627906976744,0.4458762886597938,0.2
2026-09-30T08:48:11.000480+00:00,2026-09-30T09:48:11.000480+01:00,110c5c1a6de988c7066e2f291be8d7ff,baseball_mlb,MLB,2026-10-01T00:00:00+00:00,2026-10-01T01:00:00+01:00,New York Yankees,Boston Red Sox,coral,Coral,2026-09-30T08:46:19Z,h2h,New York Yankees,1.73,,0.5780346820809249,0.5541237113402062,0.2
2026-09-30T08:48:11.000480+00:00,2026-09-30T09:48:11.000480+01:00,110c5c1a6de988c7066e2f291be8d7ff,baseball_mlb,MLB,2026-10-01T00:00:00+00:00,2026-10-01T01:00:00+01:00,New York Yankees,Boston Red Sox,betfair_ex_uk,Betfair,2026-09-30T08:48:09Z,h2h,Boston Red Sox,2.2,,0.45454545454545453,0.44723618090452255,0.2
2026-09-30T08:48:11.000480+00:00,2026-09-30T09:48:11.000480+01:00,110c5c1a6de988c7066e2f291be8d7ff,baseball_mlb,MLB,2026-10-01T00:00:00+00:00,2026-10-01T01:00:00+01:00,New York Yankees,Boston Red Sox,betfair_ex_uk,Betfair,2026-09-30T08:48:09Z,h2h,New York Yankees,1.78,,0.5617977528089888,0.5527638190954773,0.2
2026-09-30T08:48:11.000480+00:00,2026-09-30T09:48:11.000480+01:00,110c5c1a6de988c7066e2f291be8d7ff,baseball_mlb,MLB,2026-10-01T00:00:00+00:00,2026-10-01T01:00:00+01:00,New York Yankees,Boston Red Sox,betfair_ex_uk,Betfair,2026-09-30T08:48:09Z,h2h_lay,Boston Red Sox,2.3,,0.4347826086956522,1.0,0.2
2026-09-30T08:48:11.000480+00:00,2026-09-30T09:48:11.000480+01:00,110c5c1a6de988c7066e2f291be8d7ff,baseball_mlb,MLB,2026-10-01T00:00:00+00:00,2026-10-01T01:00:00+01:00,New York Yankees,Boston Red Sox,betfair_ex_uk,Betfair,2026-09-30T08:48:09Z,h2h_lay,New York Yankees,1.83,,0.5464480874316939,1.0,0.2
2026-09-30T08:48:11.000480+00:00,2026-09-30T09:48:11.000480+01:00,110c5c1a6de988c7066e2f291be8d7ff,baseball_mlb,MLB,2026-10-01T00:00:00+00:00,2026-10-01T01:00:00+01:00,New York Yankees,Boston Red Sox,betfred_uk,Betfred (UK),2026-09-30T08:47:15Z,h2h,Boston Red Sox,2.1,,0.47619047619047616,0.4516971279373368,0.2
2026-09-30T08:48:11.000480+00:00,2026-09-30T09:48:11.000480+01:00,110c5c1a6de988c7066e2f291be8d7ff,baseball_mlb,MLB,2026-10-01T00:00:00+00:00,2026-10-01T01:00:00+01:00,New York Yankees,Boston Red Sox,betfred_uk,Betfred (UK),2026-09-30T08:47:15Z,h2h,New York Yankees,1.73,,0.5780346820809249,0.5483028720626633,0.2
2026-09-30T08:48:11.000480+00:00,2026-09-30T09:48:11.000480+01:00,110c5c1a6de988c7066e2f291be8d7ff,baseball_mlb,MLB,2026-10-01T00:00:00+00:00,2026-10-01T01:00:00+01:00,New York Yankees,Boston Red Sox,matchbook,Matchbook,2026-09-30T08:48:10Z,h2h,Boston Red Sox,2.2,,0.45454545454545453,0.44723618090452255,0.2
2026-09-30T08:48:11.000480+00:00,2026-09-30T09:48:11.000480+01:00,110c5c1a6de988c7066e2f291be8d7ff,baseball_mlb,MLB,2026-10-01T00:00:00+00:00,2026-10-01T01:00:00+01:00,New York Yankees,Boston Red Sox,matchbook,Matchbook,2026-09-30T08:48:10Z,h2h,New York Yankees,1.78,,0.5617977528089888,0.5527638190954773,0.2
2026-09-30T08:48:11.000480+00:00,2026-09-30T09:48:11.000480+01:00,110c5c1a6de988c7066e2f291be8d7ff,baseball_mlb,MLB,2026-10-01T00:00:00+00:00,2026-10-01T01:00:00+01:00,New York Yankees,Boston Red Sox,matchbook,Matchbook,2026-09-30T08:48:10Z,h2h_lay,Boston Red Sox,2.3,,0.4347826086956522,1.0,0.2
2026-09-30T08:48:11.000480+00:00,2026-09-30T09:48:11.000480+01:00,110c5c1a6de988c7066e2f291be8d7ff,baseball_mlb,MLB,2026-10-01T00:00:00+00:00,2026-10-01T01:00:00+01:00,New York Yankees,Boston Red Sox,matchbook,Matchbook,2026-09-30T08:48:10Z,h2h_lay,New York Yankees,1.83,,0.5464480874316939,1.0,0.2
2026-09-30T08:48:11.000480+00:00,2026-09-30T09:48:11.000480+01:00,110c5c1a6de988c7066e2f291be8d7ff,baseball_mlb,MLB,2026-10-01T00:00:00+00:00,2026-10-01T01:00:00+01:00,New York Yankees,Boston Red Sox,smarkets,Smarkets,2026-09-30T08:48:09Z,h2h,Boston Red Sox,2.18,,0.4587155963302752,0.4494949494949495,0.2
2026-09-30T08:48:11.000480+00:00,2026-09-30T09:48:11.000480+01:00,110c5c1a6de988c7066e2f291be8d7ff,baseball_mlb,MLB,2026-10-01T00:00:00+00:00,2026-10-01T01:00:00+01:00,New York Yankees,Boston Red Sox,smarkets,Smarkets,2026-09-30T08:48:09Z,h2h,New York Yankees,1.78,,0.5617977528089888,0.5505050505050506,0.2
2026-09-30T08:48:11.000480+00:00,2026-09-30T09:48:11.000480+01:00,110c5c1a6de988c7066e2f291be8d7ff,baseball_mlb,MLB,2026-10-01T00:00:00+00:00,2026-10-01T01:00:00+01:00,New York Yankees,Boston Red Sox,smarkets,Smarkets,2026-09-30T08:48:09Z,h2h_lay,Boston Red Sox,2.3,,0.4347826086956522,1.0,0.2
2026-09-30T08:48:11.000480+00:00,2026-09-30T09:48:11.000480+01:00,110c5c1a6de988c7066e2f291be8d7ff,baseball_mlb,MLB,2026-10-01T00:00:00+00:00,2026-10-01T01:00:00+01:00,New York Yankees,Boston Red Sox,smarkets,Smarkets,2026-09-30T08:48:09Z,h2h_lay,New York Yankees,1.84,,0.5434782608695652,1.0,0.2
2026-09-30T08:48:11.000480+00:00,2026-09-30T09:48:11.000480+01:00,110c5c1a6de988c7066e2f291be8d7ff,baseball_mlb,MLB,2026-10-01T00:00:00+00:00,2026-10-01T01:00:00+01:00,New York Yankees,Boston Red Sox,betvictor,Bet Victor,2026-09-30T08:47:12Z,h2h,Boston Red Sox,2.05,,0.48780487804878053,0.44892473118279574,0.2
2026-09-30T08:48:11.000480+00:00,2026-09-30T09:48:11.000480+01:00,110c5c1a6de988c7066e2f291be8d7ff,baseball_mlb,MLB,2026-10-01T00:00:00+00:00,2026-10-01T01:00:00+01:00,New York Yankees,Boston Red Sox,betvictor,Bet Victor,2026-09-30T08:47:12Z,h2h,New York Yankees,1.67,,0.5988023952095809,0.5510752688172044,0.2
2026-09-30T08:48:11.000480+00:00,2026-09-30T09:48:11.000480+01:00,110c5c1a6de988c7066e2f291be8d7ff,baseball_mlb,MLB,2026-10-01T00:00:00+00:00,2026-10-01T01:00:00+01:00,New York Yankees,Boston Red Sox,betway,Betway,2026-09-30T08:46:23Z,h2h,Boston Red Sox,2.15,,0.46511627906976744,0.44730077120822626,0.2
2026-09-30T08:48:11.000480+00:00,2026-09-30T09:48:11.000480+01:00,110c5c1a6de988c7066e2f291be8d7ff,baseball_mlb,MLB,2026-10-01T00:00:00+00:00,2026-10-01T01:00:00+01:00,New York Yankees,Boston Red Sox,betway,Betway,2026-09-30T08:46:23Z,h2h,New York Yankees,1.74,,0.5747126436781609,0.5526992287917738,0.2
2026-09-30T08:48:11.000480+00:00,2026-09-30T09:48:11.000480+01:00,110c5c1a6de988c7066e2f291be8d7ff,baseball_mlb,MLB,2026-10-01T00:00:00+00:00,2026-10-01T01:00:00+01:00,New York Yankees,Boston Red Sox,unibet_uk,Unibet (UK),2026-09-30T08:47:15Z,h2h,Boston Red Sox,2.14,,0.4672897196261682,0.44415584415584414,0.2
2026-09-30T08:48:11.000480+00:00,2026-09-30T09:48:11.000480+01:00,110c5c1a6de988c7066e2f291be8d7ff,baseball_mlb,MLB,2026-10-01T00:00:00+00:00,2026-10-01T01:00:00+01:00,New York Yankees,Boston Red Sox,unibet_uk,Unibet (UK),2026-09-30T08:47:15Z,h2h,New York Yankees,1.71,,0.5847953216374269,0.5558441558441558,0.2
2026-09-30T08:48:11.000480+00:00,2026-09-30T09:48:11.000480+01:00,110c5c1a6de988c7066e2f291be8d7ff,baseball_mlb,MLB,2026-10-01T00:00:00+00:00,2026-10-01T01:00:00+01:00,New York Yankees,Boston Red Sox,leovegas,LeoVegas,2026-09-30T08:47:13Z,h2h,Boston Red Sox,2.15,,0.46511627906976744,0.4444444444444444,0.2
2026-09-30T08:48:11.000480+00:00,2026-09-30T09:48:11.000480+01:00,110c5c1a6de988c7066e2f291be8d7ff,baseball_mlb,MLB,2026-10-01T00:00:00+00:00,2026-10-01T01:00:00+01:00,New York Yankees,Boston Red Sox,leovegas,LeoVegas,2026-09-30T08:47:13Z,h2h,New York Yankees,1.72,,0.5813953488372093,0.5555555555555556,0.2
2026-09-30T08:48:11.000480+00:00,2026-09-30T09:48:11.000480+01:00,110c5c1a6de988c7066e2f291be8d7ff,baseball_mlb,MLB,2026-10-01T00:00:00+00:00,2026-10-01T01:00:00+01:00,New York Yankees,Boston Red Sox,williamhill,William Hill,2026-09-30T08:46:18Z,h2h,Boston Red Sox,2.1,,0.47619047619047616,0.4516971279373368,0.2
2026-09-30T08:48:11.000480+00:00,2026-09-30T09:48:11.000480+01:00,110c5c1a6de988c7066e2f291be8d7ff,baseball_mlb,MLB,2026-10-01T00:00:00+00:00,2026-10-01T01:00:00+01:00,New York Yankees,Boston Red Sox,williamhill,William Hill,2026-09-30T08:46:18Z,h2h,New York Yankees,1.73,,0.5780346820809249,0.5483028720626633,0.2
2026-09-30T08:48:11.000480+00:00,2026-09-30T09:48:11.000480+01:00,110c5c1a6de988c7066e2f291be8d7ff,baseball_mlb,MLB,2026-10-01T00:00:00+00:00,2026-10-01T01:00:00+01:00,New York Yankees,Boston Red Sox,betano_uk,Betano (UK),2026-09-30T08:47:10Z,h2h,Boston Red Sox,2.05,,0.48780487804878053,0.44892473118279574,0.2
2026-09-30T08:48:11.000480+00:00,2026-09-30T09:48:11.000480+01:00,110c5c1a6de988c7066e2f291be8d7ff,baseball_mlb,MLB,2026-10-01T00:00:00+00:00,2026-10-01T01:00:00+01:00,New York Yankees,Boston Red Sox,betano_uk,Betano (UK),2026-09-30T08:47:10Z,h2h,New York Yankees,1.67,,0.5988023952095809,0.5510752688172044,0.2
2026-09-30T08:48:11.000480+00:00,2026-09-30T09:48:11.000480+01:00,110c5c1a6de988c7066e2f291be8d7ff,baseball_mlb,MLB,2026-10-01T00:00:00+00:00,2026-10-01T01:00:00+01:00,New York Yankees,Boston Red Sox,betfair_sb_uk,Betfair Sportsbook,2026-09-30T08:47:13Z,h2h,Boston Red Sox,2.1,,0.47619047619047616,0.4545454545454546,0.2
2026-09-30T08:48:11.000480+00:00,2026-09-30T09:48:11.000480+01:00,110c5c1a6de988c7066e2f291be8d7ff,baseball_mlb,MLB,2026-10-01T00:00:00+00:00,2026-10-01T01:00:00+01:00,New York Yankees,Boston Red Sox,betfair_sb_uk,Betfair Sportsbook,2026-09-30T08:47:13Z,h2h,New York Yankees,1.75,,0.5714285714285714,0.5454545454545455,0.2
2026-09-30T08:48:11.000480+00:00,2026-09-30T09:48:11.000480+01:00,110c5c1a6de988c7066e2f291be8d7ff,baseball_mlb,MLB,2026-10-01T00:00:00+00:00,2026-10-01T01:00:00+01:00,New York Yankees,Boston Red Sox,boylesports,BoyleSports,2026-09-30T08:46:39Z,h2h,Boston Red Sox,2.1,,0.47619047619047616,0.44297082228116713,0.2
2026-09-30T08:48:11.000480+00:00,2026-09-30T09:48:11.000480+01:00,110c5c1a6de988c7066e2f291be8d7ff,baseball_mlb,MLB,2026-10-01T00:00:00+00:00,2026-10-01T01:00:00+01:00,New York Yankees,Boston Red Sox,boylesports,BoyleSports,2026-09-30T08:46:39Z,h2h,New York Yankees,1.67,,0.5988023952095809,0.557029177718833,0.2
2026-09-30T08:48:11.000480+00:00,2026-09-30T09:48:11.000480+01:00,66c0c13a06424600557af241371043fc,baseball_mlb,MLB,2026-10-01T02:00:00+00:00,2026-10-01T03:00:00+01:00,San Diego Padres,Chicago Cubs,paddypower,Paddy Power,2026-09-30T08:46:18Z,h2h,Chicago Cubs,2.1,,0.47619047619047616,0.4516971279373368,0.2
2026-09-30T08:48:11.000480+00:00,2026-09-30T09:48:11.000480+01:00,66c0c13a06424600557af241371043fc,baseball_mlb,MLB,2026-10-01T02:00:00+00:00,2026-10-01T03:00:00+01:00,San Diego Padres,Chicago Cubs,paddypower,Paddy Power,2026-09-30T08:46:18Z,h2h,San Diego Padres,1.73,,0.5780346820809249,0.5483028720626633,0.2
2026-09-30T08:48:11.000480+00:00,2026-09-30T09:48:11.000480+01:00,66c0c13a06424600557af241371043fc,baseball_mlb,MLB,2026-10-01T02:00:00+00:00,2026-10-01T03:00:00+01:00,San Diego Padres,Chicago Cubs,betvictor,Bet Victor,2026-09-30T08:47:12Z,h2h,Chicago Cubs,2.1,,0.47619047619047616,0.44297082228116713,0.2
2026-09-30T08:48:11.000480+00:00,2026-09-30T09:48:11.000480+01:00,66c0c13a06424600557af241371043fc,baseball_mlb,MLB,2026-10-01T02:00:00+00:00,2026-10-01T03:00:00+01:00,San Diego Padres,Chicago Cubs,betvictor,Bet Victor,2026-09-30T08:47:12Z,h2h,San Diego Padres,1.67,,0.5988023952095809,0.557029177718833,0.2
2026-09-30T08:48:11.000480+00:00,2026-09-30T09:48:11.000480+01:00,66c0c13a06424600557af241371043fc,baseball_mlb,MLB,2026-10-01T02:00:00+00:00,2026-10-01T03:00:00+01:00,San Diego Padres,Chicago Cubs,williamhill,William Hill,2026-09-30T08:46:18Z,h2h,Chicago Cubs,2.1,,0.47619047619047616,0.4516971279373368,0.2
2026-09-30T08:48:11.000480+00:00,2026-09-30T09:48:11.000480+01:00,66c0c13a06424600557af241371043fc,baseball_mlb,MLB,2026-10-01T02:00:00+00:00,2026-10-01T03:00:00+01:00,San Diego Padres,Chicago Cubs,williamhill,William Hill,2026-09-30T08:46:18Z,h2h,San Diego Padres,1.73,,0.5780346820809249,0.5483028720626633,0.2
2026-09-30T08:48:11.000480+00:00,2026-09-30T09:48:11.000480+01:00,66c0c13a06424600557af241371043fc,baseball_mlb,MLB,2026-10-01T02:00:00+00:00,2026-10-01T03:00:00+01:00,San Diego Padres,Chicago Cubs,betway,Betway,2026-09-30T08:46:23Z,h2h,Chicago Cubs,2.2,,0.45454545454545453,0.4373401534526854,0.2
2026-09-30T08:48:11.000480+00:00,2026-09-30T09:48:11.000480+01:00,66c0c13a06424600557af241371043fc,baseball_mlb,MLB,2026-10-01T02:00:00+00:00,2026-10-01T03:00:00+01:00,San Diego Padres,Chicago Cubs,betway,Betway,2026-09-30T08:46:23Z,h2h,San Diego Padres,1.71,,0.5847953216374269,0.5626598465473145,0.2
2026-09-30T08:48:11.000480+00:00,2026-09-30T09:48:11.000480+01:00,66c0c13a06424600557af241371043fc,baseball_mlb,MLB,2026-10-01T02:00:00+00:00,2026-10-01T03:00:00+01:00,San Diego Padres,Chicago Cubs,unibet_uk,Unibet (UK),2026-09-30T08:47:15Z,h2h,Chicago Cubs,2.15,,0.46511627906976744,0.4430051813471503,0.2
2026-09-30T08:48:11.000480+00:00,2026-09-30T09:48:11.000480+01:00,66c0c13a06424600557af241371043fc,baseball_mlb,MLB,2026-10-01T02:00:00+00:00,2026-10-01T03:00:00+01:00,San Diego Padres,Chicago Cubs,unibet_uk,Unibet (UK),2026-09-30T08:47:15Z,h2h,San Diego Padres,1.71,,0.5847953216374269,0.5569948186528497,0.2
2026-09-30T08:48:11.000480+00:00,2026-09-30T09:48:11.000480+01:00,66c0c13a06424600557af241371043fc,baseball_mlb,MLB,2026-10-01T02:00:00+00:00,2026-10-01T03:00:00+01:00,San Diego Padres,Chicago Cubs,smarkets,Smarkets,2026-09-30T08:48:09Z,h2h,Chicago Cubs,2.18,,0.4587155963302752,0.44102564102564096,0.2
2026-09-30T08:48:11.000480+00:00,2026-09-30T09:48:11.000480+01:00,66c0c13a06424600557af241371043fc,baseball_mlb,MLB,2026-10-01T02:00:00+00:00,2026-10-01T03:00:00+01:00,San Diego Padres,Chicago Cubs,smarkets,Smarkets,2026-09-30T08:48:09Z,h2h,San Diego Padres,1.72,,0.5813953488372093,0.558974358974359,0.2
2026-09-30T08:48:11.000480+00:00,2026-09-30T09:48:11.000480+01:00,66c0c13a06424600557af241371043fc,baseball_mlb,MLB,2026-10-01T02:00:00+00:00,2026-10-01T03:00:00+01:00,San Diego Padres,Chicago Cubs,smarkets,Smarkets,2026-09-30T08:48:09Z,h2h_lay,Chicago Cubs,2.36,,0.42372881355932207,1.0,0.2
2026-09-30T08:48:11.000480+00:00,2026-09-30T09:48:11.000480+01:00,66c0c13a06424600557af241371043fc,baseball_mlb,MLB,2026-10-01T02:00:00+00:00,2026-10-01T03:00:00+01:00,San Diego Padres,Chicago Cubs,smarkets,Smarkets,2026-09-30T08:48:09Z,h2h_lay,San Diego Padres,1.82,,0.5494505494505494,1.0,0.2
2026-09-30T08:48:11.000480+00:00,2026-09-30T09:48:11.000480+01:00,66c0c13a06424600557af241371043fc,baseball_mlb,MLB,2026-10-01T02:00:00+00:00,2026-10-01T03:00:00+01:00,San Diego Padres,Chicago Cubs,sport888,888sport,2026-09-30T08:47:49Z,h2h,Chicago Cubs,2.1,,0.47619047619047616,0.4516971279373368,0.2
2026-09-30T08:48:11.000480+00:00,2026-09-30T09:48:11.000480+01:00,66c0c13a06424600557af241371043fc,baseball_mlb,MLB,2026-10-01T02:00:00+00:00,2026-10-01T03:00:00+01:00,San Diego Padres,Chicago Cubs,sport888,888sport,2026-09-30T08:47:49Z,h2h,San Diego Padres,1.73,,0.5780346820809249,0.5483028720626633,0.2
2026-09-30T08:48:11.000480+00:00,2026-09-30T09:48:11.000480+01:00,66c0c13a06424600557af241371043fc,baseball_mlb,MLB,2026-10-01T02:00:00+00:00,2026-10-01T03:00:00+01:00,San Diego Padres,Chicago Cubs,betano_uk,Betano (UK),2026-09-30T08:47:10Z,h2h,Chicago Cubs,2.1,,0.47619047619047616,0.44297082228116713,0.2
2026-09-30T08:48:11.000480+00:00,2026-09-30T09:48:11.000480+01:00,66c0c13a06424600557af241371043fc,baseball_mlb,MLB,2026-10-01T02:00:00+00:00,2026-10-01T03:00:00+01:00,San Diego Padres,Chicago Cubs,betano_uk,Betano (UK),2026-09-30T08:47:10Z,h2h,San Diego Padres,1.67,,0.5988023952095809,0.557029177718833,0.2
2026-09-30T08:48:11.000480+00:00,2026-09-30T09:48:11.000480+01:00,66c0c13a06424600557af241371043fc,baseball_mlb,MLB,2026-10-01T02:00:00+00:00,2026-10-01T03:00:00+01:00,San Diego Padres,Chicago Cubs,betfair_sb_uk,Betfair Sportsbook,2026-09-30T08:47:13Z,h2h,Chicago Cubs,2.1,,0.47619047619047616,0.4545454545454546,0.2
2026-09-30T08:48:11.000480+00:00,2026-09-30T09:48:11.000480+01:00,66c0c13a06424600557af241371043fc,baseball_mlb,MLB,2026-10-01T02:00:00+00:00,2026-10-01T03:00:00+01:00,San Diego Padres,Chicago Cubs,betfair_sb_uk,Betfair Sportsbook,2026-09-30T08:47:13Z,h2h,San Diego Padres,1.75,,0.5714285714285714,0.5454545454545455,0.2
2026-09-30T08:48:11.000480+00:00,2026-09-30T09:48:11.000480+01:00,66c0c13a06424600557af241371043fc,baseball_mlb,MLB,2026-10-01T02:00:00+00:00,2026-10-01T03:00:00+01:00,San Diego Padres,Chicago Cubs,betfred_uk,Betfred (UK),2026-09-30T08:47:15Z,h2h,Chicago Cubs,2.1,,0.47619047619047616,0.4516971279373368,0.2
2026-09-30T08:48:11.000480+00:00,2026-09-30T09:48:11.000480+01:00,66c0c13a06424600557af241371043fc,baseball_mlb,MLB,2026-10-01T02:00:00+00:00,2026-10-01T03:00:00+01:00,San Diego Padres,Chicago Cubs,betfred_uk,Betfred (UK),2026-09-30T08:47:15Z,h2h,San Diego Padres,1.73,,0.5780346820809249,0.5483028720626633,0.2
2026-09-30T08:48:11.000480+00:00,2026-09-30T09:48:11.000480+01:00,66c0c13a06424600557af241371043fc,baseball_mlb,MLB,2026-10-01T02:00:00+00:00,2026-10-01T03:00:00+01:00,San Diego Padres,Chicago Cubs,coral,Coral,2026-09-30T08:46:19Z,h2h,Chicago Cubs,2.15,,0.46511627906976744,0.4458762886597938,0.2
2026-09-30T08:48:11.000480+00:00,2026-09-30T09:48:11.000480+01:00,66c0c13a06424600557af241371043fc,baseball_mlb,MLB,2026-10-01T02:00:00+00:00,2026-10-01T03:00:00+01:00,San Diego Padres,Chicago Cubs,coral,Coral,2026-09-30T08:46:19Z,h2h,San Diego Padres,1.73,,0.5780346820809249,0.5541237113402062,0.2
2026-09-30T08:48:11.000480+00:00,2026-09-30T09:48:11.000480+01:00,66c0c13a06424600557af241371043fc,baseball_mlb,MLB,2026-10-01T02:00:00+00:00,2026-10-01T03:00:00+01:00,San Diego Padres,Chicago Cubs,ladbrokes_uk,Ladbrokes,2026-09-30T08:47:14Z,h2h,Chicago Cubs,2.15,,0.46511627906976744,0.4458762886597938,0.2
2026-09-30T08:48:11.000480+00:00,2026-09-30T09:48:11.000480+01:00,66c0c13a06424600557af241371043fc,baseball_mlb,MLB,2026-10-01T02:00:00+00:00,2026-10-01T03:00:00+01:00,San Diego Padres,Chicago Cubs,ladbrokes_uk,Ladbrokes,2026-09-30T08:47:14Z,h2h,San Diego Padres,1.73,,0.5780346820809249,0.5541237113402062,0.2
2026-09-30T08:48:11.000480+00:00,2026-09-30T09:48:11.000480+01:00,66c0c13a06424600557af241371043fc,baseball_mlb,MLB,2026-10-01T02:00:00+00:00,2026-10-01T03:00:00+01:00,San Diego Padres,Chicago Cubs,betfair_ex_uk,Betfair,2026-09-30T08:48:09Z,h2h,Chicago Cubs,2.24,,0.4464285714285714,0.44,0.2
2026-09-30T08:48:11.000480+00:00,2026-09-30T09:48:11.000480+01:00,66c0c13a06424600557af241371043fc,baseball_mlb,MLB,2026-10-01T02:00:00+00:00,2026-10-01T03:00:00+01:00,San Diego Padres,Chicago Cubs,betfair_ex_uk,Betfair,2026-09-30T08:48:09Z,h2h,San Diego Padres,1.76,,0.5681818181818182,0.56,0.2
2026-09-30T08:48:11.000480+00:00,2026-09-30T09:48:11.000480+01:00,66c0c13a06424600557af241371043fc,baseball_mlb,MLB,2026-10-01T02:00:00+00:00,2026-10-01T03:00:00+01:00,San Diego Padres,Chicago Cubs,betfair_ex_uk,Betfair,2026-09-30T08:48:09Z,h2h_lay,Chicago Cubs,2.36,,0.42372881355932207,1.0,0.2
2026-09-30T08:48:11.000480+00:00,2026-09-30T09:48:11.000480+01:00,66c0c13a06424600557af241371043fc,baseball_mlb,MLB,2026-10-01T02:00:00+00:00,2026-10-01T03:00:00+01:00,San Diego Padres,Chicago Cubs,betfair_ex_uk,Betfair,2026-09-30T08:48:09Z,h2h_lay,San Diego Padres,1.81,,0.5524861878453039,1.0,0.2
2026-09-30T08:48:11.000480+00:00,2026-09-30T09:48:11.000480+01:00,66c0c13a06424600557af241371043fc,baseball_mlb,MLB,2026-10-01T02:00:00+00:00,2026-10-01T03:00:00+01:00,San Diego Padres,Chicago Cubs,virginbet,Virgin Bet,2026-09-30T08:47:14Z,h2h,Chicago Cubs,2.08,,0.4807692307692307,0.4526315789473684,0.2
2026-09-30T08:48:11.000480+00:00,2026-09-30T09:48:11.000480+01:00,66c0c13a06424600557af241371043fc,baseball_mlb,MLB,2026-10-01T02:00:00+00:00,2026-10-01T03:00:00+01:00,San Diego Padres,Chicago Cubs,virginbet,Virgin Bet,2026-09-30T08:47:14Z,h2h,San Diego Padres,1.72,,0.5813953488372093,0.5473684210526316,0.2
2026-09-30T08:48:11.000480+00:00,2026-09-30T09:48:11.000480+01:00,66c0c13a06424600557af241371043fc,baseball_mlb,MLB,2026-10-01T02:00:00+00:00,2026-10-01T03:00:00+01:00,San Diego Padres,Chicago Cubs,livescorebet,LiveScore Bet,2026-09-30T08:47:14Z,h2h,Chicago Cubs,2.08,,0.4807692307692307,0.4526315789473684,0.2
2026-09-30T08:48:11.000480+00:00,2026-09-30T09:48:11.000480+01:00,66c0c13a06424600557af241371043fc,baseball_mlb,MLB,2026-10-01T02:00:00+00:00,2026-10-01T03:00:00+01:00,San Diego Padres,Chicago Cubs,livescorebet,LiveScore Bet,2026-09-30T08:47:14Z,h2h,San Diego Padres,1.72,,0.5813953488372093,0.5473684210526316,0.2
2026-09-30T08:48:11.000480+00:00,2026-09-30T09:48:11.000480+01:00,66c0c13a06424600557af241371043fc,baseball_mlb,MLB,2026-10-01T02:00:00+00:00,2026-10-01T03:00:00+01:00,San Diego Padres,Chicago Cubs,grosvenor,Grosvenor,2026-09-30T08:47:14Z,h2h,Chicago Cubs,2.04,,0.49019607843137253,0.45161290322580644,0.2
2026-09-30T08:48:11.000480+00:00,2026-09-30T09:48:11.000480+01:00,66c0c13a06424600557af241371043fc,baseball_mlb,MLB,2026-10-01T02:00:00+00:00,2026-10-01T03:00:00+01:00,San Diego Padres,Chicago Cubs,grosvenor,Grosvenor,2026-09-30T08:47:14Z,h2h,San Diego Padres,1.68,,0.5952380952380952,0.5483870967741936,0.2
2026-09-30T08:48:11.000480+00:00,2026-09-30T09:48:11.000480+01:00,66c0c13a06424600557af241371043fc,baseball_mlb,MLB,2026-10-01T02:00:00+00:00,2026-10-01T03:00:00+01:00,San Diego Padres,Chicago Cubs,casumo,Casumo,2026-09-30T08:47:49Z,h2h,Chicago Cubs,2.1,,0.47619047619047616,0.4545454545454546,0.2
2026-09-30T08:48:11.000480+00:00,2026-09-30T09:48:11.000480+01:00,66c0c13a06424600557af241371043fc,baseball_mlb,MLB,2026-10-01T02:00:00+00:00,2026-10-01T03:00:00+01:00,San Diego Padres,Chicago Cubs,casumo,Casumo,2026-09-30T08:47:49Z,h2h,San Diego Padres,1.75,,0.5714285714285714,0.5454545454545455,0.2
2026-09-30T08:48:11.000480+00:00,2026-09-30T09:48:11.000480+01:00,66c0c13a06424600557af241371043fc,baseball_mlb,MLB,2026-10-01T02:00:00+00:00,2026-10-01T03:00:00+01:00,San Diego Padres,Chicago Cubs,boylesports,BoyleSports,2026-09-30T08:46:39Z,h2h,Chicago Cubs,2.15,,0.46511627906976744,0.43717277486910994,0.2
2026-09-30T08:48:11.000480+00:00,2026-09-30T09:48:11.000480+01:00,66c0c13a06424600557af241371043fc,baseball_mlb,MLB,2026-10-01T02:00:00+00:00,2026-10-01T03:00:00+01:00,San Diego Padres,Chicago Cubs,boylesports,BoyleSports,2026-09-30T08:46:39Z,h2h,San Diego Padres,1.67,,0.5988023952095809,0.5628272251308901,0.2
2026-09-30T08:48:11.000480+00:00,2026-09-30T09:48:11.000480+01:00,66c0c13a06424600557af241371043fc,baseball_mlb,MLB,2026-10-01T02:00:00+00:00,2026-10-01T03:00:00+01:00,San Diego Padres,Chicago Cubs,matchbook,Matchbook,2026-09-30T08:48:10Z,h2h,Chicago Cubs,2.24,,0.4464285714285714,0.43576826196473545,0.2
2026-09-30T08:48:11.000480+00:00,2026-09-30T09:48:11.000480+01:00,66c0c13a06424600557af241371043fc,baseball_mlb,MLB,2026-10-01T02:00:00+00:00,2026-10-01T03:00:00+01:00,San Diego Padres,Chicago Cubs,matchbook,Matchbook,2026-09-30T08:48:10Z,h2h,San Diego Padres,1.73,,0.5780346820809249,0.5642317380352645,0.2
2026-09-30T08:48:11.000480+00:00,2026-09-30T09:48:11.000480+01:00,66c0c13a06424600557af241371043fc,baseball_mlb,MLB,2026-10-01T02:00:00+00:00,2026-10-01T03:00:00+01:00,San Diego Padres,Chicago Cubs,matchbook,Matchbook,2026-09-30T08:48:10Z,h2h_lay,Chicago Cubs,2.36,,0.42372881355932207,1.0,0.2
2026-09-30T08:48:11.000480+00:00,2026-09-30T09:48:11.000480+01:00,66c0c13a06424600557af241371043fc,baseball_mlb,MLB,2026-10-01T02:00:00+00:00,2026-10-01T03:00:00+01:00,San Diego Padres,Chicago Cubs,matchbook,Matchbook,2026-09-30T08:48:10Z,h2h_lay,San Diego Padres,1.81,,0.5524861878453039,1.0,0.2
2026-09-30T08:48:11.000480+00:00,2026-09-30T09:48:11.000480+01:00,255dd8cc841121349fe98f49791da840,icehockey_nhl,NHL,2026-09-30T23:30:00+00:00,2026-10-01T00:30:00+01:00,Philadelphia Flyers,Pittsburgh Penguins,unibet_uk,Unibet (UK),2026-09-30T08:48:05Z,h2h,Philadelphia Flyers,2.2,,0.45454545454545453,0.43558951965065507,0.2
2026-09-30T08:48:11.000480+00:00,2026-09-30T09:48:11.000480+01:00,255dd8cc841121349fe98f49791da840,icehockey_nhl,NHL,2026-09-30T23:30:00+00:00,2026-10-01T00:30:00+01:00,Philadelphia Flyers,Pittsburgh Penguins,unibet_uk,Unibet (UK),2026-09-30T08:48:05Z,h2h,Pittsburgh Penguins,2.85,,0.3508771929824561,0.33624454148471616,0.2
2026-09-30T08:48:11.000480+00:00,2026-09-30T09:48:11.000480+01:00,255dd8cc841121349fe98f49791da840,icehockey_nhl,NHL,2026-09-30T23:30:00+00:00,2026-10-01T00:30:00+01:00,Philadelphia Flyers,Pittsburgh Penguins,unibet_uk,Unibet (UK),2026-09-30T08:48:05Z,h2h,Draw,4.2,,0.23809523809523808,0.22816593886462885,0.2
2026-09-30T08:48:11.000480+00:00,2026-09-30T09:48:11.000480+01:00,255dd8cc841121349fe98f49791da840,icehockey_nhl,NHL,2026-09-30T23:30:00+00:00,2026-10-01T00:30:00+01:00,Philadelphia Flyers,Pittsburgh Penguins,casumo,Casumo,2026-09-30T08:48:04Z,h2h,Philadelphia Flyers,2.16,,0.4629629629629629,0.4401014471132329,0.2
2026-09-30T08:48:11.000480+00:00,2026-09-30T09:48:11.000480+01:00,255dd8cc841121349fe98f49791da840,icehockey_nhl,NHL,2026-09-30T23:30:00+00:00,2026-10-01T00:30:00+01:00,Philadelphia Flyers,Pittsburgh Penguins,casumo,Casumo,2026-09-30T08:48:04Z,h2h,Pittsburgh Penguins,2.95,,0.3389830508474576,0.3222437714456214,0.2
2026-09-30T08:48:11.000480+00:00,2026-09-30T09:48:11.000480+01:00,255dd8cc841121349fe98f49791da840,icehockey_nhl,NHL,2026-09-30T23:30:00+00:00,2026-10-01T00:30:00+01:00,Philadelphia Flyers,Pittsburgh Penguins,casumo,Casumo,2026-09-30T08:48:04Z,h2h,Draw,4.0,,0.25,0.2376547814411458,0.2
2026-09-30T08:48:11.000480+00:00,2026-09-30T09:48:11.000480+01:00,255dd8cc841121349fe98f49791da840,icehockey_nhl,NHL,2026-09-30T23:30:00+00:00,2026-10-01T00:30:00+01:00,Philadelphia Flyers,Pittsburgh Penguins,grosvenor,Grosvenor,2026-09-30T08:48:04Z,h2h,Philadelphia Flyers,2.16,,0.4629629629629629,0.4401014471132329,0.2
2026-09-30T08:48:11.000480+00:00,2026-09-30T09:48:11.000480+01:00,255dd8cc841121349fe98f49791da840,icehockey_nhl,NHL,2026-09-30T23:30:00+00:00,2026-10-01T00:30:00+01:00,Philadelphia Flyers,Pittsburgh Penguins,grosvenor,Grosvenor,2026-09-30T08:48:04Z,h2h,Pittsburgh Penguins,2.95,,0.3389830508474576,0.3222437714456214,0.2
2026-09-30T08:48:11.000480+00:00,2026-09-30T09:48:11.000480+01:00,255dd8cc841121349fe98f49791da840,icehockey_nhl,NHL,2026-09-30T23:30:00+00:00,2026-10-01T00:30:00+01:00,Philadelphia Flyers,Pittsburgh Penguins,grosvenor,Grosvenor,2026-09-30T08:48:04Z,h2h,Draw,4.0,,0.25,0.2376547814411458,0.2
2026-09-30T08:48:11.000480+00:00,2026-09-30T09:48:11.000480+01:00,255dd8cc841121349fe98f49791da840,icehockey_nhl,NHL,2026-09-30T23:30:00+00:00,2026-10-01T00:30:00+01:00,Philadelphia Flyers,Pittsburgh Penguins,betway,Betway,2026-09-30T08:48:10Z,h2h,Philadelphia Flyers,2.15,,0.46511627906976744,0.43116119549240567,0.2
2026-09-30T08:48:11.000480+00:00,2026-09-30T09:48:11.000480+01:00,255dd8cc841121349fe98f49791da840,icehockey_nhl,NHL,2026-09-30T23:30:00+00:00,2026-10-01T00:30:00+01:00,Philadelphia Flyers,Pittsburgh Penguins,betway,Betway,2026-09-30T08:48:10Z,h2h,Pittsburgh Penguins,2.75,,0.36363636363636365,0.3370896619304263,0.2
2026-09-30T08:48:11.000480+00:00,2026-09-30T09:48:11.000480+01:00,255dd8cc841121349fe98f49791da840,icehockey_nhl,NHL,2026-09-30T23:30:00+00:00,2026-10-01T00:30:00+01:00,Philadelphia Flyers,Pittsburgh Penguins,betway,Betway,2026-09-30T08:48:10Z,h2h,Draw,4.0,,0.25,0.23174914257716805,0.2
2026-09-30T08:48:11.000480+00:00,2026-09-30T09:48:11.000480+01:00,255dd8cc841121349fe98f49791da840,icehockey_nhl,NHL,2026-09-30T23:30:00+00:00,2026-10-01T00:30:00+01:00,Philadelphia Flyers,Pittsburgh Penguins,smarkets,Smarkets,2026-09-30T08:48:06Z,h2h,Philadelphia Flyers,1.77,,0.5649717514124294,0.5541561712846348,0.2
2026-09-30T08:48:11.000480+00:00,2026-09-30T09:48:11.000480+01:00,255dd8cc841121349fe98f49791da840,icehockey_nhl,NHL,2026-09-30T23:30:00+00:00,2026-10-01T00:30:00+01:00,Philadelphia Flyers,Pittsburgh Penguins,smarkets,Smarkets,2026-09-30T08:48:06Z,h2h,Pittsburgh Penguins,2.2,,0.45454545454545453,0.44584382871536526,0.2
2026-09-30T08:48:11.000480+00:00,2026-09-30T09:48:11.000480+01:00,255dd8cc841121349fe98f49791da840,icehockey_nhl,NHL,2026-09-30T23:30:00+00:00,2026-10-01T00:30:00+01:00,Philadelphia Flyers,Pittsburgh Penguins,smarkets,Smarkets,2026-09-30T08:48:06Z,h2h_lay,Philadelphia Flyers,1.82,,0.5494505494505494,1.0,0.2
2026-09-30T08:48:11.000480+00:00,2026-09-30T09:48:11.000480+01:00,255dd8cc841121349fe98f49791da840,icehockey_nhl,NHL,2026-09-30T23:30:00+00:00,2026-10-01T00:30:00+01:00,Philadelphia Flyers,Pittsburgh Penguins,smarkets,Smarkets,2026-09-30T08:48:06Z,h2h_lay,Pittsburgh Penguins,2.32,,0.4310344827586207,1.0,0.2
2026-09-30T08:48:11.000480+00:00,2026-09-30T09:48:11.000480+01:00,255dd8cc841121349fe98f49791da840,icehockey_nhl,NHL,2026-09-30T23:30:00+00:00,2026-10-01T00:30:00+01:00,Philadelphia Flyers,Pittsburgh Penguins,ladbrokes_uk,Ladbrokes,2026-09-30T08:47:44Z,h2h,Philadelphia Flyers,1.7,,0.5882352941176471,0.5641025641025641,0.2
2026-09-30T08:48:11.000480+00:00,2026-09-30T09:48:11.000480+01:00,255dd8cc841121349fe98f49791da840,icehockey_nhl,NHL,2026-09-30T23:30:00+00:00,2026-10-01T00:30:00+01:00,Philadelphia Flyers,Pittsburgh Penguins,ladbrokes_uk,Ladbrokes,2026-09-30T08:47:44Z,h2h,Pittsburgh Penguins,2.2,,0.45454545454545453,0.4358974358974359,0.2
2026-09-30T08:48:11.000480+00:00,2026-09-30T09:48:11.000480+01:00,255dd8cc841121349fe98f49791da840,icehockey_nhl,NHL,2026-09-30T23:30:00+00:00,2026-10-01T00:30:00+01:00,Philadelphia Flyers,Pittsburgh Penguins,coral,Coral,2026-09-30T08:47:09Z,h2h,Philadelphia Flyers,1.7,,0.5882352941176471,0.5641025641025641,0.2
2026-09-30T08:48:11.000480+00:00,2026-09-30T09:48:11.000480+01:00,255dd8cc841121349fe98f49791da840,icehockey_nhl,NHL,2026-09-30T23:30:00+00:00,2026-10-01T00:30:00+01:00,Philadelphia Flyers,Pittsburgh Penguins,coral,Coral,2026-09-30T08:47:09Z,h2h,Pittsburgh Penguins,2.2,,0.45454545454545453,0.4358974358974359,0.2
2026-09-30T08:48:11.000480+00:00,2026-09-30T09:48:11.000480+01:00,255dd8cc841121349fe98f49791da840,icehockey_nhl,NHL,2026-09-30T23:30:00+00:00,2026-10-01T00:30:00+01:00,Philadelphia Flyers,Pittsburgh Penguins,paddypower,Paddy Power,2026-09-30T08:46:30Z,h2h,Philadelphia Flyers,1.69,,0.591715976331361,0.5655526992287918,0.2
2026-09-30T08:48:11.000480+00:00,2026-09-30T09:48:11.000480+01:00,255dd8cc841121349fe98f49791da840,icehockey_nhl,NHL,2026-09-30T23:30:00+00:00,2026-10-01T00:30:00+01:00,Philadelphia Flyers,Pittsburgh Penguins,paddypower,Paddy Power,2026-09-30T08:46:30Z,h2h,Pittsburgh Penguins,2.2,,0.45454545454545453,0.43444730077120824,0.2
2026-09-30T08:48:11.000480+00:00,2026-09-30T09:48:11.000480+01:00,255dd8cc841121349fe98f49791da840,icehockey_nhl,NHL,2026-09-30T23:30:00+00:00,2026-10-01T00:30:00+01:00,Philadelphia Flyers,Pittsburgh Penguins,betfair_ex_uk,Betfair,2026-09-30T08:48:04Z,h2h,Philadelphia Flyers,1.78,,0.5617977528089888,0.5572139303482587,0.2
2026-09-30T08:48:11.000480+00:00,2026-09-30T09:48:11.000480+01:00,255dd8cc841121349fe98f49791da840,icehockey_nhl,NHL,2026-09-30T23:30:00+00:00,2026-10-01T00:30:00+01:00,Philadelphia Flyers,Pittsburgh Penguins,betfair_ex_uk,Betfair,2026-09-30T08:48:04Z,h2h,Pittsburgh Penguins,2.24,,0.4464285714285714,0.4427860696517413,0.2
2026-09-30T08:48:11.000480+00:00,2026-09-30T09:48:11.000480+01:00,255dd8cc841121349fe98f49791da840,icehockey_nhl,NHL,2026-09-30T23:30:00+00:00,2026-10-01T00:30:00+01:00,Philadelphia Flyers,Pittsburgh Penguins,betfair_ex_uk,Betfair,2026-09-30T08:48:04Z,h2h_lay,Philadelphia Flyers,1.8,,0.5555555555555556,1.0,0.2
2026-09-30T08:48:11.000480+00:00,2026-09-30T09:48:11.000480+01:00,255dd8cc841121349fe98f49791da840,icehockey_nhl,NHL,2026-09-30T23:30:00+00:00,2026-10-01T00:30:00+01:00,Philadelphia Flyers,Pittsburgh Penguins,betfair_ex_uk,Betfair,2026-09-30T08:48:04Z,h2h_lay,Pittsburgh Penguins,2.3,,0.4347826086956522,1.0,0.2
2026-09-30T08:48:11.000480+00:00,2026-09-30T09:48:11.000480+01:00,255dd8cc841121349fe98f49791da840,icehockey_nhl,NHL,2026-09-30T23:30:00+00:00,2026-10-01T00:30:00+01:00,Philadelphia Flyers,Pittsburgh Penguins,betfair_sb_uk,Betfair Sportsbook,2026-09-30T08:47:27Z,h2h,Philadelphia Flyers,1.69,,0.591715976331361,0.5655526992287918,0.2
2026-09-30T08:48:11.000480+00:00,2026-09-30T09:48:11.000480+01:00,255dd8cc841121349fe98f49791da840,icehockey_nhl,NHL,2026-09-30T23:30:00+00:00,2026-10-01T00:30:00+01:00,Philadelphia Flyers,Pittsburgh Penguins,betfair_sb_uk,Betfair Sportsbook,2026-09-30T08:47:27Z,h2h,Pittsburgh Penguins,2.2,,0.45454545454545453,0.43444730077120824,0.2
2026-09-30T08:48:11.000480+00:00,2026-09-30T09:48:11.000480+01:00,255dd8cc841121349fe98f49791da840,icehockey_nhl,NHL,2026-09-30T23:30:00+00:00,2026-10-01T00:30:00+01:00,Philadelphia Flyers,Pittsburgh Penguins,matchbook,Matchbook,2026-09-30T08:48:03Z,h2h,Philadelphia Flyers,1.78,,0.5617977528089888,0.5572139303482587,0.2
2026-09-30T08:48:11.000480+00:00,2026-09-30T09:48:11.000480+01:00,255dd8cc841121349fe98f49791da840,icehockey_nhl,NHL,2026-09-30T23:30:00+00:00,2026-10-01T00:30:00+01:00,Philadelphia Flyers,Pittsburgh Penguins,matchbook,Matchbook,2026-09-30T08:48:03Z,h2h,Pittsburgh Penguins,2.24,,0.4464285714285714,0.4427860696517413,0.2
2026-09-30T08:48:11.000480+00:00,2026-09-30T09:48:11.000480+01:00,255dd8cc841121349fe98f49791da840,icehockey_nhl,NHL,2026-09-30T23:30:00+00:00,2026-10-01T00:30:00+01:00,Philadelphia Flyers,Pittsburgh Penguins,matchbook,Matchbook,2026-09-30T08:48:03Z,h2h_lay,Philadelphia Flyers,1.8,,0.5555555555555556,1.0,0.2
2026-09-30T08:48:11.000480+00:00,2026-09-30T09:48:11.000480+01:00,255dd8cc841121349fe98f49791da840,icehockey_nhl,NHL,2026-09-30T23:30:00+00:00,2026-10-01T00:30:00+01:00,Philadelphia Flyers,Pittsburgh Penguins,matchbook,Matchbook,2026-09-30T08:48:03Z,h2h_lay,Pittsburgh Penguins,2.3,,0.4347826086956522,1.0,0.2
2026-09-30T08:48:11.000480+00:00,2026-09-30T09:48:11.000480+01:00,255dd8cc841121349fe98f49791da840,icehockey_nhl,NHL,2026-09-30T23:30:00+00:00,2026-10-01T00:30:00+01:00,Philadelphia Flyers,Pittsburgh Penguins,betano_uk,Betano (UK),2026-09-30T08:46:24Z,h2h,Philadelphia Flyers,1.67,,0.5988023952095809,0.5510752688172044,0.2
2026-09-30T08:48:11.000480+00:00,2026-09-30T09:48:11.000480+01:00,255dd8cc841121349fe98f49791da840,icehockey_nhl,NHL,2026-09-30T23:30:00+00:00,2026-10-01T00:30:00+01:00,Philadelphia Flyers,Pittsburgh Penguins,betano_uk,Betano (UK),2026-09-30T08:46:24Z,h2h,Pittsburgh Penguins,2.05,,0.48780487804878053,0.44892473118279574,0.2
2026-09-30T08:48:11.000480+00:00,2026-09-30T09:48:11.000480+01:00,255dd8cc841121349fe98f49791da840,icehockey_nhl,NHL,2026-09-30T23:30:00+00:00,2026-10-01T00:30:00+01:00,Philadelphia Flyers,Pittsburgh Penguins,betvictor,Bet Victor,2026-09-30T08:45:35Z,h2h,Philadelphia Flyers,1.67,,0.5988023952095809,0.5510752688172044,0.2
2026-09-30T08:48:11.000480+00:00,2026-09-30T09:48:11.000480+01:00,255dd8cc841121349fe98f49791da840,icehockey_nhl,NHL,2026-09-30T23:30:00+00:00,2026-10-01T00:30:00+01:00,Philadelphia Flyers,Pittsburgh Penguins,betvictor,Bet Victor,2026-09-30T08:45:35Z,h2h,Pittsburgh Penguins,2.05,,0.48780487804878053,0.44892473118279574,0.2
2026-09-30T08:48:11.000480+00:00,2026-09-30T09:48:11.000480+01:00,86ec2098c2ac5801e32fbde493581558,icehockey_nhl,NHL,2026-09-30T23:40:00+00:00,2026-10-01T00:40:00+01:00,Toronto Maple Leafs,New York Islanders,ladbrokes_uk,Ladbrokes,2026-09-30T08:47:44Z,h2h,New York Islanders,2.05,,0.48780487804878053,0.4675324675324676,0.2
2026-09-30T08:48:11.000480+00:00,2026-09-30T09:48:11.000480+01:00,86ec2098c2ac5801e32fbde493581558,icehockey_nhl,NHL,2026-09-30T23:40:00+00:00,2026-10-01T00:40:00+01:00,Toronto Maple Leafs,New York Islanders,ladbrokes_uk,Ladbrokes,2026-09-30T08:47:44Z,h2h,Toronto Maple Leafs,1.8,,0.5555555555555556,0.5324675324675325,0.2
2026-09-30T08:48:11.000480+00:00,2026-09-30T09:48:11.000480+01:00,86ec2098c2ac5801e32fbde493581558,icehockey_nhl,NHL,2026-09-30T23:40:00+00:00,2026-10-01T00:40:00+01:00,Toronto Maple Leafs,New York Islanders,coral,Coral,2026-09-30T08:47:09Z,h2h,New York Islanders,2.05,,0.48780487804878053,0.4675324675324676,0.2
2026-09-30T08:48:11.000480+00:00,2026-09-30T09:48:11.000480+01:00,86ec2098c2ac5801e32fbde493581558,icehockey_nhl,NHL,2026-09-30T23:40:00+00:00,2026-10-01T00:40:00+01:00,Toronto Maple Leafs,New York Islanders,coral,Coral,2026-09-30T08:47:09Z,h2h,Toronto Maple Leafs,1.8,,0.5555555555555556,0.5324675324675325,0.2
2026-09-30T08:48:11.000480+00:00,2026-09-30T09:48:11.000480+01:00,86ec2098c2ac5801e32fbde493581558,icehockey_nhl,NHL,2026-09-30T23:40:00+00:00,2026-10-01T00:40:00+01:00,Toronto Maple Leafs,New York Islanders,unibet_uk,Unibet (UK),2026-09-30T08:48:05Z,h2h,New York Islanders,2.65,,0.37735849056603776,0.3593081644039427,0.2
2026-09-30T08:48:11.000480+00:00,2026-09-30T09:48:11.000480+01:00,86ec2098c2ac5801e32fbde493581558,icehockey_nhl,NHL,2026-09-30T23:40:00+00:00,2026-10-01T00:40:00+01:00,Toronto Maple Leafs,New York Islanders,unibet_uk,Unibet (UK),2026-09-30T08:48:05Z,h2h,Toronto Maple Leafs,2.3,,0.4347826086956522,0.41398549376976007,0.2
2026-09-30T08:48:11.000480+00:00,2026-09-30T09:48:11.000480+01:00,86ec2098c2ac5801e32fbde493581558,icehockey_nhl,NHL,2026-09-30T23:40:00+00:00,2026-10-01T00:40:00+01:00,Toronto Maple Leafs,New York Islanders,unibet_uk,Unibet (UK),2026-09-30T08:48:05Z,h2h,Draw,4.2,,0.23809523809523808,0.22670634182629715,0.2
2026-09-30T08:48:11.000480+00:00,2026-09-30T09:48:11.000480+01:00,86ec2098c2ac5801e32fbde493581558,icehockey_nhl,NHL,2026-09-30T23:40:00+00:00,2026-10-01T00:40:00+01:00,Toronto Maple Leafs,New York Islanders,smarkets,Smarkets,2026-09-30T08:48:06Z,h2h,New York Islanders,2.08,,0.4807692307692307,0.46938775510204084,0.2
2026-09-30T08:48:11.000480+00:00,2026-09-30T09:48:11.000480+01:00,86ec2098c2ac5801e32fbde493581558,icehockey_nhl,NHL,2026-09-30T23:40:00+00:00,2026-10-01T00:40:00+01:00,Toronto Maple Leafs,New York Islanders,smarkets,Smarkets,2026-09-30T08:48:06Z,h2h,Toronto Maple Leafs,1.84,,0.5434782608695652,0.5306122448979592,0.2
2026-09-30T08:48:11.000480+00:00,2026-09-30T09:48:11.000480+01:00,86ec2098c2ac5801e32fbde493581558,icehockey_nhl,NHL,2026-09-30T23:40:00+00:00,2026-10-01T00:40:00+01:00,Toronto Maple Leafs,New York Islanders,smarkets,Smarkets,2026-09-30T08:48:06Z,h2h_lay,New York Islanders,2.16,,0.4629629629629629,1.0,0.2
2026-09-30T08:48:11.000480+00:00,2026-09-30T09:48:11.000480+01:00,86ec2098c2ac5801e32fbde493581558,icehockey_nhl,NHL,2026-09-30T23:40:00+00:00,2026-10-01T00:40:00+01:00,Toronto Maple Leafs,New York Islanders,smarkets,Smarkets,2026-09-30T08:48:06Z,h2h_lay,Toronto Maple Leafs,1.92,,0.5208333333333334,1.0,0.2
2026-09-30T08:48:11.000480+00:00,2026-09-30T09:48:11.000480+01:00,86ec2098c2ac5801e32fbde493581558,icehockey_nhl,NHL,2026-09-30T23:40:00+00:00,2026-10-01T00:40:00+01:00,Toronto Maple Leafs,New York Islanders,grosvenor,Grosvenor,2026-09-30T08:48:04Z,h2h,New York Islanders,2.6,,0.3846153846153846,0.36522315510384445,0.2
2026-09-30T08:48:11.000480+00:00,2026-09-30T09:48:11.000480+01:00,86ec2098c2ac5801e32fbde493581558,icehockey_nhl,NHL,2026-09-30T23:40:00+00:00,2026-10-01T00:40:00+01:00,Toronto Maple Leafs,New York Islanders,grosvenor,Grosvenor,2026-09-30T08:48:04Z,h2h,Toronto Maple Leafs,2.28,,0.4385964912280702,0.41648254529385775,0.2
2026-09-30T08:48:11.000480+00:00,2026-09-30T09:48:11.000480+01:00,86ec2098c2ac5801e32fbde493581558,icehockey_nhl,NHL,2026-09-30T23:40:00+00:00,2026-10-01T00:40:00+01:00,Toronto Maple Leafs,New York Islanders,grosvenor,Grosvenor,2026-09-30T08:48:04Z,h2h,Draw,4.35,,0.2298850574712644,0.21829429960229788,0.2
2026-09-30T08:48:11.000480+00:00,2026-09-30T09:48:11.000480+01:00,86ec2098c2ac5801e32fbde493581558,icehockey_nhl,NHL,2026-09-30T23:40:00+00:00,2026-10-01T00:40:00+01:00,Toronto Maple Leafs,New York Islanders,casumo,Casumo,2026-09-30T08:48:04Z,h2h,New York Islanders,2.6,,0.3846153846153846,0.36522315510384445,0.2
2026-09-30T08:48:11.000480+00:00,2026-09-30T09:48:11.000480+01:00,86ec2098c2ac5801e32fbde493581558,icehockey_nhl,NHL,2026-09-30T23:40:00+00:00,2026-10-01T00:40:00+01:00,Toronto Maple Leafs,New York Islanders,casumo,Casumo,2026-09-30T08:48:04Z,h2h,Toronto Maple Leafs,2.28,,0.4385964912280702,0.41648254529385775,0.2
2026-09-30T08:48:11.000480+00:00,2026-09-30T09:48:11.000480+01:00,86ec2098c2ac5801e32fbde493581558,icehockey_nhl,NHL,2026-09-30T23:40:00+00:00,2026-10-01T00:40:00+01:00,Toronto Maple Leafs,New York Islanders,casumo,Casumo,2026-09-30T08:48:04Z,h2h,Draw,4.35,,0.2298850574712644,0.21829429960229788,0.2
2026-09-30T08:48:11.000480+00:00,2026-09-30T09:48:11.000480+01:00,86ec2098c2ac5801e32fbde493581558,icehockey_nhl,NHL,2026-09-30T23:40:00+00:00,2026-10-01T00:40:00+01:00,Toronto Maple Leafs,New York Islanders,paddypower,Paddy Power,2026-09-30T08:46:30Z,h2h,New York Islanders,2.0,,0.5,0.47780678851174935,0.2
2026-09-30T08:48:11.000480+00:00,2026-09-30T09:48:11.000480+01:00,86ec2098c2ac5801e32fbde493581558,icehockey_nhl,NHL,2026-09-30T23:40:00+00:00,2026-10-01T00:40:00+01:00,Toronto Maple Leafs,New York Islanders,paddypower,Paddy Power,2026-09-30T08:46:30Z,h2h,Toronto Maple Leafs,1.83,,0.5464480874316939,0.5221932114882506,0.2
2026-09-30T08:48:11.000480+00:00,2026-09-30T09:48:11.000480+01:00,86ec2098c2ac5801e32fbde493581558,icehockey_nhl,NHL,2026-09-30T23:40:00+00:00,2026-10-01T00:40:00+01:00,Toronto Maple Leafs,New York Islanders,betfair_sb_uk,Betfair Sportsbook,2026-09-30T08:47:27Z,h2h,New York Islanders,2.0,,0.5,0.47780678851174935,0.2
2026-09-30T08:48:11.000480+00:00,2026-09-30T09:48:11.000480+01:00,86ec2098c2ac5801e32fbde493581558,icehockey_nhl,NHL,2026-09-30T23:40:00+00:00,2026-10-01T00:40:00+01:00,Toronto Maple Leafs,New York Islanders,betfair_sb_uk,Betfair Sportsbook,2026-09-30T08:47:27Z,h2h,Toronto Maple Leafs,1.83,,0.5464480874316939,0.5221932114882506,0.2
2026-09-30T08:48:11.000480+00:00,2026-09-30T09:48:11.000480+01:00,86ec2098c2ac5801e32fbde493581558,icehockey_nhl,NHL,2026-09-30T23:40:00+00:00,2026-10-01T00:40:00+01:00,Toronto Maple Leafs,New York Islanders,betfair_ex_uk,Betfair,2026-09-30T08:48:04Z,h2h,New York Islanders,2.1,,0.47619047619047616,0.47103274559193953,0.2
2026-09-30T08:48:11.000480+00:00,2026-09-30T09:48:11.000480+01:00,86ec2098c2ac5801e32fbde493581558,icehockey_nhl,NHL,2026-09-30T23:40:00+00:00,2026-10-01T00:40:00+01:00,Toronto Maple Leafs,New York Islanders,betfair_ex_uk,Betfair,2026-09-30T08:48:04Z,h2h,Toronto Maple Leafs,1.87,,0.53475935828877,0.5289672544080604,0.2
2026-09-30T08:48:11.000480+00:00,2026-09-30T09:48:11.000480+01:00,86ec2098c2ac5801e32fbde493581558,icehockey_nhl,NHL,2026-09-30T23:40:00+00:00,2026-10-01T00:40:00+01:00,Toronto Maple Leafs,New York Islanders,betfair_ex_uk,Betfair,2026-09-30T08:48:04Z,h2h_lay,New York Islanders,2.14,,0.4672897196261682,1.0,0.2
2026-09-30T08:48:11.000480+00:00,2026-09-30T09:48:11.000480+01:00,86ec2098c2ac5801e32fbde493581558,icehockey_nhl,NHL,2026-09-30T23:40:00+00:00,2026-10-01T00:40:00+01:00,Toronto Maple Leafs,New York Islanders,betfair_ex_uk,Betfair,2026-09-30T08:48:04Z,h2h_lay,Toronto Maple Leafs,1.91,,0.5235602094240838,1.0,0.2
2026-09-30T08:48:11.000480+00:00,2026-09-30T09:48:11.000480+01:00,86ec2098c2ac5801e32fbde493581558,icehockey_nhl,NHL,2026-09-30T23:40:00+00:00,2026-10-01T00:40:00+01:00,Toronto Maple Leafs,New York Islanders,matchbook,Matchbook,2026-09-30T08:48:03Z,h2h,New York Islanders,2.12,,0.4716981132075471,0.468671679197995,0.2
2026-09-30T08:48:11.000480+00:00,2026-09-30T09:48:11.000480+01:00,86ec2098c2ac5801e32fbde493581558,icehockey_nhl,NHL,2026-09-30T23:40:00+00:00,2026-10-01T00:40:00+01:00,Toronto Maple Leafs,New York Islanders,matchbook,Matchbook,2026-09-30T08:48:03Z,h2h,Toronto Maple Leafs,1.87,,0.53475935828877,0.531328320802005,0.2
2026-09-30T08:48:11.000480+00:00,2026-09-30T09:48:11.000480+01:00,86ec2098c2ac5801e32fbde493581558,icehockey_nhl,NHL,2026-09-30T23:40:00+00:00,2026-10-01T00:40:00+01:00,Toronto Maple Leafs,New York Islanders,matchbook,Matchbook,2026-09-30T08:48:03Z,h2h_lay,New York Islanders,2.16,,0.4629629629629629,1.0,0.2
2026-09-30T08:48:11.000480+00:00,2026-09-30T09:48:11.000480+01:00,86ec2098c2ac5801e32fbde493581558,icehockey_nhl,NHL,2026-09-30T23:40:00+00:00,2026-10-01T00:40:00+01:00,Toronto Maple Leafs,New York Islanders,matchbook,Matchbook,2026-09-30T08:48:03Z,h2h_lay,Toronto Maple Leafs,1.9,,0.5263157894736842,1.0,0.2
2026-09-30T08:48:11.000480+00:00,2026-09-30T09:48:11.000480+01:00,86ec2098c2ac5801e32fbde493581558,icehockey_nhl,NHL,2026-09-30T23:40:00+00:00,2026-10-01T00:40:00+01:00,Toronto Maple Leafs,New York Islanders,betano_uk,Betano (UK),2026-09-30T08:46:24Z,h2h,New York Islanders,1.95,,0.5128205128205129,0.47297297297297297,0.2
2026-09-30T08:48:11.000480+00:00,2026-09-30T09:48:11.000480+01:00,86ec2098c2ac5801e32fbde493581558,icehockey_nhl,NHL,2026-09-30T23:40:00+00:00,2026-10-01T00:40:00+01:00,Toronto Maple Leafs,New York Islanders,betano_uk,Betano (UK),2026-09-30T08:46:24Z,h2h,Toronto Maple Leafs,1.75,,0.5714285714285714,0.527027027027027,0.2
2026-09-30T08:48:11.000480+00:00,2026-09-30T09:48:11.000480+01:00,86ec2098c2ac5801e32fbde493581558,icehockey_nhl,NHL,2026-09-30T23:40:00+00:00,2026-10-01T00:40:00+01:00,Toronto Maple Leafs,New York Islanders,betvictor,Bet Victor,2026-09-30T08:45:35Z,h2h,New York Islanders,1.95,,0.5128205128205129,0.47297297297297297,0.2
2026-09-30T08:48:11.000480+00:00,2026-09-30T09:48:11.000480+01:00,86ec2098c2ac5801e32fbde493581558,icehockey_nhl,NHL,2026-09-30T23:40:00+00:00,2026-10-01T00:40:00+01:00,Toronto Maple Leafs,New York Islanders,betvictor,Bet Victor,2026-09-30T08:45:35Z,h2h,Toronto Maple Leafs,1.75,,0.5714285714285714,0.527027027027027,0.2
2026-09-30T08:48:11.000480+00:00,2026-09-30T09:48:11.000480+01:00,86ec2098c2ac5801e32fbde493581558,icehockey_nhl,NHL,2026-09-30T23:40:00+00:00,2026-10-01T00:40:00+01:00,Toronto Maple Leafs,New York Islanders,betway,Betway,2026-09-30T08:48:10Z,h2h,New York Islanders,2.6,,0.3846153846153846,0.3564356435643564,0.2
2026-09-30T08:48:11.000480+00:00,2026-09-30T09:48:11.000480+01:00,86ec2098c2ac5801e32fbde493581558,icehockey_nhl,NHL,2026-09-30T23:40:00+00:00,2026-10-01T00:40:00+01:00,Toronto Maple Leafs,New York Islanders,betway,Betway,2026-09-30T08:48:10Z,h2h,Toronto Maple Leafs,2.25,,0.4444444444444444,0.41188118811881186,0.2
2026-09-30T08:48:11.000480+00:00,2026-09-30T09:48:11.000480+01:00,86ec2098c2ac5801e32fbde493581558,icehockey_nhl,NHL,2026-09-30T23:40:00+00:00,2026-10-01T00:40:00+01:00,Toronto Maple Leafs,New York Islanders,betway,Betway,2026-09-30T08:48:10Z,h2h,Draw,4.0,,0.25,0.2316831683168317,0.2
2026-09-30T08:48:11.000480+00:00,2026-09-30T09:48:11.000480+01:00,13520f2d7e050ef0f37b2c8ba7ff4a53,icehockey_nhl,NHL,2026-10-01T02:10:00+00:00,2026-10-01T03:10:00+01:00,Colorado Avalanche,Los Angeles Kings,unibet_uk,Unibet (UK),2026-09-30T08:48:05Z,h2h,Colorado Avalanche,1.91,,0.5235602094240838,0.5010382477058075,0.2
2026-09-30T08:48:11.000480+00:00,2026-09-30T09:48:11.000480+01:00,13520f2d7e050ef0f37b2c8ba7ff4a53,icehockey_nhl,NHL,2026-10-01T02:10:00+00:00,2026-10-01T03:10:00+01:00,Colorado Avalanche,Los Angeles Kings,unibet_uk,Unibet (UK),2026-09-30T08:48:05Z,h2h,Los Angeles Kings,3.4,,0.29411764705882354,0.28146560385826247,0.2
2026-09-30T08:48:11.000480+00:00,2026-09-30T09:48:11.000480+01:00,13520f2d7e050ef0f37b2c8ba7ff4a53,icehockey_nhl,NHL,2026-10-01T02:10:00+00:00,2026-10-01T03:10:00+01:00,Colorado Avalanche,Los Angeles Kings,unibet_uk,Unibet (UK),2026-09-30T08:48:05Z,h2h,Draw,4.4,,0.22727272727272727,0.21749614843593007,0.2
2026-09-30T08:48:11.000480+00:00,2026-09-30T09:48:11.000480+01:00,13520f2d7e050ef0f37b2c8ba7ff4a53,icehockey_nhl,NHL,2026-10-01T02:10:00+00:00,2026-10-01T03:10:00+01:00,Colorado Avalanche,Los Angeles Kings,casumo,Casumo,2026-09-30T08:48:04Z,h2h,Colorado Avalanche,1.83,,0.5464480874316939,0.5176095697292247,0.2
2026-09-30T08:48:11.000480+00:00,2026-09-30T09:48:11.000480+01:00,13520f2d7e050ef0f37b2c8ba7ff4a53,icehockey_nhl,NHL,2026-10-01T02:10:00+00:00,2026-10-01T03:10:00+01:00,Colorado Avalanche,Los Angeles Kings,casumo,Casumo,2026-09-30T08:48:04Z,h2h,Los Angeles Kings,3.65,,0.273972602739726,0.25951383906972086,0.2
2026-09-30T08:48:11.000480+00:00,2026-09-30T09:48:11.000480+01:00,13520f2d7e050ef0f37b2c8ba7ff4a53,icehockey_nhl,NHL,2026-10-01T02:10:00+00:00,2026-10-01T03:10:00+01:00,Colorado Avalanche,Los Angeles Kings,casumo,Casumo,2026-09-30T08:48:04Z,h2h,Draw,4.25,,0.23529411764705882,0.2228765912010544,0.2
2026-09-30T08:48:11.000480+00:00,2026-09-30T09:48:11.000480+01:00,13520f2d7e050ef0f37b2c8ba7ff4a53,icehockey_nhl,NHL,2026-10-01T02:10:00+00:00,2026-10-01T03:10:00+01:00,Colorado Avalanche,Los Angeles Kings,grosvenor,Grosvenor,2026-09-30T08:48:04Z,h2h,Colorado Avalanche,1.83,,0.5464480874316939,0.5176095697292247,0.2
2026-09-30T08:48:11.000480+00:00,2026-09-30T09:48:11.000480+01:00,13520f2d7e050ef0f37b2c8ba7ff4a53,icehockey_nhl,NHL,2026-10-01T02:10:00+00:00,2026-10-01T03:10:00+01:00,Colorado Avalanche,Los Angeles Kings,grosvenor,Grosvenor,2026-09-30T08:48:04Z,h2h,Los Angeles Kings,3.65,,0.273972602739726,0.25951383906972086,0.2
2026-09-30T08:48:11.000480+00:00,2026-09-30T09:48:11.000480+01:00,13520f2d7e050ef0f37b2c8ba7ff4a53,icehockey_nhl,NHL,2026-10-01T02:10:00+00:00,2026-10-01T03:10:00+01:00,Colorado Avalanche,Los Angeles Kings,grosvenor,Grosvenor,2026-09-30T08:48:04Z,h2h,Draw,4.25,,0.23529411764705882,0.2228765912010544,0.2
2026-09-30T08:48:11.000480+00:00,2026-09-30T09:48:11.000480+01:00,13520f2d7e050ef0f37b2c8ba7ff4a53,icehockey_nhl,NHL,2026-10-01T02:10:00+00:00,2026-10-01T03:10:00+01:00,Colorado Avalanche,Los Angeles Kings,betway,Betway,2026-09-30T08:48:10Z,h2h,Colorado Avalanche,1.87,,0.53475935828877,0.4970414201183432,0.2
2026-09-30T08:48:11.000480+00:00,2026-09-30T09:48:11.000480+01:00,13520f2d7e050ef0f37b2c8ba7ff4a53,icehockey_nhl,NHL,2026-10-01T02:10:00+00:00,2026-10-01T03:10:00+01:00,Colorado Avalanche,Los Angeles Kings,betway,Betway,2026-09-30T08:48:10Z,h2h,Los Angeles Kings,3.3,,0.30303030303030304,0.28165680473372784,0.2
2026-09-30T08:48:11.000480+00:00,2026-09-30T09:48:11.000480+01:00,13520f2d7e050ef0f37b2c8ba7ff4a53,icehockey_nhl,NHL,2026-10-01T02:10:00+00:00,2026-10-01T03:10:00+01:00,Colorado Avalanche,Los Angeles Kings,betway,Betway,2026-09-30T08:48:10Z,h2h,Draw,4.2,,0.23809523809523808,0.221301775147929,0.2
2026-09-30T08:48:11.000480+00:00,2026-09-30T09:48:11.000480+01:00,13520f2d7e050ef0f37b2c8ba7ff4a53,icehockey_nhl,NHL,2026-10-01T02:10:00+00:00,2026-10-01T03:10:00+01:00,Colorado Avalanche,Los Angeles Kings,smarkets,Smarkets,2026-09-30T08:48:06Z,h2h,Colorado Avalanche,1.54,,0.6493506493506493,0.6367924528301887,0.2
2026-09-30T08:48:11.000480+00:00,2026-09-30T09:48:11.000480+01:00,13520f2d7e050ef0f37b2c8ba7ff4a53,icehockey_nhl,NHL,2026-10-01T02:10:00+00:00,2026-10-01T03:10:00+01:00,Colorado Avalanche,Los Angeles Kings,smarkets,Smarkets,2026-09-30T08:48:06Z,h2h,Los Angeles Kings,2.7,,0.37037037037037035,0.36320754716981135,0.2
2026-09-30T08:48:11.000480+00:00,2026-09-30T09:48:11.000480+01:00,13520f2d7e050ef0f37b2c8ba7ff4a53,icehockey_nhl,NHL,2026-10-01T02:10:00+00:00,2026-10-01T03:10:00+01:00,Colorado Avalanche,Los Angeles Kings,smarkets,Smarkets,2026-09-30T08:48:06Z,h2h_lay,Colorado Avalanche,1.59,,0.6289308176100629,1.0,0.2
2026-09-30T08:48:11.000480+00:00,2026-09-30T09:48:11.000480+01:00,13520f2d7e050ef0f37b2c8ba7ff4a53,icehockey_nhl,NHL,2026-10-01T02:10:00+00:00,2026-10-01T03:10:00+01:00,Colorado Avalanche,Los Angeles Kings,smarkets,Smarkets,2026-09-30T08:48:06Z,h2h_lay,Los Angeles Kings,2.84,,0.35211267605633806,1.0,0.2
2026-09-30T08:48:11.000480+00:00,2026-09-30T09:48:11.000480+01:00,13520f2d7e050ef0f37b2c8ba7ff4a53,icehockey_nhl,NHL,2026-10-01T02:10:00+00:00,2026-10-01T03:10:00+01:00,Colorado Avalanche,Los Angeles Kings,ladbrokes_uk,Ladbrokes,2026-09-30T08:47:44Z,h2h,Colorado Avalanche,1.53,,0.6535947712418301,0.6203473945409429,0.2
2026-09-30T08:48:11.000480+00:00,2026-09-30T09:48:11.000480+01:00,13520f2d7e050ef0f37b2c8ba7ff4a53,icehockey_nhl,NHL,2026-10-01T02:10:00+00:00,2026-10-01T03:10:00+01:00,Colorado Avalanche,Los Angeles Kings,ladbrokes_uk,Ladbrokes,2026-09-30T08:47:44Z,h2h,Los Angeles Kings,2.5,,0.4,0.3796526054590571,0.2
2026-09-30T08:48:11.000480+00:00,2026-09-30T09:48:11.000480+01:00,13520f2d7e050ef0f37b2c8ba7ff4a53,icehockey_nhl,NHL,2026-10-01T02:10:00+00:00,2026-10-01T03:10:00+01:00,Colorado Avalanche,Los Angeles Kings,coral,Coral,2026-09-30T08:47:09Z,h2h,Colorado Avalanche,1.53,,0.6535947712418301,0.6203473945409429,0.2
2026-09-30T08:48:11.000480+00:00,2026-09-30T09:48:11.000480+01:00,13520f2d7e050ef0f37b2c8ba7ff4a53,icehockey_nhl,NHL,2026-10-01T02:10:00+00:00,2026-10-01T03:10:00+01:00,Colorado Avalanche,Los Angeles Kings,coral,Coral,2026-09-30T08:47:09Z,h2h,Los Angeles Kings,2.5,,0.4,0.3796526054590571,0.2
2026-09-30T08:48:11.000480+00:00,2026-09-30T09:48:11.000480+01:00,13520f2d7e050ef0f37b2c8ba7ff4a53,icehockey_nhl,NHL,2026-10-01T02:10:00+00:00,2026-10-01T03:10:00+01:00,Colorado Avalanche,Los Angeles Kings,paddypower,Paddy Power,2026-09-30T08:46:30Z,h2h,Colorado Avalanche,1.53,,0.6535947712418301,0.62953995157385,0.2
2026-09-30T08:48:11.000480+00:00,2026-09-30T09:48:11.000480+01:00,13520f2d7e050ef0f37b2c8ba7ff4a53,icehockey_nhl,NHL,2026-10-01T02:10:00+00:00,2026-10-01T03:10:00+01:00,Colorado Avalanche,Los Angeles Kings,paddypower,Paddy Power,2026-09-30T08:46:30Z,h2h,Los Angeles Kings,2.6,,0.3846153846153846,0.37046004842615016,0.2
2026-09-30T08:48:11.000480+00:00,2026-09-30T09:48:11.000480+01:00,13520f2d7e050ef0f37b2c8ba7ff4a53,icehockey_nhl,NHL,2026-10-01T02:10:00+00:00,2026-10-01T03:10:00+01:00,Colorado Avalanche,Los Angeles Kings,betfair_ex_uk,Betfair,2026-09-30T08:48:04Z,h2h,Colorado Avalanche,1.55,,0.6451612903225806,0.6386946386946386,0.2
2026-09-30T08:48:11.000480+00:00,2026-09-30T09:48:11.000480+01:00,13520f2d7e050ef0f37b2c8ba7ff4a53,icehockey_nhl,NHL,2026-10-01T02:10:00+00:00,2026-10-01T03:10:00+01:00,Colorado Avalanche,Los Angeles Kings,betfair_ex_uk,Betfair,2026-09-30T08:48:04Z,h2h,Los Angeles Kings,2.74,,0.36496350364963503,0.3613053613053613,0.2
2026-09-30T08:48:11.000480+00:00,2026-09-30T09:48:11.000480+01:00,13520f2d7e050ef0f37b2c8ba7ff4a53,icehockey_nhl,NHL,2026-10-01T02:10:00+00:00,2026-10-01T03:10:00+01:00,Colorado Avalanche,Los Angeles Kings,betfair_ex_uk,Betfair,2026-09-30T08:48:04Z,h2h_lay,Colorado Avalanche,1.58,,0.6329113924050632,1.0,0.2
2026-09-30T08:48:11.000480+00:00,2026-09-30T09:48:11.000480+01:00,13520f2d7e050ef0f37b2c8ba7ff4a53,icehockey_nhl,NHL,2026-10-01T02:10:00+00:00,2026-10-01T03:10:00+01:00,Colorado Avalanche,Los Angeles Kings,betfair_ex_uk,Betfair,2026-09-30T08:48:04Z,h2h_lay,Los Angeles Kings,2.82,,0.3546099290780142,1.0,0.2
2026-09-30T08:48:11.000480+00:00,2026-09-30T09:48:11.000480+01:00,13520f2d7e050ef0f37b2c8ba7ff4a53,icehockey_nhl,NHL,2026-10-01T02:10:00+00:00,2026-10-01T03:10:00+01:00,Colorado Avalanche,Los Angeles Kings,betfair_sb_uk,Betfair Sportsbook,2026-09-30T08:47:27Z,h2h,Colorado Avalanche,1.53,,0.6535947712418301,0.62953995157385,0.2
2026-09-30T08:48:11.000480+00:00,2026-09-30T09:48:11.000480+01:00,13520f2d7e050ef0f37b2c8ba7ff4a53,icehockey_nhl,NHL,2026-10-01T02:10:00+00:00,2026-10-01T03:10:00+01:00,Colorado Avalanche,Los Angeles Kings,betfair_sb_uk,Betfair Sportsbook,2026-09-30T08:47:27Z,h2h,Los Angeles Kings,2.6,,0.3846153846153846,0.37046004842615016,0.2
2026-09-30T08:48:11.000480+00:00,2026-09-30T09:48:11.000480+01:00,13520f2d7e050ef0f37b2c8ba7ff4a53,icehockey_nhl,NHL,2026-10-01T02:10:00+00:00,2026-10-01T03:10:00+01:00,Colorado Avalanche,Los Angeles Kings,betano_uk,Betano (UK),2026-09-30T08:46:24Z,h2h,Colorado Avalanche,1.5,,0.6666666666666666,0.6153846153846154,0.2
2026-09-30T08:48:11.000480+00:00,2026-09-30T09:48:11.000480+01:00,13520f2d7e050ef0f37b2c8ba7ff4a53,icehockey_nhl,NHL,2026-10-01T02:10:00+00:00,2026-10-01T03:10:00+01:00,Colorado Avalanche,Los Angeles Kings,betano_uk,Betano (UK),2026-09-30T08:46:24Z,h2h,Los Angeles Kings,2.4,,0.4166666666666667,0.38461538461538464,0.2
2026-09-30T08:48:11.000480+00:00,2026-09-30T09:48:11.000480+01:00,13520f2d7e050ef0f37b2c8ba7ff4a53,icehockey_nhl,NHL,2026-10-01T02:10:00+00:00,2026-10-01T03:10:00+01:00,Colorado Avalanche,Los Angeles Kings,betvictor,Bet Victor,2026-09-30T08:45:35Z,h2h,Colorado Avalanche,1.5,,0.6666666666666666,0.6153846153846154,0.2
2026-09-30T08:48:11.000480+00:00,2026-09-30T09:48:11.000480+01:00,13520f2d7e050ef0f37b2c8ba7ff4a53,icehockey_nhl,NHL,2026-10-01T02:10:00+00:00,2026-10-01T03:10:00+01:00,Colorado Avalanche,Los Angeles Kings,betvictor,Bet Victor,2026-09-30T08:45:35Z,h2h,Los Angeles Kings,2.4,,0.4166666666666667,0.38461538461538464,0.2
2026-09-30T08:48:11.000480+00:00,2026-09-30T09:48:11.000480+01:00,13520f2d7e050ef0f37b2c8ba7ff4a53,icehockey_nhl,NHL,2026-10-01T02:10:00+00:00,2026-10-01T03:10:00+01:00,Colorado Avalanche,Los Angeles Kings,matchbook,Matchbook,2026-09-30T08:48:03Z,h2h,Colorado Avalanche,1.56,,0.641025641025641,0.6372093023255814,0.2
2026-09-30T08:48:11.000480+00:00,2026-09-30T09:48:11.000480+01:00,13520f2d7e050ef0f37b2c8ba7ff4a53,icehockey_nhl,NHL,2026-10-01T02:10:00+00:00,2026-10-01T03:10:00+01:00,Colorado Avalanche,Los Angeles Kings,matchbook,Matchbook,2026-09-30T08:48:03Z,h2h,Los Angeles Kings,2.74,,0.36496350364963503,0.3627906976744186,0.2
2026-09-30T08:48:11.000480+00:00,2026-09-30T09:48:11.000480+01:00,13520f2d7e050ef0f37b2c8ba7ff4a53,icehockey_nhl,NHL,2026-10-01T02:10:00+00:00,2026-10-01T03:10:00+01:00,Colorado Avalanche,Los Angeles Kings,matchbook,Matchbook,2026-09-30T08:48:03Z,h2h_lay,Colorado Avalanche,1.57,,0.6369426751592356,1.0,0.2
2026-09-30T08:48:11.000480+00:00,2026-09-30T09:48:11.000480+01:00,13520f2d7e050ef0f37b2c8ba7ff4a53,icehockey_nhl,NHL,2026-10-01T02:10:00+00:00,2026-10-01T03:10:00+01:00,Colorado Avalanche,Los Angeles Kings,matchbook,Matchbook,2026-09-30T08:48:03Z,h2h_lay,Los Angeles Kings,2.8,,0.35714285714285715,1.0,0.2
